t,class,wait_h,travel_h,response_h,sla_h,overtime
0.02120758965335456,seasonal,0.0,0.3513634158531591,0.3513634158531591,12.0,0
0.6200108689023824,seasonal,0.0,0.6396923088485589,0.6396923088485589,12.0,0
1.1519730342564334,critical,0.0,0.6599100317467526,0.6599100317467526,2.0,0
6.219249630353571,routine,0.0,0.4353805806418104,0.4353805806418104,24.0,0
5.85055544918735,seasonal,0.0,1.0255029253980703,1.0255029253980703,12.0,0
6.181904809213132,critical,0.0,0.3513634158531591,0.3513634158531591,2.0,0
6.386681643935534,routine,0.0,0.6599100317467526,0.6599100317467526,24.0,0
7.040333569609811,critical,0.0,0.3190807107927397,0.3190807107927397,2.0,0
6.996855805838075,routine,0.0,0.6599100317467526,0.6599100317467526,24.0,0
7.36928916422291,critical,0.0,0.3190807107927397,0.3190807107927397,2.0,0
6.888164889178789,seasonal,0.0,1.0255029253980703,1.0255029253980703,12.0,0
6.959742904859921,routine,0.0,0.7177220910631077,0.7177220910631077,24.0,0
7.2820468364413085,seasonal,0.0,0.668926378609784,0.668926378609784,12.0,0
7.298626401480301,seasonal,0.09063981080359351,0.6396923088485589,0.7303321196521524,12.0,0
8.026894403680307,critical,0.0,0.7177220910631077,0.7177220910631077,2.0,0
7.730786667757103,seasonal,0.13403825093312527,0.7919122426127785,0.9259504935459038,12.0,0
7.372245186025942,seasonal,0.20273657578656312,0.9736079806575129,1.176344556444076,12.0,0
8.104899185805278,emergency,0.0,0.9736079806575129,0.9736079806575129,4.0,0
9.065474001152898,seasonal,0.02702602677528354,0.3513634158531591,0.37838944262844265,12.0,0
8.248586072843988,critical,0.0,0.668926378609784,0.668926378609784,2.0,0
7.635066970787012,routine,1.4196999088581173,0.4353805806418104,1.8550804894999278,24.0,0
8.25762929333032,emergency,0.0,0.9736079806575129,0.9736079806575129,4.0,0
7.2892004678904865,routine,1.6930092681374411,1.0255029253980703,2.7185121935355117,24.0,0
8.06168832801299,seasonal,0.651707758479457,0.9736079806575129,1.62531573913697,12.0,0
7.9453380368953,routine,1.228132011787321,0.3190807107927397,1.5472127225800607,24.0,0
9.674853646493487,critical,0.0,0.6396923088485589,0.6396923088485589,2.0,0
9.486068464179448,seasonal,0.3321030451554545,0.3513634158531591,0.6834664610086136,12.0,0
9.86806876877927,seasonal,0.2869292809036281,0.6396923088485589,0.926621589752187,12.0,0
9.225677031101126,seasonal,0.5586915887219064,0.9736079806575129,1.5322995693794192,12.0,0
9.440809323787134,emergency,0.0,0.9736079806575129,0.9736079806575129,4.0,0
9.888304862750765,critical,0.05013467835283869,0.6396923088485589,0.6898269872013976,2.0,0
8.386480455733336,routine,2.4702315285204275,0.4353805806418104,2.905612109162238,24.0,0
9.585396220682087,seasonal,0.5150464943392272,0.6659438790168433,1.1809903733560705,12.0,0
10.23061949460736,seasonal,0.39786290170362193,0.6599100317467526,1.0577729334503745,12.0,0
10.70791608525861,seasonal,0.10402618750523018,0.6659438790168433,0.7699700665220734,12.0,0
11.00539583604491,critical,0.0,0.6659438790168433,0.6659438790168433,2.0,0
9.342325262236606,routine,2.3207640821732713,0.3190807107927397,2.639844792966011,24.0,0
10.861540105659792,seasonal,0.5898714861231493,0.4353805806418104,1.0252520667649598,12.0,0
11.738196256486068,seasonal,0.23023719058439518,0.3513634158531591,0.5816006064375543,12.0,0
8.450523767936982,routine,3.0491959253723326,0.7177220910631077,3.76691801643544,24.0,0
11.687604262623392,seasonal,0.24343410115536912,0.6599100317467526,0.9033441329021217,12.0,0
9.518415796601442,routine,2.708433095807841,0.4353805806418104,3.1438136764496516,24.0,0
12.48186398988762,seasonal,0.24271470593856748,0.4353805806418104,0.6780952865803779,12.0,0
9.852312825943738,routine,2.5963932263284217,0.6599100317467526,3.2563032580751745,24.0,0
9.85571008021458,routine,3.0273398952168122,0.7919122426127785,3.819252137829591,24.0,0
13.59890436400126,emergency,0.0,0.3513634158531591,0.3513634158531591,4.0,0
9.923331558584165,routine,3.082571041493056,0.6599100317467526,3.7424810732398086,24.0,0
13.561486100402417,critical,0.0,0.3513634158531591,0.3513634158531591,2.0,0
10.650258005608604,routine,3.404244813944315,0.3190807107927397,3.7233255247370547,24.0,0
13.08618414959879,seasonal,0.3411495530511939,0.4353805806418104,0.7765301336930043,12.0,0
10.104983738426142,routine,2.970994723295769,1.0255029253980703,3.9964976486938397,24.0,0
13.399259283038639,critical,0.0,0.7177220910631077,0.7177220910631077,2.0,0
10.438172582236744,routine,3.4675532018741766,0.7177220910631077,4.185275292937284,24.0,0
10.357985699990433,routine,3.527837809177239,0.668926378609784,4.196764187787023,24.0,0
14.451290294418703,critical,0.1923200937284424,0.3190807107927397,0.5114008045211821,2.0,0
14.541706903303709,critical,0.39864341533716896,0.3513634158531591,0.7500068311903281,2.0,0
14.364772382116518,critical,0.0,0.6396923088485589,0.6396923088485589,2.0,0
14.20852673945581,emergency,0.0,0.9736079806575129,0.9736079806575129,4.0,0
14.209470277086396,seasonal,0.4480407834008453,0.6599100317467526,1.1079508151475979,12.0,0
14.124266115274828,seasonal,0.39877714853840374,0.6396923088485589,1.0384694573869626,12.0,0
14.651760180354106,seasonal,0.40857755835595455,0.4353805806418104,0.843958138997765,12.0,0
10.722439242897,routine,4.360193893526796,0.4353805806418104,4.795574474168607,24.0,0
15.109149299674337,seasonal,0.46158331350798854,0.4353805806418104,0.8969638941497989,12.0,0
14.287032482049874,seasonal,0.718901519991098,0.9736079806575129,1.6925095006486108,12.0,0
15.324021134759356,seasonal,0.47952424070947863,0.3190807107927397,0.7986049515022183,12.0,0
14.797254592598462,emergency,0.6170194173816608,0.7177220910631077,1.3347415084447685,4.0,0
15.408391365113333,seasonal,1.0038292267106552,0.3513634158531591,1.3551926425638143,12.0,0
15.766054731273943,critical,0.03876169458332335,0.7919122426127785,0.8306739371961018,2.0,0
15.831694404835508,seasonal,0.62606558461699,0.4353805806418104,1.0614461652588005,12.0,0
16.011110067673453,seasonal,0.6035068290416348,0.7919122426127785,1.3954190716544133,12.0,0
16.368183188069786,seasonal,0.2988197576833187,0.3513634158531591,0.6501831735364778,12.0,0
16.9812553228347,critical,0.0,0.3190807107927397,0.3190807107927397,2.0,0
16.574051493875398,emergency,0.0,0.6659438790168433,0.6659438790168433,4.0,0
16.78697975383542,seasonal,0.08114525533576611,0.7177220910631077,0.7988673463988738,12.0,0
16.971625847835917,seasonal,0.13019150843064153,0.6396923088485589,0.7698838172792004,12.0,0
16.450609941680064,seasonal,0.39623754780862797,0.7919122426127785,1.1881497904214064,12.0,0
17.081317794588998,seasonal,0.4151506076290268,0.3513634158531591,0.7665140234821859,12.0,0
18.027688510721525,seasonal,0.019578372781836606,0.4353805806418104,0.454958953423647,12.0,0
17.57389657441279,seasonal,0.37478836507779434,0.6659438790168433,1.0407322440946376,12.0,0
11.316214325735706,routine,7.512208057062169,0.4353805806418104,7.94758863770398,24.0,0
18.073678139488447,seasonal,0.04901612638768782,1.0255029253980703,1.0745190517857581,12.0,0
18.4077211567277,critical,0.0,0.6659438790168433,0.6659438790168433,2.0,0
18.488515918211732,emergency,0.0,0.6396923088485589,0.6396923088485589,4.0,0
10.892417889225447,routine,7.836363544721147,0.7177220910631077,8.554085635784254,24.0,0
19.21518333561918,seasonal,0.04322600455869363,0.3513634158531591,0.39458942041185274,12.0,0
11.125679088619666,routine,7.638477623651664,1.0255029253980703,8.663980549049734,24.0,0
19.71479273566033,seasonal,0.25124202645390525,0.4353805806418104,0.6866226070957157,12.0,0
18.95463394397499,seasonal,0.20749963100449165,0.7919122426127785,0.9994118736172701,12.0,0
11.714213675144691,routine,8.75203207696616,0.3513634158531591,9.103395492819319,24.0,0
20.500115135745673,seasonal,0.042445109836990014,0.3513634158531591,0.3938085256901491,12.0,0
19.548816140371525,seasonal,0.22382423044726352,0.9736079806575129,1.1974322111047764,12.0,0
11.842684922621881,routine,8.92906380718529,0.3190807107927397,9.24814451797803,24.0,0
11.3814271778097,routine,8.638092412375835,1.0255029253980703,9.663595337773906,24.0,0
12.161940160361912,routine,8.889579559975648,0.6659438790168433,9.555523438992491,24.0,0
12.548969791361044,routine,9.040200074833306,0.3190807107927397,9.359280785626046,24.0,0
12.100919895460695,routine,8.938134916199257,0.6396923088485589,9.577827225047816,24.0,0
12.205193179472548,routine,9.27364200428158,0.3513634158531591,9.62500542013474,24.0,0
21.7269970685935,seasonal,0.03941986199674119,0.4353805806418104,0.4748004426385516,12.0,0
12.469122059041018,routine,9.075734071391656,0.3513634158531591,9.427097487244815,24.0,0
12.581343881763416,routine,9.736908997240754,1.0255029253980703,10.762411922638824,24.0,0
12.678156506593545,routine,9.843195256241422,0.7177220910631077,10.56091734730453,24.0,0
12.760904972135945,routine,9.81397805695912,0.6396923088485589,10.45367036580768,24.0,0
14.047996258804146,routine,8.977485946214097,0.4353805806418104,9.412866526855908,24.0,0
13.05044515911484,routine,9.782509094447601,1.0255029253980703,10.808012019845672,24.0,0
12.935064683129127,routine,9.79846500567215,0.6659438790168433,10.464408884688993,24.0,0
22.964711747089176,seasonal,0.016362275134721216,1.0255029253980703,1.0418652005327915,12.0,0
14.533385622627385,routine,9.648488194405473,0.4353805806418104,10.083868775047284,24.0,0
24.187630161027553,critical,0.0,0.4353805806418104,0.4353805806418104,2.0,0
14.796101226513573,routine,9.517522426763383,0.7177220910631077,10.23524451782649,24.0,0
15.522223724971221,routine,8.920334959818716,0.4353805806418104,9.355715540460526,24.0,0
14.590962513595658,routine,9.612109859230435,0.9736079806575129,10.585717839887948,24.0,0
15.72298319152654,routine,8.885227374474278,0.9736079806575129,9.858835355131792,24.0,0
16.473847692656776,routine,8.346722243410461,0.7177220910631077,9.064444334473569,24.0,0
16.38466674846207,routine,8.388182520772254,0.6396923088485589,9.027874829620814,24.0,0
16.68031082245587,routine,8.54804430963625,0.6599100317467526,9.207954341383003,24.0,0
17.275985105619988,routine,8.764032644378364,0.3190807107927397,9.083113355171104,24.0,0
17.68608982678436,routine,8.872920078795662,0.3513634158531591,9.224283494648821,24.0,0
16.890047499128535,routine,9.089929024251923,0.7919122426127785,9.8818412668647,24.0,0
17.838394194003317,routine,8.743341453326149,0.4353805806418104,9.17872203396796,24.0,0
18.287149988134566,routine,8.67394659615341,0.6396923088485589,9.31363890500197,24.0,0
17.29055313013136,routine,9.173336847564123,0.6599100317467526,9.833246879310876,24.0,0
26.66524417967192,critical,0.0,0.6396923088485589,0.6396923088485589,2.0,0
18.17073516292851,routine,8.625395965504598,0.7177220910631077,9.343118056567706,24.0,0
19.115656898867215,routine,8.776537240946592,0.6396923088485589,9.416229549795151,24.0,0
27.851790676091838,critical,0.0,0.7919122426127785,0.7919122426127785,2.0,0
18.415090385678074,routine,8.92267845234927,0.9736079806575129,9.896286433006782,24.0,0
19.10837155540986,routine,8.653838407091222,0.6659438790168433,9.319782286108065,24.0,0
18.649883643490487,routine,9.09089830310559,0.7919122426127785,9.882810545718367,24.0,0
19.16265348029862,routine,9.1430622665136,0.4353805806418104,9.57844284715541,24.0,0
20.09859646086564,routine,8.689230466277895,0.3190807107927397,9.008311177070635,24.0,0
19.897264864306,routine,8.577706725964546,0.3513634158531591,8.929070141817705,24.0,0
29.15181744782343,seasonal,0.08334624405551594,0.7919122426127785,0.8752584866682944,12.0,0
29.39834897934934,seasonal,0.17949243597179532,0.3513634158531591,0.5308558518249544,12.0,0
22.81337091437269,routine,7.317688977338754,0.3190807107927397,7.636769688131494,24.0,0
20.945314301370633,routine,8.880381231888375,0.3190807107927397,9.199461942681115,24.0,0
21.808284646355073,routine,8.025507363664833,0.6659438790168433,8.691451242681676,24.0,0
20.479828875831178,routine,9.29266936055059,0.7919122426127785,10.084581603163368,24.0,0
29.61333134314936,seasonal,0.0142259398346134,1.0255029253980703,1.0397288652326837,12.0,0
30.611605008596218,emergency,0.0,0.668926378609784,0.668926378609784,4.0,0
30.202170675608585,seasonal,0.4584808086484031,0.7177220910631077,1.1762028997115108,12.0,0
30.92464550050489,critical,0.0,0.6599100317467526,0.6599100317467526,2.0,0
27.417270516386164,routine,3.670211172804244,0.3190807107927397,3.9892918835969837,24.0,0
27.90637130186351,routine,3.332455279423513,0.3513634158531591,3.6838186952766723,24.0,0
25.95952942288544,routine,5.073616301212088,0.6599100317467526,5.73352633295884,24.0,0
31.41410576151998,critical,0.0,0.3190807107927397,0.3190807107927397,2.0,0
32.102746189013246,seasonal,0.26952472281505635,0.3190807107927397,0.588605433607796,12.0,0
28.82313229330076,routine,2.5488629669265706,0.668926378609784,3.2177893455363544,24.0,0
31.476689809010715,seasonal,0.40328664650508017,0.4353805806418104,0.8386672271468906,12.0,0
31.83782030973153,seasonal,0.14402851507911762,0.7919122426127785,0.9359407576918961,12.0,0
32.607362805266014,seasonal,0.07128522692394057,0.3513634158531591,0.4226486427770997,12.0,0
29.968897887668838,routine,2.8597465802963455,0.4353805806418104,3.295127160938156,24.0,0
31.936717692499077,seasonal,0.309341903071104,0.7919122426127785,1.1012541456838825,12.0,0
30.049344655706914,routine,3.265817308526099,0.3190807107927397,3.584898019318839,24.0,0
30.167169034808097,routine,3.231659399184231,0.668926378609784,3.900585777794015,24.0,0
33.338749796235355,emergency,0.0,1.0255029253980703,1.0255029253980703,4.0,0
30.593925860923797,routine,3.2879292446227453,0.3190807107927397,3.607009955415485,24.0,0
33.53390923106652,emergency,0.0,0.6396923088485589,0.6396923088485589,4.0,0
33.63980582452577,emergency,0.0,0.6396923088485589,0.6396923088485589,4.0,0
33.44415875152795,seasonal,0.07400402146733853,0.7177220910631077,0.7917261125304462,12.0,0
30.339871083954407,routine,3.364617518466602,0.4353805806418104,3.7999980991084126,24.0,0
33.9660730400189,critical,0.0,0.6659438790168433,0.6659438790168433,2.0,0
33.80518528113966,critical,0.0,0.6659438790168433,0.6659438790168433,2.0,0
31.459838222245597,routine,2.8138194930352007,0.3190807107927397,3.1329002038279405,24.0,0
30.823527522292217,routine,3.27419591648966,0.7919122426127785,4.066108159102439,24.0,0
34.142729760646354,critical,0.8677708246238822,0.3190807107927397,1.186851535416622,2.0,0
34.32379382292321,seasonal,0.31516614547464883,0.6396923088485589,0.9548584543232077,12.0,0
35.02280077250467,seasonal,0.3959444839298598,0.4353805806418104,0.8313250645716702,12.0,0
34.65331808192633,seasonal,0.4802176053880842,0.3513634158531591,0.8315810212412433,12.0,0
34.59285097894718,seasonal,0.15433922480859508,0.9736079806575129,1.127947205466108,12.0,0
34.52445605400183,critical,0.6649681764756181,0.668926378609784,1.333894555085402,2.0,0
34.80440748645276,seasonal,0.6021729912227656,0.6599100317467526,1.2620830229695181,12.0,0
34.13123548901069,emergency,1.1911509869441161,1.0255029253980703,2.2166539123421867,4.0,0
35.84550392865675,critical,0.0,0.3190807107927397,0.3190807107927397,2.0,0
35.20685053869526,seasonal,0.5178840913101581,0.7919122426127785,1.3097963339229366,12.0,0
35.21083522403333,seasonal,0.5518565131858324,0.6659438790168433,1.2178003922026757,12.0,0
31.600470193788286,routine,4.947470278199621,0.3190807107927397,5.2665509889923605,24.0,0
35.27158070726489,seasonal,1.1650483424403788,0.3190807107927397,1.4841290532331186,12.0,0
36.324961290693714,seasonal,0.2013664935628583,0.7177220910631077,0.919088584625966,12.0,0
35.97029824482814,seasonal,0.5061405724847177,0.7177220910631077,1.2238626635478254,12.0,0
37.25786640639341,seasonal,0.3327833476247122,0.3513634158531591,0.6841467634778713,12.0,0
32.15041481093386,routine,5.499151974990923,0.4353805806418104,5.9345325556327335,24.0,0
31.862072014532643,routine,5.785889831418366,0.3190807107927397,6.104970542211106,24.0,0
37.0568296085691,emergency,0.0,0.6396923088485589,0.6396923088485589,4.0,0
36.64025535729092,seasonal,0.6318722115557946,0.6659438790168433,1.297816090572638,12.0,0
37.663291080863175,emergency,0.0,0.6599100317467526,0.6599100317467526,4.0,0
38.19209379779209,emergency,0.0,0.3190807107927397,0.3190807107927397,4.0,0
33.21074808399632,routine,5.010043749584973,0.3513634158531591,5.361407165438132,24.0,0
33.15269052060808,routine,4.9716290627442135,0.9736079806575129,5.945237043401726,24.0,0
38.33648289193602,seasonal,0.35642344540156046,0.4353805806418104,0.7918040260433709,12.0,0
32.4451192949079,routine,5.412182091444478,0.7919122426127785,6.204094334057257,24.0,0
39.242280837791,critical,0.0,0.3190807107927397,0.3190807107927397,2.0,0
38.35041485940095,seasonal,0.5836301484755779,0.6396923088485589,1.2233224573241368,12.0,0
38.986649816198685,seasonal,0.17925304192435476,0.4353805806418104,0.6146336225661652,12.0,0
38.29813236548835,seasonal,0.29363574241845924,0.9736079806575129,1.267243723075972,12.0,0
38.83860212696164,emergency,0.0,0.6396923088485589,0.6396923088485589,4.0,0
39.55593439108093,critical,0.0,0.4353805806418104,0.4353805806418104,2.0,0
39.4521618095752,seasonal,0.37722549980637865,0.4353805806418104,0.812606080448189,12.0,0
39.21527938552606,critical,0.0,0.9736079806575129,0.9736079806575129,2.0,0
39.813827494330646,critical,0.0,1.0255029253980703,1.0255029253980703,2.0,0
39.132985147595676,seasonal,0.6465240098834357,0.6599100317467526,1.3064340416301883,12.0,0
39.78129783118363,seasonal,0.22283007002777566,0.3513634158531591,0.5741934858809348,12.0,0
39.52837175902934,seasonal,0.3016143412504064,0.6599100317467526,0.961524372997159,12.0,0
33.58917350191202,routine,6.782223968021242,0.6659438790168433,7.448167847038086,24.0,0
33.21742582813047,routine,7.059819638981615,0.6396923088485589,7.699511947830175,24.0,0
40.54453391515454,seasonal,0.012475026749200424,1.0255029253980703,1.0379779521472707,12.0,0
41.611719273950186,seasonal,0.11113981893268488,0.3190807107927397,0.43022052972542457,12.0,0
40.84374619107764,seasonal,0.3181955822940026,0.6599100317467526,0.9781056140407551,12.0,0
40.93427861478428,seasonal,0.7366150449881772,0.6599100317467526,1.3965250767349298,12.0,0
40.88880176613676,seasonal,0.7478144679196674,0.7177220910631077,1.4655365589827751,12.0,0
42.323885403635884,critical,0.0,0.6599100317467526,0.6599100317467526,2.0,0
42.23864105956227,emergency,0.0,0.4353805806418104,0.4353805806418104,4.0,0
42.56221342565785,seasonal,0.26598420470511996,0.4353805806418104,0.7013647853469304,12.0,0
42.0182147274333,seasonal,0.011895652080589514,0.6599100317467526,0.6718056838273421,12.0,0
33.89910952911697,routine,8.617462461635455,1.0255029253980703,9.642965387033525,24.0,0
41.77303686612974,seasonal,0.18590673724554563,0.9736079806575129,1.1595147179030585,12.0,0
42.90097193508708,seasonal,0.0969066663346112,0.668926378609784,0.7658330449443952,12.0,0
42.99776958909874,emergency,0.0,0.3190807107927397,0.3190807107927397,4.0,0
43.05893585016666,seasonal,0.24061677300890238,0.7177220910631077,0.9583388640720101,12.0,0
34.39263059678982,routine,9.534316839619663,0.3190807107927397,9.853397550412403,24.0,0
43.549351088742824,critical,0.0,0.6659438790168433,0.6659438790168433,2.0,0
34.42161987693415,routine,9.726776826019375,0.6659438790168433,10.392720705036218,24.0,0
34.32167962710556,routine,9.242219683212724,0.6599100317467526,9.902129714959477,24.0,0
44.55629206100511,emergency,0.0,0.3513634158531591,0.3513634158531591,4.0,0
44.81874959689815,critical,0.0,0.4353805806418104,0.4353805806418104,2.0,0
35.22669017103675,routine,9.777174579574378,0.3513634158531591,10.128537995427537,24.0,0
34.43919801874453,routine,9.805388097376891,0.6659438790168433,10.471331976393735,24.0,0
34.34393348808449,routine,9.534823589753522,1.0255029253980703,10.560326515151592,24.0,0
44.92779391674556,seasonal,0.0109190896918534,0.6659438790168433,0.6768629687086967,12.0,0
35.36623743905981,routine,10.077679280795614,0.3190807107927397,10.396759991588354,24.0,0
35.21931949519669,routine,9.243714840346982,0.668926378609784,9.912641218956766,24.0,0
45.4531127932763,critical,0.0,0.6659438790168433,0.6659438790168433,2.0,0
35.765728287950225,routine,9.688754317296187,0.7177220910631077,10.406476408359294,24.0,0
45.82553094830716,emergency,0.0,0.6659438790168433,0.6659438790168433,4.0,0
46.66505494375096,critical,0.0,0.3513634158531591,0.3513634158531591,2.0,0
35.78970671071448,routine,10.213478046650124,0.6659438790168433,10.879421925666968,24.0,0
36.86809192566085,routine,9.653432548685451,0.6659438790168433,10.319376427702295,24.0,0
36.6667476866618,routine,9.609612049576683,0.6396923088485589,10.249304358425242,24.0,0
36.780640609982896,routine,9.620543119015124,0.6396923088485589,10.260235427863684,24.0,0
35.92023577541733,routine,10.209274702323917,0.6599100317467526,10.86918473407067,24.0,0
35.873685873871025,routine,10.216923067135731,0.7919122426127785,11.008835309748509,24.0,0
46.65165505788922,seasonal,0.22034948273735466,0.668926378609784,0.8892758613471387,12.0,0
37.04503394850145,routine,11.004711975326614,0.3190807107927397,11.323792686119354,24.0,0
37.637785188737695,routine,10.418824167065289,0.3190807107927397,10.737904877858028,24.0,0
37.986362199711316,routine,10.118529428092977,0.6599100317467526,10.77843945983973,24.0,0
36.970959601519745,routine,10.887655991489154,0.7177220910631077,11.605378082552262,24.0,0
38.11654544577557,routine,10.157175800962861,0.6659438790168433,10.823119679979705,24.0,0
37.62850922159051,routine,10.425489865127105,1.0255029253980703,11.450992790525175,24.0,0
39.30229604804815,routine,9.968829391596493,0.6599100317467526,10.628739423343246,24.0,0
38.30811846647688,routine,10.140851396463596,0.9736079806575129,11.114459377121108,24.0,0
39.214565382785075,routine,9.832651517220363,0.9736079806575129,10.806259497877875,24.0,0
40.347730972001536,routine,9.590995998319976,0.4353805806418104,10.026376578961786,24.0,0
39.464643028221154,routine,10.215984611468755,0.9736079806575129,11.189592592126267,24.0,0
40.29902007217152,routine,9.535591790277572,0.7919122426127785,10.32750403289035,24.0,0
40.57529832041723,routine,9.485206148928455,0.6599100317467526,10.145116180675208,24.0,0
41.19531234243567,routine,9.486314965405029,0.3190807107927397,9.805395676197769,24.0,0
41.36971309618191,routine,9.546577432188606,1.0255029253980703,10.572080357586676,24.0,0
40.824570178137385,routine,9.738691006523588,1.0255029253980703,10.764193931921659,24.0,0
41.696987133387346,routine,9.799856553125416,0.3190807107927397,10.118937263918156,24.0,0
41.60979349268438,routine,9.64323321308725,0.7919122426127785,10.435145455700027,24.0,0
41.797324996143495,routine,9.820234033914787,0.668926378609784,10.489160412524571,24.0,0
42.16661314271532,routine,9.793354666988236,0.6396923088485589,10.433046975836795,24.0,0
41.97986795520672,routine,9.793157726741796,1.0255029253980703,10.818660652139867,24.0,0
42.382672855510336,routine,10.431170733630971,0.6599100317467526,11.091080765377724,24.0,0
42.29671731969943,routine,10.505249163309017,0.4353805806418104,10.940629743950828,24.0,0
52.861438184808726,critical,0.0,0.6659438790168433,0.6659438790168433,2.0,0
52.571863199173364,critical,0.0,0.6599100317467526,0.6599100317467526,2.0,0
42.48604204973595,routine,10.362677908202613,0.6599100317467526,11.022587939949366,24.0,0
42.48606843563856,routine,10.690472362680843,0.4353805806418104,11.125852943322654,24.0,0
43.38355825407962,routine,10.580737254192634,0.3513634158531591,10.932100670045793,24.0,0
43.15324329978288,routine,10.49525230282785,0.3513634158531591,10.84661571868101,24.0,0
42.968769715182596,routine,10.43444891721299,0.6396923088485589,11.074141226061549,24.0,0
43.38659530525847,routine,10.83867501393376,0.3190807107927397,11.1577557247265,24.0,0
45.34576110129167,routine,8.986549206211649,0.6659438790168433,9.652493085228492,24.0,0
45.35065419857983,routine,9.610212628373823,0.4353805806418104,10.045593209015633,24.0,0
45.650858421201995,routine,9.61441443875465,0.3513634158531591,9.96577785460781,24.0,0
54.431753912147336,seasonal,0.3943675017329369,0.4353805806418104,0.8297480823747473,12.0,0
45.975956877265375,routine,9.37707872697144,0.7919122426127785,10.168990969584218,24.0,0
55.78884565201759,seasonal,0.1352296819361385,0.3190807107927397,0.4543103927288782,12.0,0
45.83571984029781,routine,9.453718646737315,0.6659438790168433,10.119662525754158,24.0,0
55.818791400140185,critical,0.0,0.3190807107927397,0.3190807107927397,2.0,0
55.7312776103782,critical,0.0,0.668926378609784,0.668926378609784,2.0,0
55.66784576153258,seasonal,0.1642239968033934,0.3190807107927397,0.4833047075961331,12.0,0
56.50918129143802,emergency,0.0,0.6599100317467526,0.6599100317467526,4.0,0
56.14652615506673,seasonal,0.4893050496316249,0.3190807107927397,0.8083857604243646,12.0,0
56.115929914436784,seasonal,0.41265813035986554,0.7919122426127785,1.204570372972644,12.0,0
56.52755138550725,seasonal,0.31640550612969065,0.4353805806418104,0.751786086771501,12.0,0
56.36254529843919,seasonal,0.4791755592119529,0.3513634158531591,0.830538975065112,12.0,0
45.979820429634835,routine,10.875972463059803,0.4353805806418104,11.311353043701613,24.0,0
55.88880145912942,seasonal,0.5990262914807829,0.6659438790168433,1.2649701704976262,12.0,0
57.64554855887183,critical,0.0,0.3190807107927397,0.3190807107927397,2.0,0
57.988526283803395,emergency,0.0,0.3513634158531591,0.3513634158531591,4.0,0
56.91447903184182,seasonal,0.6249184096581644,0.7177220910631077,1.342640500721272,12.0,0
46.983869441522884,routine,11.509011022991388,0.3190807107927397,11.828091733784127,24.0,0
57.66819819626303,seasonal,0.5564249026977421,0.6396923088485589,1.196117211546301,12.0,0
46.38587580340085,routine,11.998554826579337,0.7177220910631077,12.716276917642444,24.0,0
59.00955650017534,critical,0.0,0.3190807107927397,0.3190807107927397,2.0,0
47.1782532380331,routine,11.35318383481993,0.6599100317467526,12.013093866566683,24.0,0
57.80151721785542,seasonal,0.5230035196255045,0.6599100317467526,1.182913551372257,12.0,0
57.52181891515957,seasonal,0.5388585529282963,1.0255029253980703,1.5643614783263666,12.0,0
59.51199291251501,seasonal,0.2256294336647926,0.3513634158531591,0.5769928495179517,12.0,0
60.21154431103833,emergency,0.0,0.3190807107927397,0.3190807107927397,4.0,0
59.47058498174279,seasonal,0.15246828977947757,1.0255029253980703,1.1779712151775479,12.0,0
50.730294540151576,routine,9.387047596243356,0.6396923088485589,10.026739905091915,24.0,0
54.22334725792119,routine,5.990927699261867,0.3513634158531591,6.342291115115026,24.0,0
55.73532467344962,routine,4.489020843341258,0.3190807107927397,4.808101554133998,24.0,0
48.6584570249429,routine,11.415830576064579,0.6659438790168433,12.081774455081423,24.0,0
49.61028124769738,routine,10.48625502606778,0.6659438790168433,11.152198905084624,24.0,0
60.71092458716271,seasonal,0.4688153418621823,0.4353805806418104,0.9041959225039927,12.0,0
61.73916557992817,critical,0.0,0.3513634158531591,0.3513634158531591,2.0,0
60.620092980263834,emergency,0.0,1.0255029253980703,1.0255029253980703,4.0,0
56.518789410965006,routine,5.353831002085094,0.3190807107927397,5.672911712877834,24.0,0
55.97202099289395,routine,5.562792019170871,0.3513634158531591,5.91415543502403,24.0,0
56.06713028005059,routine,5.486957041921542,0.6599100317467526,6.146867073668295,24.0,0
56.18110377016308,routine,5.493173798437127,0.7177220910631077,6.210895889500234,24.0,0
56.83933160448534,routine,5.209824592361031,0.6659438790168433,5.875768471377874,24.0,0
57.05942733292085,routine,5.31256261196242,0.6659438790168433,5.978506490979264,24.0,0
56.94521110211418,routine,5.188048800932542,0.6659438790168433,5.8539926799493855,24.0,0
57.06502332033886,routine,5.825059375455474,0.668926378609784,6.493985754065259,24.0,0
63.13781493043858,emergency,0.0,0.9736079806575129,0.9736079806575129,4.0,0
62.9570914083789,seasonal,0.3352001465405223,0.6599100317467526,0.9951101782872749,12.0,0
62.896784016713156,seasonal,0.33619786403925644,0.4353805806418104,0.7715784446810668,12.0,0
63.97253341857836,critical,0.0,0.3190807107927397,0.3190807107927397,2.0,0
62.91051243156788,critical,0.0,0.9736079806575129,0.9736079806575129,2.0,0
63.633081767566466,seasonal,0.02758825393522102,0.3190807107927397,0.3466689647279607,12.0,0
63.47214964020787,critical,0.0,0.9736079806575129,0.9736079806575129,2.0,0
63.11886282245825,seasonal,0.2813995744870468,0.9736079806575129,1.2550075551445596,12.0,0
57.29832647910919,routine,6.646558099729049,0.6659438790168433,7.3125019787458925,24.0,0
57.357103123440076,routine,7.164080415863417,0.7177220910631077,7.881802506926524,24.0,0
57.079567913758616,routine,6.767454336848523,0.6659438790168433,7.433398215865367,24.0,0
64.53747821142481,seasonal,0.21706023304113842,0.6599100317467526,0.876970264787891,12.0,0
64.96037919512251,seasonal,0.22658890889475458,0.3190807107927397,0.5456696196874943,12.0,0
57.38792878347873,routine,7.422816651485832,0.6396923088485589,8.062508960334391,24.0,0
65.30401985378185,seasonal,0.1826235528688045,0.3513634158531591,0.5339869687219636,12.0,0
65.21578499564892,critical,0.0,0.6659438790168433,0.6659438790168433,2.0,0
65.41447454597811,seasonal,0.16419338511849446,0.7177220910631077,0.8819154761816022,12.0,0
65.36440999644175,emergency,0.0,0.7919122426127785,0.7919122426127785,4.0,0
57.47753129619985,routine,8.557214731109916,0.3513634158531591,8.908578146963075,24.0,0
65.70589329747594,critical,0.0,0.668926378609784,0.668926378609784,2.0,0
57.836375253826176,routine,8.329225854504969,0.7177220910631077,9.046947945568077,24.0,0
65.81551615611424,seasonal,0.08386753123586743,0.668926378609784,0.7527939098456514,12.0,0
65.84481676139893,critical,0.0,0.6659438790168433,0.6659438790168433,2.0,0
65.60323443118021,seasonal,0.24837089211528962,0.7919122426127785,1.040283134728068,12.0,0
66.90913132459129,seasonal,0.2547007263323593,0.3190807107927397,0.573781437125099,12.0,0
66.42005508386654,emergency,0.0,0.6659438790168433,0.6659438790168433,4.0,0
58.0706723837263,routine,8.496919993622306,0.6396923088485589,9.136612302470866,24.0,0
58.114225343375274,routine,8.707754615267156,0.3190807107927397,9.026835326059896,24.0,0
67.2675321218781,emergency,0.0,0.3513634158531591,0.3513634158531591,4.0,0
66.95101018336177,seasonal,0.41632241985512053,0.668926378609784,1.0852487984649044,12.0,0
58.295662151957046,routine,9.372926920045657,0.7919122426127785,10.164839162658435,24.0,0
67.17784151418573,seasonal,0.36750017825677617,0.7177220910631077,1.0852222693198839,12.0,0
58.506800621989036,routine,9.652776340851666,0.6396923088485589,10.292468649700226,24.0,0
67.38667892562363,critical,0.0,0.7919122426127785,0.7919122426127785,2.0,0
58.407240262756304,routine,9.591115364919261,0.4353805806418104,10.026495945561072,24.0,0
68.30704147898997,seasonal,0.03803993774589287,0.668926378609784,0.7069663163556769,12.0,0
59.17187106497246,routine,9.650877504069307,0.3513634158531591,10.002240919922466,24.0,0
58.93526816304766,routine,9.456017504243981,0.3190807107927397,9.77509821503672,24.0,0
69.26538373879751,critical,0.0,0.3513634158531591,0.3513634158531591,2.0,0
69.31913282144313,seasonal,0.07171018731658307,0.668926378609784,0.7406365659263671,12.0,0
69.31715190282847,seasonal,0.029722004157235915,0.3190807107927397,0.3488027149499756,12.0,0
59.60427250504349,routine,9.80174186741079,0.6659438790168433,10.467685746427634,24.0,0
59.714851470686575,routine,9.933257413120408,0.6659438790168433,10.599201292137252,24.0,0
60.932051025437325,routine,8.836848403325753,0.7919122426127785,9.62876064593853,24.0,0
61.02369943086763,routine,9.03566522674651,0.6599100317467526,9.695575258493262,24.0,0
69.6180371890771,emergency,0.0,1.0255029253980703,1.0255029253980703,4.0,0
60.94979555858545,routine,9.049224013364167,1.0255029253980703,10.074726938762238,24.0,0
61.88476665412485,routine,9.361439221154349,0.3513634158531591,9.712802637007508,24.0,0
71.12476442961119,emergency,0.0,0.6396923088485589,0.6396923088485589,4.0,0
71.37735283007446,emergency,0.0,0.4353805806418104,0.4353805806418104,4.0,0
61.22694911015365,routine,9.68177086939793,0.6396923088485589,10.32146317824649,24.0,0
61.295247105379055,routine,9.73850059351431,0.6396923088485589,10.37819290236287,24.0,0
62.52199326480974,routine,8.787106435284826,0.6599100317467526,9.44701646703158,24.0,0
62.56053101314757,routine,8.917149601865574,0.6599100317467526,9.577059633612327,24.0,0
62.99361130829491,routine,8.767091530967427,0.6599100317467526,9.42700156271418,24.0,0
64.36850391691995,routine,8.38287795509649,0.4353805806418104,8.8182585357383,24.0,0
63.40690144741514,routine,8.672902835064988,0.9736079806575129,9.6465108157225,24.0,0
63.568313839053005,routine,8.836955036644298,0.6396923088485589,9.476647345492857,24.0,0
63.946808269285654,routine,8.778743925457547,0.6659438790168433,9.444687804474391,24.0,0
63.93740561309852,routine,8.663572313558731,1.0255029253980703,9.689075238956802,24.0,0
65.15064088259972,routine,8.233112887363973,0.6659438790168433,8.899056766380816,24.0,0
65.41980599357545,routine,8.432403580226719,0.6659438790168433,9.098347459243563,24.0,0
65.59964193751223,routine,8.418588629126432,0.3513634158531591,8.769952044979592,24.0,0
73.00343235833746,critical,0.0,1.0255029253980703,1.0255029253980703,2.0,0
65.84319432201657,routine,8.562925094905324,0.3513634158531591,8.914288510758483,24.0,0
64.55259020749236,routine,8.810802606172516,0.668926378609784,9.4797289847823,24.0,0
65.50783550305528,routine,8.491615297372107,0.6659438790168433,9.15755917638895,24.0,0
65.83305277231601,routine,8.494492956717053,0.6599100317467526,9.154402988463806,24.0,0
66.21025735226162,routine,8.571025556926713,0.3513634158531591,8.922388972779872,24.0,0
74.15735130775856,critical,0.0,0.6659438790168433,0.6659438790168433,2.0,0
66.58444519241438,routine,8.652019554092618,0.3513634158531591,9.003382969945777,24.0,0
66.6477450102606,routine,8.767050670899621,0.6599100317467526,9.426960702646374,24.0,0
75.26169991622469,seasonal,0.12245785700172007,0.7177220910631077,0.8401799480648278,12.0,0
67.85747121144973,routine,7.977203746125326,0.3190807107927397,8.296284456918066,24.0,0
67.72457686996007,routine,7.813459383822334,0.7177220910631077,8.531181474885441,24.0,0
66.29371702176823,routine,8.910708953700407,1.0255029253980703,9.936211879098478,24.0,0
75.35190696877294,emergency,0.0,0.6599100317467526,0.6599100317467526,4.0,0
68.17436537274007,routine,8.55551435559974,0.4353805806418104,8.990894936241551,24.0,0
67.81389679498989,routine,7.841986725047036,0.9736079806575129,8.815594705704548,24.0,0
68.25576729769305,routine,8.711028914171692,0.7177220910631077,9.4287510052348,24.0,0
76.73704926302754,seasonal,0.17358986606677718,0.7177220910631077,0.8913119571298849,12.0,0
68.45600611463159,routine,8.671445410124832,0.6659438790168433,9.337389289141676,24.0,0
68.39936822135606,routine,8.616942382156012,0.6599100317467526,9.276852413902764,24.0,0
69.00478398187525,routine,8.178679641646212,0.668926378609784,8.847606020255997,24.0,0
77.40811779282402,seasonal,0.43929423913887433,0.4353805806418104,0.8746748197806847,12.0,0
78.11934113294416,critical,0.0,0.4353805806418104,0.4353805806418104,2.0,0
77.94418936954705,seasonal,0.39436451111245674,0.668926378609784,1.0632908897222406,12.0,0
69.02766429085943,routine,8.828170519869104,0.6659438790168433,9.494114398885948,24.0,0
69.84369115717526,routine,8.886509849395281,0.4353805806418104,9.321890430037092,24.0,0
70.99718110731041,routine,7.810908345706622,0.3513634158531591,8.162271761559781,24.0,0
70.65953890501619,routine,8.126572718764791,0.6659438790168433,8.792516597781635,24.0,0
78.4121199351876,seasonal,0.15119751566160744,0.668926378609784,0.8201238942713914,12.0,0
79.55669216200862,seasonal,0.0845418171623038,0.4353805806418104,0.5199223978041142,12.0,0
79.9972109239316,emergency,0.0,0.3513634158531591,0.3513634158531591,4.0,0
79.30366277081662,emergency,0.0,0.6659438790168433,0.6659438790168433,4.0,0
71.17161720082072,routine,8.07461708694693,0.6599100317467526,8.734527118693682,24.0,0
79.99952197397562,seasonal,0.012999144821293385,0.3513634158531591,0.3643625606744525,12.0,0
78.0896516706345,routine,2.257467828301131,0.4353805806418104,2.6928484089429414,24.0,0
71.26746923493621,routine,8.491929922019409,0.7919122426127785,9.283842164632187,24.0,0
80.0895456241024,critical,0.0,0.4353805806418104,0.4353805806418104,2.0,0
80.57372051038743,seasonal,0.0205939022639825,0.3513634158531591,0.3719573181171416,12.0,0
75.16436322835982,routine,5.064241570471083,0.6396923088485589,5.703933879319642,24.0,0
80.82678338073674,critical,0.0,0.6396923088485589,0.6396923088485589,2.0,0
80.75505908394277,critical,0.0,0.3513634158531591,0.3513634158531591,2.0,0
80.59853062678263,seasonal,0.2254795428028018,0.4353805806418104,0.6608601234446122,12.0,0
80.65097468591915,seasonal,0.5233095774300836,0.6396923088485589,1.1630018862786424,12.0,0
78.2662145756146,routine,2.9301309313470227,0.7177220910631077,3.64785302241013,24.0,0
81.1970373988788,emergency,0.0,0.6659438790168433,0.6659438790168433,4.0,0
82.10993190643981,critical,0.0,0.3513634158531591,0.3513634158531591,2.0,0
81.26374796813023,seasonal,0.12170976925388288,0.6396923088485589,0.7614020781024418,12.0,0
79.69058784166003,routine,2.013349982329487,0.9736079806575129,2.986957962987,24.0,0
82.23284698926321,seasonal,0.020988723077493887,0.4353805806418104,0.4563693037193043,12.0,0
81.32060224409535,seasonal,0.16835806780639473,0.9736079806575129,1.1419660484639076,12.0,0
82.23311745328593,seasonal,0.3345790805826425,0.3190807107927397,0.6536597913753822,12.0,0
80.54581786510596,routine,2.140012701506251,0.668926378609784,2.8089390801160348,24.0,0
80.73832900712029,routine,1.9669538228043422,0.6599100317467526,2.626863854551095,24.0,0
82.62584792574856,critical,0.0,0.668926378609784,0.668926378609784,2.0,0
83.57628819291608,seasonal,0.015484523577669052,0.3190807107927397,0.33456523437040875,12.0,0
82.84074202799344,emergency,0.26982946613563286,0.6599100317467526,0.9297394978823854,4.0,0
83.25486496186025,critical,0.0,0.6599100317467526,0.6599100317467526,2.0,0
82.73915383121854,emergency,0.0,0.9736079806575129,0.9736079806575129,4.0,0
82.73267378899608,emergency,0.0,1.0255029253980703,1.0255029253980703,4.0,0
83.09353607556145,seasonal,0.28454337520966533,0.668926378609784,0.9534697538194493,12.0,0
80.80979187768655,routine,2.758007643726671,1.0255029253980703,3.7835105691247417,24.0,0
81.12669368813607,routine,2.8397228866115825,0.668926378609784,3.5086492652213663,24.0,0
83.63482478860954,seasonal,0.22589943532238976,0.6396923088485589,0.8655917441709486,12.0,0
84.07990930218303,seasonal,0.02811670412920364,0.6659438790168433,0.6940605831460469,12.0,0
81.16804117221164,routine,2.821839633699213,0.9736079806575129,3.7954476143567257,24.0,0
84.72752607043512,critical,0.17375721429561963,0.3190807107927397,0.49283792508835933,2.0,0
84.50783271279457,critical,0.0,1.0255029253980703,1.0255029253980703,2.0,0
85.15371139182432,seasonal,0.009351688957139004,0.6659438790168433,0.6752955679739823,12.0,0
85.66395968072084,seasonal,0.030767061038446286,0.4353805806418104,0.4661476416802567,12.0,0
82.56497707569402,routine,2.9312730773590943,0.3513634158531591,3.2826364932122534,24.0,0
82.24653783537472,routine,3.0775803256118195,0.9736079806575129,4.051188306269332,24.0,0
81.82212806351103,routine,2.9461838700764247,1.0255029253980703,3.971686795474495,24.0,0
85.80229627844763,seasonal,0.005250410553443885,0.3513634158531591,0.356613826406603,12.0,0
82.1534304406155,routine,3.056667014565747,1.0255029253980703,4.082169939963817,24.0,0
86.53167784481218,critical,0.0,0.3513634158531591,0.3513634158531591,2.0,0
82.7900986821709,routine,4.150337292951775,0.4353805806418104,4.585717873593586,24.0,0
82.62109556214595,routine,4.113808138951484,0.4353805806418104,4.549188719593294,24.0,0
86.19962970369787,critical,0.0,0.668926378609784,0.668926378609784,2.0,0
83.08883620945603,routine,4.007688918688231,0.3513634158531591,4.35905233454139,24.0,0
82.67617960129728,routine,4.2409600408022925,0.3513634158531591,4.592323456655452,24.0,0
87.43459686902457,seasonal,0.03692200476386631,0.3513634158531591,0.3882854206170254,12.0,0
87.58273311493143,emergency,0.0,0.3190807107927397,0.3190807107927397,4.0,0
87.07487693348233,seasonal,0.018488919309348262,0.6659438790168433,0.6844327983261915,12.0,0
88.05645433749248,emergency,0.0,0.3190807107927397,0.3190807107927397,4.0,0
87.15007099053886,emergency,0.0,0.6396923088485589,0.6396923088485589,4.0,0
87.93202270666211,seasonal,0.10892001058630285,0.668926378609784,0.7778463891960868,12.0,0
87.86853002353142,critical,0.0,0.6599100317467526,0.6599100317467526,2.0,0
87.28373765727818,seasonal,0.14925515892556973,0.9736079806575129,1.1228631395830826,12.0,0
83.57985063883936,routine,4.618808316589394,0.3190807107927397,4.937889027382134,24.0,0
84.2707590983624,routine,4.391702512913042,0.3513634158531591,4.743065928766201,24.0,0
88.54669866553837,critical,0.0,0.6659438790168433,0.6659438790168433,2.0,0
88.39960686663454,seasonal,0.05517272167033127,0.3190807107927397,0.37425343246307097,12.0,0
88.64343003161201,critical,0.18299058120878442,0.6599100317467526,0.842900612955537,2.0,0
88.68463868445815,emergency,0.5035211792809804,0.6599100317467526,1.163431211027733,4.0,0
84.24880111467964,routine,4.256191479320506,1.0255029253980703,5.281694404718577,24.0,0
88.8343063763653,critical,0.32276971379084785,0.9736079806575129,1.2963776944483607,2.0,0
89.14075298647538,seasonal,0.5325944187374745,0.6659438790168433,1.1985382977543177,12.0,0
89.81105550995044,critical,0.15186427624482235,0.3513634158531591,0.5032276920979815,2.0,0
88.85615553020632,seasonal,0.5731384801637063,0.6659438790168433,1.2390823591805495,12.0,0
88.85574794490111,seasonal,0.15601361066936192,0.7919122426127785,0.9479258532821404,12.0,0
89.05024827112227,seasonal,0.5582592110685738,0.668926378609784,1.2271855896783577,12.0,0
89.98663675429643,critical,0.3994540241273654,0.4353805806418104,0.8348346047691758,2.0,0
89.54288721023434,seasonal,0.24655884302211462,0.4353805806418104,0.681939423663925,12.0,0
89.5461802714714,seasonal,0.4612119383191242,0.6659438790168433,1.1271558173359675,12.0,0
89.66337218427095,emergency,0.8873742238471323,0.4353805806418104,1.3227548044889428,4.0,0
90.85477516359963,critical,0.14295858039142217,0.3513634158531591,0.4943219962445813,2.0,0
89.6264575485796,critical,0.0,1.0255029253980703,1.0255029253980703,2.0,0
84.43043936441346,routine,6.60011637762382,0.3190807107927397,6.91919708841656,24.0,0
89.9659696185457,seasonal,0.6317119980556356,0.6396923088485589,1.2714043069041945,12.0,0
89.79097204862366,emergency,0.9474569454228003,0.3190807107927397,1.2665376562155402,4.0,0
91.02781299737335,emergency,0.4492511901528644,0.4353805806418104,0.8846317707946748,4.0,0
84.32258949948485,routine,6.635293657005278,0.4353805806418104,7.070674237647088,24.0,0
84.52448287375412,routine,6.5466300296696005,0.9736079806575129,7.520238010327113,24.0,0
91.29930437957188,seasonal,0.008212686330466568,0.6599100317467526,0.6681227180772191,12.0,0
91.37663094592997,seasonal,0.2103057245456199,0.4353805806418104,0.6456863051874303,12.0,0
91.41670098629454,seasonal,0.3605065481635563,0.6396923088485589,1.0001988570121152,12.0,0
92.32266249630256,seasonal,0.3611358517826204,0.3513634158531591,0.7124992676357795,12.0,0
92.07204067652032,seasonal,0.15622390699131472,0.7177220910631077,0.8739459980544224,12.0,0
84.66546226229454,routine,8.284565749255549,0.3513634158531591,8.635929165108708,24.0,0
91.6801553098727,seasonal,0.51428037201309,0.7177220910631077,1.2320024630761977,12.0,0
84.66524069677905,routine,8.278766071530711,0.6599100317467526,8.938676103277464,24.0,0
92.5681851893567,emergency,0.0,0.7919122426127785,0.7919122426127785,4.0,0
93.11758879940756,critical,0.0,0.668926378609784,0.668926378609784,2.0,0
84.97813397474025,routine,7.989943817446047,0.6599100317467526,8.6498538491928,24.0,0
85.06567134444578,routine,8.68364400996748,0.3190807107927397,9.00272472076022,24.0,0
92.88611478829449,emergency,0.0,1.0255029253980703,1.0255029253980703,4.0,0
86.45908081533602,routine,7.852300237142487,0.3513634158531591,8.203663652995646,24.0,0
93.55249248766846,critical,0.0,0.6396923088485589,0.6396923088485589,2.0,0
93.11799233537573,seasonal,0.27873152735573115,1.0255029253980703,1.3042344527538015,12.0,0
85.0717184775519,routine,8.87624821395039,0.3190807107927397,9.19532892474313,24.0,0
85.69370810086318,routine,8.563287578871453,0.7177220910631077,9.28100966993456,24.0,0
86.7772411560292,routine,7.947647323747901,0.4353805806418104,8.383027904389712,24.0,0
86.08084192149343,routine,8.182639255233028,0.6599100317467526,8.84254928697978,24.0,0
94.83568592404986,critical,0.0,0.668926378609784,0.668926378609784,2.0,0
87.1352252087912,routine,7.9072116474048215,0.6396923088485589,8.54690395625338,24.0,0
94.52603595692176,critical,0.0,0.6659438790168433,0.6659438790168433,2.0,0
94.92367957789274,emergency,0.0,1.0255029253980703,1.0255029253980703,4.0,0
95.21432746977216,seasonal,0.10549594038297982,0.6599100317467526,0.7654059721297324,12.0,0
87.34004838358425,routine,8.047223703758107,0.668926378609784,8.716150082367891,24.0,0
87.52991251429424,routine,7.980738460235557,0.7919122426127785,8.772650702848335,24.0,0
87.7510917753565,routine,8.11090034358979,0.6599100317467526,8.770810375336543,24.0,0
88.09737334937977,routine,7.926288745080214,0.668926378609784,8.595215123689998,24.0,0
88.35341467968931,routine,7.684900048145863,0.6599100317467526,8.344810079892616,24.0,0
96.30829184895855,seasonal,0.19340896129011753,0.7177220910631077,0.9111310523532252,12.0,0
96.55078417217008,emergency,0.0,1.0255029253980703,1.0255029253980703,4.0,0
88.38267854249042,routine,8.511895953485308,0.668926378609784,9.180822332095092,24.0,0
97.02553257029749,seasonal,0.3605719197598205,0.668926378609784,1.0294982983696044,12.0,0
88.58509511331035,routine,9.061053843359872,0.4353805806418104,9.496434424001682,24.0,0
89.03270650282143,routine,8.63943257169332,0.6396923088485589,9.279124880541879,24.0,0
88.56784336601291,routine,8.961222454403313,0.668926378609784,9.630148833013097,24.0,0
97.64687799394771,emergency,0.0,0.6599100317467526,0.6599100317467526,4.0,0
89.57228334943336,routine,8.48065122429567,0.7177220910631077,9.198373315358777,24.0,0
89.51916670946135,routine,8.407837768714032,0.668926378609784,9.076764147323816,24.0,0
89.72859102973197,routine,9.012918125931861,0.6599100317467526,9.672828157678614,24.0,0
89.75305610503284,routine,9.075778658802179,0.3513634158531591,9.427142074655338,24.0,0
89.95219181214424,routine,9.089315273605763,0.6599100317467526,9.749225305352516,24.0,0
90.30648980842503,routine,8.92803654866242,0.9736079806575129,9.901644529319931,24.0,0
90.51968156732903,routine,8.836663646986807,0.6659438790168433,9.50260752600365,24.0,0
90.8649279950032,routine,8.991998486985537,0.6599100317467526,9.65190851873229,24.0,0
90.94939417415837,routine,8.98425203503767,0.7919122426127785,9.776164277650448,24.0,0
92.10405611463086,routine,8.223008326155252,0.6396923088485589,8.862700635003812,24.0,0
91.33864969876986,routine,8.813440431154547,0.3513634158531591,9.164803847007706,24.0,0
91.36538092699793,routine,8.870429262227105,1.0255029253980703,9.895932187625176,24.0,0
100.61173666488004,critical,0.0,0.6599100317467526,0.6599100317467526,2.0,0
92.40454688923535,routine,8.630641545005076,0.3513634158531591,8.982004960858236,24.0,0
93.0444451504179,routine,8.105499857486038,0.3190807107927397,8.424580568278778,24.0,0
93.90553886005443,routine,7.348758227156253,0.6659438790168433,8.014702106173097,24.0,0
101.28137747800216,seasonal,0.37286996124716154,0.3513634158531591,0.7242333771003207,12.0,0
93.93893649335324,routine,7.848173038302619,0.7919122426127785,8.640085280915397,24.0,0
97.70099539155059,routine,4.82893652898008,0.3513634158531591,5.180299944833239,24.0,0
95.53777416701803,routine,6.329756791266988,0.9736079806575129,7.3033647719245005,24.0,0
95.99833238630086,routine,5.966926555034192,1.0255029253980703,6.992429480432262,24.0,0
100.2043295885222,routine,2.9568698378642324,0.3190807107927397,3.275950548656972,24.0,0
97.61799020549594,routine,4.68795117623894,0.6599100317467526,5.347861207985693,24.0,0
97.84697163877833,routine,5.163691336818516,0.668926378609784,5.8326177154283005,24.0,0
102.68865819005683,routine,0.9442369549543486,0.3190807107927397,1.2633176657470884,24.0,0
101.86692913836151,routine,1.4521936658697427,0.668926378609784,2.1211200444795266,24.0,0
103.08760346956932,routine,0.7221794187835826,0.3513634158531591,1.0735428346367417,24.0,0
102.49796876575692,routine,1.0675062194100775,0.668926378609784,1.7364325980198614,24.0,0
103.9407305859713,routine,0.6198351589453637,0.6599100317467526,1.2797451906921162,24.0,0
104.0453388814238,seasonal,0.2371545503053767,0.9736079806575129,1.2107625309628895,12.0,0
103.70230434706862,routine,0.8380955159262129,0.6659438790168433,1.5040393949430562,24.0,0
104.09827760186504,seasonal,0.2614855891240353,0.7919122426127785,1.0533978317368138,12.0,0
104.79634015745346,seasonal,0.09663347974078818,0.3513634158531591,0.4479968955939473,12.0,0
104.14770330480486,routine,1.7273622088122096,0.4353805806418104,2.16274278945402,24.0,0
103.99028891073294,routine,1.528730968978806,0.6599100317467526,2.188641000725559,24.0,0
105.20766862185944,seasonal,0.28718726286629703,0.3513634158531591,0.6385506787194561,12.0,0
104.35230986095338,routine,1.6159961595803765,0.3513634158531591,1.9673595754335356,24.0,0
105.38579468531547,emergency,0.0,0.7177220910631077,0.7177220910631077,4.0,0
105.4073888594616,emergency,0.0,1.0255029253980703,1.0255029253980703,4.0,0
106.52039206356301,emergency,0.0,0.3190807107927397,0.3190807107927397,4.0,0
106.08288331044011,critical,0.0,0.3513634158531591,0.3513634158531591,2.0,0
106.49504650914264,critical,0.0,0.4353805806418104,0.4353805806418104,2.0,0
106.21129503418075,seasonal,0.21363042589371162,0.3513634158531591,0.5649938417468707,12.0,0
106.34101556350387,seasonal,0.1141927271267491,0.4353805806418104,0.5495733077685595,12.0,0
107.23660037566805,critical,0.10878612041395286,0.3190807107927397,0.42786683120669255,2.0,0
106.15104485243945,seasonal,0.2542397118412225,0.668926378609784,0.9231660904510065,12.0,0
106.8266139838145,critical,0.45003113912670756,0.4353805806418104,0.885411719768518,2.0,0
105.05214078689475,routine,2.102844372459259,0.6396923088485589,2.742536681307818,24.0,0
104.71709267963885,routine,2.2691619255597004,0.6599100317467526,2.929071957306453,24.0,0
106.69865351266027,seasonal,0.2741112860261268,0.6659438790168433,0.94005516504297,12.0,0
107.41120366634604,critical,0.11441617088131295,0.3190807107927397,0.43349688167405265,2.0,0
107.38708522672442,seasonal,0.3265498336234458,0.3190807107927397,0.6456305444161855,12.0,0
106.37621975358091,seasonal,0.5486792427982579,0.7919122426127785,1.3405914854110363,12.0,0
107.90388174958188,critical,0.0,0.3513634158531591,0.3513634158531591,2.0,0
105.10897925527954,routine,2.916769180387675,0.3190807107927397,3.2358498911804148,24.0,0
108.30137120612011,critical,0.0,0.9736079806575129,0.9736079806575129,2.0,0
106.15605650359535,routine,2.7296514446262563,0.3190807107927397,3.048732155418996,24.0,0
105.42251162373027,routine,3.2658403477517908,0.6659438790168433,3.931784226768634,24.0,0
105.25567190862976,routine,3.16159547610242,0.4353805806418104,3.5969760567442304,24.0,0
105.37331595107925,routine,3.1441586989719497,0.7919122426127785,3.9360709415847284,24.0,0
108.54125533282722,seasonal,0.017588905837783386,0.6599100317467526,0.6774989375845359,12.0,0
108.56668570112514,critical,0.0,0.9736079806575129,0.9736079806575129,2.0,0
106.27188712329871,routine,2.7092846488359754,0.9736079806575129,3.6828926294934883,24.0,0
106.37283718678243,routine,2.7453299062975844,0.4353805806418104,3.180710486939395,24.0,0
109.5620078055084,critical,0.0,0.6396923088485589,0.6396923088485589,2.0,0
107.23649623825125,routine,3.374683062166824,0.4353805806418104,3.8100636428086343,24.0,0
110.31661155883783,seasonal,0.2419847945785989,0.3190807107927397,0.5610655053713386,12.0,0
110.75657213748384,critical,0.0,0.3513634158531591,0.3513634158531591,2.0,0
109.51558265803891,seasonal,0.48003825943825973,0.6396923088485589,1.1197305682868186,12.0,0
107.10828421729212,routine,2.9017576389857993,0.6599100317467526,3.561667670732552,24.0,0
109.68791893721436,seasonal,0.308309118235627,0.7177220910631077,1.0260312092987347,12.0,0
110.55281198879612,emergency,0.0,0.9736079806575129,0.9736079806575129,4.0,0
107.63503554837584,routine,3.1894375183757546,0.3513634158531591,3.5408009342289137,24.0,0
107.79038759176305,routine,3.068988928035523,0.7177220910631077,3.7867110190986306,24.0,0
110.71042744373615,critical,0.0,0.668926378609784,0.668926378609784,2.0,0
110.61482712175798,emergency,0.0,0.7177220910631077,0.7177220910631077,4.0,0
111.02321979698672,seasonal,0.9669308310235891,0.4353805806418104,1.4023114116653996,12.0,0
110.92892529732114,seasonal,0.8886585730936218,0.6659438790168433,1.554602452110465,12.0,0
111.96746486520435,seasonal,0.04574184339762155,0.6659438790168433,0.7116857224144648,12.0,0
108.54329285475897,routine,3.4778309175072053,0.7919122426127785,4.269743160119984,24.0,0
108.28847646509128,routine,3.7326140053291965,0.6659438790168433,4.39855788434604,24.0,0
112.22209222839234,emergency,0.0,0.7177220910631077,0.7177220910631077,4.0,0
112.25611545162772,seasonal,0.171788944261678,0.6659438790168433,0.8377328232785213,12.0,0
112.30097345590556,seasonal,0.1713091237620148,0.6599100317467526,0.8312191555087673,12.0,0
112.56059068520118,seasonal,0.4952658958969067,0.6396923088485589,1.1349582047454656,12.0,0
113.67849837476658,emergency,0.0,0.4353805806418104,0.4353805806418104,4.0,0
112.89855161624797,seasonal,0.3063126014972539,0.6659438790168433,0.9722564805140972,12.0,0
109.92762456293455,routine,3.838505063690448,0.6599100317467526,4.498415095437201,24.0,0
109.83381683194204,routine,3.716386471311452,0.6659438790168433,4.382330350328296,24.0,0
108.61735656576285,routine,4.8842951765024765,0.9736079806575129,5.857903157159989,24.0,0
110.17579302627753,routine,3.7118544356083447,0.7177220910631077,4.429576526671452,24.0,0
110.3257154792425,routine,4.131782778339087,0.4353805806418104,4.567163358980897,24.0,0
115.19843088783482,critical,0.0,0.3190807107927397,0.3190807107927397,2.0,0
110.70964768022476,routine,3.784571649450683,0.6659438790168433,4.450515528467527,24.0,0
111.24986303736898,routine,3.574833771499925,1.0255029253980703,4.600336696897996,24.0,0
112.24183615778608,routine,3.4315629266948946,0.3513634158531591,3.7829263425480537,24.0,0
116.13370112661822,emergency,0.0,0.3513634158531591,0.3513634158531591,4.0,0
112.08982733627938,routine,3.4075632159658653,0.7177220910631077,4.125285307028973,24.0,0
111.45096677097959,routine,3.843157061891972,0.9736079806575129,4.816765042549485,24.0,0
112.17911537277054,routine,3.4531966429079404,0.6599100317467526,4.113106674654693,24.0,0
112.72583675081977,routine,3.237016925330437,0.6396923088485589,3.8767092341789957,24.0,0
115.92370440526315,critical,0.0,0.668926378609784,0.668926378609784,2.0,0
116.09436256123874,seasonal,0.2561312745879718,0.7919122426127785,1.0480435172007503,12.0,0
116.76398093833411,critical,0.0,0.4353805806418104,0.4353805806418104,2.0,0
113.35133699250457,routine,4.072170756640219,0.3513634158531591,4.423534172493378,24.0,0
112.73132182816929,routine,4.197338056986567,0.7177220910631077,4.915060148049674,24.0,0
116.68341459931848,critical,0.0,1.0255029253980703,1.0255029253980703,2.0,0
113.54114436905435,routine,3.917991953287938,0.7177220910631077,4.635714044351046,24.0,0
113.27535941957373,routine,4.026950957195169,0.3513634158531591,4.378314373048328,24.0,0
117.67216848655916,seasonal,0.002107564431938158,0.6659438790168433,0.6680514434487814,12.0,0
113.73235816940507,routine,4.045789591373676,0.7177220910631077,4.763511682436784,24.0,0
114.05901369343319,routine,4.4698298293868675,0.3513634158531591,4.821193245240027,24.0,0
118.67235146376893,critical,0.0,0.4353805806418104,0.4353805806418104,2.0,0
114.04802319356392,routine,4.329229765800278,0.9736079806575129,5.302837746457791,24.0,0
114.22715535454722,routine,4.662928667554368,0.6659438790168433,5.328872546571212,24.0,0
114.18459145089264,routine,4.366979261773849,0.6659438790168433,5.032923140790693,24.0,0
114.35784558827888,routine,4.591721596260186,0.6659438790168433,5.2576654752770295,24.0,0
119.20674498124134,emergency,0.0,0.3513634158531591,0.3513634158531591,4.0,0
114.60717313659522,routine,4.703967781172835,0.3190807107927397,5.023048491965575,24.0,0
115.22068939694998,routine,4.919219645614035,0.3190807107927397,5.238300356406775,24.0,0
117.83977267380781,routine,2.555080930483669,0.3190807107927397,2.874161641276409,24.0,0
114.68296195049247,routine,5.077884604249519,0.6659438790168433,5.743828483266363,24.0,0
115.03505687776847,routine,5.025141344721291,0.3513634158531591,5.37650476057445,24.0,0
117.94101677185732,routine,2.5027766037128174,0.7177220910631077,3.220498694775925,24.0,0
120.26344199464444,emergency,0.0,0.668926378609784,0.668926378609784,4.0,0
118.85082015134367,routine,1.887884494908505,0.4353805806418104,2.3232650755503155,24.0,0
116.58900413198575,routine,3.708172173050542,0.7919122426127785,4.500084415663321,24.0,0
122.0673209561144,seasonal,0.0,0.9736079806575129,0.9736079806575129,12.0,0
121.71447378601444,routine,0.0,1.0255029253980703,1.0255029253980703,24.0,0
122.34700517574716,seasonal,0.0,0.6599100317467526,0.6599100317467526,12.0,0
123.37140056655964,routine,0.0,0.3190807107927397,0.3190807107927397,24.0,0
123.41206389433022,seasonal,0.0,0.4353805806418104,0.4353805806418104,12.0,0
123.16256663453196,seasonal,0.0,0.7177220910631077,0.7177220910631077,12.0,0
123.2179412600481,routine,0.0,0.3513634158531591,0.3513634158531591,24.0,0
124.85520735646726,routine,0.0,0.6659438790168433,0.6659438790168433,24.0,0
125.57661109850588,critical,0.0,0.668926378609784,0.668926378609784,2.0,0
125.61571204451072,routine,0.0,0.6599100317467526,0.6599100317467526,24.0,0
127.1142715820056,routine,0.0,0.6659438790168433,0.6659438790168433,24.0,0
126.65256683138735,emergency,0.0,0.6396923088485589,0.6396923088485589,4.0,0
126.6952473153141,seasonal,0.0,1.0255029253980703,1.0255029253980703,12.0,0
127.8640337176469,seasonal,0.0,0.7177220910631077,0.7177220910631077,12.0,0
127.99420748327464,routine,0.0,0.3190807107927397,0.3190807107927397,24.0,0
127.5844024005202,routine,0.0,0.7919122426127785,0.7919122426127785,24.0,0
127.80668436894874,seasonal,0.0,0.6396923088485589,0.6396923088485589,12.0,0
127.99931870822543,routine,0.0,0.6659438790168433,0.6659438790168433,24.0,0
128.478617637351,seasonal,0.43066396784257677,0.3190807107927397,0.7497446786353165,12.0,0
129.05045509251545,critical,0.0,0.668926378609784,0.668926378609784,2.0,0
128.16068503227763,routine,0.24713648639746566,0.9736079806575129,1.2207444670549785,24.0,0
128.78131238959259,critical,0.0,0.6659438790168433,0.6659438790168433,2.0,0
129.53189586839025,emergency,0.0,0.7919122426127785,0.7919122426127785,4.0,0
128.64111423913593,seasonal,0.7497061283509083,0.7919122426127785,1.5416183709636868,12.0,0
128.82657861019285,seasonal,0.631562771360251,0.6396923088485589,1.2712550802088098,12.0,0
129.09734932610718,seasonal,0.3837274879757331,0.4353805806418104,0.8191080686175435,12.0,0
128.28186230462856,routine,1.3224915111258042,0.3513634158531591,1.6738549269789633,24.0,0
129.8025953950554,critical,0.0,0.3190807107927397,0.3190807107927397,2.0,0
129.80473770224148,seasonal,0.4925529566483533,0.4353805806418104,0.9279335372901637,12.0,0
129.7071902621956,emergency,0.0,0.6599100317467526,0.6599100317467526,4.0,0
128.29588039333706,routine,1.4511016554555738,0.7177220910631077,2.1688237465186813,24.0,0
128.60868072517084,routine,2.5067607275139494,0.4353805806418104,2.94214130815576,24.0,0
130.19819849064268,seasonal,0.45644372861573856,1.0255029253980703,1.4819466540138089,12.0,0
130.60056898001972,seasonal,0.384460618399288,0.7177220910631077,1.1021827094623957,12.0,0
128.84133471650142,routine,2.3311602635257884,0.6659438790168433,2.9971041425426317,24.0,0
131.14176698355885,critical,0.0,0.9736079806575129,0.9736079806575129,2.0,0
128.5546724063624,routine,2.4493921723229732,1.0255029253980703,3.4748950977210438,24.0,0
131.50116171690973,seasonal,0.2970487054206785,0.6599100317467526,0.9569587371674311,12.0,0
132.26684554578063,critical,0.0,0.3513634158531591,0.3513634158531591,2.0,0
131.47285741447655,seasonal,0.0054012902377280625,0.7177220910631077,0.7231233813008358,12.0,0
132.07707948383026,critical,0.0,0.6396923088485589,0.6396923088485589,2.0,0
128.941776222449,routine,3.7432931619665055,0.3513634158531591,4.094656577819665,24.0,0
132.86485246826442,seasonal,0.179544670902402,0.4353805806418104,0.6149252515442124,12.0,0
131.99753500860967,seasonal,0.4916429126415096,0.7919122426127785,1.283555155254288,12.0,0
129.14258093387602,routine,3.625145118898274,1.0255029253980703,4.650648044296345,24.0,0
133.72193626647896,emergency,0.0,0.3190807107927397,0.3190807107927397,4.0,0
128.9244960168069,routine,3.682683049572546,1.0255029253980703,4.7081859749706165,24.0,0
132.8923833123941,seasonal,0.4353611162708262,1.0255029253980703,1.4608640416688965,12.0,0
132.93399449191668,seasonal,0.6515037778090687,0.6396923088485589,1.2911960866576275,12.0,0
134.23835200897233,critical,0.0,0.3190807107927397,0.3190807107927397,2.0,0
133.28991351641906,seasonal,0.8554634827715972,0.6396923088485589,1.495155791620156,12.0,0
134.65635953111783,seasonal,0.15844412416700493,0.6659438790168433,0.8243880031838482,12.0,0
133.91806767404657,seasonal,0.7158153272059735,0.7919122426127785,1.507727569818752,12.0,0
134.93754847109022,emergency,0.0,0.7919122426127785,0.7919122426127785,4.0,0
134.35186714854805,critical,0.0,0.9736079806575129,0.9736079806575129,2.0,0
135.5002692594694,seasonal,0.26495959062324914,0.3190807107927397,0.5840403014159888,12.0,0
133.74045072169386,seasonal,0.8208543392594265,0.9736079806575129,1.7944623199169394,12.0,0
135.23391604875673,critical,0.0,0.6396923088485589,0.6396923088485589,2.0,0
134.5998259199887,seasonal,0.11177923393898936,1.0255029253980703,1.1372821593370597,12.0,0
129.5694645854827,routine,5.907767400012375,0.3513634158531591,6.259130815865534,24.0,0
129.3111232530787,routine,5.865698125131445,0.6659438790168433,6.5316420041482885,24.0,0
135.9809629239871,critical,0.0,0.4353805806418104,0.4353805806418104,2.0,0
136.40754378602296,critical,0.0,0.4353805806418104,0.4353805806418104,2.0,0
135.5743078044507,seasonal,0.6625012940100135,0.6396923088485589,1.3021936028585723,12.0,0
129.770221982714,routine,7.006630491621223,0.668926378609784,7.6755568702310075,24.0,0
136.8451480847651,emergency,0.0,0.3513634158531591,0.3513634158531591,4.0,0
136.27759376154032,seasonal,0.0086216418909828,1.0255029253980703,1.034124567289053,12.0,0
129.93974300718426,routine,7.0459057599777,0.7919122426127785,7.8378180025904785,24.0,0
129.8419759320718,routine,7.082554341644595,0.9736079806575129,8.056162322302107,24.0,0
137.06447429354563,seasonal,0.16791135819971714,0.668926378609784,0.8368377368095011,12.0,0
137.5222000250488,critical,0.0,0.7919122426127785,0.7919122426127785,2.0,0
137.64858843476387,seasonal,0.5336978230831164,0.3513634158531591,0.8850612389362755,12.0,0
136.8505181942844,seasonal,0.05043256146166186,1.0255029253980703,1.0759354868597322,12.0,0
137.11238261315037,seasonal,0.5568400850057174,0.7177220910631077,1.274562176068825,12.0,0
138.19584152021346,critical,0.0,0.3513634158531591,0.3513634158531591,2.0,0
130.0378083685996,routine,8.488263074616185,0.3513634158531591,8.839626490469344,24.0,0
137.75906597280144,seasonal,0.765699415089216,0.3513634158531591,1.1170628309423751,12.0,0
138.64530420418026,seasonal,0.3365513625081178,0.6599100317467526,0.9964613942548703,12.0,0
138.10841669112546,emergency,0.0,0.9736079806575129,0.9736079806575129,4.0,0
130.06078220042644,routine,9.227770846743113,0.668926378609784,9.896697225352897,24.0,0
139.2091439767539,seasonal,0.06273366850902562,0.6659438790168433,0.7286775475258689,12.0,0
138.63253458888428,seasonal,0.2261322929275309,0.7919122426127785,1.0180445355403094,12.0,0
139.29750108618438,critical,0.0,0.6396923088485589,0.6396923088485589,2.0,0
139.1731423141547,seasonal,0.030651632059942813,0.7919122426127785,0.8225638746727213,12.0,0
130.28673577517452,routine,9.336882603312546,0.7177220910631077,10.054604694375653,24.0,0
139.84713008865234,critical,0.0,0.6599100317467526,0.6599100317467526,2.0,0
140.05346794727168,seasonal,0.18964044433485583,0.3190807107927397,0.5087211551275955,12.0,0
139.88873551427142,seasonal,0.17985826454454923,0.4353805806418104,0.6152388451863596,12.0,0
140.4583562439422,seasonal,0.3066047150244344,0.9736079806575129,1.2802126956819473,12.0,0
140.47556102964185,critical,0.0,0.9736079806575129,0.9736079806575129,2.0,0
141.12049435233558,critical,0.0,0.4353805806418104,0.4353805806418104,2.0,0
140.75601004935655,seasonal,0.07383054887159801,0.6599100317467526,0.7337405806183506,12.0,0
130.30022068111126,routine,10.713613338405565,1.0255029253980703,11.739116263803636,24.0,0
140.98230296803933,critical,0.0,0.6659438790168433,0.6659438790168433,2.0,0
130.43608166702873,routine,10.943504120319062,0.6659438790168433,11.609447999335906,24.0,0
130.64560636516484,routine,10.99775506811099,0.6396923088485589,11.63744737695955,24.0,0
130.45979301170465,routine,10.98108462246924,0.6659438790168433,11.647028501486083,24.0,0
141.66940368181653,seasonal,0.1888826045832559,0.4353805806418104,0.6242631852250663,12.0,0
141.95371220103914,emergency,0.0,0.3190807107927397,0.3190807107927397,4.0,0
131.30453848441786,routine,11.659162571357996,0.6599100317467526,12.319072603104749,24.0,0
131.0385361092011,routine,11.733701741798626,0.3513634158531591,12.085065157651785,24.0,0
131.07850200633573,routine,11.869210490152113,0.3513634158531591,12.220573906005272,24.0,0
142.3213020576924,seasonal,0.11603809208634175,0.9736079806575129,1.0896460727438546,12.0,0
131.78051817009018,routine,11.503152418232673,0.3190807107927397,11.822233129025413,24.0,0
142.43976760593372,seasonal,0.31293286754146266,0.6659438790168433,0.9788767465583059,12.0,0
131.48913418132554,routine,11.491408866055764,0.668926378609784,12.160335244665548,24.0,0
132.40939952617435,routine,11.915640697864347,0.6659438790168433,12.581584576881191,24.0,0
132.49638076080743,routine,11.86865151037884,0.3190807107927397,12.18773222117158,24.0,0
132.9806580324452,routine,11.51872136445408,0.3190807107927397,11.83780207524682,24.0,0
144.30433202203943,critical,0.0,0.4353805806418104,0.4353805806418104,2.0,0
144.51858946082058,seasonal,0.042373840616392044,0.668926378609784,0.711300219226176,12.0,0
133.825228942419,routine,11.169943188275454,0.7919122426127785,11.961855430888232,24.0,0
132.51925460015937,routine,11.930047857909585,0.668926378609784,12.59897423651937,24.0,0
131.84073321157504,routine,12.388687441585063,1.0255029253980703,13.414190366983133,24.0,0
133.8552658502692,routine,11.987493747464214,0.3190807107927397,12.306574458256954,24.0,0
145.13511105599633,seasonal,0.5360149371265663,0.6396923088485589,1.1757072459751252,12.0,0
134.16321492469186,routine,11.749926539467083,0.3190807107927397,12.069007250259823,24.0,0
134.29008396221536,routine,12.004112661640505,0.3513634158531591,12.355476077493664,24.0,0
134.67166869556553,routine,11.75693658214513,0.4353805806418104,12.19231716278694,24.0,0
134.78665756896467,routine,12.011786166313556,0.6599100317467526,12.671696198060308,24.0,0
134.6789293270777,routine,11.975550359688327,0.6599100317467526,12.63546039143508,24.0,0
136.14594323004624,routine,11.17168935795928,0.6396923088485589,11.81138166680784,24.0,0
134.40467622843002,routine,11.99571238816631,0.9736079806575129,12.969320368823823,24.0,0
135.2641899030217,routine,12.012654399059869,1.0255029253980703,13.03815732445794,24.0,0
136.18534611741018,routine,11.402546946675983,0.3190807107927397,11.721627657468723,24.0,0
148.39949203151394,emergency,0.0,0.4353805806418104,0.4353805806418104,4.0,0
136.19682504936037,routine,11.683204352070021,0.4353805806418104,12.118584932711832,24.0,0
136.67868599940053,routine,11.921145807457918,0.4353805806418104,12.356526388099729,24.0,0
136.62299846297165,routine,11.537644387640995,0.6599100317467526,12.197554419387748,24.0,0
136.79571566725264,routine,11.833154682109608,0.6599100317467526,12.493064713856361,24.0,0
137.4788051233062,routine,11.557984385279013,0.3190807107927397,11.877065096071753,24.0,0
137.45075753491818,routine,11.208919062518646,0.6396923088485589,11.848611371367205,24.0,0
137.49200079300013,routine,11.587585106734423,0.6599100317467526,12.247495138481176,24.0,0
138.74674281989203,routine,10.997074713555776,0.3513634158531591,11.348438129408935,24.0,0
149.27877464712222,seasonal,0.37980922224153346,0.3513634158531591,0.7311726380946926,12.0,0
139.6288623179155,routine,10.840249588352151,0.4353805806418104,11.275630168993962,24.0,0
139.62383378455885,routine,10.514727804791022,0.6599100317467526,11.174637836537775,24.0,0
140.318186554789,routine,10.169984341796976,0.4353805806418104,10.605364922438786,24.0,0
150.34334927154634,critical,0.0,0.6599100317467526,0.6599100317467526,2.0,0
140.05243146428356,routine,10.417120517223935,0.7919122426127785,11.209032759836713,24.0,0
140.43262220766667,routine,10.691041173939254,0.7177220910631077,11.408763265002362,24.0,0
140.3284135972706,routine,10.695995143564545,0.7919122426127785,11.487907386177323,24.0,0
140.77582318616518,routine,10.414890108478687,0.6599100317467526,11.07480014022544,24.0,0
140.87711499398037,routine,11.002650738074692,0.3190807107927397,11.321731448867432,24.0,0
151.536596162348,seasonal,0.2841462316329739,0.9736079806575129,1.2577542122904868,12.0,0
151.65840105778133,emergency,0.0,0.7919122426127785,0.7919122426127785,4.0,0
141.51149683263577,routine,10.749833523505345,0.3513634158531591,11.101196939358504,24.0,0
141.1596230540381,routine,10.896208986598594,0.7919122426127785,11.688121229211372,24.0,0
152.94663908496176,seasonal,0.032055346109103766,0.3513634158531591,0.3834187619622629,12.0,0
152.94591978332744,critical,0.0,0.7177220910631077,0.7177220910631077,2.0,0
152.67481890497746,seasonal,0.013679709123238126,0.7177220910631077,0.7314018001863458,12.0,0
142.11082973593898,routine,10.903105971757924,0.6396923088485589,11.542798280606483,24.0,0
153.91231017036264,seasonal,0.09576004381437997,0.4353805806418104,0.5311406244561904,12.0,0
153.10286511448336,emergency,0.0,0.9736079806575129,0.9736079806575129,4.0,0
153.77669497259444,seasonal,0.12834431593867635,0.7177220910631077,0.846066407001784,12.0,0
153.90964119458056,critical,0.0,0.6396923088485589,0.6396923088485589,2.0,0
153.23069733158803,seasonal,0.35306334738936584,0.7919122426127785,1.1449755900021443,12.0,0
154.5556605217164,emergency,0.031176549332542436,0.3513634158531591,0.38253996518570155,4.0,0
154.28463027253923,critical,0.0,0.3190807107927397,0.3190807107927397,2.0,0
153.9163730816016,critical,0.0,0.6599100317467526,0.6599100317467526,2.0,0
153.94706199000228,seasonal,0.1756801938024637,0.6599100317467526,0.8355902255492162,12.0,0
142.98343494465922,routine,10.752604281570882,0.9736079806575129,11.726212262228394,24.0,0
142.99693289584405,routine,11.93550971758799,0.3190807107927397,12.25459042838073,24.0,0
144.30822726506563,routine,11.19426073770137,0.3190807107927397,11.51334144849411,24.0,0
154.2788949677249,seasonal,0.5031073161499648,0.6599100317467526,1.1630173478967174,12.0,0
155.0817869042924,seasonal,0.027773482976414243,0.6599100317467526,0.6876835147231668,12.0,0
144.05927423934634,routine,11.38365997245478,0.6659438790168433,12.049603851471623,24.0,0
156.13311377237693,critical,0.0,0.4353805806418104,0.4353805806418104,2.0,0
155.7568351929721,seasonal,0.08392147494802771,0.7177220910631077,0.8016435660111354,12.0,0
146.14545655879593,routine,10.12834231297353,0.4353805806418104,10.56372289361534,24.0,0
156.35083172208283,critical,0.0,0.6599100317467526,0.6599100317467526,2.0,0
156.2463311182315,critical,0.0,0.3513634158531591,0.3513634158531591,2.0,0
144.75368596410365,routine,11.162132590827412,0.7919122426127785,11.95404483344019,24.0,0
147.02231759642905,routine,9.503971663873472,0.6396923088485589,10.143663972722031,24.0,0
148.63301479538072,routine,7.9245748394262705,0.668926378609784,8.593501218036055,24.0,0
151.00856118378476,routine,6.010666242174551,0.9736079806575129,6.984274222832064,24.0,0
157.0342801554971,seasonal,0.23169898786179033,0.9736079806575129,1.2053069685193032,12.0,0
157.33459915441134,seasonal,0.08462906557784322,0.6396923088485589,0.7243213744264021,12.0,0
151.90655983218048,routine,5.395868971943287,0.3513634158531591,5.747232387796446,24.0,0
152.08762786849363,routine,5.911218956115903,0.4353805806418104,6.346599536757713,24.0,0
157.30521535247982,critical,0.0,0.6599100317467526,0.6599100317467526,2.0,0
157.227534863295,emergency,0.0,0.6659438790168433,0.6659438790168433,4.0,0
158.17620319295133,seasonal,0.23856793771037133,0.3190807107927397,0.557648648503111,12.0,0
157.49382148930817,seasonal,0.49375708473550617,0.6599100317467526,1.1536671164822587,12.0,0
158.53415926810084,seasonal,0.17676050588991643,0.4353805806418104,0.6121410865317268,12.0,0
159.13371132648587,emergency,0.0,0.3513634158531591,0.3513634158531591,4.0,0
159.1884002747757,critical,0.0,0.6599100317467526,0.6599100317467526,2.0,0
158.6372632424903,seasonal,0.37759351641003036,0.7177220910631077,1.095315607473138,12.0,0
153.02997722639867,routine,6.04622787120249,0.6599100317467526,6.7061379029492425,24.0,0
159.04509564826637,emergency,0.0,1.0255029253980703,1.0255029253980703,4.0,0
158.53771531127293,seasonal,0.30194026419772513,0.7919122426127785,1.0938525068105036,12.0,0
159.81124997629644,seasonal,0.17481776200745003,0.3190807107927397,0.4938984728001897,12.0,0
152.24735033965888,routine,6.785768888290505,0.9736079806575129,7.759376868948018,24.0,0
159.14990702958102,seasonal,0.6145124013387431,0.3190807107927397,0.9335931121314828,12.0,0
160.25498347028844,seasonal,0.25042735365556723,0.3513634158531591,0.6017907695087263,12.0,0
159.55325644969287,seasonal,0.25031335164834445,0.7919122426127785,1.042225594261123,12.0,0
160.8103971041712,seasonal,0.07610530990950792,0.3190807107927397,0.3951860207022476,12.0,0
160.52641294829237,emergency,0.0,0.3513634158531591,0.3513634158531591,4.0,0
160.22987746578076,critical,0.0,0.9736079806575129,0.9736079806575129,2.0,0
160.73272994145918,critical,0.0,0.3190807107927397,0.3190807107927397,2.0,0
153.13826360096675,routine,7.889677976121789,0.3190807107927397,8.208758686914528,24.0,0
153.9308486180302,routine,7.3082638204020896,0.6599100317467526,7.968173852148842,24.0,0
160.8919363127133,seasonal,0.105569847787649,1.0255029253980703,1.1310727731857193,12.0,0
161.50439798643552,seasonal,0.05207323247589102,0.668926378609784,0.720999611085675,12.0,0
153.71417758058217,routine,7.4126278718673575,0.668926378609784,8.081554250477142,24.0,0
162.08300542573045,critical,0.0,0.6599100317467526,0.6599100317467526,2.0,0
161.6036470179836,seasonal,0.07579077979772819,0.6599100317467526,0.7357008115444807,12.0,0
161.90959207574568,emergency,0.0,0.7919122426127785,0.7919122426127785,4.0,0
162.55521518293725,critical,0.0,0.668926378609784,0.668926378609784,2.0,0
161.60590524445666,seasonal,0.2836800639896069,1.0255029253980703,1.3091829893876772,12.0,0
162.83284706646026,critical,0.0,0.6396923088485589,0.6396923088485589,2.0,0
161.79215016678947,seasonal,0.7083080009848857,0.4353805806418104,1.1436885816266962,12.0,0
161.88577329625969,seasonal,0.6316705829710827,0.668926378609784,1.3005969615808666,12.0,0
154.1633237150061,routine,8.924324747621853,0.7919122426127785,9.71623699023463,24.0,0
153.98979370529926,routine,8.773800478428143,0.6659438790168433,9.439744357444987,24.0,0
162.8358916292674,critical,0.0,0.7177220910631077,0.7177220910631077,2.0,0
162.7842525192468,seasonal,0.2863847210663266,0.668926378609784,0.9553110996761106,12.0,0
154.86469797278286,routine,9.091624046637435,0.4353805806418104,9.527004627279245,24.0,0
154.85890525362842,routine,8.64080700449233,1.0255029253980703,9.666309929890401,24.0,0
164.0009754069065,seasonal,0.2920715860233827,0.7919122426127785,1.0839838286361612,12.0,0
154.9404875612495,routine,9.620282923593834,0.3513634158531591,9.971646339446993,24.0,0
164.9543311098218,emergency,0.0,0.3513634158531591,0.3513634158531591,4.0,0
164.71491613023582,seasonal,0.40424736610506784,0.3190807107927397,0.7233280768978075,12.0,0
155.1119502407965,routine,9.512487739577125,0.6599100317467526,10.172397771323878,24.0,0
155.2498496569096,routine,9.375975841691428,0.7177220910631077,10.093697932754536,24.0,0
164.40500111494842,critical,0.0,0.7919122426127785,0.7919122426127785,2.0,0
155.29696539469126,routine,10.345031555164894,0.668926378609784,11.013957933774678,24.0,0
166.1197359668153,seasonal,0.16869777024535892,0.4353805806418104,0.6040783508871693,12.0,0
155.87916470990882,routine,10.420304194957652,0.4353805806418104,10.855684775599462,24.0,0
155.53408859760032,routine,10.395020582937008,1.0255029253980703,11.420523508335078,24.0,0
155.41443881571865,routine,10.346956229450115,0.668926378609784,11.015882608059899,24.0,0
155.80483214613497,routine,10.152149885607002,0.6599100317467526,10.812059917353755,24.0,0
156.21404715091103,routine,10.300499738153121,0.6599100317467526,10.960409769899874,24.0,0
166.9429664664796,seasonal,0.06722832486497055,0.668926378609784,0.7361547034747545,12.0,0
158.49974388890007,routine,9.199399555619777,0.4353805806418104,9.634780136261588,24.0,0
158.7484708389525,routine,9.10883160200467,0.3190807107927397,9.42791231279741,24.0,0
156.72812210026277,routine,10.641621435282445,0.6599100317467526,11.301531467029198,24.0,0
167.02915026421584,critical,0.0,0.6599100317467526,0.6599100317467526,2.0,0
167.263825890433,critical,0.0,0.9736079806575129,0.9736079806575129,2.0,0
158.50860573745447,routine,9.294260521287043,0.7919122426127785,10.086172763899821,24.0,0
157.67497636111605,routine,9.762925916792824,0.6599100317467526,10.422835948539577,24.0,0
158.84588515950682,routine,9.876563830328905,0.7177220910631077,10.594285921392013,24.0,0
168.12352757660355,seasonal,0.33208942912887096,0.6599100317467526,0.9919994608756235,12.0,0
159.32047350354682,routine,9.647621125582248,0.6396923088485589,10.287313434430807,24.0,0
158.89463495978418,routine,9.919096370466804,0.6659438790168433,10.585040249483647,24.0,0
159.45332923494848,routine,9.931129550886453,0.3190807107927397,10.250210261679193,24.0,0
160.23697656515122,routine,9.249651362046649,0.3513634158531591,9.601014777899808,24.0,0
159.29512438568418,routine,9.58405245799355,0.668926378609784,10.252978836603335,24.0,0
160.54704136729433,routine,9.580494859821101,0.3190807107927397,9.899575570613841,24.0,0
160.6572089113426,routine,9.727892148374849,0.4353805806418104,10.16327272901666,24.0,0
160.48253385692303,routine,9.617124951557372,0.3513634158531591,9.968488367410531,24.0,0
160.61576929380007,routine,9.746119580484788,0.6659438790168433,10.412063459501631,24.0,0
170.39056879617044,seasonal,0.4388251428615604,0.6396923088485589,1.0785174517101193,12.0,0
161.8437216543583,routine,9.469709162432224,0.3190807107927397,9.788789873224964,24.0,0
161.9333204957556,routine,9.556396756446588,0.4353805806418104,9.991777337088399,24.0,0
161.56588467075298,routine,9.354992469604923,0.7919122426127785,10.146904712217701,24.0,0
161.6598636310724,routine,9.284527006440129,0.7177220910631077,10.002249097503237,24.0,0
161.89822189418533,routine,9.53015041228889,0.6599100317467526,10.190060444035643,24.0,0
162.45998952750594,routine,9.86292752224935,0.4353805806418104,10.298308102891161,24.0,0
163.84828522011745,routine,8.684410587781883,0.6659438790168433,9.350354466798727,24.0,0
163.13440477606486,routine,9.259058633162965,0.4353805806418104,9.694439213804776,24.0,0
163.5784929073468,routine,8.930156930705152,0.7919122426127785,9.72206917331793,24.0,0
163.90112802559347,routine,8.803356237478539,0.9736079806575129,9.776964218136051,24.0,0
165.08364376830522,routine,7.8957251549094,0.668926378609784,8.564651533519184,24.0,0
172.96167301101323,critical,0.0,0.7177220910631077,0.7177220910631077,2.0,0
167.3819872000585,routine,5.781988720947737,0.6599100317467526,6.44189875269449,24.0,0
169.2520048490635,routine,4.409333313013946,0.9736079806575129,5.3829412936714585,24.0,0
174.35633601090666,routine,0.0,0.668926378609784,0.668926378609784,24.0,0
174.4659988177378,seasonal,0.0,0.6396923088485589,0.6396923088485589,12.0,0
174.70950709664686,routine,0.0,0.6659438790168433,0.6659438790168433,24.0,0
175.22166122635664,seasonal,0.0,0.7177220910631077,0.7177220910631077,12.0,0
175.12612179029873,seasonal,0.0,1.0255029253980703,1.0255029253980703,12.0,0
175.05914971458006,seasonal,0.0,0.9736079806575129,0.9736079806575129,12.0,0
176.45834654704132,seasonal,0.0,0.4353805806418104,0.4353805806418104,12.0,0
175.62258234647732,emergency,0.0,0.9736079806575129,0.9736079806575129,4.0,0
176.03888914903794,seasonal,0.0,1.0255029253980703,1.0255029253980703,12.0,0
176.90935953303443,emergency,0.0,0.3190807107927397,0.3190807107927397,4.0,0
176.7437961693613,seasonal,0.0,0.7919122426127785,0.7919122426127785,12.0,0
177.24541852336475,seasonal,0.046029886703990996,0.668926378609784,0.714956265313775,12.0,0
176.74851474410897,routine,0.0,0.9736079806575129,0.9736079806575129,24.0,0
177.0914070110269,routine,0.0,0.3513634158531591,0.3513634158531591,24.0,0
177.11579919614675,seasonal,0.05831465412444459,0.6659438790168433,0.7242585331412879,12.0,0
177.40756829022246,seasonal,0.14625673670121841,0.6659438790168433,0.8122006157180617,12.0,0
177.44344600074672,emergency,0.0,0.4353805806418104,0.4353805806418104,4.0,0
178.1886553777512,critical,0.0,0.3513634158531591,0.3513634158531591,2.0,0
177.52285868644248,routine,0.5603465206598912,0.6599100317467526,1.2202565524066438,24.0,0
178.5050750751803,critical,0.0,0.4353805806418104,0.4353805806418104,2.0,0
178.41829958141017,critical,0.0,0.6659438790168433,0.6659438790168433,2.0,0
178.48255776872585,seasonal,0.06409823045990493,0.3513634158531591,0.41546164631306404,12.0,0
178.83163157010543,emergency,0.0,0.6599100317467526,0.6599100317467526,4.0,0
178.33523324676133,routine,0.5361201805184237,0.3190807107927397,0.8552008913111634,24.0,0
178.55846446748967,routine,0.49614047003530004,0.3513634158531591,0.8475038858884592,24.0,0
178.25245400314546,routine,0.52155256374175,0.7177220910631077,1.2392746548048577,24.0,0
178.99265919110792,emergency,0.07658796799253764,0.6396923088485589,0.7162802768410965,4.0,0
179.15840424430698,seasonal,0.35868155034268057,0.3190807107927397,0.6777622611354203,12.0,0
177.61347838460028,routine,1.046822155219104,0.7177220910631077,1.7645442462822116,24.0,0
177.55511947975495,routine,1.0995476294734488,0.6659438790168433,1.765491508490292,24.0,0
179.76590924713187,emergency,0.0,0.4353805806418104,0.4353805806418104,4.0,0
179.2897395341033,seasonal,0.9204369022342291,0.7919122426127785,1.7123491448470076,12.0,0
179.41560041156643,seasonal,0.9840048372152239,0.4353805806418104,1.4193854178570344,12.0,0
179.3218596822303,seasonal,0.9609986545909805,0.3190807107927397,1.2800793653837204,12.0,0
180.40558775904395,seasonal,0.07675406772708016,0.4353805806418104,0.5121346483688906,12.0,0
180.48139522887593,critical,0.0,0.6396923088485589,0.6396923088485589,2.0,0
180.48354374177268,seasonal,0.09836839593927493,0.3190807107927397,0.41744910673201463,12.0,0
180.96692080086547,emergency,0.0,0.3190807107927397,0.3190807107927397,4.0,0
178.62847754346018,routine,2.0386225998340137,0.3513634158531591,2.389986015687173,24.0,0
181.16117458968802,critical,0.0,0.3513634158531591,0.3513634158531591,2.0,0
180.56642465317074,seasonal,0.07217988768667283,0.6659438790168433,0.7381237667035161,12.0,0
180.83643199894667,emergency,0.0,1.0255029253980703,1.0255029253980703,4.0,0
181.3684999025227,seasonal,0.3494761485626441,0.3190807107927397,0.6685568593553838,12.0,0
178.69893174317045,routine,3.174493273506357,0.4353805806418104,3.6098738541481676,24.0,0
179.12279547679304,routine,2.778362918805783,0.3190807107927397,3.097443629598523,24.0,0
179.44423134697664,routine,2.496860439847552,0.3190807107927397,2.815941150640292,24.0,0
179.6228281829704,routine,2.4070902558096066,1.0255029253980703,3.432593181207677,24.0,0
180.85602280032074,seasonal,0.8330218729337844,1.0255029253980703,1.8585247983318547,12.0,0
183.08548786623007,emergency,0.0,0.4353805806418104,0.4353805806418104,4.0,0
182.52657291895733,emergency,0.0,0.4353805806418104,0.4353805806418104,4.0,0
182.10343763623143,seasonal,0.4126249513112725,0.668926378609784,1.0815513299210564,12.0,0
182.26726612590323,seasonal,0.6013639392107564,0.9736079806575129,1.5749719198682692,12.0,0
182.4608797746434,seasonal,0.5987872938397061,0.6396923088485589,1.238479602688265,12.0,0
182.40410859912342,seasonal,0.6037711170067439,0.6396923088485589,1.2434634258553028,12.0,0
182.53711025117914,seasonal,0.6104516433649962,0.7177220910631077,1.328173734428104,12.0,0
183.7245206057878,seasonal,0.08967245275641744,0.7177220910631077,0.8073945438195251,12.0,0
179.81532671993284,routine,4.173671209606823,0.3190807107927397,4.492751920399563,24.0,0
184.0154371013726,seasonal,0.46088530927704596,0.3513634158531591,0.8122487251302051,12.0,0
184.8421696206144,seasonal,0.05336437912259839,0.4353805806418104,0.4887449597644088,12.0,0
180.38303422081154,routine,4.257087321639801,1.0255029253980703,5.282590247037872,24.0,0
184.69322339672948,seasonal,0.008003135504992542,0.6659438790168433,0.6739470145218358,12.0,0
184.87803628180072,seasonal,0.09482945723169678,0.6599100317467526,0.7547394889784493,12.0,0
185.65333164983176,seasonal,0.1001919290429214,0.3513634158531591,0.4515553448960805,12.0,0
184.98502750959963,seasonal,0.21963598433580955,0.7177220910631077,0.9373580753989172,12.0,0
185.25427135068028,seasonal,0.248946479200697,0.6659438790168433,0.9148903582175403,12.0,0
186.01353231014946,seasonal,0.3803421585714091,0.3513634158531591,0.7317055744245682,12.0,0
186.02151318512986,critical,0.0,1.0255029253980703,1.0255029253980703,2.0,0
186.2356064215598,seasonal,0.23821196978622083,0.668926378609784,0.9071383483960048,12.0,0
186.4935409173647,seasonal,0.1471258075934827,0.3190807107927397,0.4662065183862224,12.0,0
185.75968359586417,seasonal,0.4401732656778279,0.6599100317467526,1.1000832974245804,12.0,0
181.2163785862814,routine,5.549438990711877,0.4353805806418104,5.984819571353688,24.0,0
181.26371774811383,routine,5.7298887133758285,0.668926378609784,6.398815091985613,24.0,0
180.5271388532918,routine,6.219452651054496,0.7919122426127785,7.011364893667275,24.0,0
187.49497965800768,seasonal,0.5368730827993602,0.3513634158531591,0.8882364986525193,12.0,0
187.44044886249765,critical,0.0,0.6396923088485589,0.6396923088485589,2.0,0
188.1084074992216,seasonal,0.09279140355289428,0.6396923088485589,0.7324837124014532,12.0,0
181.3324389104081,routine,6.747507199997472,0.6396923088485589,7.387199508846031,24.0,0
187.15681032511816,seasonal,0.6298421408170611,0.7177220910631077,1.3475642318801688,12.0,0
188.10038817778576,seasonal,0.08616429546168547,0.9736079806575129,1.0597722761191983,12.0,0
181.80570922285975,routine,6.904251290987446,0.6599100317467526,7.564161322734199,24.0,0
181.3429222261174,routine,7.108814562074741,0.9736079806575129,8.082422542732253,24.0,0
181.81055021982962,routine,7.609929155108318,0.6659438790168433,8.275873034125162,24.0,0
181.91119572560584,routine,7.564744370932544,0.6599100317467526,8.224654402679297,24.0,0
182.40184233307122,routine,7.19150888471674,0.7919122426127785,7.983421127329518,24.0,0
183.3911433919296,routine,6.442972630422929,0.3513634158531591,6.794336046276088,24.0,0
185.47491213320288,routine,5.140377880483754,0.3190807107927397,5.459458591276494,24.0,0
183.41001920126232,routine,6.511740546193835,1.0255029253980703,7.537243471591905,24.0,0
185.63331980280924,routine,5.175100031086146,0.6659438790168433,5.841043910102989,24.0,0
185.86968168265648,routine,5.274311745063585,0.3513634158531591,5.625675160916744,24.0,0
185.72576403177538,routine,5.209659525624204,0.668926378609784,5.878585904233988,24.0,0
190.15281947371548,seasonal,0.42577098958682313,0.9736079806575129,1.399378970244336,12.0,0
191.5971514570128,emergency,0.0,0.3190807107927397,0.3190807107927397,4.0,0
191.93103365082024,critical,0.0,0.6599100317467526,0.6599100317467526,2.0,0
186.01220747890508,routine,5.8760975755794504,0.6659438790168433,6.542041454596294,24.0,0
185.93636474817373,routine,5.641433726707504,0.9736079806575129,6.615041707365017,24.0,0
191.6983954146061,seasonal,0.17043466979907862,1.0255029253980703,1.195937595197149,12.0,0
186.5287553983728,routine,5.7144734476367205,0.4353805806418104,6.149854028278531,24.0,0
186.39200126091183,routine,5.720407567362514,0.668926378609784,6.389333945972298,24.0,0
192.92010940932994,emergency,0.0,0.4353805806418104,0.4353805806418104,4.0,0
186.63597590865038,routine,5.737956068177425,1.0255029253980703,6.763458993575496,24.0,0
186.90611152484078,routine,5.962017341460921,0.668926378609784,6.6309437200707055,24.0,0
192.45758542654625,critical,0.0,0.7177220910631077,0.7177220910631077,2.0,0
187.32760869528985,routine,5.904150014976324,0.6396923088485589,6.543842323824883,24.0,0
188.68714975590487,routine,4.861350050599441,0.4353805806418104,5.296730631241251,24.0,0
193.24586732152355,emergency,0.0,0.6599100317467526,0.6599100317467526,4.0,0
187.59849084898403,routine,5.843780600688916,0.6659438790168433,6.50972447970576,24.0,0
189.3204095057906,routine,4.265439406167644,0.6659438790168433,4.931383285184488,24.0,0
191.7312700139858,routine,2.3725532124385325,0.3190807107927397,2.6916339232312723,24.0,0
190.03152126953051,routine,3.7729035882510686,0.7919122426127785,4.564815830863847,24.0,0
196.10110387364045,routine,0.0,0.3190807107927397,0.3190807107927397,24.0,0
196.06612395306396,seasonal,0.0,0.6396923088485589,0.6396923088485589,12.0,0
196.78940940089706,routine,0.0,0.4353805806418104,0.4353805806418104,24.0,0
196.2660566782496,seasonal,0.0,1.0255029253980703,1.0255029253980703,12.0,0
197.4150881430567,routine,0.0,0.3190807107927397,0.3190807107927397,24.0,0
198.13787400699377,seasonal,0.0,0.3190807107927397,0.3190807107927397,12.0,0
198.27741689862694,emergency,0.0,0.4353805806418104,0.4353805806418104,4.0,0
198.41245600304967,routine,0.0,0.4353805806418104,0.4353805806418104,24.0,0
199.0249292217158,routine,0.0,0.3190807107927397,0.3190807107927397,24.0,0
199.41653201543863,routine,0.0,0.3513634158531591,0.3513634158531591,24.0,0
199.66238436361485,critical,0.0,0.3513634158531591,0.3513634158531591,2.0,0
199.37626109453535,critical,0.0,0.6599100317467526,0.6599100317467526,2.0,0
199.34432918152697,critical,0.0,0.6599100317467526,0.6599100317467526,2.0,0
199.34834068456726,routine,0.0,0.4353805806418104,0.4353805806418104,24.0,0
198.77844357224697,routine,0.0,1.0255029253980703,1.0255029253980703,24.0,0
200.22321406440435,seasonal,0.0,0.7177220910631077,0.7177220910631077,12.0,0
200.6241841418735,seasonal,0.0,0.3513634158531591,0.3513634158531591,12.0,0
200.2013967584333,seasonal,0.0,0.6659438790168433,0.6659438790168433,12.0,0
200.53222920788977,seasonal,0.0,0.7919122426127785,0.7919122426127785,12.0,0
200.66783214473784,routine,0.3686318546953089,0.3513634158531591,0.719995270548468,24.0,0
200.627797557744,routine,0.32252747097692236,0.7177220910631077,1.04024956204003,24.0,0
200.20030973637515,routine,0.0,1.0255029253980703,1.0255029253980703,24.0,0
201.79373803199442,routine,0.05977904482696772,0.3190807107927397,0.3788597556197074,24.0,0
201.95431308613695,seasonal,0.14552460595874095,0.6659438790168433,0.8114684849755842,12.0,0
201.73894537782607,seasonal,0.001197237101251858,0.6599100317467526,0.6611072688480044,12.0,0
201.98361241966697,emergency,0.0,0.4353805806418104,0.4353805806418104,4.0,0
202.25545501207884,seasonal,0.3121560156030796,0.3190807107927397,0.6312367263958193,12.0,0
203.09754296706234,emergency,0.0,0.3513634158531591,0.3513634158531591,4.0,0
202.26183161356025,critical,0.0,1.0255029253980703,1.0255029253980703,2.0,0
201.9671383566964,seasonal,0.38467903310493057,0.7919122426127785,1.176591275717709,12.0,0
202.17257098870522,seasonal,0.3907642606741035,0.668926378609784,1.0596906392838874,12.0,0
203.42230875142903,critical,0.0,0.3513634158531591,0.3513634158531591,2.0,0
202.38677584385061,seasonal,0.8750075708359475,0.4353805806418104,1.310388151477758,12.0,0
202.07588699745205,seasonal,0.47630979165640497,0.6599100317467526,1.1362198234031575,12.0,0
203.0145919887719,seasonal,0.39700032725775714,0.3190807107927397,0.7160810380504968,12.0,0
203.53079760549687,seasonal,0.47895390795682147,0.4353805806418104,0.9143344885986319,12.0,0
203.41407587596422,seasonal,0.16364044347662343,0.668926378609784,0.8325668220864074,12.0,0
203.6755038074301,seasonal,0.7273712538530503,0.3513634158531591,1.0787346697062095,12.0,0
204.70923302359498,critical,0.0,0.3513634158531591,0.3513634158531591,2.0,0
204.02903885040737,seasonal,0.48315994690435105,0.3513634158531591,0.8345233627575102,12.0,0
204.1805125366253,seasonal,0.4146041940265093,0.668926378609784,1.0835305726362932,12.0,0
205.1176517140839,critical,0.0,0.3513634158531591,0.3513634158531591,2.0,0
204.24864212576944,seasonal,0.8037654157603527,0.7177220910631077,1.5214875068234603,12.0,0
205.35815476098037,seasonal,0.006539354433215294,0.4353805806418104,0.4419199350750257,12.0,0
203.89523418394305,seasonal,0.5614379933485338,1.0255029253980703,1.5869409187466041,12.0,0
205.83637551782323,seasonal,0.048609535324715125,0.4353805806418104,0.4839901159665255,12.0,0
204.35131875925126,seasonal,1.0091712028443283,0.3513634158531591,1.3605346186974874,12.0,0
202.03876809907987,routine,3.5116734456871086,0.4353805806418104,3.947054026328919,24.0,0
205.88289077707165,emergency,0.0,0.6396923088485589,0.6396923088485589,4.0,0
206.17484968582457,critical,0.0,0.4353805806418104,0.4353805806418104,2.0,0
202.18108376120315,routine,4.329353529380228,0.3513634158531591,4.680716945233387,24.0,0
202.6314573873818,routine,4.333608651669039,0.668926378609784,5.002535030278823,24.0,0
206.57761302533763,emergency,0.0,0.6599100317467526,0.6599100317467526,4.0,0
206.7039980236348,seasonal,0.08041701684766167,0.4353805806418104,0.5157975974894721,12.0,0
202.34093681304728,routine,4.331492923353011,0.6599100317467526,4.991402955099764,24.0,0
202.96399071432967,routine,4.009112462236146,0.4353805806418104,4.444493042877957,24.0,0
207.2553264728176,critical,0.0,0.4353805806418104,0.4353805806418104,2.0,0
202.3934926227445,routine,4.464990851980787,0.7177220910631077,5.182712943043894,24.0,0
207.35028415644035,critical,0.0,0.3190807107927397,0.3190807107927397,2.0,0
203.16727955388117,routine,4.195826335506325,0.4353805806418104,4.631206916148136,24.0,0
207.82213883535607,critical,0.0,0.3190807107927397,0.3190807107927397,2.0,0
207.63015471732635,seasonal,0.42826182029526194,0.7919122426127785,1.2201740629080404,12.0,0
208.28230553078717,critical,0.0,0.7177220910631077,0.7177220910631077,2.0,0
203.57128790699127,routine,5.01822474937282,0.7177220910631077,5.735946840435927,24.0,0
203.24667039633866,routine,5.339146995522498,0.4353805806418104,5.774527576164308,24.0,0
207.8142515734783,seasonal,0.5442540259048201,0.3513634158531591,0.8956174417579792,12.0,0
204.87975367956008,routine,4.208614527559035,0.3513634158531591,4.5599779434121945,24.0,0
209.3433770631581,critical,0.0,0.3513634158531591,0.3513634158531591,2.0,0
208.9812564768587,critical,0.0,0.6396923088485589,0.6396923088485589,2.0,0
204.48985279186746,routine,4.3325391427333955,0.668926378609784,5.00146552134318,24.0,0
208.24861233007567,seasonal,0.3009168608155619,1.0255029253980703,1.3264197862136322,12.0,0
209.21811534268429,emergency,0.0,0.3513634158531591,0.3513634158531591,4.0,0
209.95001919121816,critical,0.0,0.4353805806418104,0.4353805806418104,2.0,0
209.6253521165695,seasonal,0.44919615344784347,0.3513634158531591,0.8005595693010026,12.0,0
209.4898180440985,seasonal,0.5237946350122513,0.3190807107927397,0.842875345804991,12.0,0
209.2463335942391,seasonal,0.29392212316901123,0.6396923088485589,0.9336144320175701,12.0,0
209.41985577833643,seasonal,0.5429422648337834,0.9736079806575129,1.5165502454912962,12.0,0
204.92032876354128,routine,5.6865752400167935,0.7177220910631077,6.404297331079901,24.0,0
209.71260128544543,seasonal,0.44123882214429955,0.9736079806575129,1.4148468028018124,12.0,0
210.7473270140855,emergency,0.0,0.3190807107927397,0.3190807107927397,4.0,0
211.00184659277556,critical,0.0,0.6396923088485589,0.6396923088485589,2.0,0
210.64607379947205,seasonal,0.24542750958050874,0.6659438790168433,0.911371388597352,12.0,0
211.31817699228955,emergency,0.0,0.3513634158531591,0.3513634158531591,4.0,0
211.0956766298292,emergency,0.0,0.3513634158531591,0.3513634158531591,4.0,0
210.67195001423266,seasonal,0.8162359752377597,0.6599100317467526,1.4761460069845123,12.0,0
211.59690064855857,emergency,0.0,0.7919122426127785,0.7919122426127785,4.0,0
205.53680019544913,routine,6.413428806774959,0.4353805806418104,6.84880938741677,24.0,0
205.14428696202688,routine,6.511033420284292,0.6659438790168433,7.176977299301136,24.0,0
205.38171214205946,routine,6.553711475776538,0.6599100317467526,7.213621507523291,24.0,0
211.41117204932053,seasonal,0.09859611149164493,0.7919122426127785,0.8905083541044234,12.0,0
206.2123723275713,routine,6.280000565722503,0.3513634158531591,6.631363981575662,24.0,0
211.8988524622739,emergency,0.2323264124478044,0.4353805806418104,0.6677069930896148,4.0,0
204.95762861182072,routine,6.568624881716119,0.9736079806575129,7.542232862373631,24.0,0
207.13128464252563,routine,6.043827896167386,0.3513634158531591,6.395191312020545,24.0,0
207.66677593916577,routine,5.820452926092742,0.4353805806418104,6.255833506734552,24.0,0
207.26342680189614,routine,5.9875878367246,0.4353805806418104,6.422968417366411,24.0,0
208.51839843023026,routine,5.162728671897895,0.6396923088485589,5.802420980746454,24.0,0
208.2083849881122,routine,5.342409620043583,0.4353805806418104,5.777790200685393,24.0,0
208.4777423039595,routine,5.11735610623515,0.6599100317467526,5.777266137981902,24.0,0
209.04636938788192,routine,4.81958623919013,0.7919122426127785,5.611498481802909,24.0,0
214.11510158960465,seasonal,0.35308271145970593,0.6396923088485589,0.9927750203082648,12.0,0
209.46730254418844,routine,5.522284758220792,0.6396923088485589,6.161977067069351,24.0,0
209.33930108221432,routine,5.271416886724182,0.7919122426127785,6.063329129336961,24.0,0
209.5544474422808,routine,5.486547997264154,0.668926378609784,6.155474375873938,24.0,0
210.2813460123383,routine,5.053351617495565,0.6659438790168433,5.719295496512409,24.0,0
209.89885660551437,routine,5.4259742692128725,0.3513634158531591,5.777337685066032,24.0,0
215.4649467400182,seasonal,0.07162967627772332,1.0255029253980703,1.0971326016757936,12.0,0
210.317076771588,routine,5.920997694641528,0.6396923088485589,6.5606900034900875,24.0,0
210.35738233827897,routine,6.128102075657523,0.7919122426127785,6.920014318270302,24.0,0
210.78392455245245,routine,6.155782612352681,0.3190807107927397,6.474863323145421,24.0,0
210.42215792437935,routine,6.1495176329473225,0.7919122426127785,6.941429875560101,24.0,0
210.7005420764656,routine,5.992125352252003,0.6599100317467526,6.652035383998756,24.0,0
217.17259706394907,seasonal,0.013630862032613322,0.4353805806418104,0.4490114426744237,12.0,0
210.95926046576963,routine,6.112751170951725,0.6396923088485589,6.752443479800284,24.0,0
211.28515240696615,routine,6.523769844692453,0.3513634158531591,6.875133260545612,24.0,0
217.43525519891253,critical,0.0,0.668926378609784,0.668926378609784,2.0,0
212.80275126832893,routine,5.806949550564582,0.3513634158531591,6.158312966417741,24.0,0
213.5329498742896,routine,5.377380870978982,0.3190807107927397,5.696461581771722,24.0,0
212.51576722038388,routine,5.970983957326979,0.6659438790168433,6.636927836343823,24.0,0
211.28724955131813,routine,6.856919221285551,0.9736079806575129,7.830527201943064,24.0,0
212.12073293139656,routine,6.200356095814271,0.9736079806575129,7.173964076471784,24.0,0
218.99082906732377,seasonal,0.21615617462231285,0.6659438790168433,0.8821000536391561,12.0,0
213.04412532751752,routine,5.7723295298957,0.9736079806575129,6.745937510553213,24.0,0
216.06687444828708,routine,4.348078054637824,0.3190807107927397,4.667158765430564,24.0,0
214.70324983893383,routine,5.147239123050554,0.3513634158531591,5.498602538903713,24.0,0
213.6826339790894,routine,5.988671305884196,0.9736079806575129,6.962279286541709,24.0,0
216.28083373394006,routine,4.173666299930716,0.3513634158531591,4.525029715783875,24.0,0
217.0748244866328,routine,3.5502356483543736,0.7919122426127785,4.342147890967152,24.0,0
221.05745622364105,routine,0.0,0.6396923088485589,0.6396923088485589,24.0,0
220.70890211334063,routine,0.09324499422126564,0.6659438790168433,0.7591888732381089,24.0,0
221.67402103315032,routine,0.0,0.4353805806418104,0.4353805806418104,24.0,0
221.89838344383034,routine,0.0,0.3513634158531591,0.3513634158531591,24.0,0
222.62960446488717,routine,0.0,0.6599100317467526,0.6599100317467526,24.0,0
222.7142708662131,critical,0.0,0.7919122426127785,0.7919122426127785,2.0,0
223.7276458563641,seasonal,0.0,0.3190807107927397,0.3190807107927397,12.0,0
223.12913770787137,seasonal,0.0,1.0255029253980703,1.0255029253980703,12.0,0
223.69988341524586,critical,0.0,0.6599100317467526,0.6599100317467526,2.0,0
223.40168517234758,routine,0.0,0.7919122426127785,0.7919122426127785,24.0,0
224.3504872735826,critical,0.0,0.4353805806418104,0.4353805806418104,2.0,0
224.28413451596327,emergency,0.0,0.4353805806418104,0.4353805806418104,4.0,0
224.2676327301326,routine,0.0,0.9736079806575129,0.9736079806575129,24.0,0
224.06510288198476,routine,0.0,0.9736079806575129,0.9736079806575129,24.0,0
224.59804624056318,seasonal,0.0,0.6599100317467526,0.6599100317467526,12.0,0
224.48663671781156,critical,0.0,0.668926378609784,0.668926378609784,2.0,0
225.22083372610044,emergency,0.0,0.3513634158531591,0.3513634158531591,4.0,0
224.55598019114828,routine,0.0,0.7919122426127785,0.7919122426127785,24.0,0
225.02792916440288,routine,0.17003620588732815,0.4353805806418104,0.6054167865291386,24.0,0
225.01226229317263,seasonal,0.0,0.7177220910631077,0.7177220910631077,12.0,0
225.12954846956822,routine,0.39936912945643144,0.7177220910631077,1.1170912205195391,24.0,0
225.39700384670203,routine,0.7115041539321965,0.3513634158531591,1.0628675697853556,24.0,0
226.33168435577593,seasonal,0.2694551464643382,0.3513634158531591,0.6208185623174973,12.0,0
225.5290525352736,seasonal,0.4122948603391592,0.7177220910631077,1.1300169514022669,12.0,0
225.26091054975285,routine,0.7950011486989013,0.7177220910631077,1.512723239762009,24.0,0
225.41702238567694,routine,1.5854017758625787,0.6599100317467526,2.2453118076093315,24.0,0
226.9048702329923,critical,0.0,0.3190807107927397,0.3190807107927397,2.0,0
226.66291287302198,seasonal,0.21310448639329138,0.4353805806418104,0.6484850670351018,12.0,0
225.57628949618112,routine,1.7093474654525096,0.6659438790168433,2.375291344469353,24.0,0
226.7463299709797,seasonal,0.24545735708454686,0.668926378609784,0.9143837356943308,12.0,0
225.80473380910834,routine,2.033088423892167,0.7177220910631077,2.7508105149552744,24.0,0
227.79104851081416,critical,0.0,0.7919122426127785,0.7919122426127785,2.0,0
227.8829969167961,seasonal,0.16792429236855355,0.4353805806418104,0.603304873010364,12.0,0
225.9037303880521,routine,1.9605562509193817,0.6659438790168433,2.626500129936225,24.0,0
228.17062719831412,seasonal,0.14396232870518588,1.0255029253980703,1.1694652541032562,12.0,0
228.73323712792447,critical,0.0,0.668926378609784,0.668926378609784,2.0,0
228.5254552890185,seasonal,0.4674786533726092,0.668926378609784,1.136405031982393,12.0,0
228.48179672693544,seasonal,0.031075029699081824,0.7919122426127785,0.8229872723118603,12.0,0
228.7328623382816,critical,0.0,1.0255029253980703,1.0255029253980703,2.0,0
228.76163055012282,seasonal,0.4198072072752268,0.3190807107927397,0.7388879180679665,12.0,0
228.64766030728762,seasonal,0.392133993744352,0.668926378609784,1.0610603723541359,12.0,0
229.0003281904355,seasonal,0.45645857780093024,0.3190807107927397,0.7755392885936699,12.0,0
229.53944580094313,critical,0.0,0.668926378609784,0.668926378609784,2.0,0
226.0855418494848,routine,3.9291832949884054,0.668926378609784,4.59810967359819,24.0,0
225.94501633391923,routine,3.966544701421469,0.6599100317467526,4.626454733168222,24.0,0
230.7230616249482,seasonal,0.062218885646643685,0.3513634158531591,0.4135823014998028,12.0,0
230.09998920350162,seasonal,0.2907087386720377,0.4353805806418104,0.7260893193138481,12.0,0
231.09588721182155,emergency,0.0,0.3190807107927397,0.3190807107927397,4.0,0
230.16213361319956,seasonal,0.26602650602416134,0.7177220910631077,0.983748597087269,12.0,0
231.03664780287275,emergency,0.0,0.4353805806418104,0.4353805806418104,4.0,0
226.80091096526888,routine,4.519285047961034,0.6396923088485589,5.158977356809594,24.0,0
226.48353313305415,routine,4.6048782907675445,0.6659438790168433,5.270822169784388,24.0,0
226.2852142185031,routine,4.544622393146,0.6659438790168433,5.210566272162843,24.0,0
231.48304778176345,critical,0.0,0.7177220910631077,0.7177220910631077,2.0,0
230.9452070765736,critical,0.0,0.6659438790168433,0.6659438790168433,2.0,0
227.03193106680746,routine,4.5905314579002265,0.3513634158531591,4.941894873753386,24.0,0
231.68201495009592,critical,0.0,0.3513634158531591,0.3513634158531591,2.0,0
231.76954013743398,seasonal,0.042394984256475254,0.3190807107927397,0.36147569504921495,12.0,0
227.39284923033355,routine,4.521539078842636,0.4353805806418104,4.956919659484447,24.0,0
231.93131425628565,seasonal,0.21258621339180195,0.3190807107927397,0.5316669241845416,12.0,0
227.6663652396064,routine,5.0064991740418066,0.3190807107927397,5.325579884834546,24.0,0
230.10030713815163,routine,3.3192021591098353,0.3513634158531591,3.6705655749629944,24.0,0
231.94048248377567,seasonal,0.6973097070454912,0.9736079806575129,1.670917687703004,12.0,0
228.20338325950286,routine,4.647204544299001,0.6396923088485589,5.28689685314756,24.0,0
232.99212587176677,emergency,0.0,0.6659438790168433,0.6659438790168433,4.0,0
233.6613871325249,seasonal,0.07746256286833386,0.3513634158531591,0.428825978721493,12.0,0
232.9343570861389,seasonal,0.28546432098241326,0.7177220910631077,1.003186412045521,12.0,0
234.15939243041726,critical,0.0,0.3190807107927397,0.3190807107927397,2.0,0
228.56241444065324,routine,4.854202159082888,0.9736079806575129,5.827810139740401,24.0,0
230.37842576725654,routine,3.6826059199896406,0.7919122426127785,4.474518162602419,24.0,0
234.85637521614785,critical,0.0,0.4353805806418104,0.4353805806418104,2.0,0
234.2353419574502,critical,0.0,0.668926378609784,0.668926378609784,2.0,0
231.12047690479238,routine,3.6773248623187555,0.4353805806418104,4.112705442960566,24.0,0
235.4453651300864,critical,0.0,0.3513634158531591,0.3513634158531591,2.0,0
230.49117002899885,routine,4.001623809568883,1.0255029253980703,5.027126734966954,24.0,0
231.1588030826496,routine,3.904112105440106,0.6659438790168433,4.57005598445695,24.0,0
230.71198912428653,routine,3.7983575236724505,0.9736079806575129,4.771965504329963,24.0,0
234.71058404547276,emergency,0.0,1.0255029253980703,1.0255029253980703,4.0,0
231.58924228938457,routine,3.9777996574893564,0.4353805806418104,4.413180238131167,24.0,0
231.3869370627489,routine,3.7434404836506303,0.6659438790168433,4.409384362667474,24.0,0
235.25513713573687,seasonal,0.14812808258071186,0.6599100317467526,0.8080381143274644,12.0,0
236.33567447091775,seasonal,0.11506028517720779,0.3190807107927397,0.4341409959699475,12.0,0
236.85820743583903,seasonal,0.23944028496535452,0.3513634158531591,0.5908037008185136,12.0,0
236.4066798239554,seasonal,0.14932578197522162,0.3513634158531591,0.5006891978283807,12.0,0
231.8649072492477,routine,4.844203793252575,1.0255029253980703,5.8697067186506455,24.0,0
236.6461463418405,seasonal,0.06132148835573048,0.9736079806575129,1.0349294690132433,12.0,0
236.74394994967292,seasonal,0.3134593377930912,0.6659438790168433,0.9794032168099345,12.0,0
232.04958445324905,routine,5.175423467630793,0.6396923088485589,5.815115776479352,24.0,0
237.84191498003008,emergency,0.0,0.3513634158531591,0.3513634158531591,4.0,0
232.28460595359456,routine,5.46393722481227,0.6659438790168433,6.129881103829113,24.0,0
233.2371576443554,routine,5.590855318782275,0.3190807107927397,5.9099360295750145,24.0,0
233.00608501969919,routine,5.431716339008375,0.6659438790168433,6.097660218025219,24.0,0
233.0003722748692,routine,5.201413228307814,0.3513634158531591,5.552776644160973,24.0,0
232.5928594550048,routine,5.511558921291936,0.6396923088485589,6.151251230140495,24.0,0
238.5551171643055,critical,0.0,0.4353805806418104,0.4353805806418104,2.0,0
233.2666821180683,routine,5.565220882761963,0.3190807107927397,5.884301593554703,24.0,0
239.07418590697756,critical,0.0,0.3190807107927397,0.3190807107927397,2.0,0
233.71005482369205,routine,5.159399350016656,0.7177220910631077,5.877121441079764,24.0,0
236.00504958526054,routine,3.8305471612596023,0.6659438790168433,4.496491040276446,24.0,0
239.91667290873923,critical,0.0,0.6396923088485589,0.6396923088485589,2.0,0
235.34205797323307,routine,4.463418642319198,0.6599100317467526,5.1233286740659505,24.0,0
236.10488450840808,routine,3.735717155797346,0.7177220910631077,4.453439246860453,24.0,0
235.64093991053795,routine,4.1893699703914535,0.6599100317467526,4.849280002138206,24.0,0
235.19436570757674,routine,4.520550515158078,0.6659438790168433,5.186494394174922,24.0,0
236.25189158980095,routine,3.8689149796141464,0.9736079806575129,4.842522960271659,24.0,0
236.94592676660847,routine,4.18067246214261,0.3190807107927397,4.49975317293535,24.0,0
240.38281179984173,seasonal,0.524465677302203,0.3513634158531591,0.8758290931553621,12.0,0
241.45369859827736,critical,0.0,0.6396923088485589,0.6396923088485589,2.0,0
237.3768622631392,routine,3.9112244343623104,0.6396923088485589,4.55091674321087,24.0,0
237.5856353541529,routine,3.876916260269354,0.6599100317467526,4.536826292016107,24.0,0
239.95709539059803,routine,2.026513366603808,0.6396923088485589,2.666205675452367,24.0,0
237.5889154265846,routine,4.0134775916501155,0.6659438790168433,4.679421470666959,24.0,0
238.3036949693222,routine,3.4743157181068796,0.6659438790168433,4.140259597123723,24.0,0
239.98664509614676,routine,2.2977042857751826,0.6396923088485589,2.9373965946237415,24.0,0
240.53499502410853,routine,1.9501037680643378,0.7177220910631077,2.6678258591274453,24.0,0
242.93258603249114,emergency,0.0,0.6659438790168433,0.6659438790168433,4.0,0
245.33051120287007,seasonal,0.0,0.668926378609784,0.668926378609784,12.0,0
244.75786080977434,seasonal,0.0,0.9736079806575129,0.9736079806575129,12.0,0
245.75063613378205,routine,0.0,0.4353805806418104,0.4353805806418104,24.0,0
245.95874588619847,seasonal,0.0,0.4353805806418104,0.4353805806418104,12.0,0
246.13621884599286,seasonal,0.0,0.3513634158531591,0.3513634158531591,12.0,0
246.55938664089243,critical,0.0,0.3190807107927397,0.3190807107927397,2.0,0
247.0074136636062,critical,0.0,0.3513634158531591,0.3513634158531591,2.0,0
247.34220361337808,routine,0.0,0.7919122426127785,0.7919122426127785,24.0,0
247.76884811394152,emergency,0.0,0.3513634158531591,0.3513634158531591,4.0,0
247.5235961226934,routine,0.0,0.3190807107927397,0.3190807107927397,24.0,0
248.63047324507286,routine,0.0,0.6599100317467526,0.6599100317467526,24.0,0
248.17811846644202,routine,0.0,0.9736079806575129,0.9736079806575129,24.0,0
249.09660570082428,critical,0.0,0.3190807107927397,0.3190807107927397,2.0,0
249.21296788480817,seasonal,0.0,0.6599100317467526,0.6599100317467526,12.0,0
249.47045477723145,routine,0.0,0.7919122426127785,0.7919122426127785,24.0,0
249.7980818409477,routine,0.0,0.3190807107927397,0.3190807107927397,24.0,0
249.7369657784022,critical,0.0,0.7177220910631077,0.7177220910631077,2.0,0
249.10163939380598,routine,0.0,0.9736079806575129,0.9736079806575129,24.0,0
249.57115386155036,critical,0.0,1.0255029253980703,1.0255029253980703,2.0,0
249.86480336776378,routine,0.15846073148156847,0.6599100317467526,0.818370763228321,24.0,0
249.57876071591002,routine,0.0,1.0255029253980703,1.0255029253980703,24.0,0
250.42856460656725,routine,0.0,0.668926378609784,0.668926378609784,24.0,0
250.58377881127356,critical,0.0,0.4353805806418104,0.4353805806418104,2.0,0
250.62499737120092,critical,0.0,0.4353805806418104,0.4353805806418104,2.0,0
251.1203668614338,routine,0.0,0.3190807107927397,0.3190807107927397,24.0,0
250.85428831754476,critical,0.0,0.6599100317467526,0.6599100317467526,2.0,0
251.0136215167507,seasonal,0.0,0.7919122426127785,0.7919122426127785,12.0,0
251.5045423474997,critical,0.09378259952399048,0.7919122426127785,0.885694842136769,2.0,0
252.1012748307261,routine,0.0,0.3190807107927397,0.3190807107927397,24.0,0
251.17843151951743,emergency,0.24105433796958664,0.7177220910631077,0.9587764290326943,4.0,0
251.39525474525513,seasonal,0.0,0.7919122426127785,0.7919122426127785,12.0,0
251.7677916697298,emergency,0.19407461332366438,0.7177220910631077,0.9117967043867721,4.0,0
252.54584117146948,emergency,0.0,0.3513634158531591,0.3513634158531591,4.0,0
252.11101925767704,routine,0.0,0.668926378609784,0.668926378609784,24.0,0
253.1198126922143,seasonal,0.0,0.6599100317467526,0.6599100317467526,12.0,0
253.51997668367378,seasonal,0.0,0.3190807107927397,0.3190807107927397,12.0,0
253.4596971359775,emergency,0.0,0.4353805806418104,0.4353805806418104,4.0,0
253.31515722175283,routine,0.0,0.6659438790168433,0.6659438790168433,24.0,0
253.88048890242834,emergency,0.0,0.6599100317467526,0.6599100317467526,4.0,0
254.06736500986722,seasonal,0.0,0.3190807107927397,0.3190807107927397,12.0,0
254.4142007756893,routine,0.0,0.3513634158531591,0.3513634158531591,24.0,0
254.468771216527,emergency,0.0,0.4353805806418104,0.4353805806418104,4.0,0
254.80443170820294,critical,0.0,0.3190807107927397,0.3190807107927397,2.0,0
254.14624756979845,routine,0.0,0.6396923088485589,0.6396923088485589,24.0,0
253.9064313802244,routine,0.0,0.9736079806575129,0.9736079806575129,24.0,0
254.67529346574617,seasonal,0.0,1.0255029253980703,1.0255029253980703,12.0,0
255.38413082815143,routine,0.25864927268733595,0.3513634158531591,0.6100126885404951,24.0,0
254.79609496607364,seasonal,0.0,0.7919122426127785,0.7919122426127785,12.0,0
255.07605001279077,seasonal,0.0,1.0255029253980703,1.0255029253980703,12.0,0
255.72114673126185,routine,0.0,0.3190807107927397,0.3190807107927397,24.0,0
255.97216526005442,seasonal,0.006697064103263983,0.9736079806575129,0.9803050447607768,12.0,0
256.3292828096592,emergency,0.0,0.4353805806418104,0.4353805806418104,4.0,0
256.8450536324704,seasonal,0.1881446337196735,0.3190807107927397,0.5072253445124132,12.0,0
255.82531387674163,routine,0.3859489389968189,0.7919122426127785,1.1778611816095974,24.0,0
256.4628679517914,seasonal,0.049527695793244675,0.9736079806575129,1.0231356764507575,12.0,0
255.98154894560676,routine,0.8425688305858614,0.9736079806575129,1.8161768112433743,24.0,0
255.8341798604392,routine,0.8826639349551613,0.6659438790168433,1.5486078139720045,24.0,0
256.7113244488505,critical,0.0,1.0255029253980703,1.0255029253980703,2.0,0
257.18895483000796,emergency,0.0,0.6659438790168433,0.6659438790168433,4.0,0
257.4960584458355,critical,0.0,0.3190807107927397,0.3190807107927397,2.0,0
257.2088452838855,seasonal,0.08474776733191902,0.9736079806575129,1.0583557479894319,12.0,0
257.3176125272952,seasonal,0.428322667974669,0.3513634158531591,0.7796860838278281,12.0,0
257.61971436482077,emergency,0.0,0.6659438790168433,0.6659438790168433,4.0,0
257.44370865885196,seasonal,0.6394229388766917,0.3513634158531591,0.9907863547298508,12.0,0
257.54839064665083,seasonal,0.676586798243136,0.4353805806418104,1.1119673788849465,12.0,0
258.4945135522788,emergency,0.0,0.3513634158531591,0.3513634158531591,4.0,0
257.41893137809734,seasonal,0.613009938036555,0.7177220910631077,1.3307320290996627,12.0,0
258.6803912949957,critical,0.07025774166964993,0.3513634158531591,0.42162115752280904,2.0,0
257.58874168350513,seasonal,0.9631123960433001,0.7177220910631077,1.6808344871064078,12.0,0
257.58919414663876,seasonal,1.1609220021283022,0.6659438790168433,1.8268658811451455,12.0,0
257.76130870302194,seasonal,1.2689023901960468,0.6659438790168433,1.93484626921289,12.0,0
256.0678348350982,routine,2.9794006070910655,0.7177220910631077,3.697122698154173,24.0,0
256.97075558812367,routine,2.6525674468300053,0.7919122426127785,3.444479689442784,24.0,0
256.2181621039177,routine,3.3823936407393944,0.7919122426127785,4.174305883352173,24.0,0
257.08470406951915,routine,2.7395898911203744,0.7177220910631077,3.457311982183482,24.0,0
257.11271442520217,routine,3.0433588268473954,0.7919122426127785,3.835271069460174,24.0,0
260.45293734086505,seasonal,0.28145007938820754,0.9736079806575129,1.2550580600457204,12.0,0
260.7702449819142,seasonal,0.14993315248949557,0.6396923088485589,0.7896254613380544,12.0,0
261.08555925217644,seasonal,0.33308166264458805,0.3513634158531591,0.6844450784977472,12.0,0
257.4743277761923,routine,3.5534696766962384,1.0255029253980703,4.578972602094309,24.0,0
260.85831611766486,critical,0.0,0.6659438790168433,0.6659438790168433,2.0,0
261.4544135654107,critical,0.0,0.6599100317467526,0.6599100317467526,2.0,0
257.82824169618306,routine,3.6265091837258296,0.668926378609784,4.295435562335614,24.0,0
261.6079150431247,seasonal,0.1615260437685606,0.3513634158531591,0.5128894596217197,12.0,0
258.1675945027643,routine,3.8822456972118857,0.6396923088485589,4.521938006060445,24.0,0
258.56118532119604,routine,3.951760667138558,0.7177220910631077,4.669482758201665,24.0,0
258.36311223453345,routine,4.096961704279124,0.7177220910631077,4.814683795342232,24.0,0
258.17480904916613,routine,4.19423649981627,0.9736079806575129,5.167844480473783,24.0,0
260.068738533178,routine,3.4407658355963235,0.3513634158531591,3.7921292514494827,24.0,0
258.6214660060725,routine,4.0948523757481325,0.6659438790168433,4.760796254764976,24.0,0
263.1082265773296,emergency,0.0,0.4353805806418104,0.4353805806418104,4.0,0
259.74908056810017,routine,3.7524566339380385,0.3190807107927397,4.071537344730778,24.0,0
259.4794237911703,routine,3.860566735655084,0.3190807107927397,4.179647446447824,24.0,0
264.3550418248936,seasonal,0.08956211191247121,0.3513634158531591,0.4409255277656303,12.0,0
260.98169667568027,routine,2.9346327264412935,0.7919122426127785,3.726544969054072,24.0,0
264.5081763437028,seasonal,0.011552216672669147,0.6599100317467526,0.6714622484194217,12.0,0
262.8212567792851,routine,1.4200229112107081,0.9736079806575129,2.393630891868221,24.0,0
262.9248132323282,routine,1.773132859370321,0.7177220910631077,2.4908549504334285,24.0,0
263.6150172129107,routine,1.198430265894956,1.0255029253980703,2.2239331912930265,24.0,0
264.985155065307,routine,0.0,1.0255029253980703,1.0255029253980703,24.0,0
264.99064618258467,routine,0.4237517101474282,0.4353805806418104,0.8591322907892386,24.0,0
266.64519886911347,critical,0.0,0.4353805806418104,0.4353805806418104,2.0,0
267.24294006710653,routine,0.0,0.9736079806575129,0.9736079806575129,24.0,0
268.2312924530562,seasonal,0.0,0.6659438790168433,0.6659438790168433,12.0,0
268.0944762554537,routine,0.0,0.6599100317467526,0.6599100317467526,24.0,0
268.4787289527917,emergency,0.0,0.6659438790168433,0.6659438790168433,4.0,0
268.7906614640851,seasonal,0.0,0.6599100317467526,0.6599100317467526,12.0,0
270.24977701505975,routine,0.0,0.3190807107927397,0.3190807107927397,24.0,0
270.29786809714943,critical,0.0,0.4353805806418104,0.4353805806418104,2.0,0
270.82387688305477,critical,0.0,0.3190807107927397,0.3190807107927397,2.0,0
270.82424865647175,routine,0.0,0.668926378609784,0.668926378609784,24.0,0
270.7919652748551,seasonal,0.0,1.0255029253980703,1.0255029253980703,12.0,0
271.0651521699411,seasonal,0.0,0.7919122426127785,0.7919122426127785,12.0,0
272.3296017084931,seasonal,0.012841430221669725,0.4353805806418104,0.4482220108634801,12.0,0
271.9897245564067,routine,0.0,0.3190807107927397,0.3190807107927397,24.0,0
272.58995646358073,critical,0.0,0.3190807107927397,0.3190807107927397,2.0,0
271.6661370725183,seasonal,0.0,0.6599100317467526,0.6599100317467526,12.0,0
272.07128958171336,routine,0.0,0.7177220910631077,0.7177220910631077,24.0,0
272.1792433957585,routine,0.0,0.6599100317467526,0.6599100317467526,24.0,0
272.0663843310251,critical,0.0,0.7919122426127785,0.7919122426127785,2.0,0
272.34534353537003,seasonal,0.2969908760701969,0.6599100317467526,0.9569009078169495,12.0,0
273.0772800833873,seasonal,0.142793988946039,0.3190807107927397,0.4618746997387787,12.0,0
272.3073810469952,routine,1.0974506810685511,0.7177220910631077,1.8151727721316588,24.0,0
272.5969477775427,routine,1.135514275795856,0.4353805806418104,1.5708948564376666,24.0,0
273.6593065920938,critical,0.0,0.6659438790168433,0.6659438790168433,2.0,0
272.7035161881925,routine,1.0348056287397753,0.7919122426127785,1.8267178713525538,24.0,0
272.50131860225395,routine,1.005150081043098,0.6659438790168433,1.6710939600599413,24.0,0
273.4606866732163,critical,0.0,1.0255029253980703,1.0255029253980703,2.0,0
272.5430410778759,routine,1.0892918931632494,0.7177220910631077,1.807013984226357,24.0,0
274.0683645733359,seasonal,0.30337526413944715,0.6659438790168433,0.9693191431562904,12.0,0
274.2873911673564,seasonal,0.7385963962081519,0.4353805806418104,1.1739769768499624,12.0,0
274.11106819770174,seasonal,0.6516982282287813,0.4353805806418104,1.0870788088705918,12.0,0
274.6938435812458,emergency,0.0,1.0255029253980703,1.0255029253980703,4.0,0
274.20311052878503,seasonal,0.5708562926504328,0.6599100317467526,1.2307663243971854,12.0,0
272.7086409544168,routine,2.725120742802744,0.3513634158531591,3.0764841586559033,24.0,0
275.72600905087495,critical,0.0,0.3190807107927397,0.3190807107927397,2.0,0
275.66930294802705,seasonal,0.22447789565325138,0.3190807107927397,0.5435586064459911,12.0,0
275.9183392725898,seasonal,0.5219878876739585,0.3513634158531591,0.8733513035271177,12.0,0
275.5417532617887,seasonal,0.1804179996311177,0.6659438790168433,0.846361878647961,12.0,0
275.806111922096,seasonal,0.516756029892349,0.3190807107927397,0.8358367406850887,12.0,0
274.7652599160641,seasonal,0.6511697568968771,1.0255029253980703,1.6766726822949474,12.0,0
275.9394053238292,seasonal,0.8866793025283641,0.3513634158531591,1.2380427183815232,12.0,0
276.84538732257096,seasonal,0.06530147980311085,0.3190807107927397,0.38438219059585055,12.0,0
273.27230592636573,routine,4.504054258355154,0.3513634158531591,4.855417674208313,24.0,0
273.20619185191964,routine,4.530138412092242,0.4353805806418104,4.965518992734053,24.0,0
277.4352861952021,seasonal,0.042685462830093,0.9736079806575129,1.0162934434876059,12.0,0
277.26780526681154,seasonal,0.1621527001850609,1.0255029253980703,1.1876556255831312,12.0,0
277.67289725493583,emergency,0.0,0.6659438790168433,0.6659438790168433,4.0,0
276.92234947295736,seasonal,0.4476776326057461,0.9736079806575129,1.421285613263259,12.0,0
277.9559754234687,seasonal,0.5960985562887231,0.4353805806418104,1.0314791369305336,12.0,0
273.395526634614,routine,4.4660299628751545,0.6599100317467526,5.125939994621907,24.0,0
278.4254671579118,critical,0.0,0.668926378609784,0.668926378609784,2.0,0
278.4307236326778,critical,0.0,0.6659438790168433,0.6659438790168433,2.0,0
279.27563063783646,emergency,0.0,0.3513634158531591,0.3513634158531591,4.0,0
278.8160502404883,critical,0.0,0.668926378609784,0.668926378609784,2.0,0
278.19384111381413,seasonal,0.9177722650606484,0.3190807107927397,1.2368529758533882,12.0,0
278.3471944159662,seasonal,0.9160166292745657,0.4353805806418104,1.3513972099163762,12.0,0
280.08812557959965,emergency,0.0,0.3190807107927397,0.3190807107927397,4.0,0
278.09899428216164,seasonal,0.8918248296925526,1.0255029253980703,1.917327755090623,12.0,0
278.1105821263631,seasonal,0.9160000311966883,1.0255029253980703,1.9415029565947586,12.0,0
279.1525573024654,seasonal,0.5451079185312437,0.3513634158531591,0.8964713343844029,12.0,0
279.36219044249503,seasonal,0.3954677236535531,0.4353805806418104,0.8308483042953635,12.0,0
278.38518920582493,seasonal,1.3057341652233845,0.6599100317467526,1.965644196970137,12.0,0
279.6400836133636,seasonal,0.7480342685960295,0.4353805806418104,1.18341484923784,12.0,0
280.03583529119004,seasonal,0.6848274771307388,0.668926378609784,1.3537538557405226,12.0,0
281.47888479365065,seasonal,0.000963789553964034,0.3190807107927397,0.32004450034670373,12.0,0
280.33041237401585,seasonal,0.8883375248323659,0.4353805806418104,1.3237181054741765,12.0,0
281.3710368934865,seasonal,0.07681100867898749,0.3190807107927397,0.3958917194717272,12.0,0
280.8977732696286,emergency,0.0,0.4353805806418104,0.4353805806418104,4.0,0
281.3563252790514,emergency,0.0,0.3513634158531591,0.3513634158531591,4.0,0
281.1627362960386,seasonal,0.2637045079706013,0.668926378609784,0.9326308865803853,12.0,0
273.50508003132114,routine,8.002046205640738,0.3190807107927397,8.321126916433478,24.0,0
281.3833231674119,critical,0.0,1.0255029253980703,1.0255029253980703,2.0,0
282.67709961818304,critical,0.0,0.3513634158531591,0.3513634158531591,2.0,0
281.7902118566733,seasonal,0.7292134743121323,0.3513634158531591,1.0805768901652915,12.0,0
280.40707041202626,seasonal,1.0176836816630725,0.9736079806575129,1.9912916623205854,12.0,0
281.6996836879619,seasonal,0.5393658027379047,0.6599100317467526,1.1992758344846572,12.0,0
281.90059167206095,seasonal,0.6444538340078338,0.668926378609784,1.3133802126176177,12.0,0
281.9230461202555,seasonal,0.656345472963153,0.7177220910631077,1.3740675640262607,12.0,0
282.4718659558455,seasonal,0.41595119592562924,0.6396923088485589,1.0556435047741881,12.0,0
282.51026789772135,seasonal,0.3973805789029825,0.9736079806575129,1.3709885595604954,12.0,0
283.2718024345211,critical,0.0,0.6659438790168433,0.6659438790168433,2.0,0
282.69081498298334,seasonal,0.9980448572343903,0.6659438790168433,1.6639887362512336,12.0,0
273.54868997311627,routine,10.14395913085741,0.6599100317467526,10.803869162604164,24.0,0
283.21227944530216,emergency,0.0,0.7177220910631077,0.7177220910631077,4.0,0
283.5420425872422,critical,0.0,0.6659438790168433,0.6659438790168433,2.0,0
274.2730448292402,routine,10.383875439696624,0.3190807107927397,10.702956150489364,24.0,0
273.99201692234067,routine,10.160025660086148,0.3513634158531591,10.511389075939308,24.0,0
274.01970880194887,routine,10.30105508512844,0.3190807107927397,10.620135795921179,24.0,0
284.03927249631954,critical,0.0,1.0255029253980703,1.0255029253980703,2.0,0
284.5939540852522,seasonal,0.050631261193473165,0.4353805806418104,0.48601184183528356,12.0,0
284.58549682228045,critical,0.0,0.6599100317467526,0.6599100317467526,2.0,0
273.896858961267,routine,10.00844202053571,1.0255029253980703,11.033944945933781,24.0,0
274.38333989544395,routine,10.624141732521935,0.3190807107927397,10.943222443314674,24.0,0
274.5397008131698,routine,10.495194477494067,0.6659438790168433,11.16113835651091,24.0,0
275.04614315733807,routine,10.844888520355823,0.3513634158531591,11.196251936208983,24.0,0
275.03088765818194,routine,10.81391790243191,0.3513634158531591,11.16528131828507,24.0,0
285.82887372348137,critical,0.0,0.3513634158531591,0.3513634158531591,2.0,0
274.7465312804119,routine,11.071005933954666,0.7919122426127785,11.862918176567444,24.0,0
274.5768600480487,routine,11.09841507497606,0.7919122426127785,11.890327317588838,24.0,0
275.50401623826417,routine,11.311756218222342,0.3190807107927397,11.630836929015082,24.0,0
275.1995052579816,routine,11.019228760337398,0.7919122426127785,11.811141002950176,24.0,0
275.25390841800015,routine,11.13378497504823,0.6659438790168433,11.799728854065073,24.0,0
276.66455209024383,routine,10.867145998671845,0.3190807107927397,11.186226709464584,24.0,0
275.7518350836055,routine,11.166655864163431,0.9736079806575129,12.140263844820943,24.0,0
287.40961732448676,critical,0.0,0.6599100317467526,0.6599100317467526,2.0,0
276.3698030885069,routine,10.942186421094277,0.6659438790168433,11.608130300111121,24.0,0
277.39933443540264,routine,10.789914761206944,0.668926378609784,11.458841139816728,24.0,0
277.99894026849387,routine,10.587991693264883,0.3190807107927397,10.907072404057622,24.0,0
277.7549514837087,routine,10.50163961183847,0.7919122426127785,11.293551854451248,24.0,0
287.81355719123763,seasonal,0.04399398687417033,0.6599100317467526,0.7039040186209229,12.0,0
288.1093468734475,critical,0.0,0.7919122426127785,0.7919122426127785,2.0,0
276.7798158218034,routine,11.400197506581321,0.4353805806418104,11.835578087223132,24.0,0
278.41763972312145,routine,10.171589562588792,0.9736079806575129,11.145197543246304,24.0,0
278.6033550183783,routine,10.524657499722537,0.3513634158531591,10.876020915575696,24.0,0
279.69568253943606,routine,9.911361098678071,0.4353805806418104,10.346741679319882,24.0,0
290.21980864275054,critical,0.0,0.3513634158531591,0.3513634158531591,2.0,0
280.75459399017376,routine,9.665772366673878,0.4353805806418104,10.101152947315688,24.0,0
278.64522990431215,routine,10.901588548533653,1.0255029253980703,11.927091473931723,24.0,0
280.82048585661744,routine,9.705702264981653,0.4353805806418104,10.141082845623464,24.0,0
279.8699254479341,routine,9.994507533729632,0.6599100317467526,10.654417565476384,24.0,0
280.59803647804847,routine,9.339178618785922,0.6599100317467526,9.999088650532675,24.0,0
280.2883816972487,routine,9.621409993964164,0.6599100317467526,10.281320025710917,24.0,0
283.21957240062875,routine,8.68142953405885,0.3190807107927397,9.00051024485159,24.0,0
282.75686084639955,routine,9.0642811297933,0.3513634158531591,9.41564454564646,24.0,0
281.79995925535263,routine,9.899946745078466,0.3513634158531591,10.251310160931626,24.0,0
280.8838203353424,routine,10.231022363104103,1.0255029253980703,11.256525288502173,24.0,0
281.9170667648768,routine,9.890219361229299,0.6659438790168433,10.556163240246143,24.0,0
282.31261830068075,routine,9.49849178012255,0.6599100317467526,10.158401811869302,24.0,0
281.22578096305966,routine,10.45223672199063,1.0255029253980703,11.4777396473887,24.0,0
293.1768901262151,critical,0.0,0.3190807107927397,0.3190807107927397,2.0,0
292.4279535586844,emergency,0.0,0.668926378609784,0.668926378609784,4.0,0
292.2467393140794,seasonal,0.654386748973252,0.668926378609784,1.3233131275830359,12.0,0
283.62274609839847,routine,9.636305895454484,0.668926378609784,10.305232274064268,24.0,0
283.4652908170539,routine,9.704875997836382,0.668926378609784,10.373802376446166,24.0,0
284.4122015029584,routine,9.040942920324937,0.6659438790168433,9.706886799341781,24.0,0
283.91575844851855,routine,9.502113937431261,0.6599100317467526,10.162023969178014,24.0,0
283.23074750819774,routine,9.72292989643131,0.668926378609784,10.391856275041095,24.0,0
283.84765089890925,routine,9.547732788783208,0.6599100317467526,10.20764282052996,24.0,0
284.52104372099467,routine,10.08232870483829,0.4353805806418104,10.5177092854801,24.0,0
294.4756523412387,critical,0.0,0.3190807107927397,0.3190807107927397,2.0,0
284.4727664561114,routine,10.059379067565715,0.4353805806418104,10.494759648207525,24.0,0
288.71131141762976,routine,6.5043592834380775,0.4353805806418104,6.939739864079888,24.0,0
287.7608813429715,routine,7.16534457692984,0.3513634158531591,7.516707992782999,24.0,0
285.8497902808581,routine,8.924861728594976,0.7919122426127785,9.716773971207754,24.0,0
286.76236797057743,routine,8.159673797732296,0.9736079806575129,9.133281778389808,24.0,0
294.69735897837234,seasonal,0.019840705721321683,1.0255029253980703,1.045343631119392,12.0,0
292.8331961753122,routine,2.8157446934755512,0.6659438790168433,3.4816885724923945,24.0,0
295.94202408945,routine,0.4262935597860178,0.7177220910631077,1.1440156508491255,24.0,0
296.08979649954273,routine,0.44293398726682653,0.6396923088485589,1.0826262961153854,24.0,0
296.47900248896985,routine,0.48332115695569655,0.4353805806418104,0.918701737597507,24.0,0
296.4766274633808,critical,0.0,0.7919122426127785,0.7919122426127785,2.0,0
295.2540247892331,routine,1.0333966925740583,0.7919122426127785,1.8253089351868368,24.0,0
296.56588016046305,seasonal,0.07588821576820237,0.6659438790168433,0.7418320947850456,12.0,0
296.45197064524694,routine,0.5102061902226183,0.3513634158531591,0.8615696060757774,24.0,0
297.0549230293041,seasonal,0.2491563694695742,0.9736079806575129,1.222764350127087,12.0,0
298.2325723018529,critical,0.0,0.3190807107927397,0.3190807107927397,2.0,0
298.3165957873979,critical,0.0,0.3513634158531591,0.3513634158531591,2.0,0
297.243930865037,routine,1.1520391466934257,0.668926378609784,1.8209655253032095,24.0,0
297.95558199399375,emergency,0.0,0.6396923088485589,0.6396923088485589,4.0,0
297.74289809765094,seasonal,0.6120971321929005,0.3190807107927397,0.9311778429856402,12.0,0
297.66155341915976,seasonal,0.11469517503940097,0.9736079806575129,1.0883031556969138,12.0,0
298.3009369023463,critical,0.0,0.9736079806575129,0.9736079806575129,2.0,0
297.86828336626644,routine,0.8281668351357325,0.6599100317467526,1.488076866882485,24.0,0
297.6906871703741,routine,0.8098350284058142,0.6396923088485589,1.449527337254373,24.0,0
297.4344334488246,routine,0.9666337374741829,0.9736079806575129,1.9402417181316958,24.0,0
298.4602936651891,routine,0.7049296570725687,0.6659438790168433,1.370873536089412,24.0,0
299.73967591166286,seasonal,0.30104492927239335,0.3513634158531591,0.6524083451255525,12.0,0
299.2257864718821,emergency,0.45823491774024205,0.6599100317467526,1.1181449494869946,4.0,0
298.93680910502763,critical,0.0,0.9736079806575129,0.9736079806575129,2.0,0
299.96749506855707,seasonal,0.08407673501750423,0.3513634158531591,0.43544015087066335,12.0,0
298.51197258228,routine,1.6566351173754583,0.3190807107927397,1.9757158281681981,24.0,0
299.3564595103108,critical,0.12902893096173784,0.9736079806575129,1.1026369116192507,2.0,0
300.2638272922869,seasonal,0.1957643212475091,0.3513634158531591,0.5471277371006682,12.0,0
299.68386029549924,seasonal,0.13610978478237712,0.6659438790168433,0.8020536637992204,12.0,0
299.51576291015357,routine,1.509083821751858,0.6396923088485589,2.148776130600417,24.0,0
299.01990314035197,routine,1.465759028905154,0.6659438790168433,2.1317029079219973,24.0,0
301.525166885381,emergency,0.0,0.3513634158531591,0.3513634158531591,4.0,0
299.0516615641669,routine,1.8693995809158537,0.6599100317467526,2.5293096126626065,24.0,0
300.5418758274785,routine,1.183866183713235,0.3190807107927397,1.5029468945059747,24.0,0
300.2097852538854,routine,1.241925295674946,0.3190807107927397,1.5610060064676858,24.0,0
299.92280673685997,routine,1.3247856831729905,0.6659438790168433,1.9907295621898338,24.0,0
301.47365608500394,seasonal,0.1384457147281637,0.668926378609784,0.8073720933379477,12.0,0
302.13255684172725,seasonal,0.3748986786549722,0.7177220910631077,1.0926207697180799,12.0,0
302.29954559055096,routine,0.5718895609645074,0.4353805806418104,1.007270141606318,24.0,0
300.5710747722994,routine,1.9561071880229974,0.7919122426127785,2.748019430635776,24.0,0
301.6984590802503,routine,1.030933456518369,0.9736079806575129,2.004541437175882,24.0,0
302.29960021498,routine,0.5993936973155201,0.3190807107927397,0.9184744081082598,24.0,0
302.34661467626046,routine,0.6413789172739257,0.7177220910631077,1.3591010083370334,24.0,0
302.3944954197165,routine,0.6105623708905341,0.9736079806575129,1.584170351548047,24.0,0
304.1667585425615,critical,0.0,0.3190807107927397,0.3190807107927397,2.0,0
304.18220145903405,critical,0.0,0.3190807107927397,0.3190807107927397,2.0,0
303.9676562916154,emergency,0.0,0.3513634158531591,0.3513634158531591,4.0,0
302.61899856640355,routine,1.2707533957016608,0.6659438790168433,1.936697274718504,24.0,0
304.400115581224,seasonal,0.06026686674448456,0.3190807107927397,0.37934757753722426,12.0,0
304.4073915025,critical,0.0,0.3513634158531591,0.3513634158531591,2.0,0
304.30619567728166,critical,0.0,0.6599100317467526,0.6599100317467526,2.0,0
304.0260110836113,seasonal,0.2593468627782727,0.7177220910631077,0.9770689538413804,12.0,0
303.060066605304,routine,1.5971101232793217,0.6396923088485589,2.2368024321278805,24.0,0
302.7654483134754,routine,1.7019935805503792,0.6659438790168433,2.3679374595672225,24.0,0
304.54813307783684,seasonal,0.09563323684801617,0.668926378609784,0.7645596154578002,12.0,0
305.49893089594104,emergency,0.0,0.3513634158531591,0.3513634158531591,4.0,0
304.21020546773343,seasonal,0.24114953436253472,0.9736079806575129,1.2147575150200476,12.0,0
304.6693485655748,seasonal,0.727965399776167,0.6659438790168433,1.3939092787930103,12.0,0
305.58591289777723,critical,0.0,0.6659438790168433,0.6659438790168433,2.0,0
304.41120284091056,emergency,0.7855243125969196,0.9736079806575129,1.7591322932544324,4.0,0
304.89914081120196,seasonal,0.8085292470906325,0.6599100317467526,1.468439278837385,12.0,0
305.7594577415576,critical,0.046424459572506294,0.6659438790168433,0.7123683385893496,2.0,0
305.88941861837384,seasonal,0.2654343408503905,0.6659438790168433,0.9313782198672338,12.0,0
306.23315448630376,seasonal,0.17170504746576398,0.4353805806418104,0.6070856281075744,12.0,0
305.54506670305335,seasonal,0.4946778750679073,0.7919122426127785,1.2865901176806858,12.0,0
303.3757039887228,routine,2.8088078736293483,0.6599100317467526,3.468717905376101,24.0,0
306.4625219382576,seasonal,0.13251984873585343,0.7919122426127785,0.9244320913486319,12.0,0
307.20036665834647,critical,0.0,0.4353805806418104,0.4353805806418104,2.0,0
303.48071684362696,routine,3.988771810475839,0.4353805806418104,4.42415239111765,24.0,0
306.9112256337619,seasonal,0.5088141365832257,0.3513634158531591,0.8601775524363848,12.0,0
306.5312661744472,seasonal,0.32610819426128046,0.6659438790168433,0.9920520732781237,12.0,0
303.7137135569927,routine,3.84184807775938,0.6599100317467526,4.501758109506133,24.0,0
304.8084412126015,routine,3.1826376284406024,0.6599100317467526,3.842547660187355,24.0,0
304.0907990880568,routine,3.860761685198611,0.3190807107927397,4.179842395991351,24.0,0
305.09929363891115,routine,3.5141281972681213,0.3190807107927397,3.833208908060861,24.0,0
304.95105284702845,routine,3.2766149495594163,0.6659438790168433,3.9425588285762596,24.0,0
305.1213002069182,routine,3.7331355091104115,0.3513634158531591,4.084498924963571,24.0,0
306.1869435328305,routine,3.1658652284361892,0.668926378609784,3.834791607045973,24.0,0
306.1479559719413,routine,2.908365507214114,0.668926378609784,3.577291885823898,24.0,0
309.19462391084244,critical,0.0,0.3190807107927397,0.3190807107927397,2.0,0
305.1232184170467,routine,3.7914267345971666,1.0255029253980703,4.816929659995237,24.0,0
306.2864868579266,routine,3.2848918094173882,0.668926378609784,3.953818188027172,24.0,0
309.6616789464646,seasonal,0.1931773013245106,0.6599100317467526,0.8530873330712632,12.0,0
306.6455828588852,routine,4.018568494155488,0.3513634158531591,4.369931910008647,24.0,0
309.7468482374022,seasonal,0.3510315768800183,0.6396923088485589,0.9907238857285772,12.0,0
306.41814477720425,routine,4.033639175776557,0.4353805806418104,4.469019756418367,24.0,0
306.66118018206623,routine,4.247144497334489,0.6396923088485589,4.886836806183048,24.0,0
310.83681577517984,seasonal,0.027962482091595575,0.4353805806418104,0.463343062733406,12.0,0
307.6250880430701,routine,3.611460724943413,0.4353805806418104,4.0468413055852235,24.0,0
311.1246551983945,emergency,0.0,0.6599100317467526,0.6599100317467526,4.0,0
308.8922344721997,routine,3.1327887611639653,0.3513634158531591,3.4841521770171244,24.0,0
311.34319957527396,critical,0.0,0.6659438790168433,0.6659438790168433,2.0,0
311.42124118888336,critical,0.0,0.9736079806575129,0.9736079806575129,2.0,0
307.7869453281029,routine,3.9851701183791306,0.7919122426127785,4.777082360991909,24.0,0
311.7937136282996,seasonal,0.20976525587809647,0.6396923088485589,0.8494575647266553,12.0,0
309.9134532322577,routine,2.326330846950782,0.7177220910631077,3.0440529380138894,24.0,0
310.35094205991976,routine,2.142548554252585,0.7177220910631077,2.8602706453156923,24.0,0
309.6460835419646,routine,2.381625600725897,0.7919122426127785,3.173537843338676,24.0,0
312.85881615823604,routine,0.21501962258832918,0.6396923088485589,0.8547119314368881,24.0,0
310.7004426115829,routine,1.9504806596913795,0.7919122426127785,2.742392902304158,24.0,0
313.9709495701505,routine,0.0,0.3190807107927397,0.3190807107927397,24.0,0
314.15274218576354,seasonal,0.0,0.3513634158531591,0.3513634158531591,12.0,0
315.4468051092813,routine,0.0,0.6599100317467526,0.6599100317467526,24.0,0
315.6212512155855,seasonal,0.0,0.6659438790168433,0.6659438790168433,12.0,0
316.47423637293736,critical,0.0,1.0255029253980703,1.0255029253980703,2.0,0
317.24987505564826,routine,0.0,0.668926378609784,0.668926378609784,24.0,0
317.06780789029017,seasonal,0.0,0.3513634158531591,0.3513634158531591,12.0,0
317.1647894864821,routine,0.0,0.9736079806575129,0.9736079806575129,24.0,0
317.26796931182736,routine,0.0,0.9736079806575129,0.9736079806575129,24.0,0
318.44459827600434,routine,0.0,0.3190807107927397,0.3190807107927397,24.0,0
318.2149506237409,critical,0.0,0.7919122426127785,0.7919122426127785,2.0,0
318.57522064751345,emergency,0.0,0.6396923088485589,0.6396923088485589,4.0,0
318.6739667883809,seasonal,0.0,0.6396923088485589,0.6396923088485589,12.0,0
318.40271002045137,seasonal,0.0,0.6659438790168433,0.6659438790168433,12.0,0
318.8272684589244,routine,0.0,0.6396923088485589,0.6396923088485589,24.0,0
319.0393170937278,routine,0.0,0.6659438790168433,0.6659438790168433,24.0,0
319.49616198853266,routine,0.0,0.6659438790168433,0.6659438790168433,24.0,0
320.51851932760127,routine,0.0,0.3190807107927397,0.3190807107927397,24.0,0
319.73509836076533,routine,0.0,1.0255029253980703,1.0255029253980703,24.0,0
321.2601029760443,routine,0.0,0.3190807107927397,0.3190807107927397,24.0,0
321.00876016156303,seasonal,0.0,0.6599100317467526,0.6599100317467526,12.0,0
320.8276614223961,routine,0.0,0.6396923088485589,0.6396923088485589,24.0,0
321.66038696040846,routine,0.21632153021454315,0.3513634158531591,0.5676849460677023,24.0,0
321.2108644399506,emergency,0.0,0.6659438790168433,0.6659438790168433,4.0,0
321.4895526125474,routine,0.0,0.7919122426127785,0.7919122426127785,24.0,0
321.0566296766136,routine,0.0,0.6659438790168433,0.6659438790168433,24.0,0
320.9173202987384,critical,0.0,1.0255029253980703,1.0255029253980703,2.0,0
321.73749454773963,seasonal,0.0775073409127458,0.9736079806575129,1.0511153215702587,12.0,0
322.0394825914345,emergency,0.0,0.4353805806418104,0.4353805806418104,4.0,0
322.27060981287883,seasonal,0.1015979560201572,0.3513634158531591,0.4529613718733163,12.0,0
321.8922297109483,seasonal,0.3228972815571183,0.6659438790168433,0.9888411605739615,12.0,0
323.1725649747884,emergency,0.0,0.3190807107927397,0.3190807107927397,4.0,0
323.1482225121094,emergency,0.0,0.4353805806418104,0.4353805806418104,4.0,0
322.74714150138834,seasonal,0.16590675336533423,0.3513634158531591,0.5172701692184933,12.0,0
321.78581021814915,routine,0.7423746766717159,0.668926378609784,1.4113010552814997,24.0,0
323.3529574427183,critical,0.0,0.4353805806418104,0.4353805806418104,2.0,0
322.7884942202437,seasonal,0.2203143743766418,0.7177220910631077,0.9380364654397495,12.0,0
323.05971681815214,seasonal,0.027012414920420724,0.9736079806575129,1.0006203955779336,12.0,0
322.23002779808286,routine,1.5830662863594398,0.668926378609784,2.2519926649692237,24.0,0
323.81580767860794,critical,0.0,0.4353805806418104,0.4353805806418104,2.0,0
323.65183857925456,emergency,0.0,0.7177220910631077,0.7177220910631077,4.0,0
324.2701793752821,seasonal,0.20491385521120264,0.3513634158531591,0.5562772710643618,12.0,0
321.84453542688,routine,1.925204847639293,0.7919122426127785,2.7171170902520716,24.0,0
322.73030416926423,routine,1.4706021498123505,0.3513634158531591,1.8219655656655096,24.0,0
323.8609049115449,emergency,0.4596122401096068,1.0255029253980703,1.485115165507677,4.0,0
323.217937754557,routine,1.9014231884763717,0.4353805806418104,2.336803769118182,24.0,0
324.65089882321917,critical,0.0,0.7177220910631077,0.7177220910631077,2.0,0
324.7502096429553,emergency,0.10381473757064441,0.6599100317467526,0.763724769317397,4.0,0
322.8023493971296,routine,1.7798245933319663,1.0255029253980703,2.805327518730037,24.0,0
322.98811227226514,routine,2.0109618975664603,0.6396923088485589,2.650654206415019,24.0,0
325.40948552797533,seasonal,0.16521460335911797,0.3513634158531591,0.5165780192122771,12.0,0
325.15067992660545,seasonal,0.26738546143525355,0.3190807107927397,0.5864661722279932,12.0,0
324.25836184473053,routine,1.571349372444729,0.3190807107927397,1.8904300832374688,24.0,0
325.90734227731355,seasonal,0.3770709119947355,0.4353805806418104,0.8124514926365459,12.0,0
323.34407223855345,routine,2.403697920478237,0.7919122426127785,3.1956101630910156,24.0,0
326.10554845049626,seasonal,0.3590558370301551,0.7177220910631077,1.0767779280932628,12.0,0
324.8729329791476,routine,1.7651077012062615,0.7177220910631077,2.482829792269369,24.0,0
324.6708164491923,routine,1.9177621429657847,0.7919122426127785,2.7096743855785634,24.0,0
324.63386394967097,routine,1.9070056856546103,0.668926378609784,2.575932064264394,24.0,0
325.04904100563976,routine,2.4552115687477,0.4353805806418104,2.8905921493895104,24.0,0
327.0923038610825,critical,0.0,1.0255029253980703,1.0255029253980703,2.0,0
326.8775918416153,seasonal,0.30846476044695237,0.4353805806418104,0.7438453410887628,12.0,0
327.5896581977991,seasonal,0.19696197820553607,0.3513634158531591,0.5483253940586952,12.0,0
325.46956401154176,routine,2.5774982029727767,0.668926378609784,3.2464245815825605,24.0,0
328.07419836934076,emergency,0.0,0.3513634158531591,0.3513634158531591,4.0,0
327.4162768796381,routine,0.9864437413614837,0.6396923088485589,1.6261360502100426,24.0,0
328.5137661645851,emergency,0.0,0.3513634158531591,0.3513634158531591,4.0,0
328.24565495095226,emergency,0.0,1.0255029253980703,1.0255029253980703,4.0,0
328.0231512070939,routine,0.5702056911289901,0.6599100317467526,1.2301157228757427,24.0,0
328.64517499078727,seasonal,0.3287562069542105,0.668926378609784,0.9976825855639945,12.0,0
328.75709668153195,critical,0.0,0.6599100317467526,0.6599100317467526,2.0,0
327.611265586277,routine,0.9273212278023379,0.7919122426127785,1.7192334704151164,24.0,0
328.9673615205127,emergency,0.0,1.0255029253980703,1.0255029253980703,4.0,0
327.58879261061855,routine,0.8479942796335536,1.0255029253980703,1.8734972050316239,24.0,0
329.2494697392678,seasonal,0.4473054451548819,0.668926378609784,1.1162318237646658,12.0,0
328.9816600468171,seasonal,0.5729101327927992,0.3513634158531591,0.9242735486459583,12.0,0
329.9735534052402,seasonal,0.38073507361741576,0.3513634158531591,0.7320984894705749,12.0,0
328.91673597725236,seasonal,0.2815323140537771,1.0255029253980703,1.3070352394518474,12.0,0
330.25077520004345,emergency,0.0,0.6599100317467526,0.6599100317467526,4.0,0
329.80953358453036,emergency,0.0,0.6599100317467526,0.6599100317467526,4.0,0
329.3009205483999,seasonal,0.8717221088575684,0.7177220910631077,1.589444199920676,12.0,0
329.86727290587777,critical,0.0,0.7919122426127785,0.7919122426127785,2.0,0
331.15654690095056,seasonal,0.10778477178502044,0.3190807107927397,0.42686548257776014,12.0,0
330.8712239752972,seasonal,0.12276724762784852,0.4353805806418104,0.5581478282696589,12.0,0
330.012589467067,seasonal,0.6633568295679311,0.668926378609784,1.332283208177715,12.0,0
328.1830298600618,routine,3.1669072725951537,0.3513634158531591,3.518270688448313,24.0,0
330.1043631215224,seasonal,0.7324185483666952,0.6599100317467526,1.3923285801134477,12.0,0
328.5214248121249,routine,2.833015306453831,0.6659438790168433,3.498959185470674,24.0,0
331.4890729708639,seasonal,0.4912378980130825,0.3190807107927397,0.8103186088058222,12.0,0
331.70329643393745,emergency,0.0,0.4353805806418104,0.4353805806418104,4.0,0
329.73281241832586,routine,3.052114860532015,0.3513634158531591,3.403478276385174,24.0,0
329.63189220715435,routine,2.9620710037082745,0.3513634158531591,3.3134344195614336,24.0,0
332.41976483063166,critical,0.0,0.4353805806418104,0.4353805806418104,2.0,0
329.83184839873377,routine,3.113881186229378,0.3190807107927397,3.4329618970221176,24.0,0
329.72005527639465,routine,2.958028237399617,0.9736079806575129,3.93163621805713,24.0,0
329.019129154812,routine,3.319199731806748,1.0255029253980703,4.344702657204818,24.0,0
329.25542772722747,routine,3.1243063600340975,0.9736079806575129,4.09791434069161,24.0,0
332.8130265521443,seasonal,0.07499044181980707,0.6599100317467526,0.7349004735665596,12.0,0
330.5671362457636,routine,3.5404087312501247,0.3190807107927397,3.8594894420428645,24.0,0
330.18078463621436,routine,3.5839861263255557,0.6396923088485589,4.223678435174115,24.0,0
330.38615595905645,routine,3.600310869220607,0.668926378609784,4.269237247830391,24.0,0
332.8630974725769,routine,1.8501708215780468,0.3513634158531591,2.201534237431206,24.0,0
335.198366090487,seasonal,0.1697264625582875,0.3513634158531591,0.5210898784114466,12.0,0
334.76740311117686,seasonal,0.17327490374321997,0.6659438790168433,0.8392187827600632,12.0,0
332.7113747786888,routine,1.8149296976544633,1.0255029253980703,2.840432623052534,24.0,0
330.94529682378385,routine,3.5228013958559927,1.0255029253980703,4.548304321254063,24.0,0
335.2449260706982,seasonal,0.3498758567799314,0.668926378609784,1.0188022353897153,12.0,0
332.8790820536981,routine,2.9326635785567987,0.7919122426127785,3.7245758211695774,24.0,0
333.73813232908003,routine,2.9533886410672494,0.4353805806418104,3.38876922170906,24.0,0
334.6032287835231,routine,2.1831232919961963,0.3513634158531591,2.5344867078493554,24.0,0
335.94386403026954,seasonal,0.296629159080112,1.0255029253980703,1.3221320844781823,12.0,0
334.64932682058424,routine,2.230301969943582,0.6396923088485589,2.869994278792141,24.0,0
335.18522084481583,routine,1.9640741124831607,0.6599100317467526,2.6239841442299134,24.0,0
336.3910171146848,seasonal,0.12859793864322455,0.6396923088485589,0.7682902474917834,12.0,0
335.23822073649814,routine,2.0267264789648607,0.6599100317467526,2.6866365107116135,24.0,0
338.9013742472514,routine,0.0,0.668926378609784,0.668926378609784,24.0,0
339.7141801370478,seasonal,0.0,0.6396923088485589,0.6396923088485589,12.0,0
340.54390145236135,critical,0.0,0.6659438790168433,0.6659438790168433,2.0,0
341.3720237022702,routine,0.0,0.6599100317467526,0.6599100317467526,24.0,0
341.9583998278555,critical,0.0,0.4353805806418104,0.4353805806418104,2.0,0
341.911497228281,routine,0.0,0.7177220910631077,0.7177220910631077,24.0,0
342.08838738348396,routine,0.0,0.668926378609784,0.668926378609784,24.0,0
341.5345202182813,routine,0.0,1.0255029253980703,1.0255029253980703,24.0,0
342.00953655875816,routine,0.0,0.9736079806575129,0.9736079806575129,24.0,0
342.2163233426249,routine,0.0,0.3190807107927397,0.3190807107927397,24.0,0
342.33556977097453,seasonal,0.0,0.4353805806418104,0.4353805806418104,12.0,0
342.8242518343078,seasonal,0.6287945614621435,0.3190807107927397,0.9478752722548832,12.0,0
342.81360657280794,routine,0.0,0.6396923088485589,0.6396923088485589,24.0,0
343.7330802303567,routine,0.03449305042431661,0.3190807107927397,0.3535737612170563,24.0,0
342.9228437985438,routine,0.6030856690564406,0.6599100317467526,1.2629957008031931,24.0,0
343.8676576585132,routine,0.0,0.4353805806418104,0.4353805806418104,24.0,0
343.63520929809465,critical,0.0,0.7919122426127785,0.7919122426127785,2.0,0
344.2006971878947,critical,0.0,0.3190807107927397,0.3190807107927397,2.0,0
343.5661568077031,seasonal,0.15826767616619009,0.6659438790168433,0.8242115551830334,12.0,0
343.6740358264654,critical,0.0,0.6659438790168433,0.6659438790168433,2.0,0
343.6996690632385,emergency,0.0,0.6599100317467526,0.6599100317467526,4.0,0
344.43910648272316,critical,0.0,0.6659438790168433,0.6659438790168433,2.0,0
344.22114338836957,routine,0.0,0.6659438790168433,0.6659438790168433,24.0,0
345.14514777635645,routine,0.0,0.668926378609784,0.668926378609784,24.0,0
345.5028396621726,emergency,0.0,0.3513634158531591,0.3513634158531591,4.0,0
344.75657767633527,routine,0.0,0.7177220910631077,0.7177220910631077,24.0,0
345.4852533172796,seasonal,0.0,0.668926378609784,0.668926378609784,12.0,0
345.3565962638826,critical,0.0,0.3190807107927397,0.3190807107927397,2.0,0
345.1899294847155,routine,0.0,0.7919122426127785,0.7919122426127785,24.0,0
345.11995426443553,routine,0.0,0.7919122426127785,0.7919122426127785,24.0,0
344.9728442428463,seasonal,0.0,1.0255029253980703,1.0255029253980703,12.0,0
345.61959167212007,seasonal,0.30073492867541063,0.668926378609784,0.9696613072851946,12.0,0
346.58724628912813,seasonal,0.3418562463446051,0.4353805806418104,0.7772368269864155,12.0,0
347.0084438524288,critical,0.0,0.3513634158531591,0.3513634158531591,2.0,0
345.85404337153676,seasonal,0.934791884563765,0.3190807107927397,1.2538725953565049,12.0,0
345.96627803768143,routine,1.018355370720144,0.6599100317467526,1.6782654024668966,24.0,0
346.1826870368914,routine,1.1416197975009368,0.4353805806418104,1.5770003781427473,24.0,0
346.5836711653055,seasonal,0.2162034051530668,0.668926378609784,0.8851297837628508,12.0,0
345.84536217092335,seasonal,0.841467492023412,0.7919122426127785,1.6333797346361905,12.0,0
346.9663411552884,critical,0.0,0.7919122426127785,0.7919122426127785,2.0,0
347.43131324322053,seasonal,0.3003153561172667,0.3190807107927397,0.6193960669100064,12.0,0
347.8116510464105,seasonal,0.16497880060808257,0.7177220910631077,0.8827008916711903,12.0,0
348.4536686607571,emergency,0.0,0.3513634158531591,0.3513634158531591,4.0,0
347.8151681834492,seasonal,0.35082982589506173,0.6599100317467526,1.0107398576418143,12.0,0
347.93553001146944,seasonal,0.7241437176380146,0.3190807107927397,1.0432244284307544,12.0,0
348.0826166233585,critical,0.0,0.6599100317467526,0.6599100317467526,2.0,0
348.6382347787375,emergency,0.0,0.668926378609784,0.668926378609784,4.0,0
347.4808320224318,routine,1.3482907421138748,0.3190807107927397,1.6673714529066146,24.0,0
347.4058693332932,routine,1.4026605269259562,0.6599100317467526,2.062570558672709,24.0,0
348.16823311790193,seasonal,0.49648712538771633,0.9736079806575129,1.4700951060452292,12.0,0
347.920855670544,routine,1.4729413978078014,0.6659438790168433,2.1388852768246447,24.0,0
349.64373750248876,critical,0.0,0.6396923088485589,0.6396923088485589,2.0,0
347.64087310435343,routine,1.502274005196682,0.668926378609784,2.171200383806466,24.0,0
349.7052937941972,emergency,0.0,0.6396923088485589,0.6396923088485589,4.0,0
349.49406032429846,seasonal,0.188639229973262,0.6396923088485589,0.8283315388218209,12.0,0
349.75869020862035,seasonal,0.17199165480991496,0.6659438790168433,0.8379355338267582,12.0,0
349.98542643763506,seasonal,0.2901609925294224,0.7919122426127785,1.0820732351422009,12.0,0
350.40845245140093,seasonal,0.05103230946536996,0.6659438790168433,0.7169761884822132,12.0,0
350.1290447001977,seasonal,0.20942107431676504,0.6396923088485589,0.8491133831653239,12.0,0
350.9109904227586,seasonal,0.14929066296440396,0.3190807107927397,0.46837137375714366,12.0,0
347.98618185329263,routine,2.8165866109405897,0.6599100317467526,3.4764966426873425,24.0,0
351.5505383983025,seasonal,0.39962930795803686,0.4353805806418104,0.8350098885998473,12.0,0
348.1302263545426,routine,3.8558335221939615,0.4353805806418104,4.291214102835772,24.0,0
351.20941699973855,seasonal,0.40143108544089046,0.6396923088485589,1.0411233942894493,12.0,0
351.85918684878055,critical,0.0,0.3513634158531591,0.3513634158531591,2.0,0
351.99981904859817,seasonal,0.05880210584109591,0.668926378609784,0.7277284844508799,12.0,0
351.25407885815554,seasonal,0.48525713994382613,0.9736079806575129,1.458865120601339,12.0,0
352.17578950339714,seasonal,0.317081914896562,0.7177220910631077,1.0348040059596697,12.0,0
352.5666358298944,seasonal,0.2687510603669807,0.4353805806418104,0.7041316410087911,12.0,0
353.0689446951731,critical,0.0,0.6599100317467526,0.6599100317467526,2.0,0
353.3726277469091,emergency,0.0,0.6599100317467526,0.6599100317467526,4.0,0
352.91882678191774,seasonal,0.1024099665914946,0.3190807107927397,0.4214906773842343,12.0,0
353.0403787082439,seasonal,0.027929617912946014,0.9736079806575129,1.0015375985704589,12.0,0
353.74094447361267,emergency,0.0,0.3190807107927397,0.3190807107927397,4.0,0
353.0636607305754,seasonal,0.16342769110201516,0.6599100317467526,0.8233377228487677,12.0,0
353.24577537083655,critical,0.0,0.668926378609784,0.668926378609784,2.0,0
348.44651924093483,routine,5.287574108675585,0.7177220910631077,6.005296199738693,24.0,0
348.9178318850727,routine,5.168003821439697,0.7177220910631077,5.885725912502805,24.0,0
348.87989593391325,routine,4.930581139912306,1.0255029253980703,5.956084065310376,24.0,0
349.1147615668495,routine,5.706819545886219,0.3513634158531591,6.058182961739378,24.0,0
354.56070845803157,emergency,0.10261036316336458,0.3513634158531591,0.4539737790165237,4.0,0
354.31335448794624,critical,0.0,0.668926378609784,0.668926378609784,2.0,0
354.43855915065353,seasonal,0.09678973579968897,0.3190807107927397,0.41587044659242867,12.0,0
348.97427578079567,routine,5.764298359765064,0.7177220910631077,6.482020450828172,24.0,0
349.5534860103906,routine,5.393063840776335,0.6599100317467526,6.052973872523088,24.0,0
350.2253038496208,routine,5.295775376249139,0.3190807107927397,5.614856087041879,24.0,0
350.36684890229986,routine,5.170909080991066,0.3190807107927397,5.489989791783806,24.0,0
355.69932633313994,critical,0.0,0.668926378609784,0.668926378609784,2.0,0
355.16508518399627,seasonal,0.13795148404472002,0.6599100317467526,0.7978615157914726,12.0,0
350.7291725771467,routine,5.074573373944304,0.3190807107927397,5.393654084737044,24.0,0
355.497305449227,emergency,0.0,0.6599100317467526,0.6599100317467526,4.0,0
355.84235052570887,seasonal,0.2106296950278761,0.7177220910631077,0.9283517860909838,12.0,0
356.23663296699084,seasonal,0.0033913854594516124,0.6659438790168433,0.6693352644762949,12.0,0
350.91986163518317,routine,5.176098335839811,1.0255029253980703,6.201601261237881,24.0,0
356.3449234684557,seasonal,0.15721978240486578,0.3190807107927397,0.4763004931976055,12.0,0
356.4630398096817,emergency,0.0,0.6599100317467526,0.6599100317467526,4.0,0
356.73901575770395,critical,0.0,1.0255029253980703,1.0255029253980703,2.0,0
350.9663295066752,routine,5.899337601356592,0.6659438790168433,6.565281480373436,24.0,0
353.0098547229155,routine,4.826071759267904,0.3513634158531591,5.177435175121063,24.0,0
351.0032921289535,routine,6.291362980395775,0.6659438790168433,6.957306859412618,24.0,0
357.6426548882658,critical,0.0,0.668926378609784,0.668926378609784,2.0,0
352.8159860991117,routine,4.755186898202794,0.3513634158531591,5.106550314055953,24.0,0
351.89047661759156,routine,5.590737817349236,0.7919122426127785,6.382650059962015,24.0,0
351.7261469690836,routine,5.654834047378529,0.9736079806575129,6.628442028036042,24.0,0
353.5975092415491,routine,4.610312920594652,0.6599100317467526,5.270222952341404,24.0,0
355.14833426433563,routine,3.955209958173384,0.3190807107927397,4.274290668966124,24.0,0
354.16150198772357,routine,4.687637063108241,0.6659438790168433,5.353580942125085,24.0,0
353.8362202035864,routine,4.9259223529448946,0.7919122426127785,5.717834595557673,24.0,0
358.6893823554356,critical,0.0,0.4353805806418104,0.4353805806418104,2.0,0
359.3857369189513,critical,0.0,0.3190807107927397,0.3190807107927397,2.0,0
354.87623014725784,routine,4.0108788824488215,0.668926378609784,4.679805261058606,24.0,0
355.2989441022305,routine,4.385143022535715,0.3190807107927397,4.704223733328455,24.0,0
355.261326768858,routine,4.020436822685156,0.6396923088485589,4.660129131533715,24.0,0
355.68523833484346,routine,4.202052315708386,0.4353805806418104,4.637432896350196,24.0,0
359.68149349495945,emergency,0.0,0.6599100317467526,0.6599100317467526,4.0,0
357.47386211457365,routine,2.91464493165995,0.4353805806418104,3.3500255123017606,24.0,0
355.8656708907291,routine,4.4385417300677545,0.6659438790168433,5.104485609084598,24.0,0
360.50931009450386,critical,0.0,0.3513634158531591,0.3513634158531591,2.0,0
357.80901648426527,routine,3.129231535215524,0.3513634158531591,3.4805949510686833,24.0,0
356.6145176016465,routine,3.6950240023886067,0.668926378609784,4.363950380998391,24.0,0
357.58949981515786,routine,3.2707170164050012,0.6599100317467526,3.930627048151754,24.0,0
358.14425403670066,routine,2.8613767305482725,0.6396923088485589,3.5010690393968313,24.0,0
360.01604469910467,routine,1.6185438257356282,0.4353805806418104,2.0539244063774387,24.0,0
361.4954266775725,routine,0.8029392796822776,0.3190807107927397,1.1220199904750174,24.0,0
358.7211386097969,routine,2.6316253390737643,1.0255029253980703,3.657128264471835,24.0,0
360.1531204926192,routine,1.646544158854283,1.0255029253980703,2.6720470842523536,24.0,0
362.57208044679186,routine,0.29214654892268754,0.3190807107927397,0.6112272597154272,24.0,0
360.29940235201906,routine,1.935344974895088,0.7177220910631077,2.6530670659581954,24.0,0
362.63604270568896,routine,0.40122715748577775,0.7919122426127785,1.1931394000985562,24.0,0
362.893232667572,routine,0.494677494547318,0.6599100317467526,1.1545875262940706,24.0,0
365.28440768078167,emergency,0.0,0.4353805806418104,0.4353805806418104,4.0,0
366.67756003860114,routine,0.0,0.3513634158531591,0.3513634158531591,24.0,0
367.0568032712143,routine,0.0,0.3190807107927397,0.3190807107927397,24.0,0
366.84258735916427,seasonal,0.0,0.7177220910631077,0.7177220910631077,12.0,0
367.0239718714965,seasonal,0.0,0.7177220910631077,0.7177220910631077,12.0,0
366.3003300860333,seasonal,0.0,1.0255029253980703,1.0255029253980703,12.0,0
367.84479698273026,seasonal,0.0,0.3513634158531591,0.3513634158531591,12.0,0
367.21736645901365,emergency,0.0,0.7177220910631077,0.7177220910631077,4.0,0
368.1053081482838,seasonal,0.24009464343231457,0.4353805806418104,0.675475224074125,12.0,0
368.007992179463,emergency,0.0,0.6659438790168433,0.6659438790168433,4.0,0
367.91947347326106,routine,0.0,0.6659438790168433,0.6659438790168433,24.0,0
367.9915683745747,critical,0.0,0.7919122426127785,0.7919122426127785,2.0,0
368.3217626767693,critical,0.0,0.9736079806575129,0.9736079806575129,2.0,0
368.1059452511276,critical,0.0,0.7919122426127785,0.7919122426127785,2.0,0
368.7671859240471,routine,0.0,0.6659438790168433,0.6659438790168433,24.0,0
368.7536261672082,seasonal,0.0,0.7177220910631077,0.7177220910631077,12.0,0
367.98132034770754,routine,0.4014973873281633,1.0255029253980703,1.4270003127262336,24.0,0
368.57986415237247,critical,0.7110388771328644,0.6599100317467526,1.370948908879617,2.0,0
369.65855937980245,seasonal,0.0,0.6396923088485589,0.6396923088485589,12.0,0
368.7776342786156,critical,0.7511644207058339,0.6659438790168433,1.4171082997226772,2.0,0
368.87937401426154,seasonal,0.0,1.0255029253980703,1.0255029253980703,12.0,0
368.791883688208,critical,0.9329485530228112,1.0255029253980703,1.9584514784208815,2.0,0
370.31722369684906,routine,0.0,0.668926378609784,0.668926378609784,24.0,0
369.9760787867665,routine,0.0,0.4353805806418104,0.4353805806418104,24.0,0
370.64295978331575,emergency,0.0,0.3513634158531591,0.3513634158531591,4.0,0
369.2748292979137,critical,0.7890859108292716,0.668926378609784,1.4580122894390555,2.0,0
370.56290107235384,routine,0.0,0.3513634158531591,0.3513634158531591,24.0,0
370.4457363052211,seasonal,0.0,0.6599100317467526,0.6599100317467526,12.0,0
370.72889028974555,seasonal,0.28216389901024286,0.668926378609784,0.9510902776200268,12.0,0
371.1117197852105,critical,0.03415618870207027,0.7919122426127785,0.8260684313148488,2.0,0
370.39512760205696,routine,0.0,1.0255029253980703,1.0255029253980703,24.0,0
371.2809019293516,routine,0.01501946968772927,0.3513634158531591,0.3663828855408884,24.0,0
370.64480005176574,critical,0.3661232678247188,0.9736079806575129,1.3397312484822317,2.0,0
371.9871092944051,routine,0.0,0.3190807107927397,0.3190807107927397,24.0,0
371.7599646732306,seasonal,0.0,0.7919122426127785,0.7919122426127785,12.0,0
372.1396328699355,seasonal,0.20520706861162807,0.668926378609784,0.8741334472214121,12.0,0
372.1713355662805,routine,0.641007008607346,0.3190807107927397,0.9600877194000857,24.0,0
372.62314058737314,critical,0.0,0.6659438790168433,0.6659438790168433,2.0,0
372.92170192831884,emergency,0.0,0.6396923088485589,0.6396923088485589,4.0,0
372.34094981941286,seasonal,0.44756607049231434,0.6659438790168433,1.1135099495091576,12.0,0
372.0922325037386,seasonal,0.08803558019246793,1.0255029253980703,1.1135385055905382,12.0,0
372.20281831477087,seasonal,0.49387736865554643,0.7919122426127785,1.285789611268325,12.0,0
373.78794399180356,seasonal,0.006732957323208666,0.3513634158531591,0.3580963731763678,12.0,0
372.89043971277783,routine,0.22619551817655292,0.6599100317467526,0.8861055499233055,24.0,0
373.69088806095397,seasonal,0.016048368386293532,0.3513634158531591,0.36741178423945264,12.0,0
373.1250179594984,routine,0.3823830068720895,1.0255029253980703,1.4078859322701598,24.0,0
373.8193280265984,critical,0.0,0.3190807107927397,0.3190807107927397,2.0,0
374.4184025532959,seasonal,0.25209464492257894,0.4353805806418104,0.6874752255643893,12.0,0
374.223316138821,seasonal,0.3769166708357261,0.668926378609784,1.04584304944551,12.0,0
374.51613865366977,critical,0.0,0.3190807107927397,0.3190807107927397,2.0,0
374.6972823850992,critical,0.0,0.6396923088485589,0.6396923088485589,2.0,0
374.7441655152693,critical,0.0,0.6659438790168433,0.6659438790168433,2.0,0
374.52975202174935,emergency,0.0,0.7177220910631077,0.7177220910631077,4.0,0
374.18174211705406,seasonal,0.2783657900056369,0.9736079806575129,1.2519737706631497,12.0,0
375.15179931062835,seasonal,0.014098258926992457,0.6659438790168433,0.6800421379438357,12.0,0
373.20616180389254,routine,1.7920199155013279,0.6659438790168433,2.457963794518171,24.0,0
373.18156088567224,routine,1.6739792174427066,0.9736079806575129,2.6475871981002195,24.0,0
373.8409199722245,routine,2.0307973844193725,0.6396923088485589,2.6704896932679314,24.0,0
373.6865005987101,routine,1.7931053925035485,0.6396923088485589,2.4327977013521074,24.0,0
376.3840040423772,critical,0.0,0.3190807107927397,0.3190807107927397,2.0,0
375.79383890402426,seasonal,0.05453089519750165,0.6659438790168433,0.7204747742143449,12.0,0
375.5375743674101,critical,0.0,1.0255029253980703,1.0255029253980703,2.0,0
376.1081364309718,emergency,0.0,0.6396923088485589,0.6396923088485589,4.0,0
375.9603680257664,seasonal,0.7590732988962827,0.6659438790168433,1.425017177913126,12.0,0
376.4417313811651,critical,0.0,0.6659438790168433,0.6659438790168433,2.0,0
377.03889380323653,critical,0.0,0.3190807107927397,0.3190807107927397,2.0,0
376.1305796703926,seasonal,0.6893097385218994,0.668926378609784,1.3582361171316832,12.0,0
373.9703432461991,routine,3.09416275703569,0.4353805806418104,3.5295433376775005,24.0,0
373.9901633412298,routine,3.3334751616938547,0.668926378609784,4.002401540303639,24.0,0
374.26319241783636,routine,3.381055812266311,0.3513634158531591,3.73241922811947,24.0,0
374.091090044635,routine,3.330267081075533,0.4353805806418104,3.7656476617173436,24.0,0
376.84504673127753,seasonal,0.09222369973338118,1.0255029253980703,1.1177266251314515,12.0,0
377.1529469960858,critical,0.33802578945477535,0.6659438790168433,1.0039696684716186,2.0,0
377.9926818733929,critical,0.12098330916415989,0.7919122426127785,0.9128955517769384,2.0,0
374.4637039190988,routine,4.012102855727051,0.3190807107927397,4.33118356651979,24.0,0
377.7104195497863,seasonal,0.36579468862447584,0.4353805806418104,0.8011752692662862,12.0,0
377.8319045113676,emergency,0.0797792692894177,0.6659438790168433,0.745723148306261,4.0,0
377.73703294656224,critical,0.030013227399649622,0.9736079806575129,1.0036212080571625,2.0,0
375.3141892005596,routine,3.5044554198994433,0.3190807107927397,3.823536130692183,24.0,0
375.5010544756319,routine,3.656374388828624,0.3513634158531591,4.007737804681783,24.0,0
378.10806456803647,critical,0.20347118300139755,0.6396923088485589,0.8431634918499564,2.0,0
375.25996769754073,routine,3.4910139678267456,0.7919122426127785,4.282926210439524,24.0,0
379.0402975232063,seasonal,0.001503851791710531,0.6396923088485589,0.6411961606402694,12.0,0
375.94778756647474,routine,3.657558970355808,0.3513634158531591,4.008922386208967,24.0,0
375.54390580874906,routine,3.645129863225293,0.6659438790168433,4.311073742242137,24.0,0
376.25774179813385,routine,3.3540822252772955,0.7919122426127785,4.145994467890074,24.0,0
376.8670831797305,routine,3.255409393567959,0.3513634158531591,3.606772809421118,24.0,0
377.02565165949073,routine,3.1730345577128674,0.6659438790168433,3.8389784367297106,24.0,0
380.39477007479894,emergency,0.0,0.6659438790168433,0.6659438790168433,4.0,0
377.0434669257413,routine,3.4131950269362505,0.3190807107927397,3.7322757377289904,24.0,0
381.4092468342197,critical,0.0,0.4353805806418104,0.4353805806418104,2.0,0
381.3845853773463,seasonal,0.010490391018549872,0.3190807107927397,0.32957110181128957,12.0,0
380.462734923739,seasonal,0.233677958921362,0.668926378609784,0.902604337531146,12.0,0
377.3106620727978,routine,3.919807192620226,0.6659438790168433,4.58575107163707,24.0,0
377.24278500869883,routine,3.6857136898430554,0.6659438790168433,4.351657568859899,24.0,0
381.7125109736528,seasonal,0.006213809142764148,0.6396923088485589,0.645906117991323,12.0,0
381.47588519151674,emergency,0.0,0.4353805806418104,0.4353805806418104,4.0,0
381.66804839752893,seasonal,0.023246517861650773,0.4353805806418104,0.4586270985034612,12.0,0
377.4495744758451,routine,4.656063171719268,0.6599100317467526,5.3159732034660205,24.0,0
382.4050308504487,seasonal,0.31231944777556464,0.3513634158531591,0.6636828636287238,12.0,0
382.1611970047593,seasonal,0.5408794310960161,0.668926378609784,1.2098058097058,12.0,0
377.98329292561573,routine,4.8409694532887215,0.3513634158531591,5.192332869141881,24.0,0
379.3972541204918,routine,3.9566642648129005,0.3190807107927397,4.27574497560564,24.0,0
378.29216656714766,routine,4.5570956780223355,0.668926378609784,5.22602205663212,24.0,0
382.9791369537959,seasonal,0.08423468941566625,0.668926378609784,0.7531610680254502,12.0,0
379.5099236070986,routine,3.988852186674535,0.4353805806418104,4.4242327673163455,24.0,0
379.9477988140263,routine,3.7800270942585144,0.7919122426127785,4.571939336871293,24.0,0
380.7018739548568,routine,3.6515348166540207,0.3513634158531591,4.00289823250718,24.0,0
385.00662568340005,routine,0.0,0.3190807107927397,0.3190807107927397,24.0,0
381.66532319148905,routine,2.895180784632032,0.6659438790168433,3.5611246636488754,24.0,0
381.3598281088292,routine,3.0719228385003703,0.9736079806575129,4.045530819157883,24.0,0
380.37992000070045,routine,3.807081742681021,0.7919122426127785,4.5989939852937995,24.0,0
389.04910967472335,emergency,0.0,0.7919122426127785,0.7919122426127785,4.0,0
390.19458557322946,seasonal,0.0,0.4353805806418104,0.4353805806418104,12.0,0
390.29639894304876,routine,0.0,0.7919122426127785,0.7919122426127785,24.0,0
390.34924761415283,emergency,0.0,0.7177220910631077,0.7177220910631077,4.0,0
391.2161865286567,seasonal,0.0,0.3513634158531591,0.3513634158531591,12.0,0
391.22748925032306,routine,0.0,0.4353805806418104,0.4353805806418104,24.0,0
391.003149763335,seasonal,0.0,0.6659438790168433,0.6659438790168433,12.0,0
391.3105681697883,critical,0.0,0.6396923088485589,0.6396923088485589,2.0,0
391.6265960256011,critical,0.0,0.6659438790168433,0.6659438790168433,2.0,0
392.1708560497043,critical,0.0,0.3190807107927397,0.3190807107927397,2.0,0
392.0923255880753,seasonal,0.0,0.3513634158531591,0.3513634158531591,12.0,0
392.0316812958561,routine,0.0,0.6599100317467526,0.6599100317467526,24.0,0
392.28665280680525,routine,0.0,0.6599100317467526,0.6599100317467526,24.0,0
391.6868920010353,emergency,0.0,0.6599100317467526,0.6599100317467526,4.0,0
391.67211732880133,routine,0.0,0.9736079806575129,0.9736079806575129,24.0,0
392.43982252469056,critical,0.4875582364567208,0.3190807107927397,0.8066389472494605,2.0,0
392.36179085221994,critical,0.0,0.4353805806418104,0.4353805806418104,2.0,0
393.19982763892824,routine,0.0,0.3513634158531591,0.3513634158531591,24.0,0
392.44250183343763,critical,0.5244879871988815,0.3190807107927397,0.8435686979916212,2.0,0
392.81531324155435,seasonal,0.0,0.7177220910631077,0.7177220910631077,12.0,0
393.6180426750683,seasonal,0.0,0.6659438790168433,0.6659438790168433,12.0,0
393.02396521066265,routine,0.0,0.7919122426127785,0.7919122426127785,24.0,0
393.65754008492735,seasonal,0.0,0.7177220910631077,0.7177220910631077,12.0,0
393.9135827360912,routine,0.0,0.6659438790168433,0.6659438790168433,24.0,0
393.7722318778501,critical,0.0,0.668926378609784,0.668926378609784,2.0,0
393.8980820338593,emergency,0.0,0.4353805806418104,0.4353805806418104,4.0,0
393.6154298811475,routine,0.0,1.0255029253980703,1.0255029253980703,24.0,0
393.9691071361744,routine,0.31748848875548674,0.6659438790168433,0.98343236777233,24.0,0
394.210627033621,critical,0.0,0.6396923088485589,0.6396923088485589,2.0,0
393.98057157968753,routine,0.4184121328266315,0.6659438790168433,1.0843560118434747,24.0,0
395.5012013832533,seasonal,0.17182770035014983,0.3190807107927397,0.4909084111428895,12.0,0
394.40148910515154,seasonal,0.5955619013623732,0.6659438790168433,1.2615057803792165,12.0,0
395.2000272646953,seasonal,0.15404663740878277,0.3190807107927397,0.47312734820152247,12.0,0
395.80358726351795,emergency,0.0,0.3190807107927397,0.3190807107927397,4.0,0
395.3079722180506,seasonal,0.32480975818680236,0.4353805806418104,0.7601903388286128,12.0,0
394.6080880967647,seasonal,0.5884432986405841,0.6659438790168433,1.2543871776574274,12.0,0
395.2159398180782,seasonal,0.21275076285417072,0.4353805806418104,0.6481313434959811,12.0,0
396.16972137633593,emergency,0.0,0.4353805806418104,0.4353805806418104,4.0,0
395.50706778648987,seasonal,0.6101096932152359,0.7919122426127785,1.4020219358280144,12.0,0
394.05652273843185,routine,2.9617208263437647,0.3190807107927397,3.2808015371365045,24.0,0
396.4215469355419,emergency,0.0,0.6396923088485589,0.6396923088485589,4.0,0
396.09758458729846,seasonal,0.687017197945238,0.3190807107927397,1.0060979087379778,12.0,0
396.61881082382524,seasonal,0.25985315375771734,0.4353805806418104,0.6952337343995277,12.0,0
395.66800119221546,seasonal,1.0606862717187937,0.668926378609784,1.7296126503285776,12.0,0
396.55864031931236,critical,0.0,0.6396923088485589,0.6396923088485589,2.0,0
397.4392602567008,emergency,0.0,0.6659438790168433,0.6659438790168433,4.0,0
394.3739468480613,routine,2.6556229638752598,0.7919122426127785,3.4475352064880385,24.0,0
394.9786945833791,routine,2.0838955882708774,0.6599100317467526,2.74380562001763,24.0,0
397.74356474835395,emergency,0.0,0.6599100317467526,0.6599100317467526,4.0,0
397.70499155241015,seasonal,0.23679013890671285,0.6659438790168433,0.9027340179235561,12.0,0
397.13733478375025,seasonal,0.7615096400620018,0.3513634158531591,1.112873055915161,12.0,0
397.9076129081247,seasonal,0.3162461605084559,0.4353805806418104,0.7516267411502663,12.0,0
398.39482717332373,seasonal,0.04045470912717519,0.7177220910631077,0.7581768001902829,12.0,0
397.97386915942127,seasonal,0.35967816204549763,1.0255029253980703,1.385181087443568,12.0,0
398.47604756066806,seasonal,0.38190548227299814,0.6659438790168433,1.0478493612898414,12.0,0
395.1227953850738,routine,3.8866271464355577,0.9736079806575129,4.860235127093071,24.0,0
399.146528286976,seasonal,0.11008351469058653,0.3513634158531591,0.46144693054374564,12.0,0
395.1472590912873,routine,4.615037960444226,0.3513634158531591,4.9664013762973855,24.0,0
399.811848786826,critical,0.0,0.6396923088485589,0.6396923088485589,2.0,0
399.2887311392926,seasonal,0.3430576075126055,0.7177220910631077,1.0607796985757132,12.0,0
400.1545902766534,seasonal,0.024124462128270352,0.7919122426127785,0.8160367047410488,12.0,0
399.8272147658846,seasonal,0.248403894919079,0.4353805806418104,0.6837844755608894,12.0,0
395.79031409201536,routine,4.857863867268065,0.3190807107927397,5.176944578060805,24.0,0
395.4236245653786,routine,5.133085951168539,0.9736079806575129,6.106693931826052,24.0,0
401.2095623184274,emergency,0.0,0.6599100317467526,0.6599100317467526,4.0,0
400.97547453280924,seasonal,0.2975903858924198,0.6659438790168433,0.9635342649092631,12.0,0
395.8319021076786,routine,5.0135806946651655,1.0255029253980703,6.039083620063236,24.0,0
401.1481169549871,seasonal,0.41423735692933406,0.4353805806418104,0.8496179375711445,12.0,0
401.39079549240614,critical,0.0,0.6599100317467526,0.6599100317467526,2.0,0
396.2765563138977,routine,5.461134860415768,0.4353805806418104,5.896515441057579,24.0,0
395.8910873519912,routine,5.796732953631363,0.6599100317467526,6.4566429853781155,24.0,0
396.4832765850855,routine,5.321382903562608,0.6659438790168433,5.987326782579451,24.0,0
401.94596950457384,critical,0.0,0.7919122426127785,0.7919122426127785,2.0,0
401.9657120686686,seasonal,0.19585598677917915,0.7919122426127785,0.9877682293919576,12.0,0
396.8557609671463,routine,6.408510644519367,0.3190807107927397,6.727591355312107,24.0,0
396.74259773739186,routine,6.30325326330518,0.7919122426127785,7.095165505917959,24.0,0
402.0894770351951,seasonal,0.8498318466375281,0.6396923088485589,1.489524155486087,12.0,0
397.7660335075599,routine,5.674873992868299,0.3190807107927397,5.993954703661039,24.0,0
397.575128452235,routine,5.864682274929294,0.6396923088485589,6.504374583777853,24.0,0
396.50329631805414,routine,6.509035937449596,0.9736079806575129,7.482643918107109,24.0,0
404.09878372888465,critical,0.0,0.6659438790168433,0.6659438790168433,2.0,0
404.3443296012036,seasonal,0.10129059118338546,0.3513634158531591,0.45265400703654457,12.0,0
398.0282764402322,routine,6.27535514352013,0.7177220910631077,6.993077234583238,24.0,0
404.51720473155706,seasonal,0.10812052683456841,0.6599100317467526,0.768030558581321,12.0,0
398.0111840556823,routine,5.990684934767103,0.7919122426127785,6.782597177379881,24.0,0
398.4875727035855,routine,6.319740378957022,0.6396923088485589,6.959432687805581,24.0,0
404.8308341532212,critical,0.0,0.6396923088485589,0.6396923088485589,2.0,0
404.34068946493335,critical,0.0,1.0255029253980703,1.0255029253980703,2.0,0
398.50053806843346,routine,6.609150163136235,0.4353805806418104,7.044530743778045,24.0,0
398.53780484973413,routine,7.07913989294974,0.6659438790168433,7.745083771966584,24.0,0
405.11251918284415,seasonal,0.21508472830799974,0.7919122426127785,1.0069969709207782,12.0,0
399.4727548377393,routine,6.447614362552827,0.7177220910631077,7.165336453615934,24.0,0
405.22334085291703,emergency,0.0,1.0255029253980703,1.0255029253980703,4.0,0
399.3036037092077,routine,6.562350222094096,0.6659438790168433,7.22829410111094,24.0,0
400.040322165644,routine,6.068664126467695,0.9736079806575129,7.042272107125208,24.0,0
399.7854294447383,routine,6.302826315123582,0.7919122426127785,7.094738557736361,24.0,0
400.2568081536515,routine,6.472787121212946,0.4353805806418104,6.908167701854756,24.0,0
406.6857579976469,emergency,0.0,0.6599100317467526,0.6599100317467526,4.0,0
406.74298611637187,critical,0.0,0.668926378609784,0.668926378609784,2.0,0
400.91315544747056,routine,6.546725847462483,0.3513634158531591,6.898089263315642,24.0,0
406.97183550876196,seasonal,0.12140320656368431,1.0255029253980703,1.1469061319617546,12.0,0
400.9513239445387,routine,6.8043409433406055,0.3190807107927397,7.123421654133345,24.0,0
400.90376173685513,routine,6.506302674248957,0.6659438790168433,7.172246553265801,24.0,0
408.07615865915943,seasonal,0.10107861044446054,0.4353805806418104,0.5364591910862709,12.0,0
401.1499252056243,routine,7.314741921665359,0.3190807107927397,7.633822632458099,24.0,0
407.68495947289944,seasonal,0.06452128356119147,0.668926378609784,0.7334476621709755,12.0,0
402.09397807092637,routine,7.298792892869642,0.3190807107927397,7.617873603662382,24.0,0
402.1086206658086,routine,7.439655250912892,0.3513634158531591,7.7910186667660515,24.0,0
402.0399658122738,routine,7.166653569698667,0.6599100317467526,7.82656360144542,24.0,0
401.73845901523293,routine,7.082149905963604,1.0255029253980703,8.107652831361674,24.0,0
402.66451266497495,routine,7.050625047152721,0.668926378609784,7.719551425762505,24.0,0
401.7494904883404,routine,7.09180455281421,0.9736079806575129,8.065412533471722,24.0,0
402.21353842954073,routine,7.478633295474083,0.6599100317467526,8.138543327220836,24.0,0
409.8862927477309,seasonal,0.704103318120417,0.7177220910631077,1.4218254091835247,12.0,0
410.1992279624924,seasonal,0.5929611104883747,0.3513634158531591,0.9443245263415339,12.0,0
403.66002593176245,routine,7.511269036328315,0.3513634158531591,7.862632452181474,24.0,0
403.9100079066591,routine,7.5781051281524014,0.6599100317467526,8.238015159899154,24.0,0
403.61914591629437,routine,7.535942143002444,0.4353805806418104,7.9713227236442545,24.0,0
402.8920286438533,routine,8.227836179480107,0.9736079806575129,9.20144416013762,24.0,0
404.11075361522313,routine,7.847224919683924,0.3190807107927397,8.166305630476664,24.0,0
402.8385542121015,routine,8.259147246196164,0.6599100317467526,8.919057277942917,24.0,0
406.82504728499975,routine,5.927467412268754,0.3513634158531591,6.278830828121913,24.0,0
412.74723392001863,critical,0.0,0.7177220910631077,0.7177220910631077,2.0,0
405.89001004902616,routine,6.58631278890698,0.7177220910631077,7.304034879970088,24.0,0
409.29544470966334,routine,3.4931267263258405,0.7919122426127785,4.285038968938619,24.0,0
412.5031719886663,critical,0.0,0.9736079806575129,0.9736079806575129,2.0,0
404.8360679415942,routine,7.342751335707362,0.7177220910631077,8.06047342677047,24.0,0
413.0341815516654,seasonal,0.0,0.7919122426127785,0.7919122426127785,12.0,0
413.467115440662,routine,0.0,0.6659438790168433,0.6659438790168433,24.0,0
413.61417930095894,routine,0.0,1.0255029253980703,1.0255029253980703,24.0,0
413.78819309231295,routine,0.0,0.9736079806575129,0.9736079806575129,24.0,0
415.02359307697253,emergency,0.0,0.3513634158531591,0.3513634158531591,4.0,0
414.76788518017804,critical,0.0,0.3513634158531591,0.3513634158531591,2.0,0
414.5391832013251,seasonal,0.0,0.9736079806575129,0.9736079806575129,12.0,0
414.57634545870707,critical,0.0,0.7919122426127785,0.7919122426127785,2.0,0
414.794467353625,routine,0.0,0.6599100317467526,0.6599100317467526,24.0,0
415.2566358469565,routine,0.0,0.6659438790168433,0.6659438790168433,24.0,0
415.52832447581324,seasonal,0.0,0.6599100317467526,0.6599100317467526,12.0,0
416.0138500915374,routine,0.0,0.3513634158531591,0.3513634158531591,24.0,0
416.0489583564797,routine,0.0,0.3190807107927397,0.3190807107927397,24.0,0
416.8561347121167,critical,0.0,0.3513634158531591,0.3513634158531591,2.0,0
415.9571297059359,seasonal,0.0,0.668926378609784,0.668926378609784,12.0,0
416.67553070098324,routine,0.0,0.6599100317467526,0.6599100317467526,24.0,0
416.9914935301674,routine,0.0,0.668926378609784,0.668926378609784,24.0,0
416.5940366523308,seasonal,0.0,0.6599100317467526,0.6599100317467526,12.0,0
417.1535447796724,seasonal,0.030679239119763224,0.4353805806418104,0.4660598197615736,12.0,0
417.19519137191793,routine,0.04600968758404633,0.3513634158531591,0.39737310343720544,24.0,0
417.73371684880385,emergency,0.0,0.4353805806418104,0.4353805806418104,4.0,0
417.0845774355895,emergency,0.0,0.668926378609784,0.668926378609784,4.0,0
417.00450107651284,routine,0.0,0.7177220910631077,0.7177220910631077,24.0,0
417.61799513559436,seasonal,0.2783487067121655,0.4353805806418104,0.7137292873539759,12.0,0
417.25049152564446,emergency,0.0,0.7177220910631077,0.7177220910631077,4.0,0
417.2535070829838,routine,1.1574733490415383,0.4353805806418104,1.5928539296833488,24.0,0
418.1258717773303,seasonal,0.1799732530386109,1.0255029253980703,1.2054761784366812,12.0,0
418.4980624658143,seasonal,0.021165780715534765,0.6659438790168433,0.687109659732378,12.0,0
417.28018349217933,routine,1.9039737146944162,0.4353805806418104,2.3393542953362267,24.0,0
418.5570745009618,seasonal,0.21491138699980183,0.6599100317467526,0.8748214187465544,12.0,0
417.1970113213089,routine,1.2119356989837229,0.6659438790168433,1.8778795780005662,24.0,0
418.8924804224319,critical,0.0,0.3513634158531591,0.3513634158531591,2.0,0
419.0339834619336,critical,0.0,0.4353805806418104,0.4353805806418104,2.0,0
418.85932414947445,emergency,0.0,0.7177220910631077,0.7177220910631077,4.0,0
419.04586306507815,seasonal,0.04897257896652718,0.6659438790168433,0.7149164579833704,12.0,0
419.67271154894985,seasonal,0.5043691051342876,0.3513634158531591,0.8557325209874467,12.0,0
419.81083478926877,seasonal,0.5001484877959683,0.3190807107927397,0.819229198588708,12.0,0
419.57078817444204,seasonal,0.48023887303151014,0.3513634158531591,0.8316022888846692,12.0,0
419.90304044432605,seasonal,0.4416971129801368,0.7177220910631077,1.1594192040432445,12.0,0
419.62262086082876,seasonal,0.45041676490063765,0.6659438790168433,1.116360643917481,12.0,0
419.7191989378009,seasonal,0.5430070932379749,0.4353805806418104,0.9783876738797853,12.0,0
420.5289685253019,emergency,0.0,0.6599100317467526,0.6599100317467526,4.0,0
420.7063427585818,emergency,0.0,0.3190807107927397,0.3190807107927397,4.0,0
420.58691415573566,critical,0.0,0.3190807107927397,0.3190807107927397,2.0,0
420.3417900647263,seasonal,0.6677161164531071,0.3190807107927397,0.9867968272458468,12.0,0
421.18732426683573,seasonal,0.4337933930098643,0.3190807107927397,0.752874103802604,12.0,0
420.44574570888307,seasonal,0.7749369095537304,1.0255029253980703,1.8004398349518007,12.0,0
421.1680267637148,seasonal,0.3643653497285868,0.7919122426127785,1.1562775923413653,12.0,0
417.5815695772584,routine,4.185473643450848,0.6396923088485589,4.8251659522994075,24.0,0
421.6282957708467,seasonal,0.08483629178022056,0.6599100317467526,0.7447463235269731,12.0,0
421.5165481332631,seasonal,0.17299134362110635,0.668926378609784,0.8419177222308903,12.0,0
421.51634827492495,emergency,0.0,0.9736079806575129,0.9736079806575129,4.0,0
422.17801655369794,critical,0.0,0.9736079806575129,0.9736079806575129,2.0,0
422.33824930542187,emergency,0.0,0.7919122426127785,0.7919122426127785,4.0,0
422.179609176266,seasonal,0.6308918028775565,0.4353805806418104,1.066272383519367,12.0,0
422.76169716222495,emergency,0.0,0.6659438790168433,0.6659438790168433,4.0,0
422.53431433422963,emergency,0.0,0.4353805806418104,0.4353805806418104,4.0,0
422.1783906188292,seasonal,0.017966255580233792,0.9736079806575129,0.9915742362377467,12.0,0
422.6745530860748,seasonal,0.4166529615358172,0.6659438790168433,1.0825968405526605,12.0,0
418.97768445493847,routine,4.332146427431326,0.3190807107927397,4.6512271382240655,24.0,0
418.5827829294814,routine,4.5663558288299555,0.7177220910631077,5.284077919893063,24.0,0
418.1435293120865,routine,4.982834859634977,0.6659438790168433,5.648778738651821,24.0,0
419.06368927578853,routine,4.615468999275436,0.7919122426127785,5.407381241888214,24.0,0
424.0959679337967,seasonal,0.325482209175334,0.3190807107927397,0.6445629199680737,12.0,0
422.96047997781807,critical,0.8314224482988948,0.6396923088485589,1.4711147571474537,2.0,0
423.56005590418334,critical,0.3503383447152828,0.6396923088485589,0.9900306535638417,2.0,0
424.06056735866605,seasonal,0.3108775699694206,0.668926378609784,0.9798039485792046,12.0,0
423.7461591137067,seasonal,0.36624013762275354,0.7919122426127785,1.158152380235532,12.0,0
424.3647815305983,seasonal,0.2944890897634309,0.7177220910631077,1.0122111808265386,12.0,0
423.6392367819425,critical,0.4578955817268593,1.0255029253980703,1.4833985071249296,2.0,0
419.34539057465713,routine,5.481208790508674,0.6396923088485589,6.1209010993572335,24.0,0
423.99315484199474,critical,0.19714378460895432,1.0255029253980703,1.2226467100070246,2.0,0
424.6202961237905,emergency,0.0,0.7177220910631077,0.7177220910631077,4.0,0
424.9978337324356,seasonal,0.4000225580814458,0.7177220910631077,1.1177446491445535,12.0,0
424.84694699198235,seasonal,0.10340758709298825,0.7919122426127785,0.8953198297057667,12.0,0
424.83180046051785,critical,0.8763289913852645,0.3190807107927397,1.1954097021780044,2.0,0
424.88699527063085,seasonal,0.3500328132009827,0.668926378609784,1.0189591918107666,12.0,0
425.2824832259462,critical,0.4266271305796181,0.6396923088485589,1.066319439428177,2.0,0
419.6961498892054,routine,6.373140885224984,0.6396923088485589,7.0128331940735436,24.0,0
426.150432183073,seasonal,0.003915763484940271,0.3513634158531591,0.3552791793380994,12.0,0
426.2914142629083,critical,0.18022015000883584,0.7919122426127785,0.9721323926216143,2.0,0
419.54964461873305,routine,6.430400640358187,0.7919122426127785,7.222312882970965,24.0,0
426.462983724913,seasonal,0.3630585769025174,0.3190807107927397,0.6821392876952571,12.0,0
425.69115862820956,emergency,0.566226141202435,0.9736079806575129,1.5398341218599478,4.0,0
426.41792020137393,seasonal,0.05138367413803735,0.6659438790168433,0.7173275531548806,12.0,0
426.54527394530584,seasonal,0.28544609531422793,0.3190807107927397,0.6045268061069676,12.0,0
426.56252117537434,seasonal,0.6751020876434382,0.6659438790168433,1.3410459666602814,12.0,0
427.41358385796406,emergency,0.0,0.3190807107927397,0.3190807107927397,4.0,0
426.7096452336759,seasonal,0.7484782580904721,0.7177220910631077,1.4662003491535798,12.0,0
427.9362560696402,seasonal,0.07113745594853071,0.3190807107927397,0.3902181667412704,12.0,0
427.20454258617264,seasonal,0.5911419601354737,0.6659438790168433,1.257085839152317,12.0,0
428.0313169022555,seasonal,0.1636766200274451,0.4353805806418104,0.5990572006692555,12.0,0
427.8907447121675,emergency,0.0,0.9736079806575129,0.9736079806575129,4.0,0
420.2901504462195,routine,8.076738033303286,0.6396923088485589,8.716430342151845,24.0,0
427.99070260329904,seasonal,0.11817406195092417,0.9736079806575129,1.091782042608437,12.0,0
420.3019495709189,routine,8.408536810529824,1.0255029253980703,9.434039735927895,24.0,0
429.2102562953574,emergency,0.0,0.4353805806418104,0.4353805806418104,4.0,0
420.3630115734462,routine,8.895742847220959,0.7177220910631077,9.613464938284066,24.0,0
421.315741058945,routine,8.173906699097472,0.6396923088485589,8.813599007946031,24.0,0
420.5762184890201,routine,8.890030875010723,0.3513634158531591,9.241394290863882,24.0,0
421.94083686742215,routine,8.21377019294215,0.3190807107927397,8.53285090373489,24.0,0
429.97064016250994,critical,0.0,0.6396923088485589,0.6396923088485589,2.0,0
429.8709811183862,seasonal,0.009661072012193017,0.3190807107927397,0.3287417828049327,12.0,0
421.8040412989276,routine,8.306117153097148,0.668926378609784,8.975043531706932,24.0,0
430.48265212614456,seasonal,0.17399053584040303,0.6659438790168433,0.8399344148572463,12.0,0
421.94230263249267,routine,8.400005316009299,0.6599100317467526,9.059915347756052,24.0,0
422.4237896449143,routine,9.087266004209141,0.4353805806418104,9.522646584850952,24.0,0
431.375329879722,emergency,0.0,0.3513634158531591,0.3513634158531591,4.0,0
430.8519749067103,critical,0.0,0.7919122426127785,0.7919122426127785,2.0,0
422.2906748856235,routine,8.805857022272448,0.6659438790168433,9.471800901289292,24.0,0
422.84803510769683,routine,9.294235275162123,0.3513634158531591,9.645598691015282,24.0,0
422.03703862354865,routine,8.9324400816011,1.0255029253980703,9.957943006999171,24.0,0
422.2608745117682,routine,8.804115333634968,0.9736079806575129,9.77772331429248,24.0,0
423.06828517403693,routine,9.091216930112125,0.3190807107927397,9.410297640904865,24.0,0
432.39229180432307,emergency,0.0,0.668926378609784,0.668926378609784,4.0,0
423.7711679438932,routine,8.77594285344395,0.668926378609784,9.444869232053735,24.0,0
423.47411065534124,routine,8.865990203095294,0.6659438790168433,9.531934082112137,24.0,0
423.86042401687536,routine,9.114710259631067,0.4353805806418104,9.550090840272878,24.0,0
425.1513504096545,routine,8.309107676842018,0.4353805806418104,8.744488257483829,24.0,0
423.9198234522777,routine,9.36959636453264,0.4353805806418104,9.80497694517445,24.0,0
425.1969922469619,routine,8.695704819324249,0.3190807107927397,9.014785530116988,24.0,0
433.2926774614984,seasonal,0.0744926578763625,0.668926378609784,0.7434190364861465,12.0,0
424.2889891908131,routine,9.125868737581584,0.6599100317467526,9.785778769328337,24.0,0
425.4579557635775,routine,8.524729529435433,0.6659438790168433,9.190673408452277,24.0,0
425.4683258083729,routine,9.152624486545562,0.7919122426127785,9.94453672915834,24.0,0
425.7119129981931,routine,8.952911544205733,0.4353805806418104,9.388292124847544,24.0,0
425.9250686524663,routine,9.217363863922344,0.3513634158531591,9.568727279775503,24.0,0
425.7908689930497,routine,9.292578108570694,0.7919122426127785,10.084490351183472,24.0,0
434.8078254744944,seasonal,0.13558327446918383,0.6659438790168433,0.8015271534860271,12.0,0
426.46729831593456,routine,8.799812938649893,0.6599100317467526,9.459722970396646,24.0,0
426.87315689087274,routine,8.68492469373416,0.7919122426127785,9.476836936346938,24.0,0
426.88580937383813,routine,9.154914492181831,0.3190807107927397,9.47399520297457,24.0,0
427.94124369035603,routine,8.30483325383392,0.4353805806418104,8.74021383447573,24.0,0
428.9791626358101,routine,7.8681348703101435,0.3513634158531591,8.219498286163303,24.0,0
430.92944674544015,routine,5.940363010251929,0.4353805806418104,6.375743590893739,24.0,0
428.6841814798072,routine,7.958466948180444,0.668926378609784,8.627393326790228,24.0,0
431.6160681046989,routine,5.722574300225574,0.3190807107927397,6.041655011018314,24.0,0
432.5254104763694,routine,5.025739600243298,0.3513634158531591,5.3771030160964575,24.0,0
436.95167495834943,seasonal,0.3432831696496237,0.6599100317467526,1.0031932013963762,12.0,0
437.7122547177627,critical,0.0,0.3513634158531591,0.3513634158531591,2.0,0
431.3944840922384,routine,5.915725687986026,0.7177220910631077,6.633447779049133,24.0,0
433.78944273281246,routine,4.234589353481908,0.3190807107927397,4.553670064274648,24.0,0
438.3802146816022,emergency,0.0,0.3190807107927397,0.3190807107927397,4.0,0
437.757073111923,routine,0.5299398843755512,0.4353805806418104,0.9653204650173616,24.0,0
436.4986228212415,routine,1.7769434749742459,0.7919122426127785,2.5688557175870246,24.0,0
433.9958664592581,routine,4.1948321665146295,0.9736079806575129,5.168440147172142,24.0,0
438.1043900830937,routine,0.4737814692437041,0.7177220910631077,1.1915035603068118,24.0,0
439.2697567719531,routine,0.0,0.3513634158531591,0.3513634158531591,24.0,0
439.4875031364243,routine,0.0,0.668926378609784,0.668926378609784,24.0,0
440.14668613744976,emergency,0.0,0.3190807107927397,0.3190807107927397,4.0,0
439.55268132477073,routine,0.0,0.3513634158531591,0.3513634158531591,24.0,0
440.3332432417817,routine,0.0,0.4353805806418104,0.4353805806418104,24.0,0
439.69768785549894,seasonal,0.40618038758270814,0.6659438790168433,1.0721242665995514,12.0,0
440.65563029418456,seasonal,0.0,0.6659438790168433,0.6659438790168433,12.0,0
440.0599870300616,seasonal,0.19364173071363666,1.0255029253980703,1.219144656111707,12.0,0
440.68584851164405,seasonal,0.2772241171198857,0.7919122426127785,1.0691363597326642,12.0,0
441.1950868029717,critical,0.0,0.668926378609784,0.668926378609784,2.0,0
441.0645459973159,routine,0.19978584783569886,0.7919122426127785,0.9916980904484773,24.0,0
441.0744145204925,seasonal,0.020038921757759454,0.6599100317467526,0.679948953504512,12.0,0
441.68784233207145,seasonal,0.20428613704604004,0.4353805806418104,0.6396667176878504,12.0,0
441.3049438450345,seasonal,0.2724605759992187,0.6396923088485589,0.9121528848477776,12.0,0
441.10342094697575,routine,1.229384884321746,0.3190807107927397,1.548465595114486,24.0,0
441.87803685673896,critical,0.0,0.7177220910631077,0.7177220910631077,2.0,0
442.5337659159514,seasonal,0.016220877640876097,0.6659438790168433,0.6821647566577194,12.0,0
442.90245960090573,seasonal,0.060479109504058215,0.3190807107927397,0.3795598202967979,12.0,0
442.74350412324355,emergency,0.0,0.6659438790168433,0.6659438790168433,4.0,0
442.46116802023187,critical,0.0,0.7177220910631077,0.7177220910631077,2.0,0
443.10713536714144,critical,0.0,0.6659438790168433,0.6659438790168433,2.0,0
442.45377015975856,seasonal,0.0948441802254365,0.6396923088485589,0.7345364890739954,12.0,0
442.7248194809686,seasonal,0.230813716248349,1.0255029253980703,1.2563166416464193,12.0,0
442.91415542876973,seasonal,0.2269962447862781,0.6396923088485589,0.866688553634837,12.0,0
443.75454180253905,seasonal,0.09484057371616927,0.6659438790168433,0.7607844527330125,12.0,0
441.4400893090045,routine,1.8607054754218666,1.0255029253980703,2.886208400819937,24.0,0
443.8527263842431,emergency,0.12375066145347091,0.6659438790168433,0.7896945404703142,4.0,0
444.06462258624236,seasonal,0.0625396964002789,0.7177220910631077,0.7802617874633866,12.0,0
443.77700782592854,emergency,0.0,0.9736079806575129,0.9736079806575129,4.0,0
441.4995944744535,routine,2.9502921555907733,0.3513634158531591,3.3016555714439324,24.0,0
441.45766215509394,routine,2.793915307528323,0.6659438790168433,3.459859186545166,24.0,0
442.163615460173,routine,2.4275744421809122,0.6659438790168433,3.0935183211977555,24.0,0
442.2136895924879,routine,2.705543151139352,0.3513634158531591,3.0569065669925113,24.0,0
444.8665103590768,critical,0.0,0.3190807107927397,0.3190807107927397,2.0,0
445.05752311056176,seasonal,0.2238441061428489,0.9736079806575129,1.1974520868003617,12.0,0
445.3118327902924,seasonal,0.15703151869200838,0.6599100317467526,0.8169415504387609,12.0,0
445.66106840174695,seasonal,0.18219917339797576,0.4353805806418104,0.6175797540397862,12.0,0
445.16552751163493,critical,0.0,0.9736079806575129,0.9736079806575129,2.0,0
442.32594249112793,routine,3.7082502386692227,0.3513634158531591,4.059613654522382,24.0,0
445.33442283777333,seasonal,0.24384898009634526,1.0255029253980703,1.2693519054944156,12.0,0
446.0869720065603,critical,0.0,0.3190807107927397,0.3190807107927397,2.0,0
442.9059826922818,routine,3.22430053459442,0.668926378609784,3.8932269132042037,24.0,0
446.6893622801459,emergency,0.0,0.3190807107927397,0.3190807107927397,4.0,0
445.48000060822267,seasonal,0.252709309546276,0.7177220910631077,0.9704314006093837,12.0,0
445.9338864522679,critical,0.0,0.668926378609784,0.668926378609784,2.0,0
445.61793576740166,routine,1.6911968873242813,0.3513634158531591,2.0425603031774404,24.0,0
446.50354800694413,seasonal,0.37015386563865604,0.7177220910631077,1.0878759567017637,12.0,0
443.9710720206011,routine,3.244749174555409,0.6396923088485589,3.8844414834039678,24.0,0
443.7102349401527,routine,3.295707230128869,0.7177220910631077,4.0134293211919765,24.0,0
443.4299290379302,routine,3.486620153975821,0.7919122426127785,4.2785323965885995,24.0,0
447.3556773831613,seasonal,0.2120421379879076,0.668926378609784,0.8809685165976916,12.0,0
447.7001342190166,seasonal,0.030032342458127914,0.6599100317467526,0.6899423742048805,12.0,0
448.4641532695184,critical,0.0,0.3190807107927397,0.3190807107927397,2.0,0
448.41557166022557,seasonal,0.019568714934848686,0.6599100317467526,0.6794787466816012,12.0,0
446.19905285502597,routine,2.2801123034365673,0.668926378609784,2.9490386820463512,24.0,0
448.57042564816663,seasonal,0.2022992021634309,0.3190807107927397,0.5213799129561706,12.0,0
445.64687778511865,routine,2.8000689766511755,0.9736079806575129,3.7736769573086884,24.0,0
448.557871869222,critical,0.0,0.6396923088485589,0.6396923088485589,2.0,0
448.99633211388044,emergency,0.0,0.7177220910631077,0.7177220910631077,4.0,0
449.0353251508407,seasonal,0.05554082632744439,0.9736079806575129,1.0291488069849573,12.0,0
449.4587160335409,emergency,0.0,0.7919122426127785,0.7919122426127785,4.0,0
449.4869906752047,critical,0.0,0.3190807107927397,0.3190807107927397,2.0,0
448.8480963150734,seasonal,0.2345440063274964,0.7177220910631077,0.9522660973906041,12.0,0
449.53026354258236,emergency,0.0,1.0255029253980703,1.0255029253980703,4.0,0
449.4178644714371,seasonal,0.544429814090563,0.3190807107927397,0.8635105248833027,12.0,0
447.2470238222421,routine,2.056791464127855,1.0255029253980703,3.0822943895259254,24.0,0
449.51873030552974,seasonal,0.563905227998589,0.4353805806418104,0.9992858086403994,12.0,0
449.66847087758885,seasonal,0.5324681835678007,0.6659438790168433,1.198412062584644,12.0,0
450.8832548124332,critical,0.016517788272608414,0.9736079806575129,0.9901257689301213,2.0,0
450.6094718771838,critical,0.0,0.9736079806575129,0.9736079806575129,2.0,0
450.2082567467977,seasonal,0.26889400827769805,0.9736079806575129,1.242501988935211,12.0,0
450.99106647644334,seasonal,0.20842384306143913,0.3513634158531591,0.5597872589145982,12.0,0
447.74742044479547,routine,3.17706976131484,0.7919122426127785,3.9689820039276187,24.0,0
447.8377247680078,routine,3.6380225282302376,0.3190807107927397,3.9571032390229774,24.0,0
448.40392869962807,routine,3.4638001244028374,0.4353805806418104,3.899180705044648,24.0,0
452.0374075463563,seasonal,0.14503192018537447,0.3190807107927397,0.46411263097811417,12.0,0
448.3331209755259,routine,3.3643887564152237,0.3190807107927397,3.6834694672079635,24.0,0
452.06615248335663,emergency,0.0,0.6396923088485589,0.6396923088485589,4.0,0
451.1200278048771,emergency,0.0,1.0255029253980703,1.0255029253980703,4.0,0
452.3724773623876,critical,0.0,0.6599100317467526,0.6599100317467526,2.0,0
448.71959924601714,routine,3.972752389864638,0.7177220910631077,4.690474480927746,24.0,0
449.21080671429536,routine,3.5014623058352186,0.6659438790168433,4.167406184852062,24.0,0
448.5030411469994,routine,4.185120434216799,1.0255029253980703,5.210623359614869,24.0,0
452.7248321959883,seasonal,0.3309065600281542,0.6659438790168433,0.9968504390449975,12.0,0
449.2487614314633,routine,4.060782144290442,0.6599100317467526,4.720692176037195,24.0,0
453.7741383756167,critical,0.0,0.3190807107927397,0.3190807107927397,2.0,0
452.83863364400446,seasonal,0.2952020087140568,0.6599100317467526,0.9551120404608093,12.0,0
449.4493764423703,routine,3.9063424461876366,1.0255029253980703,4.931845371585707,24.0,0
450.0116808917698,routine,4.421976925208412,0.4353805806418104,4.8573575058502225,24.0,0
449.45057421083123,routine,4.670357149523795,0.6599100317467526,5.330267181270548,24.0,0
450.61160817522943,routine,4.028791849079369,0.3513634158531591,4.380155264932528,24.0,0
450.8377826922646,routine,4.075666836032951,0.4353805806418104,4.511047416674762,24.0,0
450.1934267230195,routine,4.426920522734292,0.6659438790168433,5.092864401751136,24.0,0
450.6213792383916,routine,4.0208475214116675,0.6659438790168433,4.686791400428511,24.0,0
455.1167238024079,seasonal,0.3877908474354399,0.3190807107927397,0.7068715582281796,12.0,0
451.58166337841726,routine,4.256318689351588,1.0255029253980703,5.281821614749658,24.0,0
456.5512219554955,seasonal,0.09307333540562013,0.4353805806418104,0.5284539160474305,12.0,0
452.26768254800464,routine,3.803909462036586,0.668926378609784,4.47283584064637,24.0,0
452.75886416088395,routine,3.6100261534283504,0.3190807107927397,3.9291068642210902,24.0,0
452.38995369855775,routine,3.6850151782981015,0.6599100317467526,4.344925210044854,24.0,0
454.10355213054015,routine,2.5919109293730003,0.4353805806418104,3.027291510014811,24.0,0
452.75330824890654,routine,3.5652916461644963,0.7919122426127785,4.357203888777275,24.0,0
457.15498760720374,seasonal,0.3647898768212485,0.7177220910631077,1.0825119678843562,12.0,0
455.09511265475027,routine,2.7630772056705837,0.3513634158531591,3.114440621523743,24.0,0
454.35859160685175,routine,3.3987848279433024,0.7919122426127785,4.190697070556081,24.0,0
457.91079949180664,seasonal,0.004904817504780112,1.0255029253980703,1.0304077429028504,12.0,0
455.7486218080763,routine,2.1126489166177294,1.0255029253980703,3.1381518420158,24.0,0
459.06591046252134,routine,0.0,0.6659438790168433,0.6659438790168433,24.0,0
462.3465331497188,routine,0.0,0.6659438790168433,0.6659438790168433,24.0,0
462.5943858458753,seasonal,0.0,0.668926378609784,0.668926378609784,12.0,0
463.4792569542515,seasonal,0.0,0.3190807107927397,0.3190807107927397,12.0,0
463.3950136450211,seasonal,0.0,0.668926378609784,0.668926378609784,12.0,0
463.44327319140893,critical,0.0,0.6659438790168433,0.6659438790168433,2.0,0
463.20564581341677,routine,0.0,0.6599100317467526,0.6599100317467526,24.0,0
463.9160918546012,critical,0.0,0.4353805806418104,0.4353805806418104,2.0,0
463.4830560855874,routine,0.0,0.6659438790168433,0.6659438790168433,24.0,0
463.9290517412748,routine,0.0,0.6599100317467526,0.6599100317467526,24.0,0
463.9378620390234,seasonal,0.030352642077616565,0.6659438790168433,0.6962965210944598,12.0,0
464.0541509305215,seasonal,0.36881063183898277,0.6659438790168433,1.034754510855826,12.0,0
464.3199530596468,seasonal,0.3685639934067808,0.7177220910631077,1.0862860844698885,12.0,0
464.72719370438745,seasonal,0.05516549869355458,0.4353805806418104,0.490546079335365,12.0,0
464.7272785693283,seasonal,0.21381977964364296,0.7177220910631077,0.9315418707067507,12.0,0
465.57654822785696,critical,0.0,0.6599100317467526,0.6599100317467526,2.0,0
465.41362695034775,seasonal,0.1272247051982731,0.3190807107927397,0.4463054159910128,12.0,0
465.5693120031144,seasonal,0.25983308996097776,0.6599100317467526,0.9197431217077303,12.0,0
465.7144349515666,critical,0.0,1.0255029253980703,1.0255029253980703,2.0,0
464.7749262100873,seasonal,0.729907283249247,0.9736079806575129,1.70351526390676,12.0,0
464.02444071641725,routine,2.035664321161505,0.6396923088485589,2.675356630010064,24.0,0
465.8735819726622,seasonal,0.12270480812986762,0.9736079806575129,1.0963127887873805,12.0,0
465.9729010418079,seasonal,0.05574186614495602,0.6659438790168433,0.7216857451617993,12.0,0
466.33864742816866,critical,0.0,0.668926378609784,0.668926378609784,2.0,0
464.7707723494042,routine,1.6955850286076952,0.668926378609784,2.364511407217479,24.0,0
467.18683727285014,seasonal,0.037514553586731836,0.4353805806418104,0.47289513422854224,12.0,0
464.9057138563713,routine,2.2465454605538184,0.7177220910631077,2.964267551616926,24.0,0
467.31429102017535,seasonal,0.10272723827603158,0.3513634158531591,0.4540906541291907,12.0,0
466.9808696094963,critical,0.0,0.668926378609784,0.668926378609784,2.0,0
467.54411608974385,emergency,0.0,0.3513634158531591,0.3513634158531591,4.0,0
467.2099284488829,seasonal,0.19318873100286282,0.6396923088485589,0.8328810398514217,12.0,0
467.56504099974205,seasonal,0.27874735778937065,0.6659438790168433,0.9446912368062139,12.0,0
467.9048989751776,seasonal,0.012099299662111207,0.6396923088485589,0.6517916085106701,12.0,0
467.7944179350366,emergency,0.0,0.668926378609784,0.668926378609784,4.0,0
467.8241779270102,critical,0.30339320946188764,0.7177220910631077,1.0211153005249953,2.0,0
468.29575773550766,seasonal,0.035891811899716686,0.6599100317467526,0.6958018436464692,12.0,0
464.9168009392094,routine,3.5049554554221913,0.6659438790168433,4.170899334439035,24.0,0
467.5028430418036,critical,0.0,1.0255029253980703,1.0255029253980703,2.0,0
465.92427527521323,routine,2.7077184638546896,0.6659438790168433,3.373662342871533,24.0,0
467.9971920050467,critical,0.6718986496961747,0.3513634158531591,1.0232620655493339,2.0,0
465.0898349333373,routine,3.5164745756445654,0.7919122426127785,4.308386818257344,24.0,0
468.78984039688345,seasonal,0.1717620705334184,0.6599100317467526,0.831672102280171,12.0,0
468.78291636556975,critical,0.1659248689514925,0.3513634158531591,0.5172882848046516,2.0,0
466.42192156265054,routine,3.099621861803655,0.3190807107927397,3.418702572596395,24.0,0
469.0581110524275,seasonal,0.25647884225230655,0.6599100317467526,0.9163888739990591,12.0,0
469.74176872860454,seasonal,0.07063303060107273,0.6599100317467526,0.7305430623478253,12.0,0
470.3445009444391,emergency,0.0,0.3190807107927397,0.3190807107927397,4.0,0
470.03966977775247,critical,0.0,0.668926378609784,0.668926378609784,2.0,0
467.3671449570199,routine,2.9030596327011153,0.3513634158531591,3.2544230485542744,24.0,0
470.38070894581597,emergency,0.0,0.6599100317467526,0.6599100317467526,4.0,0
469.86210653023977,seasonal,0.2152790793954864,0.6599100317467526,0.875189111142239,12.0,0
466.83517929447413,routine,2.82946764162358,1.0255029253980703,3.8549705670216508,24.0,0
470.34925901737904,emergency,0.0,0.668926378609784,0.668926378609784,4.0,0
466.8576925182453,routine,3.391966221007692,0.7919122426127785,4.183878463620471,24.0,0
470.7872329108479,seasonal,0.020848593782659464,0.6599100317467526,0.680758625529412,12.0,0
470.86527521810547,emergency,0.0,0.9736079806575129,0.9736079806575129,4.0,0
467.382695601393,routine,3.5632213592916173,0.6599100317467526,4.22313139103837,24.0,0
471.14287778093706,seasonal,0.10142916462433504,0.6659438790168433,0.7673730436411783,12.0,0
471.4483039936561,seasonal,0.21589159662374868,0.6599100317467526,0.8758016283705012,12.0,0
471.9687908417136,seasonal,0.3493768879015988,0.4353805806418104,0.7847574685434092,12.0,0
468.34549626807024,routine,3.447262788753278,0.4353805806418104,3.8826433693950886,24.0,0
472.05675450138483,seasonal,0.42259722302219416,0.3190807107927397,0.7416779338149339,12.0,0
471.94940089192266,seasonal,0.06579059156928224,0.9736079806575129,1.039398572226795,12.0,0
469.03763853138327,routine,3.824647333522705,0.4353805806418104,4.260027914164516,24.0,0
472.87593668954565,emergency,0.0,0.4353805806418104,0.4353805806418104,4.0,0
472.5299295293881,seasonal,0.26890377313503677,0.7177220910631077,0.9866258641981445,12.0,0
473.03992667956953,seasonal,0.1395449810976288,0.668926378609784,0.8084713597074128,12.0,0
473.3088184041615,emergency,0.0,0.6599100317467526,0.6599100317467526,4.0,0
473.3730307774658,seasonal,0.032965112654551376,0.6599100317467526,0.6928751444013039,12.0,0
473.4463341123754,seasonal,0.046359429131371144,0.7177220910631077,0.7640815201944788,12.0,0
473.34439196737446,critical,0.0,0.6659438790168433,0.6659438790168433,2.0,0
473.7702397983235,emergency,0.0,0.668926378609784,0.668926378609784,4.0,0
469.1832581153162,routine,4.458887103307006,0.6599100317467526,5.118797135053759,24.0,0
474.21388113220206,seasonal,0.1523272261498505,0.3190807107927397,0.4714079369425902,12.0,0
469.4921561085057,routine,4.473048418890187,0.6659438790168433,5.138992297907031,24.0,0
469.63776574823544,routine,4.981205449944639,0.4353805806418104,5.4165860305864495,24.0,0
469.6994284907193,routine,5.090155551068051,0.3513634158531591,5.44151896692121,24.0,0
474.4756228575418,seasonal,0.07180461173658159,0.9736079806575129,1.0454125923940945,12.0,0
469.9612638073673,routine,4.974857951449508,0.7177220910631077,5.692580042512615,24.0,0
475.7503195321314,seasonal,0.14854491900717903,0.3190807107927397,0.46762562979991873,12.0,0
469.9834578608124,routine,5.5437274591179175,0.3513634158531591,5.895090874971077,24.0,0
475.6881232235509,seasonal,0.05014974436863895,0.6396923088485589,0.6898420532171978,12.0,0
470.06786717379026,routine,5.557660225499774,0.7919122426127785,6.3495724681125525,24.0,0
471.0752108662609,routine,4.67226602605956,1.0255029253980703,5.697768951457631,24.0,0
476.2456105813765,emergency,0.0,0.6599100317467526,0.6599100317467526,4.0,0
471.1084630646395,routine,5.295461951990831,0.6659438790168433,5.961405831007674,24.0,0
476.91179713717736,critical,0.0,0.4353805806418104,0.4353805806418104,2.0,0
476.96209344682563,critical,0.0,0.7919122426127785,0.7919122426127785,2.0,0
473.05540272403334,routine,4.132359998401057,0.6599100317467526,4.79227003014781,24.0,0
473.3769456142866,routine,3.836857174691829,0.4353805806418104,4.27223775533364,24.0,0
472.2169462147393,routine,4.858475583527252,1.0255029253980703,5.883978508925322,24.0,0
471.28805850560275,routine,5.654696626727059,0.9736079806575129,6.628304607384572,24.0,0
473.4370530429443,routine,4.071917224513697,0.668926378609784,4.740843603123482,24.0,0
473.5393973820757,routine,4.032800037306515,0.9736079806575129,5.006408017964028,24.0,0
473.6125968876461,routine,4.506283462005513,0.6396923088485589,5.145975770854072,24.0,0
473.9572298725169,routine,4.90507140293613,0.7919122426127785,5.696983645548909,24.0,0
473.97263365524185,routine,5.300287072442586,0.4353805806418104,5.735667653084397,24.0,0
473.8808658508144,routine,4.82281959204181,0.9736079806575129,5.796427572699323,24.0,0
474.19027816019974,routine,5.269504313397135,0.3190807107927397,5.588585024189875,24.0,0
478.96949372208337,seasonal,0.08598966818266263,0.6599100317467526,0.7458996999294152,12.0,0
474.40398932526006,routine,5.585582239238022,0.3190807107927397,5.904662950030762,24.0,0
479.89813230632876,seasonal,0.03259662019939924,0.6599100317467526,0.6925066519461518,12.0,0
480.0970429763438,emergency,0.0,0.7177220910631077,0.7177220910631077,4.0,0
475.276769662896,routine,5.37810909977253,0.668926378609784,6.047035478382314,24.0,0
474.44139418915915,routine,6.055713825650287,0.668926378609784,6.724640204260071,24.0,0
475.40247316658105,routine,5.572561166319417,0.6396923088485589,6.2122534751679765,24.0,0
475.75523334886003,routine,5.337066610844772,0.7919122426127785,6.128978853457551,24.0,0
474.79490049909907,routine,5.780378540971867,0.7919122426127785,6.572290783584646,24.0,0
477.8823539802107,routine,3.3599972055886838,0.6659438790168433,4.0259410846055275,24.0,0
478.0493674149996,routine,3.3653856334016155,0.6599100317467526,4.025295665148368,24.0,0
479.6122570534611,routine,2.4770422252365165,0.3513634158531591,2.8284056410896756,24.0,0
481.4338152039786,seasonal,0.5055736361597383,1.0255029253980703,1.5310765615578086,12.0,0
481.98176024821123,emergency,0.0,0.6659438790168433,0.6659438790168433,4.0,0
480.45360125649404,routine,2.2911590520055825,0.3513634158531591,2.6425224678587416,24.0,0
483.19916340241053,seasonal,0.05251086119562842,0.3190807107927397,0.3715915719883681,12.0,0
481.2316409967184,routine,1.5155388934725806,0.6659438790168433,2.181482772489424,24.0,0
479.69582390058997,routine,2.685789974786246,0.6396923088485589,3.325482283634805,24.0,0
481.8774105888977,routine,0.8912709054837933,0.4353805806418104,1.3266514861256038,24.0,0
484.46062385970043,emergency,0.0,0.4353805806418104,0.4353805806418104,4.0,0
486.2313095367295,routine,0.0,0.4353805806418104,0.4353805806418104,24.0,0
486.3353259661957,critical,0.0,0.6659438790168433,0.6659438790168433,2.0,0
486.7099534156331,seasonal,0.0,0.668926378609784,0.668926378609784,12.0,0
486.82158809128657,emergency,0.0,0.6599100317467526,0.6599100317467526,4.0,0
487.13003005658067,seasonal,0.0,0.3513634158531591,0.3513634158531591,12.0,0
487.4094436599799,routine,0.0,0.6396923088485589,0.6396923088485589,24.0,0
487.34651250633885,routine,0.0,0.3513634158531591,0.3513634158531591,24.0,0
487.859423449474,routine,0.0,0.4353805806418104,0.4353805806418104,24.0,0
487.7060730824602,seasonal,0.0,0.3190807107927397,0.3190807107927397,12.0,0
488.0687018871997,seasonal,0.11875321272361816,0.3190807107927397,0.43783392351635786,12.0,0
488.41333786819473,critical,0.0,0.6599100317467526,0.6599100317467526,2.0,0
487.59865219992764,routine,0.0,0.7919122426127785,0.7919122426127785,24.0,0
488.0893839993591,emergency,0.0,0.6396923088485589,0.6396923088485589,4.0,0
488.31372798323457,seasonal,0.38534606129121585,0.3190807107927397,0.7044267720839555,12.0,0
488.1365490133837,routine,1.1329161358812598,0.3513634158531591,1.484279551734419,24.0,0
488.8212538799634,routine,0.5516916092057613,0.6599100317467526,1.2116016409525139,24.0,0
488.11487630939865,routine,0.8117201806113599,0.6659438790168433,1.4776640596282031,24.0,0
488.90938481433824,routine,1.0258163258278614,0.3190807107927397,1.3448970366206012,24.0,0
488.77255634269625,seasonal,0.1277486160122976,0.6599100317467526,0.7876586477590501,12.0,0
489.30060059645615,seasonal,0.03222137139033521,0.668926378609784,0.7011477500001192,12.0,0
489.45026829126226,emergency,0.0,0.668926378609784,0.668926378609784,4.0,0
489.50870828503696,seasonal,0.20593895391436945,0.9736079806575129,1.1795469345718823,12.0,0
489.89944759410525,critical,0.0,1.0255029253980703,1.0255029253980703,2.0,0
489.29563258865386,routine,1.0205483259973676,0.6599100317467526,1.6804583577441201,24.0,0
489.86387908326736,routine,1.016069981845419,0.7919122426127785,1.8079822244581976,24.0,0
490.99034819976333,seasonal,0.005007723078961135,0.7177220910631077,0.7227298141420688,12.0,0
489.4472052169449,routine,1.1986113194680001,0.6599100317467526,1.8585213512147527,24.0,0
489.5671353450307,routine,1.2235252480707572,0.6599100317467526,1.8834352798175098,24.0,0
491.48897812346854,emergency,0.0,0.3513634158531591,0.3513634158531591,4.0,0
489.9767304807693,routine,0.9138702720773608,0.9736079806575129,1.8874782527348737,24.0,0
491.1322684606253,seasonal,0.7804573273563733,0.6599100317467526,1.4403673591031259,12.0,0
490.3182859589728,routine,1.896427583254365,0.668926378609784,2.5653539618641488,24.0,0
490.81017324352365,routine,1.5318722686249089,0.6659438790168433,2.197816147641752,24.0,0
491.0390374787856,routine,1.374188164709949,0.7177220910631077,2.0919102557730564,24.0,0
492.44127780771,critical,0.0,0.4353805806418104,0.4353805806418104,2.0,0
491.46870617926413,routine,1.2207372270604537,0.7919122426127785,2.0126494696732324,24.0,0
492.7927526644507,critical,0.0,0.4353805806418104,0.4353805806418104,2.0,0
490.9673063316143,routine,1.4041923116832322,1.0255029253980703,2.4296952370813027,24.0,0
491.52068540509197,routine,1.5450492077540616,0.3513634158531591,1.8964126236072207,24.0,0
493.5710391192811,emergency,0.0,0.4353805806418104,0.4353805806418104,4.0,0
491.6037516590835,routine,2.3990438507797194,0.3513634158531591,2.7504072666328785,24.0,0
493.28945173281176,seasonal,0.43725302028116175,0.3513634158531591,0.7886164361343209,12.0,0
491.78640538955585,routine,2.640867996206225,0.3190807107927397,2.959948706998965,24.0,0
493.61366399426623,seasonal,0.3553562669156918,0.6659438790168433,1.021300145932535,12.0,0
493.3581614600264,seasonal,0.4702358437860994,0.7919122426127785,1.2621480863988779,12.0,0
495.0889103448275,critical,0.0,0.3190807107927397,0.3190807107927397,2.0,0
492.45187337297034,routine,2.1362774671669627,0.6659438790168433,2.802221346183806,24.0,0
494.21144792762266,emergency,0.0,0.6659438790168433,0.6659438790168433,4.0,0
494.61334290665604,seasonal,0.0663332362543656,0.4353805806418104,0.501713816896176,12.0,0
494.77117556609,seasonal,0.3631673086342744,0.3190807107927397,0.6822480194270141,12.0,0
495.31804659998,emergency,0.0,0.4353805806418104,0.4353805806418104,4.0,0
495.0302559903151,critical,0.0,0.668926378609784,0.668926378609784,2.0,0
492.4667887874727,routine,2.692816556321077,0.6396923088485589,3.3325088651696357,24.0,0
492.60081828199867,routine,2.952618174678207,0.6599100317467526,3.61252820642496,24.0,0
495.77308004086535,emergency,0.0,0.3513634158531591,0.3513634158531591,4.0,0
492.8440885310724,routine,3.3762088444319716,0.4353805806418104,3.811589425073782,24.0,0
495.81566051232215,seasonal,0.028219608191932366,0.3190807107927397,0.34730031898467206,12.0,0
495.914340764315,critical,0.25815610544617584,0.7919122426127785,1.0500683480589543,2.0,0
492.78810166640136,routine,2.786289384621,1.0255029253980703,3.8117923100190705,24.0,0
495.8531581555254,emergency,0.37327546424847924,0.3190807107927397,0.6923561750412189,4.0,0
493.50558735937653,routine,3.21516202052743,0.6659438790168433,3.881105899544273,24.0,0
494.54175204258485,routine,2.473487872596877,0.4353805806418104,2.9088684532386875,24.0,0
494.8915147771517,routine,2.205547960101569,0.3190807107927397,2.524628670894309,24.0,0
493.39812570626435,routine,3.0360347228394176,0.6599100317467526,3.6959447545861703,24.0,0
497.4325343997954,seasonal,0.01642089030644911,0.3513634158531591,0.3677843061596082,12.0,0
498.0888275576292,critical,0.0,0.3513634158531591,0.3513634158531591,2.0,0
497.35338539194896,seasonal,0.04756194083807941,0.6396923088485589,0.6872542496866383,12.0,0
495.13250586331776,routine,3.3252930735163204,0.3513634158531591,3.6766564893694795,24.0,0
495.0459661024771,routine,3.288930205419774,0.3190807107927397,3.608010916212514,24.0,0
497.96948901040827,critical,0.0,0.4353805806418104,0.4353805806418104,2.0,0
495.12091354655666,routine,3.2503918715535747,0.3190807107927397,3.5694725823463145,24.0,0
497.89909397060217,seasonal,0.3398682877072474,0.668926378609784,1.0087946663170313,12.0,0
497.777926853063,seasonal,0.11576162166312542,0.9736079806575129,1.0893696023206383,12.0,0
498.4782350096705,seasonal,0.5639879145398936,0.6659438790168433,1.2299317935567369,12.0,0
499.5727648966927,seasonal,0.03866203167530102,0.3513634158531591,0.39002544752846013,12.0,0
499.9351938683836,emergency,0.0,0.4353805806418104,0.4353805806418104,4.0,0
495.27483126295436,routine,4.274408516802453,0.4353805806418104,4.709789097444263,24.0,0
498.9497702922791,critical,0.0,1.0255029253980703,1.0255029253980703,2.0,0
499.63971891705387,critical,0.0,0.7177220910631077,0.7177220910631077,2.0,0
495.2375300695881,routine,4.012939844477614,1.0255029253980703,5.038442769875685,24.0,0
495.4143085533691,routine,4.741835823171414,0.6659438790168433,5.407779702188257,24.0,0
495.35804657627557,routine,4.583939085736176,0.7177220910631077,5.301661176799284,24.0,0
495.65208909269245,routine,5.21233066824783,0.3190807107927397,5.53141137904057,24.0,0
495.64234977086863,routine,4.597186835392108,0.9736079806575129,5.570794816049621,24.0,0
495.757241668366,routine,5.43266377752974,0.3513634158531591,5.784027193382899,24.0,0
501.07533142525324,critical,0.0,0.4353805806418104,0.4353805806418104,2.0,0
500.4673096897957,seasonal,0.09771530151522256,0.6599100317467526,0.7576253332619751,12.0,0
501.40943706673164,seasonal,0.16543610385764396,0.4353805806418104,0.6008166844994544,12.0,0
501.7568223700057,seasonal,0.10263145533383522,0.3190807107927397,0.4217121661265749,12.0,0
501.3113365459053,seasonal,0.14425096572159646,0.6599100317467526,0.804160997468349,12.0,0
495.8734792707265,routine,6.1142488303625555,0.7919122426127785,6.906161072975334,24.0,0
496.19405970586274,routine,6.2589178515967205,0.9736079806575129,7.232525832254233,24.0,0
496.2384223481194,routine,6.2684095129742445,0.7177220910631077,6.986131604037352,24.0,0
502.92231492231065,seasonal,0.21303824672605742,0.4353805806418104,0.6484188273678678,12.0,0
503.4719613797769,critical,0.0,0.4353805806418104,0.4353805806418104,2.0,0
496.32814876620415,routine,6.283481286678921,0.6599100317467526,6.9433913184256735,24.0,0
502.7576253252627,critical,0.0,0.668926378609784,0.668926378609784,2.0,0
497.16281922157214,routine,6.274984682146794,0.6659438790168433,6.940928561163638,24.0,0
496.9609407938771,routine,6.308481400066967,0.6659438790168433,6.97442527908381,24.0,0
497.34391741927425,routine,6.792385501697936,0.4353805806418104,7.2277660823397465,24.0,0
503.8105823168203,seasonal,0.2835643986126115,0.3513634158531591,0.6349278144657706,12.0,0
497.1997846100549,routine,6.527174841572446,0.6659438790168433,7.19311872058929,24.0,0
497.43574955378983,routine,7.196837846224355,0.3190807107927397,7.515918557017095,24.0,0
497.7513499782996,routine,7.064986459475335,0.4353805806418104,7.500367040117146,24.0,0
497.43473695312366,routine,6.91144570008413,1.0255029253980703,7.9369486254822,24.0,0
498.11496880221034,routine,6.938284963782223,0.6599100317467526,7.598194995528976,24.0,0
498.6477103380406,routine,6.720870619074333,0.668926378609784,7.389796997684117,24.0,0
498.74549517628753,routine,6.699071553154624,1.0255029253980703,7.724574478552695,24.0,0
498.4642005498243,routine,6.832089603693248,0.7177220910631077,7.549811694756356,24.0,0
500.3789674045844,routine,5.504601802466709,1.0255029253980703,6.53010472786478,24.0,0
500.44967566965596,routine,5.539977339896836,0.9736079806575129,6.513585320554349,24.0,0
501.3112455807505,routine,5.246770070858133,0.7177220910631077,5.964492161921241,24.0,0
500.81987193979495,routine,5.6805753910174985,0.7919122426127785,6.472487633630277,24.0,0
501.9344109608991,routine,4.968362012631701,0.6396923088485589,5.60805432148026,24.0,0
504.68472780905086,routine,2.898043442607843,0.4353805806418104,3.3334240232496537,24.0,0
503.1501525254748,routine,3.9472953471516803,0.4353805806418104,4.382675927793491,24.0,0
503.95079581221984,routine,3.3904011145000936,1.0255029253980703,4.415904039898164,24.0,0
506.25877578961797,routine,1.3944136724480245,0.6396923088485589,2.0341059812965834,24.0,0
507.6580870337042,critical,0.0,0.6599100317467526,0.6599100317467526,2.0,0
506.40972497877925,routine,1.7151574698809213,0.9736079806575129,2.688765450538434,24.0,0
509.04388051345256,seasonal,0.0,0.4353805806418104,0.4353805806418104,12.0,0
508.50242735624835,routine,0.0,1.0255029253980703,1.0255029253980703,24.0,0
509.372147738804,routine,0.0,0.9736079806575129,0.9736079806575129,24.0,0
509.3130850882071,seasonal,0.0,0.6396923088485589,0.6396923088485589,12.0,0
509.94467179511,critical,0.0,0.3513634158531591,0.3513634158531591,2.0,0
509.3982126010391,routine,0.0,1.0255029253980703,1.0255029253980703,24.0,0
510.22302158033386,seasonal,0.0,0.4353805806418104,0.4353805806418104,12.0,0
510.3930752526041,routine,0.0,0.4353805806418104,0.4353805806418104,24.0,0
510.3089094657266,critical,0.0,0.3513634158531591,0.3513634158531591,2.0,0
511.3593052892863,routine,0.0,0.3190807107927397,0.3190807107927397,24.0,0
511.0406365951804,routine,0.0,0.6599100317467526,0.6599100317467526,24.0,0
511.4554075354588,routine,0.0,0.4353805806418104,0.4353805806418104,24.0,0
511.11697838154197,seasonal,0.0,0.6659438790168433,0.6659438790168433,12.0,0
511.3906657374913,critical,0.0,0.7177220910631077,0.7177220910631077,2.0,0
511.3421349153704,seasonal,0.0,0.7919122426127785,0.7919122426127785,12.0,0
511.7837453257963,critical,0.0,0.6599100317467526,0.6599100317467526,2.0,0
511.53442182356713,seasonal,0.0,0.668926378609784,0.668926378609784,12.0,0
511.7963344803467,critical,0.0,0.6396923088485589,0.6396923088485589,2.0,0
511.7338000503746,emergency,0.0,0.6659438790168433,0.6659438790168433,4.0,0
511.62535001103686,routine,0.06113172478853812,0.6659438790168433,0.7270756038053814,24.0,0
512.7614302887155,seasonal,0.0,0.3513634158531591,0.3513634158531591,12.0,0
513.1279863846914,routine,0.06782195825633153,0.3190807107927397,0.3869026690490712,24.0,0
513.0140741800371,seasonal,0.0,0.4353805806418104,0.4353805806418104,12.0,0
512.5865518485193,seasonal,0.0,0.6659438790168433,0.6659438790168433,12.0,0
513.1737307565652,routine,0.36872595048737367,0.6599100317467526,1.0286359822341262,24.0,0
512.9572615098402,routine,0.0,0.7177220910631077,0.7177220910631077,24.0,0
513.7231043481025,routine,0.0,1.0255029253980703,1.0255029253980703,24.0,0
513.7349954242362,seasonal,0.27013607598644285,0.3190807107927397,0.5892167867791825,12.0,0
513.85494671331,routine,0.376208092090792,0.6599100317467526,1.0361181238375445,24.0,0
513.7813325164393,seasonal,0.42246611038103765,0.3513634158531591,0.7738295262341968,12.0,0
513.9882437070016,routine,0.27951035816852254,0.4353805806418104,0.7148909388103329,24.0,0
514.4663297400334,critical,0.0,0.668926378609784,0.668926378609784,2.0,0
514.1154319356926,routine,0.9313545051056735,0.4353805806418104,1.366735085747484,24.0,0
513.9702823144243,critical,0.0,0.9736079806575129,0.9736079806575129,2.0,0
514.5380494205226,seasonal,0.5008880647360456,0.7177220910631077,1.2186101557991533,12.0,0
514.8055169121837,critical,0.0,0.7919122426127785,0.7919122426127785,2.0,0
515.843068305247,critical,0.0,0.3513634158531591,0.3513634158531591,2.0,0
515.5612676109549,seasonal,0.032963986942263546,0.7919122426127785,0.824876229555042,12.0,0
515.5973920718102,routine,0.21171924468194447,0.6599100317467526,0.871629276428697,24.0,0
515.5721023371817,routine,0.13955923336720844,0.4353805806418104,0.5749398140090188,24.0,0
515.9021803072034,seasonal,0.0,0.7177220910631077,0.7177220910631077,12.0,0
515.9564028936379,routine,0.018742005130093276,0.7919122426127785,0.8106542477428718,24.0,0
516.265673581759,critical,0.0,0.4353805806418104,0.4353805806418104,2.0,0
516.7079538369514,seasonal,0.0,0.7177220910631077,0.7177220910631077,12.0,0
517.6299537844338,routine,0.0,0.3513634158531591,0.3513634158531591,24.0,0
517.2126436612853,emergency,0.0,0.9736079806575129,0.9736079806575129,4.0,0
517.6794876469351,critical,0.0,0.6599100317467526,0.6599100317467526,2.0,0
517.1628015945251,seasonal,0.0,0.6659438790168433,0.6659438790168433,12.0,0
518.2179091390295,seasonal,0.0,0.3190807107927397,0.3190807107927397,12.0,0
517.6235312559222,emergency,0.0,0.4353805806418104,0.4353805806418104,4.0,0
517.5209719478062,routine,0.0,1.0255029253980703,1.0255029253980703,24.0,0
517.2132786677103,critical,0.0,1.0255029253980703,1.0255029253980703,2.0,0
517.9592701214087,emergency,0.09553763130838888,0.9736079806575129,1.0691456119659017,4.0,0
517.6870163880283,seasonal,0.0,1.0255029253980703,1.0255029253980703,12.0,0
518.2406816713606,critical,0.7827671157448322,0.7919122426127785,1.5746793583576106,2.0,0
519.1520983002949,routine,0.0,0.6659438790168433,0.6659438790168433,24.0,0
518.9948607596826,critical,0.1938211995899337,0.7919122426127785,0.9857334422027122,2.0,0
519.777614503466,routine,0.0,0.7177220910631077,0.7177220910631077,24.0,0
519.8190821797056,routine,0.0,0.4353805806418104,0.4353805806418104,24.0,0
520.2624136301653,critical,0.0,0.668926378609784,0.668926378609784,2.0,0
520.2416378369146,routine,0.0,0.3190807107927397,0.3190807107927397,24.0,0
520.1119485081324,emergency,0.0,0.4353805806418104,0.4353805806418104,4.0,0
520.0225025055589,routine,0.0,0.3513634158531591,0.3513634158531591,24.0,0
520.1405940425265,seasonal,0.0,0.9736079806575129,0.9736079806575129,12.0,0
520.0807327387802,routine,0.0,0.6659438790168433,0.6659438790168433,24.0,0
520.441809119305,seasonal,0.6052833396207689,0.4353805806418104,1.0406639202625794,12.0,0
520.446702876798,seasonal,0.9614334491730006,0.3513634158531591,1.3127968650261597,12.0,0
521.7578471135505,critical,0.0,0.3513634158531591,0.3513634158531591,2.0,0
521.2294832204271,emergency,0.0,1.0255029253980703,1.0255029253980703,4.0,0
520.7469797168009,routine,1.0886992677920944,0.6659438790168433,1.7546431468089376,24.0,0
520.555254818411,seasonal,0.9666711631907674,0.6599100317467526,1.62658119493752,12.0,0
520.9186535432152,seasonal,0.7798554595680116,0.668926378609784,1.4487818381777955,12.0,0
521.7203986978279,seasonal,0.024153098696274355,0.3190807107927397,0.34323380948901405,12.0,0
521.5689643589874,emergency,0.0,0.6659438790168433,0.6659438790168433,4.0,0
521.0160947790924,routine,1.0446926387410258,0.3513634158531591,1.396056054594185,24.0,0
521.9843415821512,critical,0.0,0.6396923088485589,0.6396923088485589,2.0,0
522.0264591266753,routine,0.8358772037607878,0.668926378609784,1.5048035823705717,24.0,0
521.774038572728,routine,0.5573629393837791,0.7177220910631077,1.2750850304468868,24.0,0
522.9923348045944,critical,0.0,0.3190807107927397,0.3190807107927397,2.0,0
522.1769502661258,routine,1.0245641917822468,0.3513634158531591,1.375927607635406,24.0,0
523.0548593617859,critical,0.02757171520988777,0.6396923088485589,0.6672640240584466,2.0,0
522.8792910157633,routine,0.4308821450491678,0.7177220910631077,1.1486042361122755,24.0,0
523.2950951041167,routine,0.03583422140661696,0.9736079806575129,1.0094422020641298,24.0,0
524.4276021742489,emergency,0.0,0.3513634158531591,0.3513634158531591,4.0,0
523.7455410919126,routine,0.04980410938685509,0.6659438790168433,0.7157479884036984,24.0,0
523.6651945375904,seasonal,0.0,0.7177220910631077,0.7177220910631077,12.0,0
524.0654471329245,routine,0.24552230769609196,0.6659438790168433,0.9114661867129352,24.0,0
524.1569150429992,routine,0.1932024182136729,0.6599100317467526,0.8531124499604255,24.0,0
524.915497442529,critical,0.0,0.6396923088485589,0.6396923088485589,2.0,0
524.9379578521279,seasonal,0.013004267146811799,0.668926378609784,0.6819306457565958,12.0,0
524.7293736949605,routine,0.5125029055147934,0.7919122426127785,1.3044151481275719,24.0,0
525.7398353820417,seasonal,0.0,0.3190807107927397,0.3190807107927397,12.0,0
524.3706456947768,routine,0.7364871425544379,0.7919122426127785,1.5283993851672164,24.0,0
524.7485517644228,routine,0.8919792099743518,0.6599100317467526,1.5518892417211043,24.0,0
525.5394308390895,critical,0.0,0.6599100317467526,0.6599100317467526,2.0,0
525.9596261494409,routine,0.0,1.0255029253980703,1.0255029253980703,24.0,0
527.029656458492,routine,0.0,0.6599100317467526,0.6599100317467526,24.0,0
526.5958893988529,routine,0.0,0.7177220910631077,0.7177220910631077,24.0,0
527.3343857100197,routine,0.0,0.668926378609784,0.668926378609784,24.0,0
527.8155627667355,seasonal,0.0,0.3190807107927397,0.3190807107927397,12.0,0
527.0272067855337,routine,0.0,0.7919122426127785,0.7919122426127785,24.0,0
527.5225877056695,seasonal,0.0,0.6396923088485589,0.6396923088485589,12.0,0
528.4139907296918,seasonal,0.0,0.668926378609784,0.668926378609784,12.0,0
528.7958157533436,seasonal,0.0,0.668926378609784,0.668926378609784,12.0,0
531.1901844093651,emergency,0.0,0.6599100317467526,0.6599100317467526,4.0,0
532.4180156249637,seasonal,0.0,0.9736079806575129,0.9736079806575129,12.0,0
533.658223679692,emergency,0.0,0.6396923088485589,0.6396923088485589,4.0,0
533.773771928751,routine,0.0,0.6599100317467526,0.6599100317467526,24.0,0
533.5046732620281,seasonal,0.0,0.7177220910631077,0.7177220910631077,12.0,0
534.1871378699888,routine,0.0,0.9736079806575129,0.9736079806575129,24.0,0
534.4883022639021,routine,0.0,0.668926378609784,0.668926378609784,24.0,0
534.2718714055676,routine,0.0,1.0255029253980703,1.0255029253980703,24.0,0
535.4830745171347,seasonal,0.0,0.3513634158531591,0.3513634158531591,12.0,0
535.2233827366744,seasonal,0.0,0.6659438790168433,0.6659438790168433,12.0,0
535.0306911944066,routine,0.0,0.6659438790168433,0.6659438790168433,24.0,0
535.5699584851341,emergency,0.0,0.7919122426127785,0.7919122426127785,4.0,0
535.1121258230826,seasonal,0.0,0.6659438790168433,0.6659438790168433,12.0,0
535.5178706267782,seasonal,0.3219185841745684,0.9736079806575129,1.2955265648320813,12.0,0
535.6390076978369,routine,0.7977650114078187,0.668926378609784,1.4666913900176026,24.0,0
536.35200146615,emergency,0.0,0.6659438790168433,0.6659438790168433,4.0,0
536.2779103389234,routine,0.5230912521773234,0.6659438790168433,1.1890351311941667,24.0,0
536.4780470863192,seasonal,0.0608434415433976,0.7919122426127785,0.8527556841561761,12.0,0
536.9537694684329,routine,0.0,0.6659438790168433,0.6659438790168433,24.0,0
537.3167299980547,critical,0.0,0.3513634158531591,0.3513634158531591,2.0,0
537.2890394631237,seasonal,0.0,0.4353805806418104,0.4353805806418104,12.0,0
537.1846689413749,routine,0.0,0.668926378609784,0.668926378609784,24.0,0
537.5232322196663,routine,0.1007039300679935,0.7177220910631077,0.8184260211311012,24.0,0
537.6534173585493,seasonal,0.4901039022347504,0.3190807107927397,0.8091846130274901,12.0,0
537.8149781916296,critical,0.0,0.7919122426127785,0.7919122426127785,2.0,0
538.153007562206,seasonal,0.4631122959725644,0.6659438790168433,1.1290561749894077,12.0,0
538.6432820018705,seasonal,0.5487157149269706,0.3190807107927397,0.8677964257197103,12.0,0
537.8434032010105,seasonal,0.5445989673896747,0.668926378609784,1.2135253459994586,12.0,0
538.3336448340104,seasonal,0.653721698051072,0.6396923088485589,1.293414006899631,12.0,0
538.2523726271318,seasonal,0.46046290184222016,0.7177220910631077,1.1781849929053279,12.0,0
539.0781715230074,critical,0.0,0.6659438790168433,0.6659438790168433,2.0,0
539.3675901360457,critical,0.0,0.6659438790168433,0.6659438790168433,2.0,0
538.3618895647134,seasonal,0.7606942749750942,0.668926378609784,1.429620653584878,12.0,0
538.8583766297961,seasonal,0.4159696553543881,0.3190807107927397,0.7350503661471278,12.0,0
539.6099994065722,emergency,0.0,0.3513634158531591,0.3513634158531591,4.0,0
539.1433584059833,seasonal,1.1784160580991738,0.3190807107927397,1.4974967688919136,12.0,0
539.0399107336095,seasonal,0.9313374856226346,0.3513634158531591,1.2827009014757937,12.0,0
539.5947255465127,seasonal,1.1628963344013528,0.3513634158531591,1.5142597502545119,12.0,0
540.178290495445,critical,0.0,0.6599100317467526,0.6599100317467526,2.0,0
539.2426591093766,seasonal,1.181716105593864,0.6659438790168433,1.8476599846107074,12.0,0
539.4095388645883,seasonal,1.2659082088879359,0.7177220910631077,1.9836302999510436,12.0,0
540.632138452434,emergency,0.16806237503124066,0.6659438790168433,0.8340062540480839,4.0,0
539.6967131822834,seasonal,1.1254005233747648,0.7919122426127785,1.9173127659875433,12.0,0
537.5596209045301,routine,3.7138525441154115,0.6599100317467526,4.373762575862164,24.0,0
540.309134507805,critical,0.0,1.0255029253980703,1.0255029253980703,2.0,0
540.3489621360284,seasonal,0.5814715205267476,0.9736079806575129,1.5550795011842604,12.0,0
537.7649117775019,routine,3.9225598244354387,0.6396923088485589,4.562252133283998,24.0,0
541.8330411520257,seasonal,0.07088830570717164,0.6659438790168433,0.7368321847240149,12.0,0
538.4976369832558,routine,3.668306657962944,0.3190807107927397,3.987387368755684,24.0,0
538.545036638574,routine,4.137300558314337,0.4353805806418104,4.572681138956147,24.0,0
542.0039300790157,seasonal,0.08198335687234248,0.4353805806418104,0.5173639375141529,12.0,0
542.495241645053,seasonal,0.050404975898686644,0.6599100317467526,0.7103150076454392,12.0,0
542.6727447038584,critical,0.0,0.7919122426127785,0.7919122426127785,2.0,0
542.9404670624589,emergency,0.0,0.9736079806575129,0.9736079806575129,4.0,0
542.7574594824177,seasonal,0.3893230231351481,0.6396923088485589,1.029015331983707,12.0,0
543.795190539581,seasonal,0.11091229694307003,0.6599100317467526,0.7708223286898226,12.0,0
538.5611144974456,routine,4.646524537085497,0.7177220910631077,5.364246628148605,24.0,0
538.6638328006353,routine,4.977700420761494,0.6396923088485589,5.617392729610053,24.0,0
543.3935767651999,seasonal,0.2069169115331988,0.7177220910631077,0.9246390025963065,12.0,0
544.2227642290281,critical,0.0,0.4353805806418104,0.4353805806418104,2.0,0
539.0893520646749,routine,4.966992413040543,0.3513634158531591,5.3183558288937025,24.0,0
539.0401657818684,routine,4.749985769606496,0.7919122426127785,5.541898012219275,24.0,0
544.731442999771,emergency,0.0,0.4353805806418104,0.4353805806418104,4.0,0
545.4641079871581,critical,0.0,0.4353805806418104,0.4353805806418104,2.0,0
544.4302897149756,seasonal,0.530236728147429,0.6599100317467526,1.1901467598941815,12.0,0
539.1771797806647,routine,6.0497277854307185,0.6599100317467526,6.709637817177471,24.0,0
539.998006719467,routine,5.317915405516601,0.6599100317467526,5.977825437263354,24.0,0
544.5754302353614,seasonal,0.6366192452760515,0.668926378609784,1.3055456238858354,12.0,0
540.1053193202756,routine,5.701939686092828,0.3190807107927397,6.021020396885568,24.0,0
539.3272182921565,routine,5.980269440076313,0.7919122426127785,6.772181682689092,24.0,0
540.3373802723517,routine,5.554644404390729,0.668926378609784,6.223570783000513,24.0,0
546.6107538579757,emergency,0.0,0.4353805806418104,0.4353805806418104,4.0,0
546.6844474697454,seasonal,0.34585324834961284,0.6599100317467526,1.0057632800963654,12.0,0
546.5419727704094,seasonal,0.4788618895762511,0.668926378609784,1.147788268186035,12.0,0
547.4511680919506,critical,0.0,0.6396923088485589,0.6396923088485589,2.0,0
546.2089535617004,seasonal,0.7693638148430182,0.668926378609784,1.438290193452802,12.0,0
547.5846510870699,critical,0.0,0.6659438790168433,0.6659438790168433,2.0,0
541.6961915839505,routine,5.708471953554749,0.6659438790168433,6.374415832571593,24.0,0
541.7609657165675,routine,5.725044094015971,0.9736079806575129,6.6986520746734834,24.0,0
541.2308070358938,routine,5.821058574059066,1.0255029253980703,6.846561499457136,24.0,0
547.941773438325,seasonal,0.44403738802407133,0.4353805806418104,0.8794179686658817,12.0,0
548.2022713698519,critical,0.0,0.7177220910631077,0.7177220910631077,2.0,0
541.7927345348286,routine,5.933613263325242,0.7919122426127785,6.725525505938021,24.0,0
542.2324835035888,routine,6.2007501876549895,0.668926378609784,6.869676566264774,24.0,0
548.5130177522618,emergency,0.0,0.668926378609784,0.668926378609784,4.0,0
543.3186423072974,routine,5.637624446727614,0.6599100317467526,6.2975344784743665,24.0,0
548.8365738330998,emergency,0.0,0.9736079806575129,0.9736079806575129,4.0,0
542.8426147656826,routine,5.990674059132971,0.7177220910631077,6.708396150196078,24.0,0
543.4174583040932,routine,5.7497537287767955,0.3190807107927397,6.068834439569535,24.0,0
543.7365182396583,routine,5.690388033269073,0.4353805806418104,6.125768613910884,24.0,0
549.5077066396816,seasonal,0.3995580351222543,0.3513634158531591,0.7509214509754134,12.0,0
549.4718328704366,seasonal,0.27050074036560545,0.9736079806575129,1.2441087210231183,12.0,0
550.2332664346517,seasonal,0.025471515381468635,0.9736079806575129,0.9990794960389815,12.0,0
544.0251854136027,routine,6.08293772371303,0.6659438790168433,6.748881602729874,24.0,0
544.242088319848,routine,6.35218085664485,0.3513634158531591,6.703544272498009,24.0,0
544.6754347588986,routine,6.1733891937310545,0.6599100317467526,6.833299225477807,24.0,0
544.8612215173861,routine,6.305209389341599,0.6599100317467526,6.965119421088351,24.0,0
544.6786801491161,routine,6.23157368806028,0.9736079806575129,7.205181668717793,24.0,0
544.9779293619679,routine,6.76130900300052,0.6659438790168433,7.427252882017363,24.0,0
545.6665245683455,routine,6.40160416660774,0.6396923088485589,7.041296475456299,24.0,0
545.6919482482925,routine,6.428779379344746,0.3513634158531591,6.780142795197905,24.0,0
552.3663914196212,seasonal,0.30571682043841975,0.4353805806418104,0.7410974010802301,12.0,0
545.0978799852354,routine,6.885251621913653,1.0255029253980703,7.910754547311724,24.0,0
545.7314522629141,routine,7.234622772711191,0.6396923088485589,7.87431508155975,24.0,0
545.7902498971624,routine,7.482577195936642,0.4353805806418104,7.917957776578453,24.0,0
545.8393718624734,routine,7.621696273416774,0.7177220910631077,8.339418364479881,24.0,0
546.7802172247714,routine,6.779549366634569,0.3513634158531591,7.130912782487728,24.0,0
546.2715537345217,routine,7.287834183442783,0.6659438790168433,7.953778062459627,24.0,0
546.9933074499188,routine,6.990379740625144,0.6599100317467526,7.650289772371897,24.0,0
554.3002843465135,seasonal,0.19216260909161065,1.0255029253980703,1.217665534489681,12.0,0
547.2912668040218,routine,7.798823948955942,0.3190807107927397,8.117904659748682,24.0,0
554.0294303479972,seasonal,0.33621841389015117,1.0255029253980703,1.3617213392882215,12.0,0
547.8046649824327,routine,7.397942827924908,0.3190807107927397,7.717023538717648,24.0,0
548.0353229128906,routine,7.271229259233678,0.4353805806418104,7.7066098398754885,24.0,0
547.8486652680444,routine,7.419382450732201,1.0255029253980703,8.444885376130271,24.0,0
549.3482668881669,routine,6.911676601950717,0.3190807107927397,7.230757312743457,24.0,0
548.794612178541,routine,7.208208956020712,0.3513634158531591,7.559572371873871,24.0,0
549.5473851125478,routine,6.787845700886464,0.3513634158531591,7.139209116739623,24.0,0
556.0840985673086,critical,0.0,0.6599100317467526,0.6599100317467526,2.0,0
551.9104295407732,routine,4.777069341466586,0.7177220910631077,5.494791432529693,24.0,0
555.4095201978239,routine,2.029591893971542,0.3513634158531591,2.380955309824701,24.0,0
549.7875496788675,routine,6.768696061245009,0.6599100317467526,7.428606092991762,24.0,0
554.6706368511248,routine,2.6431978392120072,0.4353805806418104,3.0785784198538177,24.0,0
553.0583623937671,routine,4.234933709312941,0.7177220910631077,4.952655800376048,24.0,0
552.5581585814274,routine,4.572282989769747,1.0255029253980703,5.597785915167817,24.0,0
556.7106083908213,routine,1.7930342803506392,0.3190807107927397,2.112114991143379,24.0,0
556.5468755670122,routine,1.8746193656428431,0.6659438790168433,2.5405632446596864,24.0,0
557.9463051135862,seasonal,0.06440515240285549,0.6599100317467526,0.724315184149608,12.0,0
556.2678496397489,routine,1.882800697610719,0.9736079806575129,2.856408678268232,24.0,0
559.6486740707588,routine,0.0,0.3190807107927397,0.3190807107927397,24.0,0
558.0539486671111,routine,1.0162575363950737,0.6599100317467526,1.6761675681418262,24.0,0
559.6293641815008,routine,0.0,0.6599100317467526,0.6599100317467526,24.0,0
558.7716585250878,seasonal,0.23275310531721516,0.9736079806575129,1.206361085974728,12.0,0
560.240158536165,routine,0.0,0.3190807107927397,0.3190807107927397,24.0,0
559.6993782656499,routine,0.22120530083577705,0.6599100317467526,0.8811153325825296,24.0,0
560.3027263411651,routine,0.35813374265296716,0.3190807107927397,0.6772144534457069,24.0,0
560.2605232182874,routine,0.1094989674312501,0.7919122426127785,0.9014112100440286,24.0,0
559.6102545896824,emergency,0.0,0.9736079806575129,0.9736079806575129,4.0,0
560.8784173000607,critical,0.0,0.6396923088485589,0.6396923088485589,2.0,0
560.7899349673709,routine,0.5608653643365642,0.3513634158531591,0.9122287801897233,24.0,0
560.7462870728392,seasonal,0.06663185837498986,0.6396923088485589,0.7063241672235487,12.0,0
561.4357036133363,routine,0.015465138904005471,0.6599100317467526,0.675375170650758,24.0,0
560.4228098430135,routine,0.8912090800766919,0.7919122426127785,1.6831213226894703,24.0,0
562.0917417829169,critical,0.0,0.6599100317467526,0.6599100317467526,2.0,0
560.3999619375207,routine,0.8003889512852993,1.0255029253980703,1.8258918766833696,24.0,0
562.0613114476995,routine,0.0,0.6599100317467526,0.6599100317467526,24.0,0
562.6163520911412,seasonal,0.10168669844642864,0.3513634158531591,0.45305011429958775,12.0,0
562.5495737457032,seasonal,0.0,0.3190807107927397,0.3190807107927397,12.0,0
562.3048142890177,critical,0.0,0.6659438790168433,0.6659438790168433,2.0,0
562.3250887610118,critical,0.0,0.4353805806418104,0.4353805806418104,2.0,0
562.6784856678431,routine,0.04537533494033141,0.3513634158531591,0.3967387507934905,24.0,0
562.8622530584112,seasonal,0.3088951596357674,0.6599100317467526,0.96880519138252,12.0,0
563.7151621495649,seasonal,0.10160336646003998,0.3513634158531591,0.4529667823131991,12.0,0
562.8301699011273,emergency,0.0,0.9736079806575129,0.9736079806575129,4.0,0
562.7329655349531,routine,0.9036038768134631,0.7177220910631077,1.6213259678765708,24.0,0
563.0609874008649,seasonal,0.5017661318647697,0.6599100317467526,1.1616761636115223,12.0,0
563.6820835375463,critical,0.0,0.668926378609784,0.668926378609784,2.0,0
563.0378993499173,seasonal,0.3957662662430721,0.7177220910631077,1.1134883573061798,12.0,0
562.8484709192055,routine,0.8399986064106315,0.668926378609784,1.5089249850204154,24.0,0
564.2309683549788,critical,0.0,0.6599100317467526,0.6599100317467526,2.0,0
564.2633542488776,emergency,0.0,0.3190807107927397,0.3190807107927397,4.0,0
562.8738489016952,routine,1.2503779109268862,0.9736079806575129,2.223985891584399,24.0,0
564.2912486543795,critical,0.0,1.0255029253980703,1.0255029253980703,2.0,0
564.5141027108266,seasonal,0.49638295881356953,0.4353805806418104,0.9317635394553799,12.0,0
564.6522317927148,seasonal,0.5467777759585033,0.7177220910631077,1.264499867021611,12.0,0
564.394881874436,seasonal,0.06948240889789759,0.9736079806575129,1.0430903895554104,12.0,0
565.2805481808296,seasonal,0.23596904635667215,0.7919122426127785,1.0278812889694506,12.0,0
564.8788823797079,seasonal,0.4565271273232838,0.6396923088485589,1.0962194361718427,12.0,0
566.3198299286119,critical,0.0,0.3190807107927397,0.3190807107927397,2.0,0
565.9896103283472,emergency,0.0,0.668926378609784,0.668926378609784,4.0,0
565.8175285393012,seasonal,0.12600211848950948,0.4353805806418104,0.5613826991313199,12.0,0
565.2723712619354,seasonal,0.1992375211285662,0.9736079806575129,1.172845501786079,12.0,0
563.7847291218682,routine,2.4265266815502855,0.4353805806418104,2.861907262192096,24.0,0
564.1315261678999,routine,2.6203309576893616,0.3513634158531591,2.9716943735425208,24.0,0
566.920107405048,critical,0.0,0.6396923088485589,0.6396923088485589,2.0,0
566.7862730623267,critical,0.0,0.6599100317467526,0.6599100317467526,2.0,0
567.3003555177859,critical,0.0,0.4353805806418104,0.4353805806418104,2.0,0
566.4558271782985,seasonal,0.07337864905446168,1.0255029253980703,1.098881574452532,12.0,0
566.8839381298343,seasonal,0.3219183619305568,0.7177220910631077,1.0396404529936645,12.0,0
567.8639421372015,seasonal,0.15404393644826087,0.3513634158531591,0.50540735230142,12.0,0
564.3990442969586,routine,3.4358408622221077,0.6396923088485589,4.075533171070667,24.0,0
567.3645281070496,seasonal,0.3173279683172723,0.9736079806575129,1.2909359489747851,12.0,0
564.185377584092,routine,3.1291740206588656,1.0255029253980703,4.154676946056936,24.0,0
567.861876196012,critical,0.0,0.6659438790168433,0.6659438790168433,2.0,0
568.0698393438586,emergency,0.4564474516300834,0.3513634158531591,0.8078108674832425,4.0,0
568.6218088177902,seasonal,0.2181445440344305,0.3190807107927397,0.5372252548271702,12.0,0
567.9464930549618,critical,0.0,0.9736079806575129,0.9736079806575129,2.0,0
568.1093453149285,critical,0.4097569622115316,0.7919122426127785,1.20166920482431,2.0,0
568.5627083569932,critical,0.034930593298440726,0.6659438790168433,0.700874472315284,2.0,0
568.7562862153451,seasonal,0.30858383844520176,0.7177220910631077,1.0263059295083095,12.0,0
567.8951251408947,seasonal,0.46841080498768406,0.7919122426127785,1.2603230476004625,12.0,0
569.3806087261353,seasonal,0.1502778735797392,0.3513634158531591,0.5016412894328983,12.0,0
569.2031802406672,seasonal,0.25748314613611,0.4353805806418104,0.6928637267779204,12.0,0
568.0420754230498,seasonal,0.7660130428743059,0.9736079806575129,1.7396210235318188,12.0,0
568.7902153224851,seasonal,0.3427329307448872,0.9736079806575129,1.3163409114024,12.0,0
569.7621165668991,seasonal,0.11112447213054111,0.4353805806418104,0.5465050527723515,12.0,0
568.1095420539489,emergency,1.474364688030505,0.668926378609784,2.143291066640289,4.0,0
569.9888567925915,seasonal,0.426576877714524,0.3513634158531591,0.7779402935676831,12.0,0
569.9594526324996,critical,0.0,0.3190807107927397,0.3190807107927397,2.0,0
564.885453578537,routine,5.871408458562314,0.3513634158531591,6.222771874415473,24.0,0
570.2753781069401,seasonal,0.3540424381558296,0.7177220910631077,1.0717645292189373,12.0,0
570.0628389054348,seasonal,0.39983053003084024,0.4353805806418104,0.8352111106726506,12.0,0
570.4656194658485,critical,0.0,0.9736079806575129,0.9736079806575129,2.0,0
571.1831136710101,critical,0.0,0.6599100317467526,0.6599100317467526,2.0,0
564.800272722805,routine,5.92921572378134,1.0255029253980703,6.95471864917941,24.0,0
565.3095789162525,routine,6.253839066971295,0.7919122426127785,7.045751309584074,24.0,0
565.3140854805201,routine,6.586449880462283,0.4353805806418104,7.021830461104093,24.0,0
570.9597807109321,seasonal,0.3602076679221682,0.6599100317467526,1.0201176996689207,12.0,0
571.767782102536,critical,0.0,0.3190807107927397,0.3190807107927397,2.0,0
565.0333975440841,routine,6.40163384894413,0.7919122426127785,7.193546091556908,24.0,0
565.4604066014733,routine,7.059408641767845,0.3190807107927397,7.378489352560585,24.0,0
572.1037154342857,seasonal,0.1656758121995381,0.3190807107927397,0.4847565229922778,12.0,0
571.8815355936808,critical,0.0,0.6659438790168433,0.6659438790168433,2.0,0
565.3923639206923,routine,6.6907109090087715,0.6396923088485589,7.330403217857331,24.0,0
572.6992592215039,critical,0.0,0.7177220910631077,0.7177220910631077,2.0,0
573.0532214901996,critical,0.0,0.3513634158531591,0.3513634158531591,2.0,0
566.2282374686338,routine,7.002625794464393,0.6396923088485589,7.642318103312952,24.0,0
567.0286624187887,routine,6.463324447688365,0.6396923088485589,7.103016756536924,24.0,0
572.8577142570366,seasonal,0.13342139775750184,1.0255029253980703,1.1589243231555721,12.0,0
573.7938247189161,critical,0.0,0.4353805806418104,0.4353805806418104,2.0,0
565.5663542094854,routine,7.566500262475188,1.0255029253980703,8.592003187873258,24.0,0
567.0950949877059,routine,6.800232752806551,0.7177220910631077,7.517954843869658,24.0,0
567.2886324009334,routine,6.6353807742593744,1.0255029253980703,7.660883699657445,24.0,0
567.6279886822125,routine,6.400334288259273,0.6396923088485589,7.040026597107833,24.0,0
568.7910243345101,routine,6.12007672229322,0.4353805806418104,6.5554573029350305,24.0,0
567.7539023141362,routine,7.04936315332327,0.3190807107927397,7.36844386411601,24.0,0
567.9994439575261,routine,6.910614890985698,0.6599100317467526,7.570524922732451,24.0,0
575.0423853903833,emergency,0.0,0.3190807107927397,0.3190807107927397,4.0,0
574.883562675651,emergency,0.0,0.9736079806575129,0.9736079806575129,4.0,0
568.8408959036367,routine,6.418413822819616,0.6659438790168433,7.08435770183646,24.0,0
575.7005253766292,seasonal,0.23982016828949781,0.3190807107927397,0.5589008790822375,12.0,0
568.9504532951137,routine,6.3548192577937925,0.9736079806575129,7.328427238451305,24.0,0
569.1174919056951,routine,6.997334817877004,0.3190807107927397,7.316415528669744,24.0,0
569.1456651069076,routine,7.005689139706192,0.7177220910631077,7.723411230769299,24.0,0
576.4185747554743,critical,0.0,0.3190807107927397,0.3190807107927397,2.0,0
570.037700070321,routine,6.233960833919468,0.6599100317467526,6.893870865666221,24.0,0
570.5233016099317,routine,6.628656917380795,0.4353805806418104,7.064037498022605,24.0,0
569.056740505518,routine,6.955770229395398,0.9736079806575129,7.929378210052911,24.0,0
570.1128344155458,routine,7.007400627901234,0.3190807107927397,7.3264813386939736,24.0,0
570.0710969608027,routine,6.9091977254684025,0.3513634158531591,7.260561141321562,24.0,0
570.8718353775043,routine,6.322591495255779,0.6659438790168433,6.988535374272622,24.0,0
571.0150749510807,routine,6.76705087812104,0.668926378609784,7.435977256730824,24.0,0
571.1596817475559,routine,6.817371693759355,0.4353805806418104,7.252752274401166,24.0,0
578.526065850964,seasonal,0.23927561230300398,0.4353805806418104,0.6746561929448144,12.0,0
571.7952302991957,routine,6.684238065758336,0.6396923088485589,7.3239303746068956,24.0,0
571.6592388497929,routine,6.807495917335814,0.6659438790168433,7.4734397963526575,24.0,0
571.2044033739336,routine,7.065969812406024,0.7177220910631077,7.783691903469132,24.0,0
571.3256879489326,routine,6.997902586608461,0.9736079806575129,7.971510567265974,24.0,0
572.2608478300779,routine,7.254215466218852,0.4353805806418104,7.689596046860663,24.0,0
572.6196246122009,routine,7.336778981900693,0.3190807107927397,7.655859692693433,24.0,0
578.5462359761333,seasonal,0.6005299058480205,1.0255029253980703,1.6260328312460908,12.0,0
573.1115851400126,routine,7.113932779268453,0.4353805806418104,7.549313359910263,24.0,0
573.1500654172304,routine,7.16667902625818,0.6396923088485589,7.806371335106739,24.0,0
574.4695614436,routine,5.943469195079729,0.7919122426127785,6.735381437692507,24.0,0
576.9021091903829,routine,4.0889010354202355,0.4353805806418104,4.524281616062046,24.0,0
575.1975943342351,routine,5.782013284050322,0.3190807107927397,6.101093994843062,24.0,0
572.7722115850246,routine,7.4370358901284135,0.9736079806575129,8.410643870785925,24.0,0
581.6229699663176,seasonal,0.005874189251471762,0.4353805806418104,0.44125476989328216,12.0,0
581.7216618842145,critical,0.0,0.3513634158531591,0.3513634158531591,2.0,0
579.2369004609205,routine,2.06282912889219,0.7177220910631077,2.7805512199552975,24.0,0
581.1226009783386,routine,0.9646950013947162,0.3190807107927397,1.283775712187456,24.0,0
579.6495573830633,routine,2.3400781899343883,0.6599100317467526,2.999988221681141,24.0,0
582.0204132783889,emergency,0.0,0.6659438790168433,0.6659438790168433,4.0,0
583.029732923094,routine,0.0,0.3513634158531591,0.3513634158531591,24.0,0
583.2809122480542,seasonal,0.0,0.6599100317467526,0.6599100317467526,12.0,0
583.0244548730954,emergency,0.0,0.668926378609784,0.668926378609784,4.0,0
583.6356736077253,seasonal,0.0,0.3190807107927397,0.3190807107927397,12.0,0
583.8086013719483,critical,0.0,0.4353805806418104,0.4353805806418104,2.0,0
584.1378147756933,routine,0.0,0.6396923088485589,0.6396923088485589,24.0,0
584.4470316293824,seasonal,0.0,0.4353805806418104,0.4353805806418104,12.0,0
584.3592865428831,seasonal,0.0,0.6396923088485589,0.6396923088485589,12.0,0
584.5717676729007,seasonal,0.0,0.3190807107927397,0.3190807107927397,12.0,0
584.4941939756729,emergency,0.0,0.668926378609784,0.668926378609784,4.0,0
584.4390719424812,routine,0.0,0.668926378609784,0.668926378609784,24.0,0
585.77929797006,critical,0.0,0.3513634158531591,0.3513634158531591,2.0,0
585.0228016259905,emergency,0.0,1.0255029253980703,1.0255029253980703,4.0,0
585.03742203854,routine,0.0,0.9736079806575129,0.9736079806575129,24.0,0
585.0926041508925,seasonal,0.0,0.9736079806575129,0.9736079806575129,12.0,0
586.2233150587857,critical,0.0,0.4353805806418104,0.4353805806418104,2.0,0
585.7978026775713,critical,0.0,1.0255029253980703,1.0255029253980703,2.0,0
585.8673961568505,seasonal,0.0,0.7919122426127785,0.7919122426127785,12.0,0
585.1783648896914,seasonal,0.507918731836071,0.668926378609784,1.1768451104458548,12.0,0
585.5576599873999,routine,0.24625340956185937,0.6396923088485589,0.8859457184104182,24.0,0
585.9267209986431,routine,0.0,1.0255029253980703,1.0255029253980703,24.0,0
586.330985314282,critical,0.0,0.7919122426127785,0.7919122426127785,2.0,0
586.7625658113917,seasonal,0.10143589041604173,0.3513634158531591,0.45279930626920084,12.0,0
586.3333320342034,routine,0.0,1.0255029253980703,1.0255029253980703,24.0,0
586.9961369525844,critical,0.0,1.0255029253980703,1.0255029253980703,2.0,0
586.5658864837953,routine,0.5901855656968564,0.7919122426127785,1.382097808309635,24.0,0
586.6508975171686,routine,0.8590459872582414,0.6396923088485589,1.4987382961068003,24.0,0
587.284786328767,routine,0.37115692792065147,0.3190807107927397,0.6902376387133912,24.0,0
587.4258120526368,routine,0.24736345823146166,0.7177220910631077,0.9650855492945694,24.0,0
587.6040002262022,routine,0.11062935407881014,0.6599100317467526,0.7705393858255627,24.0,0
588.4388443715436,critical,0.0,0.3190807107927397,0.3190807107927397,2.0,0
588.2142743320672,critical,0.0,0.6396923088485589,0.6396923088485589,2.0,0
588.2854762422775,seasonal,0.140117534189244,0.3190807107927397,0.4591982449819837,12.0,0
589.316741363325,emergency,0.0,0.3190807107927397,0.3190807107927397,4.0,0
587.8589618238676,routine,0.40591333860538725,0.9736079806575129,1.3795213192629001,24.0,0
588.65367439397,seasonal,0.2743797639494687,0.3513634158531591,0.6257431798026278,12.0,0
589.1671686333083,emergency,0.0,0.4353805806418104,0.4353805806418104,4.0,0
588.8920655257542,seasonal,0.22545641338342648,1.0255029253980703,1.2509593387814968,12.0,0
589.3823967559534,critical,0.0,0.9736079806575129,0.9736079806575129,2.0,0
588.844358521505,seasonal,0.15650959026152123,0.9736079806575129,1.130117570919034,12.0,0
589.53565655694,critical,0.0,0.6659438790168433,0.6659438790168433,2.0,0
589.3205683228304,seasonal,0.029625430503415373,0.6396923088485589,0.6693177393519743,12.0,0
588.8121713086214,seasonal,0.16925734384278712,1.0255029253980703,1.1947602692408574,12.0,0
589.513407564948,seasonal,0.43580573279928103,0.7919122426127785,1.2277179754120595,12.0,0
589.5548548811696,emergency,0.016428792018928107,1.0255029253980703,1.0419317174169984,4.0,0
589.8696006822004,emergency,0.5730321646800576,0.3190807107927397,0.8921128754727973,4.0,0
590.0025240704639,critical,0.35288680259986904,0.3513634158531591,0.7042502184530282,2.0,0
589.5792696193143,seasonal,0.8111844935408499,1.0255029253980703,1.8366874189389202,12.0,0
590.0468491469113,seasonal,0.38306562489333373,0.668926378609784,1.0519920035031176,12.0,0
590.4763205099375,seasonal,0.3218163480137264,0.4353805806418104,0.7571969286555368,12.0,0
588.3045065186443,routine,3.0786624247723466,0.4353805806418104,3.514043005414157,24.0,0
591.1582393635986,seasonal,0.20090678699307318,0.668926378609784,0.8698331656028572,12.0,0
591.483390355676,critical,0.10508348302585091,0.3513634158531591,0.45644689887901,2.0,0
591.1293425721273,critical,0.0,0.7919122426127785,0.7919122426127785,2.0,0
591.2445864532775,critical,0.0,0.6659438790168433,0.6659438790168433,2.0,0
591.6420903787865,critical,0.06598291662567135,0.6659438790168433,0.7319267956425146,2.0,0
588.2039020677114,routine,2.824000429569196,1.0255029253980703,3.8495033549672666,24.0,0
591.3960352671089,emergency,0.5107371203905586,0.6396923088485589,1.1504294292391175,4.0,0
591.8025222876993,seasonal,0.2550436065728263,0.3513634158531591,0.6064070224259854,12.0,0
591.9534805635263,seasonal,0.11183060586745341,0.4353805806418104,0.5472111865092638,12.0,0
591.4061064795462,seasonal,0.0886375784118627,1.0255029253980703,1.114140503809933,12.0,0
592.4826294611689,seasonal,0.24067937738379896,0.668926378609784,0.909605755993583,12.0,0
592.0308175975014,critical,1.173338546002924,0.3513634158531591,1.524701961856083,2.0,0
592.8349188565336,seasonal,0.5993863478093999,0.3513634158531591,0.950749763662559,12.0,0
592.6252361694088,seasonal,0.32859238932269363,0.4353805806418104,0.763972969964504,12.0,0
592.3126296390344,seasonal,0.3034867297180881,0.7177220910631077,1.0212088207811958,12.0,0
592.9427084107124,seasonal,0.7991489846659761,0.3513634158531591,1.1505124005191352,12.0,0
593.1918016269669,critical,0.07305370982305703,0.6659438790168433,0.7389975888399003,2.0,0
592.5387203984737,emergency,0.8423298015527507,0.4353805806418104,1.2777103821945612,4.0,0
593.4679598759453,critical,0.12041093994548646,0.6599100317467526,0.780320971692239,2.0,0
592.0195887114287,critical,1.0532266183524825,0.668926378609784,1.7221529969622664,2.0,0
593.6773957869128,seasonal,0.3995056204719276,0.3513634158531591,0.7508690363250867,12.0,0
592.8367352042649,seasonal,0.8207981718062456,0.9736079806575129,1.7944061524637585,12.0,0
593.603107133273,critical,0.5631702045889142,0.4353805806418104,0.9985507852307246,2.0,0
594.0618101091301,seasonal,0.3972216168295972,0.3513634158531591,0.7485850326827563,12.0,0
593.4751883656122,seasonal,0.3800795095999092,0.9736079806575129,1.353687490257422,12.0,0
588.7892284406737,routine,5.967521935814034,0.7177220910631077,6.685244026877141,24.0,0
594.6276978536447,seasonal,0.003220109522999337,0.6396923088485589,0.6429124183715582,12.0,0
588.7540499007071,routine,5.832010503659035,0.7919122426127785,6.6239227462718135,24.0,0
593.9039792923379,emergency,1.1021413584484208,0.6396923088485589,1.7418336672969796,4.0,0
594.3375810913415,emergency,0.6951129364057351,0.7177220910631077,1.4128350274688428,4.0,0
594.6400529223669,critical,0.339695962680139,0.6659438790168433,1.0056398416969823,2.0,0
593.6410989710961,critical,1.3131670296208995,0.6396923088485589,1.9528593384694584,2.0,0
595.7055270231195,critical,0.0,0.668926378609784,0.668926378609784,2.0,0
595.5813441766079,seasonal,0.33189793947008184,0.6396923088485589,0.9715902483186407,12.0,0
589.3167549804808,routine,5.917459284368988,0.9736079806575129,6.891067265026501,24.0,0
595.3389862930823,seasonal,0.22104729201350892,0.7177220910631077,0.9387693830766166,12.0,0
588.878029151303,routine,6.298177949769183,1.0255029253980703,7.323680875167254,24.0,0
595.7801746353765,seasonal,0.43976476451473445,0.7177220910631077,1.1574868555778421,12.0,0
596.9599731928448,critical,0.0,0.7177220910631077,0.7177220910631077,2.0,0
589.3630183838252,routine,7.3597080079998705,0.6659438790168433,8.025651887016714,24.0,0
596.1288705713429,seasonal,0.5162509347394462,0.6659438790168433,1.1821948137562894,12.0,0
589.4365825906452,routine,8.155379674843857,0.3190807107927397,8.474460385636597,24.0,0
596.7508697053754,seasonal,0.41166387460259557,0.668926378609784,1.0805902532123794,12.0,0
589.4139688780415,routine,8.117949606953403,0.3513634158531591,8.469313022806562,24.0,0
589.396592763091,routine,8.044003513342659,0.7177220910631077,8.761725604405767,24.0,0
598.1645361782954,seasonal,0.10619201999872985,0.3190807107927397,0.42527273079146954,12.0,0
590.5288848308531,routine,8.153354867030544,0.3513634158531591,8.504718282883703,24.0,0
590.1429012119636,routine,8.439944314245167,0.3513634158531591,8.791307730098326,24.0,0
589.7993145765003,routine,8.758482239489467,0.6659438790168433,9.424426118506311,24.0,0
599.4530683369827,emergency,0.0,0.3190807107927397,0.3190807107927397,4.0,0
590.4797755825144,routine,8.166515520543726,0.7177220910631077,8.884237611606833,24.0,0
599.1330001971847,critical,0.0,0.3190807107927397,0.3190807107927397,2.0,0
590.8471272603766,routine,8.550645242387532,0.3513634158531591,8.90200865824069,24.0,0
590.8171139137424,routine,8.379006145655353,1.0255029253980703,9.404509071053424,24.0,0
590.870713384301,routine,9.067426621609457,0.6396923088485589,9.707118930458016,24.0,0
591.4025311025011,routine,8.572697130433426,0.6599100317467526,9.232607162180178,24.0,0
599.4582287354598,seasonal,0.47033698999189255,0.668926378609784,1.1392633686016764,12.0,0
591.8366662240949,routine,8.232383366398949,0.7919122426127785,9.024295609011727,24.0,0
600.3158755259582,seasonal,0.5707835268327699,0.7177220910631077,1.2885056178958776,12.0,0
600.1590874845623,seasonal,0.3926387220972174,0.6659438790168433,1.0585826011140607,12.0,0
591.8988899935988,routine,9.549586295003223,0.3513634158531591,9.900949710856382,24.0,0
600.3534875756343,seasonal,0.7721489557976611,0.3513634158531591,1.1235123716508202,12.0,0
601.5330850258606,emergency,0.0,0.3513634158531591,0.3513634158531591,4.0,0
601.0950733959404,seasonal,0.3512668486609982,0.7177220910631077,1.068988939724106,12.0,0
601.6207321845968,emergency,0.0,0.4353805806418104,0.4353805806418104,4.0,0
592.244298393724,routine,9.302303126223137,0.7177220910631077,10.020025217286245,24.0,0
592.1684588940649,routine,9.364710940733517,0.7919122426127785,10.156623183346294,24.0,0
593.7173462670917,routine,8.98120407007491,0.3513634158531591,9.332567485928069,24.0,0
593.7249012150727,routine,8.985198817574656,0.4353805806418104,9.420579398216466,24.0,0
592.3495505841689,routine,10.174365161645937,0.3190807107927397,10.493445872438677,24.0,0
592.8404943248621,routine,9.768985467920857,0.7919122426127785,10.560897710533634,24.0,0
593.8573323126691,routine,9.053857718180325,0.6599100317467526,9.713767749927078,24.0,0
594.1382593275578,routine,8.85105931589851,0.6659438790168433,9.517003194915354,24.0,0
594.2461716535147,routine,9.375038100317397,0.4353805806418104,9.810418680959208,24.0,0
594.7988970983475,routine,9.388955534624188,0.3513634158531591,9.740318950477347,24.0,0
594.3810700591788,routine,9.409524424029996,0.6599100317467526,10.069434455776749,24.0,0
594.5569414155199,routine,9.303653415039776,0.3190807107927397,9.622734125832515,24.0,0
604.3765232952815,critical,0.0,0.3513634158531591,0.3513634158531591,2.0,0
594.5664876456716,routine,9.575229959491935,0.668926378609784,10.24415633810172,24.0,0
595.8749436386054,routine,9.314498791604365,0.6396923088485589,9.954191100452924,24.0,0
595.5765129903155,routine,9.472333862404753,0.3513634158531591,9.823697278257912,24.0,0
595.8224220678808,routine,9.342405806337752,0.3190807107927397,9.661486517130491,24.0,0
596.2970518328592,routine,8.981775093980787,0.3190807107927397,9.300855804773526,24.0,0
595.1312850247498,routine,9.817994010980783,0.6659438790168433,10.483937889997627,24.0,0
596.3485361293988,routine,9.090714268382499,0.6599100317467526,9.750624300129251,24.0,0
596.8480942319378,routine,8.986990427851083,0.9736079806575129,9.960598408508595,24.0,0
599.7066074625802,routine,6.92216577462068,0.3513634158531591,7.273529190473839,24.0,0
597.6167312950845,routine,8.865106494165161,0.3190807107927397,9.184187204957901,24.0,0
600.9101138850732,routine,5.8914403736851,0.6396923088485589,6.531132682533659,24.0,0
606.7840993827779,seasonal,0.0075623724090974065,0.3513634158531591,0.3589257882622565,12.0,0
607.2055799660113,emergency,0.0,0.6599100317467526,0.6599100317467526,4.0,0
607.4259039274276,seasonal,0.13501675388158674,0.3513634158531591,0.48638016973474585,12.0,0
598.4698864488195,routine,8.141870866049544,0.7919122426127785,8.933783108662322,24.0,0
607.8984958096703,critical,0.0,0.4353805806418104,0.4353805806418104,2.0,0
604.7727454173316,routine,2.3261709568074593,0.6659438790168433,2.9921148358243026,24.0,0
604.829846830793,routine,2.861835443347786,0.6599100317467526,3.521745475094539,24.0,0
608.1605724054,critical,0.0,0.3513634158531591,0.3513634158531591,2.0,0
608.2277101465315,seasonal,0.28446655779043795,0.3190807107927397,0.6035472685831776,12.0,0
604.9221827903514,routine,2.8506915626762748,0.6599100317467526,3.5106015944230275,24.0,0
605.4903501584224,routine,2.6891203681001343,0.3190807107927397,3.008201078892874,24.0,0
608.0668978682168,emergency,0.0,0.6659438790168433,0.6659438790168433,4.0,0
608.0763312125475,critical,0.0,0.7919122426127785,0.7919122426127785,2.0,0
609.0582331519978,critical,0.0,0.4353805806418104,0.4353805806418104,2.0,0
608.3540649777309,seasonal,0.40462526113878994,0.6659438790168433,1.0705691401556332,12.0,0
607.1855204815582,routine,1.9434963805000507,0.3513634158531591,2.29485979635321,24.0,0
608.4323096925675,emergency,0.2646377898023502,1.0255029253980703,1.2901407152004205,4.0,0
606.0181788436422,routine,2.763311565661752,0.4353805806418104,3.1986921463035625,24.0,0
607.2310406825081,routine,1.9027430560339553,0.6659438790168433,2.5686869350507986,24.0,0
609.713680752752,seasonal,0.14273519734751972,0.3513634158531591,0.4940986132006788,12.0,0
609.333895174335,critical,0.13570321363965832,0.7919122426127785,0.9276154562524368,2.0,0
607.4191910957763,routine,2.1925766525021118,0.7919122426127785,2.9844888951148905,24.0,0
609.5662956521867,seasonal,0.03252655403866811,0.668926378609784,0.7014529326484521,12.0,0
610.7942281840787,emergency,0.0,0.3513634158531591,0.3513634158531591,4.0,0
610.2021927426291,seasonal,0.13681353560343723,0.9736079806575129,1.11042151626095,12.0,0
610.4811891991263,seasonal,0.11096172204156574,0.7919122426127785,0.9028739646543442,12.0,0
609.9815079278749,seasonal,0.2298768696842899,0.7177220910631077,0.9475989607473976,12.0,0
610.6358895849112,critical,0.0,0.4353805806418104,0.4353805806418104,2.0,0
610.9158767055193,seasonal,0.23852130249201764,0.4353805806418104,0.673901883133828,12.0,0
610.852912305883,emergency,0.0,0.7919122426127785,0.7919122426127785,4.0,0
610.9479978315991,emergency,0.0,0.7177220910631077,0.7177220910631077,4.0,0
607.6157155620781,routine,3.5848161858114054,0.4353805806418104,4.020196766453216,24.0,0
607.808043354757,routine,3.5287129670970216,0.6396923088485589,4.168405275945581,24.0,0
608.0948352323637,routine,3.271798950187076,0.3190807107927397,3.590879660979816,24.0,0
610.9505434702692,critical,0.3018374963936594,0.7919122426127785,1.093749739006438,2.0,0
611.679731641582,seasonal,0.44568847298126,0.668926378609784,1.114614851591044,12.0,0
611.6258273493686,critical,0.3170327438779168,0.4353805806418104,0.7524133245197272,2.0,0
612.0836927569496,seasonal,0.12133869925753515,0.7919122426127785,0.9132509418703136,12.0,0
608.7422190617922,routine,3.6657655805748846,0.668926378609784,4.334691959184669,24.0,0
612.4168441093802,seasonal,0.323435447364659,0.6659438790168433,0.9893793263815023,12.0,0
612.6896080714525,seasonal,0.23003850467580378,0.668926378609784,0.8989648832855878,12.0,0
612.8584159228848,critical,0.0,0.4353805806418104,0.4353805806418104,2.0,0
613.0494107819922,emergency,0.0,0.6659438790168433,0.6659438790168433,4.0,0
608.4429550420451,routine,3.798880304905083,1.0255029253980703,4.8243832303031535,24.0,0
613.5170010787207,seasonal,0.033299879862397574,0.4353805806418104,0.468680460504208,12.0,0
612.9548295644248,critical,0.0,0.6599100317467526,0.6599100317467526,2.0,0
612.7807199282488,seasonal,0.28133952949394825,0.3190807107927397,0.600420240286688,12.0,0
609.0193554013441,routine,4.803553304114757,0.6599100317467526,5.46346333586151,24.0,0
609.2466420722299,routine,5.004898620234485,0.7177220910631077,5.722620711297592,24.0,0
609.240953825676,routine,4.880517290607372,0.9736079806575129,5.854125271264885,24.0,0
609.1232746810856,routine,4.9976329382586755,0.6659438790168433,5.663576817275519,24.0,0
609.3594130816605,routine,5.329097003866764,0.6599100317467526,5.9890070356135165,24.0,0
614.9355063135188,critical,0.0,0.4353805806418104,0.4353805806418104,2.0,0
609.5359478267848,routine,5.173037640952771,0.6599100317467526,5.8329476726995235,24.0,0
614.591778874465,seasonal,0.05358169595808704,0.7919122426127785,0.8454939385708655,12.0,0
614.5163548046131,emergency,0.0,0.7177220910631077,0.7177220910631077,4.0,0
615.102185607698,seasonal,0.6566914766367518,0.3513634158531591,1.0080548924899109,12.0,0
614.8854173649819,seasonal,0.4622499484019045,0.6599100317467526,1.122159980148657,12.0,0
615.5965835939858,seasonal,0.36735435600530764,0.3190807107927397,0.6864350667980473,12.0,0
615.6146877627776,seasonal,0.4306738642461596,0.6599100317467526,1.0905838959929122,12.0,0
615.4057673194183,seasonal,0.4872295642813924,0.6659438790168433,1.1531734432982357,12.0,0
615.7105417759293,seasonal,0.3543582289102005,0.6599100317467526,1.014268260656953,12.0,0
615.378902284576,seasonal,0.4993181732920675,0.6599100317467526,1.15922820503882,12.0,0
616.1815757091161,critical,0.0,0.6659438790168433,0.6659438790168433,2.0,0
616.6320768025242,critical,0.0,0.7919122426127785,0.7919122426127785,2.0,0
616.6333088314188,seasonal,0.8503903836927975,0.3513634158531591,1.2017537995459566,12.0,0
616.4059405272933,seasonal,0.9082445083605535,0.6599100317467526,1.568154540107306,12.0,0
616.1680916026613,seasonal,0.6634048383349409,1.0255029253980703,1.6889077637330112,12.0,0
616.8266345113673,critical,0.0,1.0255029253980703,1.0255029253980703,2.0,0
617.1382355532498,seasonal,0.6244328622567537,0.6396923088485589,1.2641251711053125,12.0,0
616.6511401802464,seasonal,1.0902205833085645,0.6659438790168433,1.7561644623254078,12.0,0
617.5675903239744,seasonal,0.2706746790956913,0.7177220910631077,0.988396770158799,12.0,0
617.8766852196545,critical,0.08664123228425069,0.4353805806418104,0.5220218129260611,2.0,0
617.4265075039145,critical,0.0,0.6396923088485589,0.6396923088485589,2.0,0
617.8061568503775,critical,0.0,0.6396923088485589,0.6396923088485589,2.0,0
617.8276492028904,seasonal,0.06257951752661484,0.3190807107927397,0.38166022831935453,12.0,0
618.6698765048471,emergency,0.0,0.6659438790168433,0.6659438790168433,4.0,0
610.223851749447,routine,8.386411604680234,0.3190807107927397,8.705492315472974,24.0,0
610.8416607820812,routine,7.7744207665264184,0.7177220910631077,8.492142857589526,24.0,0
618.9028424136974,seasonal,0.2265668256944764,0.3190807107927397,0.5456475364872161,12.0,0
618.771872554474,seasonal,0.2458927549459986,0.3513634158531591,0.5972561707991577,12.0,0
618.7754479204826,emergency,0.07715661594613721,0.6396923088485589,0.7168489247946961,4.0,0
619.180685501304,critical,0.04321410750958421,0.4353805806418104,0.4785946881513946,2.0,0
610.9243513884684,routine,7.741251730940689,0.6659438790168433,8.407195609957533,24.0,0
618.937668667104,critical,0.2312610302634539,0.3513634158531591,0.582624446116613,2.0,0
619.1041702009304,seasonal,0.05753879217206759,0.668926378609784,0.7264651707818516,12.0,0
619.4616363867226,emergency,0.049479345227155136,0.6396923088485589,0.689171654075714,4.0,0
611.244608495982,routine,8.283564111508213,0.9736079806575129,9.257172092165725,24.0,0
619.6825584968943,seasonal,0.46873214243453276,0.3513634158531591,0.8200955582876919,12.0,0
620.0926572926916,critical,0.051436569874908855,0.6659438790168433,0.7173804488917521,2.0,0
612.298210136036,routine,8.15361287515293,0.7919122426127785,8.945525117765708,24.0,0
612.1459671999055,routine,8.050388380146956,0.7919122426127785,8.842300622759733,24.0,0
619.9305209093967,seasonal,0.26505423250762306,0.6599100317467526,0.9249642642543756,12.0,0
612.5597151796952,routine,8.160059474106674,0.3513634158531591,8.511422889959833,24.0,0
613.0337355196733,routine,8.096287308250908,0.668926378609784,8.765213686860692,24.0,0
621.1565864902824,critical,0.0,0.3190807107927397,0.3190807107927397,2.0,0
613.3935027524607,routine,8.186347585787871,0.6396923088485589,8.82603989463643,24.0,0
621.9593383010154,seasonal,0.2036512156897743,0.3513634158531591,0.5550146315429334,12.0,0
621.3190672677205,critical,0.0,1.0255029253980703,1.0255029253980703,2.0,0
614.122908991457,routine,8.069537051129828,0.3190807107927397,8.388617761922568,24.0,0
613.5245184735568,routine,8.32794799225394,0.9736079806575129,9.301555972911451,24.0,0
621.5816327472814,seasonal,0.021915414704722025,0.6396923088485589,0.6616077235532809,12.0,0
613.7481023493935,routine,8.178558533840487,1.0255029253980703,9.204061459238558,24.0,0
614.4055949063987,routine,8.079550197815252,0.6396923088485589,8.71924250666381,24.0,0
614.5393758170206,routine,8.660786387376334,0.3190807107927397,8.979867098169073,24.0,0
622.792478704452,seasonal,0.3897307300594548,0.6659438790168433,1.055674609076298,12.0,0
615.9330008547763,routine,8.061223051771321,0.3190807107927397,8.380303762564061,24.0,0
614.9126363850405,routine,8.612570015456413,0.3513634158531591,8.963933431309572,24.0,0
614.7090603517426,routine,8.654681386720426,0.6659438790168433,9.32062526573727,24.0,0
616.0968676902086,routine,8.283663597337295,0.3190807107927397,8.602744308130035,24.0,0
615.4268043443611,routine,8.166696266466488,0.9736079806575129,9.140304247124,24.0,0
616.0846931658145,routine,8.080245942460465,0.7919122426127785,8.872158185073243,24.0,0
617.1209906507114,routine,7.327170246336436,0.6659438790168433,7.99311412535328,24.0,0
617.500821166187,routine,7.549564834645935,0.6599100317467526,8.209474866392688,24.0,0
624.9277873404367,emergency,0.0,0.3190807107927397,0.3190807107927397,4.0,0
617.5235186872455,routine,7.558660441413281,0.7177220910631077,8.276382532476388,24.0,0
617.1812344388876,routine,7.8560573855561415,0.668926378609784,8.524983764165926,24.0,0
617.9843713919408,routine,7.453263638979479,0.668926378609784,8.122190017589263,24.0,0
617.9609535023635,routine,7.430857814162096,0.6599100317467526,8.090767845908848,24.0,0
618.481435194783,routine,7.837440042807202,0.4353805806418104,8.272820623449013,24.0,0
618.7329382038346,routine,7.834032303363301,0.4353805806418104,8.269412884005112,24.0,0
618.0198969341361,routine,8.188445738120208,0.6599100317467526,8.848355769866961,24.0,0
618.6656832869487,routine,7.676716762174237,0.7177220910631077,8.394438853237345,24.0,0
619.514014440773,routine,7.417680687400548,0.7919122426127785,8.209592930013326,24.0,0
619.3833537049694,routine,7.316646309223188,0.668926378609784,7.985572687832972,24.0,0
620.5971790887883,routine,6.918345462910452,0.4353805806418104,7.353726043552262,24.0,0
620.2521058276175,routine,7.131776050910162,0.6659438790168433,7.7977199299270055,24.0,0
620.9251380709906,routine,6.951818332055382,0.6396923088485589,7.591510640903941,24.0,0
622.1448610562157,routine,6.490409095227847,0.3513634158531591,6.841772511081006,24.0,0
620.6963967722447,routine,7.134259699823474,0.6599100317467526,7.794169731570227,24.0,0
622.1585181765153,routine,6.6595325669109116,0.3513634158531591,7.010895982764071,24.0,0
621.3219863944312,routine,6.605724338497339,0.7177220910631077,7.3234464295604464,24.0,0
628.4488718973929,seasonal,0.16348613061677497,0.3190807107927397,0.48256684140951467,12.0,0
625.4789341283049,routine,3.3440304731907418,0.9736079806575129,4.317638453848255,24.0,0
628.9920199573016,seasonal,0.49093622172108553,0.3190807107927397,0.8100169325138252,12.0,0
628.509463368723,emergency,0.0,0.9736079806575129,0.9736079806575129,4.0,0
630.2376445648064,seasonal,0.0,0.3513634158531591,0.3513634158531591,12.0,0
629.8695145213467,routine,0.0,0.6396923088485589,0.6396923088485589,24.0,0
630.4445527210551,seasonal,0.0,0.4353805806418104,0.4353805806418104,12.0,0
630.977235711992,routine,0.0,1.0255029253980703,1.0255029253980703,24.0,0
631.3711018142673,routine,0.0,0.9736079806575129,0.9736079806575129,24.0,0
631.0839584635837,seasonal,0.0,0.7177220910631077,0.7177220910631077,12.0,0
630.894319220105,seasonal,0.0,0.9736079806575129,0.9736079806575129,12.0,0
631.8091149429837,routine,0.0,0.3513634158531591,0.3513634158531591,24.0,0
631.2585015621927,seasonal,0.0,0.7919122426127785,0.7919122426127785,12.0,0
632.1509962262239,routine,0.0,0.3190807107927397,0.3190807107927397,24.0,0
632.9653632614176,seasonal,0.11901156502585764,0.4353805806418104,0.554392145667668,12.0,0
632.6369395801617,seasonal,0.06205907390460652,0.3513634158531591,0.41342248975776563,12.0,0
632.2586439296816,routine,1.0960023290127765,0.3513634158531591,1.4473657448659356,24.0,0
632.2042855471178,routine,1.1360400356851414,0.6396923088485589,1.7757323445337003,24.0,0
632.6440294510851,routine,1.1351994905297715,0.4353805806418104,1.570580071171582,24.0,0
633.6663899972713,emergency,0.0,0.4353805806418104,0.4353805806418104,4.0,0
633.1014059177345,seasonal,0.0622146314967722,1.0255029253980703,1.0877175568948425,12.0,0
633.1767651169599,seasonal,0.07778853482136583,0.9736079806575129,1.0513965154788787,12.0,0
633.9447434593804,seasonal,0.18562719863052735,0.3513634158531591,0.5369906144836865,12.0,0
634.0370133702387,emergency,0.0,0.6396923088485589,0.6396923088485589,4.0,0
633.9544727956857,seasonal,0.24933048970888194,0.7919122426127785,1.0412427323216604,12.0,0
634.070279402454,seasonal,0.7282461323610505,0.6659438790168433,1.3941900113778938,12.0,0
633.9733739594051,seasonal,0.7832202369113475,0.6396923088485589,1.4229125457599063,12.0,0
634.4299718141843,emergency,0.0,1.0255029253980703,1.0255029253980703,4.0,0
634.4674837821375,seasonal,0.6651568883025902,0.6599100317467526,1.3250669200493428,12.0,0
634.7338531886733,critical,0.0,0.9736079806575129,0.9736079806575129,2.0,0
634.4834755824611,seasonal,0.830935914108295,0.7177220910631077,1.5486580051714027,12.0,0
632.7630523986306,routine,3.3721498149581066,0.3190807107927397,3.6912305257508464,24.0,0
634.8231801765578,seasonal,0.7060821169252449,0.3190807107927397,1.0251628277179847,12.0,0
634.8461945370575,seasonal,0.6861091118505556,0.4353805806418104,1.121489692492366,12.0,0
635.8588161287591,emergency,0.0,0.7919122426127785,0.7919122426127785,4.0,0
635.7138401924416,critical,0.0,0.7177220910631077,0.7177220910631077,2.0,0
634.9656969467774,seasonal,1.0771740982844449,0.6599100317467526,1.7370841300311974,12.0,0
635.9117948403601,critical,0.0,0.9736079806575129,0.9736079806575129,2.0,0
632.9535916980639,routine,3.695527994682493,0.3190807107927397,4.014608705475233,24.0,0
636.2343861799106,critical,0.402047441950117,0.6659438790168433,1.0679913209669603,2.0,0
636.4221626895738,seasonal,0.20769483375954678,0.6396923088485589,0.8473871426081057,12.0,0
633.5256615340005,routine,3.781797955989873,0.4353805806418104,4.217178536631684,24.0,0
636.8048735205136,seasonal,0.15286138365411261,0.7919122426127785,0.9447736262668911,12.0,0
637.439844722321,critical,0.12796378965197164,0.668926378609784,0.7968901682617556,2.0,0
633.506633914238,routine,3.71081822251665,0.6396923088485589,4.3505105313652095,24.0,0
636.8135483993896,seasonal,0.2704634591453896,0.9736079806575129,1.2440714398029025,12.0,0
636.3401098714471,critical,0.5812019289564887,0.9736079806575129,1.5548099096140016,2.0,0
637.5202985993095,seasonal,0.32675261245037746,0.7177220910631077,1.0444747035134851,12.0,0
637.7233209791128,seasonal,0.7764082483568018,0.4353805806418104,1.2117888289986123,12.0,0
637.8350023814949,emergency,0.0,0.7919122426127785,0.7919122426127785,4.0,0
637.6802891786693,seasonal,0.2604724913660448,0.7919122426127785,1.0523847339788233,12.0,0
639.1140669709473,emergency,0.0,0.3513634158531591,0.3513634158531591,4.0,0
638.7587117441983,critical,0.0,0.6659438790168433,0.6659438790168433,2.0,0
633.5906903977059,routine,4.965977223483037,0.6396923088485589,5.605669532331596,24.0,0
634.2769543636194,routine,4.755286751652761,0.3190807107927397,5.074367462445501,24.0,0
634.3559716276487,routine,4.720145032809455,0.6599100317467526,5.380055064556208,24.0,0
633.7426258699609,routine,4.9056789775278276,0.7919122426127785,5.697591220140606,24.0,0
634.6011386039442,routine,4.926557970270892,0.6599100317467526,5.586468002017645,24.0,0
634.7399786822328,routine,4.795608022004785,0.4353805806418104,5.230988602646596,24.0,0
639.8357306549462,seasonal,0.21313073930389237,0.668926378609784,0.8820571179136764,12.0,0
634.8289465519963,routine,6.007940502002498,0.3513634158531591,6.359303917855657,24.0,0
640.3443961447134,seasonal,0.26349704260996987,0.6659438790168433,0.9294409216268131,12.0,0
641.0708534101564,seasonal,0.03824022865251209,0.6599100317467526,0.6981502603992646,12.0,0
640.937973978489,seasonal,0.14732056012792327,0.7177220910631077,0.865042651191031,12.0,0
639.9131152137318,seasonal,0.6537964030217154,0.6659438790168433,1.3197402820385586,12.0,0
634.7721227440829,routine,5.8625179175588755,1.0255029253980703,6.888020842956946,24.0,0
634.9040971648963,routine,6.470759528498661,0.7177220910631077,7.1884816195617685,24.0,0
642.1128781900109,emergency,0.0,0.3513634158531591,0.3513634158531591,4.0,0
641.451245330124,seasonal,0.5395653850318922,0.3513634158531591,0.8909288008850513,12.0,0
641.5596804647635,seasonal,0.6243544518930548,0.7177220910631077,1.3420765429561625,12.0,0
642.3337535395844,emergency,0.0,0.3513634158531591,0.3513634158531591,4.0,0
642.8214815140306,seasonal,0.23171226610793383,0.3513634158531591,0.5830756819610929,12.0,0
635.1721156170393,routine,7.2644009191755,1.0255029253980703,8.28990384457357,24.0,0
642.1798161610682,seasonal,0.2144019401772539,0.6599100317467526,0.8743119719240064,12.0,0
643.0290232180496,critical,0.0,0.4353805806418104,0.4353805806418104,2.0,0
642.4387445940627,seasonal,0.15492102729081125,0.6396923088485589,0.7946133361393701,12.0,0
643.0626882683009,seasonal,0.719912676512422,0.3513634158531591,1.071276092365581,12.0,0
642.8149825965271,critical,0.0,0.6659438790168433,0.6659438790168433,2.0,0
635.3984833212595,routine,7.402228823413907,1.0255029253980703,8.427731748811977,24.0,0
642.9333913534044,seasonal,0.5596556911269772,0.668926378609784,1.228582069736761,12.0,0
635.5565348283155,routine,8.78024764228735,0.4353805806418104,9.21562822292916,24.0,0
644.4679363106918,seasonal,0.1032703310843317,0.6599100317467526,0.7631803628310843,12.0,0
635.8437255671585,routine,8.535102898039213,0.7919122426127785,9.32701514065199,24.0,0
644.8308521849943,seasonal,0.00581949966101547,0.6396923088485589,0.6455118085095743,12.0,0
643.1860065711666,seasonal,1.0664014872842245,1.0255029253980703,2.091904412682295,12.0,0
645.516811183844,seasonal,0.12867177065652413,0.4353805806418104,0.5640523512983345,12.0,0
645.81628647678,critical,0.0,0.6659438790168433,0.6659438790168433,2.0,0
645.4979529210559,critical,0.0,1.0255029253980703,1.0255029253980703,2.0,0
644.9388540649362,seasonal,0.27353227827779847,1.0255029253980703,1.2990352036758688,12.0,0
646.017483964624,emergency,0.0,0.3513634158531591,0.3513634158531591,4.0,0
645.9373277924498,emergency,0.0,0.4353805806418104,0.4353805806418104,4.0,0
635.8541271520986,routine,9.591560025763215,0.9736079806575129,10.565168006420727,24.0,0
636.5007037482642,routine,10.00187516039557,0.6599100317467526,10.661785192142323,24.0,0
635.9424777788396,routine,10.444428701578204,0.6599100317467526,11.104338733324957,24.0,0
646.8063853763013,critical,0.0,0.4353805806418104,0.4353805806418104,2.0,0
646.0434388198601,seasonal,0.15822183589887118,0.7919122426127785,0.9501340785116497,12.0,0
635.9020140416238,routine,10.327680739016841,0.7919122426127785,11.11959298162962,24.0,0
636.8314445530516,routine,10.081648307868704,0.7919122426127785,10.873560550481482,24.0,0
647.0183735178828,critical,0.15159649440295198,0.4353805806418104,0.5869770750447624,2.0,0
636.8910035729408,routine,10.469847548962889,0.3190807107927397,10.788928259755629,24.0,0
638.1971035854074,routine,9.456013812784022,0.3513634158531591,9.807377228637181,24.0,0
639.5568823621028,routine,8.923379879307163,0.4353805806418104,9.358760459948973,24.0,0
638.2030619826708,routine,9.819816796740383,0.3513634158531591,10.171180212593542,24.0,0
640.1306431085287,routine,8.47568748238723,0.3190807107927397,8.79476819317997,24.0,0
648.2500301627341,seasonal,0.06787070624147873,0.6599100317467526,0.7277807379882313,12.0,0
638.8107087535054,routine,9.51547668199396,0.3513634158531591,9.866840097847119,24.0,0
638.7847348284589,routine,9.322453356836832,0.7919122426127785,10.11436559944961,24.0,0
640.2435599984107,routine,8.476405255458985,0.3190807107927397,8.795485966251725,24.0,0
640.5113802542987,routine,9.22295042231167,0.4353805806418104,9.65833100295348,24.0,0
649.4189203500698,seasonal,0.2452937655008327,0.3190807107927397,0.5643744762935724,12.0,0
641.3031068805285,routine,8.625181855706842,0.6659438790168433,9.291125734723686,24.0,0
641.3666790719338,routine,8.565994862081084,0.3190807107927397,8.885075572873824,24.0,0
640.5350420846087,routine,9.276380648684267,0.7177220910631077,9.994102739747374,24.0,0
641.3387479255574,routine,8.590396406183572,0.6396923088485589,9.230088715032132,24.0,0
641.6786947530527,routine,8.51860602335887,0.9736079806575129,9.492214004016382,24.0,0
642.7154399388808,routine,8.426991846975625,0.3190807107927397,8.746072557768365,24.0,0
644.9595762157151,routine,6.323392271542957,0.3513634158531591,6.674755687396116,24.0,0
642.2108730747033,routine,8.90165728685838,0.6599100317467526,9.561567318605134,24.0,0
645.0695594854004,routine,6.442336926794837,0.6396923088485589,7.082029235643397,24.0,0
643.9751759675979,routine,7.243888903827042,0.9736079806575129,8.217496884484554,24.0,0
645.9460639721344,routine,5.911712566456231,0.4353805806418104,6.347093147098041,24.0,0
646.6384396439589,routine,5.524715883937006,0.668926378609784,6.19364226254679,24.0,0
647.8187924441181,routine,4.988635911984829,0.3513634158531591,5.3399993278379885,24.0,0
652.1868211482954,critical,0.0,0.6396923088485589,0.6396923088485589,2.0,0
650.7825062505287,routine,2.3657105789877733,0.3513634158531591,2.7170739948409324,24.0,0
646.9978690653085,routine,5.66288520862588,0.6396923088485589,6.30257751747444,24.0,0
652.9390634318612,routine,0.3430916489463698,0.3513634158531591,0.6944550647995289,24.0,0
647.2691064448991,routine,5.433754307799973,0.6396923088485589,6.073446616648532,24.0,0
653.8305400552784,critical,0.0,0.3190807107927397,0.3190807107927397,2.0,0
647.9746020593726,routine,5.169865862689562,0.668926378609784,5.8387922412993465,24.0,0
653.4348730445532,routine,0.03230860259043311,0.6659438790168433,0.6982524816072764,24.0,0
654.7382370814446,seasonal,0.0,0.3190807107927397,0.3190807107927397,12.0,0
654.081885867044,emergency,0.0,0.6659438790168433,0.6659438790168433,4.0,0
655.0296066458337,seasonal,0.0,0.4353805806418104,0.4353805806418104,12.0,0
654.8337478288006,critical,0.0,1.0255029253980703,1.0255029253980703,2.0,0
655.2003767812032,emergency,0.0,0.6396923088485589,0.6396923088485589,4.0,0
655.7064933540531,seasonal,0.0,0.6659438790168433,0.6659438790168433,12.0,0
654.7653525057734,routine,0.0,1.0255029253980703,1.0255029253980703,24.0,0
655.9402462889524,routine,0.0,0.668926378609784,0.668926378609784,24.0,0
655.5326948293163,seasonal,0.0,0.9736079806575129,0.9736079806575129,12.0,0
656.1503275009859,routine,0.0,0.3190807107927397,0.3190807107927397,24.0,0
656.5695355231318,routine,0.0,0.4353805806418104,0.4353805806418104,24.0,0
656.7792668616025,seasonal,0.0,0.3513634158531591,0.3513634158531591,12.0,0
656.6033830605102,emergency,0.0,0.4353805806418104,0.4353805806418104,4.0,0
657.0060855547481,routine,0.019806786552408084,0.668926378609784,0.6887331651621921,24.0,0
657.3811196011034,seasonal,0.0,0.6396923088485589,0.6396923088485589,12.0,0
657.455071124854,emergency,0.0,0.3513634158531591,0.3513634158531591,4.0,0
657.8410429378742,critical,0.0,0.4353805806418104,0.4353805806418104,2.0,0
657.9607409330569,seasonal,0.0,0.6599100317467526,0.6599100317467526,12.0,0
657.9790457881563,routine,0.0,0.3190807107927397,0.3190807107927397,24.0,0
657.7186193930411,critical,0.0,0.4353805806418104,0.4353805806418104,2.0,0
658.4911547045231,routine,0.0,0.3513634158531591,0.3513634158531591,24.0,0
657.7947201907247,critical,0.0,1.0255029253980703,1.0255029253980703,2.0,0
657.9878498025201,critical,0.21209296030917812,0.6599100317467526,0.8720029920559307,2.0,0
658.8352256770496,seasonal,0.2540445130515536,0.4353805806418104,0.689425093693364,12.0,0
658.1089266102371,emergency,1.1473045502517607,0.4353805806418104,1.5826851308935712,4.0,0
658.8966095380055,critical,0.21413271866288142,0.3513634158531591,0.5654961345160405,2.0,0
658.4772231730843,seasonal,0.0,0.6599100317467526,0.6599100317467526,12.0,0
658.5758481158409,seasonal,0.0,0.6659438790168433,0.6659438790168433,12.0,0
658.5183539568125,seasonal,0.0,0.9736079806575129,0.9736079806575129,12.0,0
659.1378143846091,seasonal,0.26702936484821294,0.3513634158531591,0.618392780701372,12.0,0
658.7805868780506,routine,1.0726389127154334,0.7919122426127785,1.864551155328212,24.0,0
658.9410791151541,seasonal,0.35880946077884346,1.0255029253980703,1.3843123861769138,12.0,0
660.2424653758964,seasonal,0.09216015708602754,0.668926378609784,0.7610865356958115,12.0,0
660.8331081528156,critical,0.0,0.3513634158531591,0.3513634158531591,2.0,0
659.8975404284603,critical,0.0,0.7177220910631077,0.7177220910631077,2.0,0
660.3391637463926,seasonal,0.0869178379581399,0.7177220910631077,0.8046399290212476,12.0,0
660.5385927760309,critical,0.0,0.668926378609784,0.668926378609784,2.0,0
659.828237195892,routine,1.065294753974399,0.668926378609784,1.734221132584183,24.0,0
659.3236929315724,routine,1.120830061166771,0.9736079806575129,2.094438041824284,24.0,0
659.7526481210975,routine,0.7922397438012467,0.7177220910631077,1.5099618348643544,24.0,0
661.115999081727,critical,0.0,0.4353805806418104,0.4353805806418104,2.0,0
661.4141053625063,seasonal,0.1357917385298606,0.3190807107927397,0.4548724493226003,12.0,0
660.9091377205698,seasonal,0.6253783236637673,0.3513634158531591,0.9767417395169264,12.0,0
661.4777480679766,seasonal,0.49615775011181995,0.6599100317467526,1.1560677818585725,12.0,0
662.2541226700395,emergency,0.0,0.3513634158531591,0.3513634158531591,4.0,0
661.4742824418514,seasonal,0.25509757043005266,1.0255029253980703,1.280600495828123,12.0,0
661.6554877946329,critical,0.0,0.6659438790168433,0.6659438790168433,2.0,0
661.9751901139938,critical,0.0,0.6396923088485589,0.6396923088485589,2.0,0
662.16873496872,seasonal,0.16201698690542798,0.6599100317467526,0.8219270186521805,12.0,0
661.9879382126368,seasonal,0.27638119624373303,0.7177220910631077,0.9941032873068407,12.0,0
662.3686638367451,seasonal,0.187494460161588,0.6659438790168433,0.8534383391784313,12.0,0
662.5926789418221,critical,0.0,0.6659438790168433,0.6659438790168433,2.0,0
662.4434001261283,seasonal,0.6710267935065986,0.7177220910631077,1.3887488845697062,12.0,0
662.9119934429492,seasonal,0.287206390297456,0.6659438790168433,0.9531502693142992,12.0,0
661.1442426157666,routine,2.453437832753366,0.3190807107927397,2.7725185435461057,24.0,0
662.9094624054852,emergency,0.0,1.0255029253980703,1.0255029253980703,4.0,0
663.4547117330615,critical,0.22551669488836978,0.3190807107927397,0.5445974056811095,2.0,0
663.038467086564,critical,0.558759428582448,0.7919122426127785,1.3506716711952265,2.0,0
663.7989775531178,seasonal,0.1671469146627942,0.4353805806418104,0.6025274953046046,12.0,0
660.1138474155288,routine,3.381638647763225,1.0255029253980703,4.4071415731612955,24.0,0
661.6794892014731,routine,2.43135935910459,0.6599100317467526,3.091269390851343,24.0,0
663.4561812345285,emergency,0.4974643876562368,0.668926378609784,1.1663907662660207,4.0,0
664.0057875878772,critical,0.2636495613213583,0.6659438790168433,0.9295934403382016,2.0,0
664.1706794188035,seasonal,0.06502082140173115,0.668926378609784,0.7339472000115151,12.0,0
664.2748160847152,critical,0.7129611858323415,0.7177220910631077,1.4306832768954492,2.0,0
664.2915633259653,seasonal,0.34186003578781765,0.668926378609784,1.0107864143976015,12.0,0
664.45278025001,critical,0.6738177916610084,0.4353805806418104,1.109198372302819,2.0,0
664.7195616654059,seasonal,0.11181336834727063,0.6659438790168433,0.7777572473641139,12.0,0
664.5634897788883,critical,0.8397863880578598,0.6599100317467526,1.4996964198046123,2.0,0
661.7211435781936,routine,2.989078239947844,1.0255029253980703,4.0145811653459145,24.0,0
664.7847912473968,critical,1.1502210699966327,0.3513634158531591,1.5015844858497918,2.0,0
662.5776137387153,routine,3.060208018128151,0.6659438790168433,3.726151897144994,24.0,0
665.188159724725,seasonal,0.42927254719108987,0.3190807107927397,0.7483532579838296,12.0,0
665.7286883598957,seasonal,0.4768547953187863,0.3513634158531591,0.8282182111719454,12.0,0
662.7233301609099,routine,2.956303513891953,0.6659438790168433,3.6222473929087964,24.0,0
665.9611648718309,seasonal,0.6054962795394658,0.4353805806418104,1.0408768601812763,12.0,0
665.9756575666814,critical,0.49442885513121837,0.3190807107927397,0.8135095659239581,2.0,0
665.0054776026961,critical,1.079586130241978,0.9736079806575129,2.053194110899491,2.0,1
666.3469207788531,seasonal,0.5236090967879363,0.3513634158531591,0.8749725126410954,12.0,0
666.4100318115377,critical,0.2699286786224775,0.6659438790168433,0.9358725576393208,2.0,0
663.1377065486074,routine,4.361365859915736,0.3190807107927397,4.680446570708476,24.0,0
666.472377204902,seasonal,0.41410889016060537,0.4353805806418104,0.8494894708024158,12.0,0
666.6293306943105,seasonal,0.49143590210690036,0.6659438790168433,1.1573797811237436,12.0,0
664.0754120958669,emergency,2.8043664977292337,0.6659438790168433,3.470310376746077,4.0,0
666.8102468875668,seasonal,0.5189490977966216,0.4353805806418104,0.954329678438432,12.0,0
664.0737719199363,routine,3.59645429027546,0.3190807107927397,3.9155350010682,24.0,0
664.7335160233671,emergency,2.30400218078762,0.7919122426127785,3.095914423400399,4.0,0
667.7567331033149,critical,0.2734738597021078,0.4353805806418104,0.7088544403439182,2.0,0
667.7259903938603,seasonal,0.02093512055591873,0.6599100317467526,0.6808451523026713,12.0,0
665.7190192544728,emergency,2.6818970275605807,0.6599100317467526,3.3418070593073335,4.0,0
664.0974183706135,routine,4.402214690520054,0.7177220910631077,5.119936781583162,24.0,0
664.5299072809227,routine,4.099373957610169,0.6599100317467526,4.759283989356922,24.0,0
664.5970276629898,routine,4.037888243649604,0.6599100317467526,4.697798275396357,24.0,0
664.6560805836602,routine,4.203145503479277,0.4353805806418104,4.638526084121088,24.0,0
666.3733790787263,emergency,2.410767906408182,0.6659438790168433,3.0767117854250254,4.0,0
665.5825033739242,routine,3.441024281634327,0.7177220910631077,4.1587463726974345,24.0,0
665.8059414436348,emergency,2.767059436047248,0.9736079806575129,3.7406674167047607,4.0,0
668.7178017436514,seasonal,0.012750846235462632,0.668926378609784,0.6816772248452466,12.0,0
669.1196878457467,critical,0.09683665400950758,0.6659438790168433,0.7627805330263508,2.0,0
669.4733319640833,seasonal,0.20611797910703444,0.3513634158531591,0.5574813949601936,12.0,0
668.6784246430526,emergency,1.141753682799731,0.9736079806575129,2.115361663457244,4.0,0
665.8173068858769,routine,4.138780753981678,0.6599100317467526,4.79869078572843,24.0,0
668.4463471964353,emergency,1.062208546381953,0.7919122426127785,1.8541207889947315,4.0,0
666.5648479224868,routine,3.8145457509100424,0.6599100317467526,4.474455782656795,24.0,0
670.0943048667118,critical,0.39457855715397727,0.4353805806418104,0.8299591377957877,2.0,0
670.1355835244291,critical,0.48724275546373974,0.4353805806418104,0.9226233361055501,2.0,0
670.1925375113902,seasonal,0.13221531916565255,0.6659438790168433,0.7981591981824958,12.0,0
666.415887265341,routine,3.6698110558797907,1.0255029253980703,4.695313981277861,24.0,0
670.455862820954,seasonal,0.10706025639842665,0.6599100317467526,0.7669702881451792,12.0,0
666.5746961993611,routine,4.207720766560669,0.6659438790168433,4.873664645577513,24.0,0
671.6197270116874,seasonal,0.027461572040579085,0.3190807107927397,0.3465422828333188,12.0,0
667.6300812998322,routine,3.677037874230905,0.6599100317467526,4.336947905977658,24.0,0
668.2830841868458,routine,3.242421238090742,0.6659438790168433,3.9083651171075853,24.0,0
668.5198239932733,routine,3.317668104969357,0.4353805806418104,3.7530486856111676,24.0,0
669.6739591111109,routine,2.5866215523508345,0.4353805806418104,3.022002132992645,24.0,0
674.7009294225035,seasonal,0.0,0.3513634158531591,0.3513634158531591,12.0,0
675.0212187137342,seasonal,0.0,0.6396923088485589,0.6396923088485589,12.0,0
675.4032492815793,seasonal,0.0,0.668926378609784,0.668926378609784,12.0,0
676.8606441028877,critical,0.0,0.6599100317467526,0.6599100317467526,2.0,0
676.7341813268824,critical,0.0,0.7177220910631077,0.7177220910631077,2.0,0
678.4566813559592,routine,0.0,0.668926378609784,0.668926378609784,24.0,0
678.2507334830017,seasonal,0.0,0.668926378609784,0.668926378609784,12.0,0
678.450235645794,emergency,0.0,0.6396923088485589,0.6396923088485589,4.0,0
677.9798819374082,seasonal,0.0,1.0255029253980703,1.0255029253980703,12.0,0
678.3341582849342,seasonal,0.0,0.6659438790168433,0.6659438790168433,12.0,0
678.402523410679,routine,0.0,0.7177220910631077,0.7177220910631077,24.0,0
678.4210113388069,routine,0.0,0.6396923088485589,0.6396923088485589,24.0,0
678.3726448194791,seasonal,0.0,0.7177220910631077,0.7177220910631077,12.0,0
680.0487630852492,routine,0.0,0.6599100317467526,0.6599100317467526,24.0,0
679.634552513513,seasonal,0.30425565221696615,0.4353805806418104,0.7396362328587766,12.0,0
678.857682512728,seasonal,1.0336299503127293,0.6659438790168433,1.6995738293295726,12.0,0
679.4420777365714,routine,0.5565229877738602,0.6659438790168433,1.2224668667907035,24.0,0
680.3449361215786,emergency,0.0,0.6396923088485589,0.6396923088485589,4.0,0
680.2194061905504,routine,0.0,0.9736079806575129,0.9736079806575129,24.0,0
680.6217135473404,seasonal,0.0,0.6659438790168433,0.6659438790168433,12.0,0
680.5492922490437,routine,0.0,0.7919122426127785,0.7919122426127785,24.0,0
681.079078039503,critical,0.0,0.6599100317467526,0.6599100317467526,2.0,0
680.925158984206,emergency,0.0,0.3190807107927397,0.3190807107927397,4.0,0
680.7606413507317,routine,0.7206968191699161,0.6659438790168433,1.3866406981867594,24.0,0
680.7033865482479,routine,0.7511507069451682,1.0255029253980703,1.7766536323432385,24.0,0
680.6747829816999,routine,0.6533109181392547,0.6599100317467526,1.3132209498860072,24.0,0
681.9986969993546,routine,0.0,0.7919122426127785,0.7919122426127785,24.0,0
682.9341272990555,critical,0.0,0.3513634158531591,0.3513634158531591,2.0,0
682.4240394362813,emergency,0.0,0.3190807107927397,0.3190807107927397,4.0,0
682.2230481419624,critical,0.0,0.7177220910631077,0.7177220910631077,2.0,0
682.6864279931995,seasonal,0.0,0.3513634158531591,0.3513634158531591,12.0,0
682.8846508393784,routine,0.0,0.3513634158531591,0.3513634158531591,24.0,0
682.3841018361018,routine,0.0,0.7919122426127785,0.7919122426127785,24.0,0
683.4340165332827,routine,0.0,0.4353805806418104,0.4353805806418104,24.0,0
683.2391660208359,seasonal,0.0,0.9736079806575129,0.9736079806575129,12.0,0
683.3323852836602,seasonal,0.0,0.6659438790168433,0.6659438790168433,12.0,0
684.3739090344534,critical,0.0,0.3513634158531591,0.3513634158531591,2.0,0
683.4169337038483,critical,0.0,0.6659438790168433,0.6659438790168433,2.0,0
683.8598259476412,emergency,0.08906905630601614,0.4353805806418104,0.5244496369478265,4.0,0
683.724350263532,critical,0.0,0.6396923088485589,0.6396923088485589,2.0,0
684.3942700236904,emergency,0.0,0.7919122426127785,0.7919122426127785,4.0,0
684.1712624146617,seasonal,0.22100207632308866,0.4353805806418104,0.6563826569648991,12.0,0
683.5401625298379,routine,1.0191807459344773,0.6599100317467526,1.6790907776812298,24.0,0
683.7750145301329,seasonal,0.13160187009702895,0.9736079806575129,1.1052098507545418,12.0,0
684.1554837400266,seasonal,0.21498760328177013,0.6659438790168433,0.8809314822986134,12.0,0
684.9283535545663,seasonal,0.2469011120685991,0.6659438790168433,0.9128449910854424,12.0,0
684.5936064525941,seasonal,0.12506933883344118,0.4353805806418104,0.5604499194752516,12.0,0
685.1162256605123,critical,0.2994222233730852,0.4353805806418104,0.7348028040148956,2.0,0
685.089139240133,seasonal,0.19599012488924927,0.6599100317467526,0.8559001566360018,12.0,0
685.8009476387543,critical,0.0,0.3513634158531591,0.3513634158531591,2.0,0
685.1067683933366,seasonal,0.8908999293290663,0.4353805806418104,1.3262805099708768,12.0,0
684.543831208988,critical,0.8626494839080578,0.668926378609784,1.5315758625178417,2.0,0
683.7196902786644,routine,2.7285054608333894,0.3513634158531591,3.0798688766865485,24.0,0
685.23816671922,seasonal,0.9952646880364,0.6599100317467526,1.6551747197831526,12.0,0
684.4507904849596,routine,2.1397289687736247,0.4353805806418104,2.5751095494154352,24.0,0
685.3203984247314,seasonal,0.9621997814771248,0.7177220910631077,1.6799218725402325,12.0,0
685.2380288089199,seasonal,0.7666770067614834,1.0255029253980703,1.7921799321595537,12.0,0
686.3820642201242,critical,0.0,0.7919122426127785,0.7919122426127785,2.0,0
686.6722852992212,seasonal,0.3994391773700272,0.3190807107927397,0.7185198881627669,12.0,0
686.8479061194182,emergency,0.0,0.6396923088485589,0.6396923088485589,4.0,0
684.0929305450147,routine,2.406845910689526,0.9736079806575129,3.380453891347039,24.0,0
686.6825567498829,emergency,0.0,0.9736079806575129,0.9736079806575129,4.0,0
687.3649998453843,seasonal,0.35176323557902833,0.3190807107927397,0.670843946371768,12.0,0
686.8658881080225,seasonal,0.5753882760545821,0.668926378609784,1.244314654664366,12.0,0
688.0620916909279,seasonal,0.23554098608462937,0.3190807107927397,0.5546216968773691,12.0,0
688.1876285646664,seasonal,0.22321725083270394,0.6659438790168433,0.8891611298495472,12.0,0
688.0266568319868,seasonal,0.17727435664050972,0.7177220910631077,0.8949964477036174,12.0,0
687.6667698420679,seasonal,0.32915989540833834,0.6599100317467526,0.9890699271550909,12.0,0
689.1902631399573,critical,0.0,0.3513634158531591,0.3513634158531591,2.0,0
685.0708718701862,routine,4.058107225456411,0.6599100317467526,4.718017257203163,24.0,0
689.4571456027743,critical,0.0,0.3190807107927397,0.3190807107927397,2.0,0
688.8515939208299,seasonal,0.18677190949279066,0.7177220910631077,0.9044940005558983,12.0,0
689.3020356452108,critical,0.0,0.3190807107927397,0.3190807107927397,2.0,0
684.9902141957011,routine,3.799107844181549,0.7919122426127785,4.591020086794328,24.0,0
689.1510082872932,seasonal,0.36460383331666435,0.6659438790168433,1.0305477123335076,12.0,0
685.3064048475638,routine,4.5451788352552285,0.3513634158531591,4.896542251108388,24.0,0
688.9102016408827,emergency,0.0,1.0255029253980703,1.0255029253980703,4.0,0
689.8673969984233,emergency,0.0,0.3190807107927397,0.3190807107927397,4.0,0
685.9754045069825,routine,3.924306242005059,0.3513634158531591,4.275669657858218,24.0,0
685.2421624267644,routine,4.593589545821487,0.6659438790168433,5.259533424838331,24.0,0
686.6391445315519,routine,3.834679523468594,0.3190807107927397,4.153760234261334,24.0,0
690.8165205853142,emergency,0.0,0.3513634158531591,0.3513634158531591,4.0,0
687.9950343563485,routine,3.246777499662926,0.3190807107927397,3.5658582104556658,24.0,0
686.7144721479206,routine,4.287046788666203,0.3190807107927397,4.6061274994589425,24.0,0
690.1387138205157,seasonal,0.2667496747599216,1.0255029253980703,1.292252600157992,12.0,0
690.6309926078641,seasonal,0.34615681526213393,0.6396923088485589,0.9858491241106928,12.0,0
690.5382825993554,seasonal,0.2560313876174405,1.0255029253980703,1.2815343130155108,12.0,0
687.7076993208394,routine,3.511993007639944,0.4353805806418104,3.9473735882817547,24.0,0
691.9684978195904,emergency,0.0,0.668926378609784,0.668926378609784,4.0,0
691.4666072668515,seasonal,0.35947266179107373,0.3190807107927397,0.6785533725838134,12.0,0
691.6316633631089,seasonal,0.7679829463634178,0.6659438790168433,1.433926825380261,12.0,0
692.2599688673421,critical,0.0,0.3190807107927397,0.3190807107927397,2.0,0
691.9168204165096,seasonal,0.48819295944963415,0.3190807107927397,0.8072736702423738,12.0,0
688.5933720375883,routine,3.959201191510374,0.3513634158531591,4.310564607363533,24.0,0
691.9782220844461,seasonal,0.4363111453320698,0.668926378609784,1.1052375239418537,12.0,0
689.0519949764107,routine,3.6829165066116047,0.668926378609784,4.351842885221389,24.0,0
692.2323311979999,seasonal,0.20019742183455946,0.9736079806575129,1.1738054024920723,12.0,0
689.3362739205704,routine,4.0476956583988795,0.6599100317467526,4.707605690145632,24.0,0
689.7030736852997,routine,4.56331747590923,0.3513634158531591,4.914680891762389,24.0,0
689.3797637682386,routine,4.326559500168173,1.0255029253980703,5.352062425566244,24.0,0
689.6321752543126,routine,4.2201914208365,1.0255029253980703,5.24569434623457,24.0,0
689.7250218351468,routine,4.798073081969164,0.3190807107927397,5.117153792761904,24.0,0
689.5003642305651,routine,4.213743315114812,0.9736079806575129,5.1873512957723245,24.0,0
689.832960553825,routine,4.919534112419342,0.3190807107927397,5.238614823212082,24.0,0
690.3979275287761,routine,5.191898582141107,0.3190807107927397,5.510979292933847,24.0,0
691.2198550547959,routine,4.494349014914974,0.6599100317467526,5.154259046661727,24.0,0
690.0356648916378,routine,4.980378481955086,0.6599100317467526,5.640288513701838,24.0,0
691.6728756769368,routine,4.3324709429027735,0.6599100317467526,4.992380974649526,24.0,0
691.6270050273613,routine,4.337916215029054,0.3190807107927397,4.656996925821794,24.0,0
690.5611305387102,routine,5.14133509926944,0.9736079806575129,6.114943079926953,24.0,0
692.093952473802,routine,4.056212076158431,0.6599100317467526,4.716122107905184,24.0,0
692.9739716645777,routine,3.689718598618242,0.3190807107927397,4.008799309410982,24.0,0
693.1811327787088,routine,3.812293200526028,0.6659438790168433,4.478237079542872,24.0,0
694.6665437960274,routine,2.7148762945065528,0.3513634158531591,3.066239710359712,24.0,0
693.6190219533637,routine,3.7448729340510454,0.3190807107927397,4.063953644843785,24.0,0
693.5446266413654,routine,3.478508507246488,1.0255029253980703,4.504011432644559,24.0,0
696.7224716083964,routine,0.7414343181455934,0.6599100317467526,1.401344349892346,24.0,0
695.3326337560685,routine,2.060191084847361,0.9736079806575129,3.0337990655048737,24.0,0
697.3155143390698,routine,0.8452914509169887,0.7919122426127785,1.6372036935297671,24.0,0
698.8094393657402,routine,0.0,0.6599100317467526,0.6599100317467526,24.0,0
700.9229212164755,routine,0.0,1.0255029253980703,1.0255029253980703,24.0,0
701.8755642069432,routine,0.0,0.3513634158531591,0.3513634158531591,24.0,0
701.7003338422712,routine,0.0,0.3513634158531591,0.3513634158531591,24.0,0
701.7121896882327,routine,0.0,0.6659438790168433,0.6659438790168433,24.0,0
702.7873228468728,routine,0.0,0.6599100317467526,0.6599100317467526,24.0,0
702.236441213802,emergency,0.0,0.9736079806575129,0.9736079806575129,4.0,0
703.2181945585226,critical,0.0,0.3190807107927397,0.3190807107927397,2.0,0
703.3125007662343,critical,0.0,0.7177220910631077,0.7177220910631077,2.0,0
703.5553085791425,routine,0.0,0.7919122426127785,0.7919122426127785,24.0,0
704.307027935893,seasonal,0.0,0.6659438790168433,0.6659438790168433,12.0,0
704.6157885264208,seasonal,0.0,0.668926378609784,0.668926378609784,12.0,0
704.4440668640714,routine,0.0,0.6659438790168433,0.6659438790168433,24.0,0
704.5427393666647,routine,0.0,0.6599100317467526,0.6599100317467526,24.0,0
704.6818458876488,critical,0.0,0.7919122426127785,0.7919122426127785,2.0,0
704.5761157455441,routine,0.0,0.7919122426127785,0.7919122426127785,24.0,0
705.3185613805606,critical,0.09522798367163432,0.3190807107927397,0.414308694464374,2.0,0
704.7879513133951,emergency,0.06884820441734973,0.9736079806575129,1.0424561850748626,4.0,0
704.5962987315196,routine,0.0,0.6396923088485589,0.6396923088485589,24.0,0
704.3607122760627,critical,0.0,1.0255029253980703,1.0255029253980703,2.0,0
704.739657347844,critical,0.0,0.6659438790168433,0.6659438790168433,2.0,0
706.063867717806,critical,0.4075690369606946,0.3513634158531591,0.7589324528138537,2.0,0
705.5252040433344,seasonal,0.7167598994177524,0.3513634158531591,1.0681233152709115,12.0,0
705.0118850103792,seasonal,0.6998705527571474,0.6659438790168433,1.3658144317739906,12.0,0
705.8841858629185,critical,0.5712908169571165,0.3190807107927397,0.8903715277498562,2.0,0
705.0948333339636,seasonal,0.9861188027161916,0.4353805806418104,1.421499383358002,12.0,0
705.8339809417247,critical,0.5868758816895934,0.3190807107927397,0.9059565924823331,2.0,0
705.0648571978777,seasonal,0.9549694858490057,0.6599100317467526,1.6148795175957582,12.0,0
704.73121845425,routine,1.6056324331448195,0.6659438790168433,2.271576312161663,24.0,0
704.82044252032,routine,1.6194091334562017,0.7177220910631077,2.337131224519309,24.0,0
706.4519334272402,seasonal,0.029008781390075455,0.6599100317467526,0.688918813136828,12.0,0
706.5564430428982,seasonal,1.0706517328152358,0.3513634158531591,1.422015148668395,12.0,0
707.9988134229241,emergency,0.0,0.4353805806418104,0.4353805806418104,4.0,0
708.1317053443211,seasonal,0.22304145935845554,0.3190807107927397,0.5421221701511952,12.0,0
707.3007086978085,seasonal,0.5805654570480101,0.9736079806575129,1.554173437705523,12.0,0
706.7082045295654,seasonal,0.9287501081337268,1.0255029253980703,1.9542530335317971,12.0,0
708.1767622178654,seasonal,0.22215056596053273,0.3513634158531591,0.5735139818136918,12.0,0
707.3047517753009,seasonal,0.6505754957419185,0.6659438790168433,1.3165193747587618,12.0,0
708.881108061253,critical,0.0,0.3513634158531591,0.3513634158531591,2.0,0
706.7472461597031,routine,1.7363339603346049,0.7919122426127785,2.5282462029473836,24.0,0
707.2515532787735,routine,2.2979099797827303,0.6599100317467526,2.957820011529483,24.0,0
708.6327368599801,emergency,0.0,0.9736079806575129,0.9736079806575129,4.0,0
709.596371565361,critical,0.0,0.6599100317467526,0.6599100317467526,2.0,0
708.6936537675755,seasonal,0.1359700281421965,0.7177220910631077,0.8536921192053042,12.0,0
709.0379557114627,seasonal,0.3021745024601614,0.4353805806418104,0.7375550831019718,12.0,0
707.6448957366252,routine,2.137676825147196,0.7177220910631077,2.8553989162103033,24.0,0
707.9922761364626,routine,2.0064529802132256,0.7177220910631077,2.724175071276333,24.0,0
707.7256046585363,routine,2.198951166393158,0.7919122426127785,2.9908634090059367,24.0,0
707.6320460611998,routine,1.9789102421289044,0.6599100317467526,2.638820273875657,24.0,0
711.1297015838046,seasonal,0.032770061973906195,0.6396923088485589,0.6724623708224651,12.0,0
710.4815844134105,seasonal,0.459231290122716,0.7919122426127785,1.2511435327354945,12.0,0
708.2970747058043,routine,3.1512920434410034,0.6599100317467526,3.811202075187756,24.0,0
710.2876996372333,seasonal,0.5461500640175245,0.9736079806575129,1.5197580446750374,12.0,0
711.1130756112827,emergency,0.0,0.7177220910631077,0.7177220910631077,4.0,0
708.154469480977,routine,3.270079329581108,0.3513634158531591,3.6214427454342673,24.0,0
709.2623942189157,routine,2.283247921626753,0.3190807107927397,2.6023286324194927,24.0,0
709.5403655947522,routine,2.0971201508164086,0.7919122426127785,2.8890323934291873,24.0,0
712.430947028165,seasonal,0.05557943729161252,0.3190807107927397,0.3746601480843522,12.0,0
709.8610593983192,routine,2.921069420665276,0.3513634158531591,3.272432836518435,24.0,0
710.6230780138764,routine,2.2758703420521442,0.4353805806418104,2.7112509226939547,24.0,0
712.4480147070628,critical,0.0,0.6659438790168433,0.6659438790168433,2.0,0
709.6368453691547,routine,2.790945575036062,1.0255029253980703,3.8164485004341326,24.0,0
710.664995307354,routine,2.3478723575366303,0.9736079806575129,3.321480338194143,24.0,0
710.7780990770055,routine,2.235153136519898,0.7177220910631077,2.9528752275830055,24.0,0
713.4762193330426,emergency,0.0,0.6659438790168433,0.6659438790168433,4.0,0
713.7447664639396,critical,0.0,0.3513634158531591,0.3513634158531591,2.0,0
714.099279833196,seasonal,0.14774043323620845,0.3190807107927397,0.46682114402894814,12.0,0
713.7918307832672,seasonal,0.4079522538247602,0.4353805806418104,0.8433328344665706,12.0,0
713.3225440023372,seasonal,0.49016387707047215,0.6659438790168433,1.1561077560873154,12.0,0
713.2439345392678,seasonal,0.07126385027970628,0.6659438790168433,0.7372077292965495,12.0,0
714.7326150899485,seasonal,0.09070728262020111,0.3513634158531591,0.4420706984733602,12.0,0
714.5533336141776,critical,0.0,0.6599100317467526,0.6599100317467526,2.0,0
714.0597465006296,emergency,0.0,0.668926378609784,0.668926378609784,4.0,0
714.6935043064926,critical,0.0,0.4353805806418104,0.4353805806418104,2.0,0
714.19639743742,seasonal,0.12100982321032916,0.6599100317467526,0.7809198549570817,12.0,0
714.3195157517682,seasonal,0.35299067068194745,0.9736079806575129,1.3265986513394603,12.0,0
714.74825061303,critical,0.11288933332934903,0.7919122426127785,0.9048015759421275,2.0,0
714.8419012529772,critical,0.2133647798347056,0.6396923088485589,0.8530570886832645,2.0,0
714.8536515269442,seasonal,0.44026581537934817,0.4353805806418104,0.8756463960211586,12.0,0
711.076459133276,routine,4.292362073481172,0.6659438790168433,4.958305952498016,24.0,0
714.8052997472824,seasonal,0.4588960326193501,0.4353805806418104,0.8942766132611605,12.0,0
711.0421829339565,routine,4.297756544734284,0.6599100317467526,4.957666576481037,24.0,0
711.0889189968087,routine,4.958534933867327,0.7177220910631077,5.676257024930434,24.0,0
715.6144174925922,seasonal,0.18537190563665717,0.9736079806575129,1.15897988629417,12.0,0
715.4589866997104,critical,0.38132584944685277,0.6659438790168433,1.047269728463696,2.0,0
711.1266620306037,routine,5.28726987509549,0.3513634158531591,5.638633290948649,24.0,0
716.6343131729137,seasonal,0.05240592872519301,0.4353805806418104,0.4877865093670034,12.0,0
711.6930688442121,routine,4.897755626097478,0.7919122426127785,5.689667868710257,24.0,0
712.3444063788132,routine,4.353263523969417,0.6396923088485589,4.992955832817977,24.0,0
713.4929538508948,routine,4.080207948445377,0.4353805806418104,4.5155885290871876,24.0,0
716.9363824308555,critical,0.0,0.6659438790168433,0.6659438790168433,2.0,0
712.9961310297896,routine,4.269160253661653,0.3190807107927397,4.588240964454393,24.0,0
717.623790546588,seasonal,0.08224765955617386,0.6599100317467526,0.7421576913029264,12.0,0
717.4554851520027,critical,0.0,0.6599100317467526,0.6599100317467526,2.0,0
717.6583363076251,seasonal,0.19214588416718925,0.6659438790168433,0.8580897631840325,12.0,0
713.7162841524263,routine,4.713190830621556,0.7177220910631077,5.430912921684664,24.0,0
714.8324275065006,routine,3.839677374308394,0.6396923088485589,4.479369683156953,24.0,0
714.08748466547,routine,4.427258908202134,0.6599100317467526,5.087168939948887,24.0,0
714.1947520948088,routine,4.390826748547852,0.7177220910631077,5.108548839610959,24.0,0
714.9407501745401,routine,3.889194511445453,0.9736079806575129,4.862802492102966,24.0,0
715.5245632920114,routine,3.6102343553870924,0.6599100317467526,4.270144387133845,24.0,0
715.5842025553677,routine,4.059156028307484,0.3513634158531591,4.410519444160643,24.0,0
717.4345072333846,routine,3.520084643377004,0.3190807107927397,3.8391653541697437,24.0,0
716.4761104654385,routine,3.3652611197932174,0.6599100317467526,4.02517115153997,24.0,0
717.1149805339398,routine,3.234585455521824,0.6396923088485589,3.8742777643703827,24.0,0
717.2542784917438,routine,3.4030854270927193,0.668926378609784,4.072011805702504,24.0,0
717.029168446203,routine,3.2006204518745562,0.9736079806575129,4.174228432532069,24.0,0
717.2737564109386,routine,3.4676749756207528,0.6396923088485589,4.107367284469312,24.0,0
718.41706435838,routine,2.8042229852684386,0.668926378609784,3.4731493638782225,24.0,0
