t,class,wait_h,travel_h,response_h,sla_h,overtime
0.6777518589313252,emergency,0.0,0.6599100317467526,0.6599100317467526,4.0,0
0.8077711443823905,emergency,0.0,0.4353805806418104,0.4353805806418104,4.0,0
0.26594136989755063,emergency,0.0,0.9736079806575129,0.9736079806575129,4.0,0
0.9837455129844512,emergency,0.0,0.6659438790168433,0.6659438790168433,4.0,0
1.1519730342564334,critical,0.0,0.7177220910631077,0.7177220910631077,2.0,0
6.181904809213132,critical,0.0,0.6599100317467526,0.6599100317467526,2.0,0
6.19834926879633,routine,0.0,0.3190807107927397,0.3190807107927397,24.0,0
6.052449592902639,emergency,0.0,0.6396923088485589,0.6396923088485589,4.0,0
6.12881464666516,emergency,0.0,0.7177220910631077,0.7177220910631077,4.0,0
7.102609822765463,routine,0.0,0.3190807107927397,0.3190807107927397,24.0,0
7.5337208596870004,seasonal,0.0,0.4353805806418104,0.4353805806418104,12.0,0
7.485640553232663,seasonal,0.0,0.3190807107927397,0.3190807107927397,12.0,0
7.040333569609811,critical,0.0,0.4353805806418104,0.4353805806418104,2.0,0
7.36928916422291,critical,0.0,0.3513634158531591,0.3513634158531591,2.0,0
6.854425057982817,routine,0.0,0.6659438790168433,0.6659438790168433,24.0,0
7.637602254007344,routine,0.08529027350334673,0.6599100317467526,0.7452003052500993,24.0,0
7.536244974820078,routine,0.0,0.4353805806418104,0.4353805806418104,24.0,0
7.3620443626071905,routine,0.0,0.6396923088485589,0.6396923088485589,24.0,0
7.171425848139441,emergency,0.0,0.7919122426127785,0.7919122426127785,4.0,0
7.831112956082309,emergency,0.0,0.3513634158531591,0.3513634158531591,4.0,0
8.026894403680307,critical,0.0,0.4353805806418104,0.4353805806418104,2.0,0
7.809019846833171,seasonal,0.21534059055571309,0.6599100317467526,0.8752506223024656,12.0,0
8.651162712374123,routine,0.0,0.3513634158531591,0.3513634158531591,24.0,0
9.22061693307535,emergency,0.0,0.3513634158531591,0.3513634158531591,4.0,0
8.248586072843988,critical,0.0,0.6396923088485589,0.6396923088485589,2.0,0
8.818927071846556,routine,0.041082127574807004,0.6599100317467526,0.7009921593215596,24.0,0
8.740022690688763,seasonal,0.0,0.668926378609784,0.668926378609784,12.0,0
9.214142247258124,seasonal,0.0,0.4353805806418104,0.4353805806418104,12.0,0
9.050736209497193,emergency,0.0,0.668926378609784,0.668926378609784,4.0,0
9.377769875443265,emergency,0.0,0.6659438790168433,0.6659438790168433,4.0,0
9.421830576946464,emergency,0.0,0.3190807107927397,0.3190807107927397,4.0,0
9.230341907409317,seasonal,0.0,0.6599100317467526,0.6599100317467526,12.0,0
8.910812643474147,emergency,0.0,1.0255029253980703,1.0255029253980703,4.0,0
9.13368400982171,emergency,0.0,0.6599100317467526,0.6599100317467526,4.0,0
9.373896261014417,routine,0.0,0.6396923088485589,0.6396923088485589,24.0,0
9.614025880519307,emergency,0.0,0.3513634158531591,0.3513634158531591,4.0,0
9.674853646493487,critical,0.0,0.6396923088485589,0.6396923088485589,2.0,0
9.748476488246924,emergency,0.0,0.6599100317467526,0.6599100317467526,4.0,0
10.165234992260757,emergency,0.0,0.668926378609784,0.668926378609784,4.0,0
10.065455869991109,seasonal,0.018144328472335047,0.7919122426127785,0.8100565710851135,12.0,0
9.472100415922418,emergency,0.0,0.7919122426127785,0.7919122426127785,4.0,0
10.018874570796914,emergency,0.0,0.6396923088485589,0.6396923088485589,4.0,0
9.768630649105997,routine,0.551789927456074,0.3190807107927397,0.8708706382488137,24.0,0
9.536465070022285,routine,0.07482561477659999,1.0255029253980703,1.1003285401746703,24.0,0
10.368898094365466,emergency,0.0,0.3190807107927397,0.3190807107927397,4.0,0
10.390583763753295,emergency,0.0,0.7177220910631077,0.7177220910631077,4.0,0
10.52197849273224,emergency,0.0,0.668926378609784,0.668926378609784,4.0,0
9.979367891515645,emergency,0.0,0.7177220910631077,0.7177220910631077,4.0,0
9.58233966154252,routine,0.6920048321382133,0.6659438790168433,1.3579487111550566,24.0,0
9.888304862750765,critical,0.0,0.9736079806575129,0.9736079806575129,2.0,0
9.964374072414133,routine,0.391268801225106,0.6599100317467526,1.0511788329718585,24.0,0
10.147572802058196,emergency,0.0,0.7919122426127785,0.7919122426127785,4.0,0
10.407305834540931,seasonal,0.4503004454369215,0.668926378609784,1.1192268240467054,12.0,0
11.268377307081197,emergency,0.0,0.3190807107927397,0.3190807107927397,4.0,0
10.800123112720694,emergency,0.0,0.6659438790168433,0.6659438790168433,4.0,0
11.00539583604491,critical,0.0,0.6659438790168433,0.6659438790168433,2.0,0
11.291065403551874,emergency,0.0,0.6659438790168433,0.6659438790168433,4.0,0
11.117917635430418,emergency,0.0,0.6396923088485589,0.6396923088485589,4.0,0
10.450836547973747,routine,0.5176745787050514,0.7919122426127785,1.3095868213178299,24.0,0
11.551376409264176,emergency,0.0,0.4353805806418104,0.4353805806418104,4.0,0
10.727341594951644,routine,1.1385938780099423,0.6396923088485589,1.7782861868585011,24.0,0
10.502494927527472,routine,1.0208465293578275,0.6599100317467526,1.68075656110458,24.0,0
11.767664304189191,emergency,0.0,0.3513634158531591,0.3513634158531591,4.0,0
11.054881921927485,routine,0.9090145887701642,0.6396923088485589,1.548706897618723,24.0,0
11.146288083889095,routine,0.9716372993975693,0.668926378609784,1.6405636780073531,24.0,0
11.248714542518865,routine,0.9394742446284177,0.6396923088485589,1.5791665534769765,24.0,0
12.245033617624154,emergency,0.0,0.6599100317467526,0.6599100317467526,4.0,0
12.036300381324077,emergency,0.0,0.6659438790168433,0.6659438790168433,4.0,0
11.845963080887412,routine,0.3634679867448707,0.6599100317467526,1.0233780184916232,24.0,0
12.393733283077362,emergency,0.0,0.4353805806418104,0.4353805806418104,4.0,0
12.740678077022666,seasonal,0.22609763240227032,0.7177220910631077,0.943819723465378,12.0,0
12.82724545735721,routine,0.8651646092817593,0.3513634158531591,1.2165280251349184,24.0,0
12.421782316057968,routine,0.9947640059468181,0.4353805806418104,1.4301445865886286,24.0,0
12.357761459035995,routine,0.8614264027836978,0.6396923088485589,1.5011187116322566,24.0,0
13.399259283038639,critical,0.0,0.6599100317467526,0.6599100317467526,2.0,0
12.469452183063275,routine,1.1007302530829417,0.7919122426127785,1.8926424956957202,24.0,0
13.561486100402417,critical,0.0,0.7177220910631077,0.7177220910631077,2.0,0
12.64047197577244,routine,1.0203341078380035,0.4353805806418104,1.455714688479814,24.0,0
14.241568946525428,seasonal,0.1616195448629103,0.4353805806418104,0.5970001255047207,12.0,0
14.364772382116518,critical,0.0,0.7177220910631077,0.7177220910631077,2.0,0
13.495645016222477,emergency,0.0,1.0255029253980703,1.0255029253980703,4.0,0
13.922660101705082,emergency,0.0,0.7177220910631077,0.7177220910631077,4.0,0
13.164802619175036,routine,0.8755809838662163,0.6599100317467526,1.5354910156129689,24.0,0
14.355052472947996,emergency,0.0,0.6599100317467526,0.6599100317467526,4.0,0
14.543297784052317,emergency,0.0,0.668926378609784,0.668926378609784,4.0,0
14.696852515836063,emergency,0.0,0.3513634158531591,0.3513634158531591,4.0,0
14.964203697670357,emergency,0.0,0.3190807107927397,0.3190807107927397,4.0,0
14.451290294418703,critical,0.0,0.668926378609784,0.668926378609784,2.0,0
14.178196158477368,routine,1.1987258268893193,0.3513634158531591,1.5500892427424784,24.0,0
14.918775882580318,emergency,0.0,0.3513634158531591,0.3513634158531591,4.0,0
14.541706903303709,critical,0.0,0.668926378609784,0.668926378609784,2.0,0
13.62436910023945,routine,1.3135173399867597,0.3190807107927397,1.6325980507794995,24.0,0
13.577112081723556,routine,1.3579908366007114,0.6599100317467526,2.017900868347464,24.0,0
14.034642685127546,routine,1.1332966023958733,0.3190807107927397,1.452377313188613,24.0,0
14.003513648843885,routine,0.9939894929709467,0.6599100317467526,1.6538995247176993,24.0,0
15.285333489179125,emergency,0.0,0.6396923088485589,0.6396923088485589,4.0,0
14.850819770514072,emergency,0.0,0.7919122426127785,0.7919122426127785,4.0,0
15.023719967774692,emergency,0.0,0.4353805806418104,0.4353805806418104,4.0,0
14.847680141157271,emergency,0.0,0.6659438790168433,0.6659438790168433,4.0,0
14.990084378382264,emergency,0.0,0.6659438790168433,0.6659438790168433,4.0,0
15.499287281148929,seasonal,0.09683555520362752,0.6659438790168433,0.7627794342204708,12.0,0
15.28542008012985,emergency,0.06349645181725805,0.9736079806575129,1.037104432474771,4.0,0
14.212736520426887,routine,1.7837431621304116,0.4353805806418104,2.219123742772222,24.0,0
15.759965488031314,emergency,0.3893720665710294,0.668926378609784,1.0582984451808133,4.0,0
15.766054731273943,critical,0.13301586058972958,0.6599100317467526,0.7929258923364821,2.0,0
15.335560952170038,emergency,0.35669415018654504,0.6659438790168433,1.0226380292033883,4.0,0
15.780980041333553,emergency,0.5206634038610964,0.6599100317467526,1.180573435607849,4.0,0
15.471052876518101,emergency,0.4659551242818676,1.0255029253980703,1.491458049679938,4.0,0
15.740371060404543,emergency,0.3627013673346955,1.0255029253980703,1.3882042927327658,4.0,0
16.003405053962155,emergency,0.5050684892946293,0.6659438790168433,1.1710123683114726,4.0,0
15.508065176384958,emergency,0.5624237214414176,0.6659438790168433,1.2283676004582609,4.0,0
16.381741389533023,emergency,0.5012075742715112,0.3190807107927397,0.8202882850642509,4.0,0
16.479445194164292,seasonal,0.02870034779230224,0.7177220910631077,0.7464224388554099,12.0,0
16.62060775218365,seasonal,0.001408099717206568,0.6599100317467526,0.6613181314639591,12.0,0
15.939040536636,emergency,0.4362933249837724,0.7177220910631077,1.15401541604688,4.0,0
16.074101517926483,emergency,0.4550395022695177,0.3190807107927397,0.7741202130622574,4.0,0
15.039108926851267,routine,1.6055029863410972,0.7919122426127785,2.397415228953876,24.0,0
16.1167926442958,emergency,0.5501776935186591,0.6396923088485589,1.189870002367218,4.0,0
16.13995752411501,emergency,0.532957761806415,0.7177220910631077,1.2506798528695227,4.0,0
14.216779402737082,routine,2.381053589701839,0.7177220910631077,3.0987756807649465,24.0,0
16.676683234821922,emergency,0.2171609137204804,0.6396923088485589,0.8568532225690393,4.0,0
14.742706346854277,routine,1.8709765385287902,0.9736079806575129,2.844584519186303,24.0,0
16.778795651323165,seasonal,0.24945670073104864,0.3513634158531591,0.6008201165842078,12.0,0
16.178429566262626,emergency,0.6297377322678841,0.7177220910631077,1.3474598233309918,4.0,0
16.9812553228347,critical,0.15387986100390805,0.6599100317467526,0.8137898927506606,2.0,0
16.707441552558805,emergency,0.7692660175262453,0.7177220910631077,1.486988108589353,4.0,0
16.757038046918193,emergency,0.7554610334098797,0.668926378609784,1.4243874120196636,4.0,0
17.59403431553431,emergency,0.17540727738234452,0.4353805806418104,0.6107878580241549,4.0,0
15.444677897668528,routine,1.7072531822758368,0.668926378609784,2.3761795608856207,24.0,0
17.104333653338358,emergency,0.44835368766526074,0.4353805806418104,0.8837342683070711,4.0,0
18.068071603692715,seasonal,0.04085884347386681,0.4353805806418104,0.4762394241156772,12.0,0
17.377472816181925,emergency,0.26398138768800194,1.0255029253980703,1.2894843130860723,4.0,0
15.530610471606797,routine,2.688585628635595,0.6599100317467526,3.3484956603823477,24.0,0
17.489376368579943,emergency,0.1791737093018888,0.6396923088485589,0.8188660181504477,4.0,0
18.067782883702375,emergency,0.0,0.6396923088485589,0.6396923088485589,4.0,0
18.148056044835528,emergency,0.0,0.6396923088485589,0.6396923088485589,4.0,0
18.012685180484173,emergency,0.0,0.6599100317467526,0.6599100317467526,4.0,0
17.813413819471652,seasonal,0.2753653329997441,0.6659438790168433,0.9413092120165873,12.0,0
18.4077211567277,critical,0.0,0.7177220910631077,0.7177220910631077,2.0,0
18.289819052290543,seasonal,0.20874548754365918,0.6599100317467526,0.8686555192904117,12.0,0
18.901875999716154,emergency,0.0,0.668926378609784,0.668926378609784,4.0,0
16.62188207866506,routine,2.0724274499613387,0.7177220910631077,2.790149541024446,24.0,0
18.67362247350271,emergency,0.0,0.7919122426127785,0.7919122426127785,4.0,0
16.228846023665568,routine,2.3643780440885607,0.9736079806575129,3.3379860247460735,24.0,0
18.82947715999894,emergency,0.0,0.7919122426127785,0.7919122426127785,4.0,0
18.887839431816754,emergency,0.0,0.6659438790168433,0.6659438790168433,4.0,0
18.62731414724926,emergency,0.0,0.6659438790168433,0.6659438790168433,4.0,0
19.13423393672473,emergency,0.0,0.9736079806575129,0.9736079806575129,4.0,0
19.345496788828292,emergency,0.0,0.3190807107927397,0.3190807107927397,4.0,0
19.534067194998954,seasonal,0.023655124186763743,0.4353805806418104,0.45903570482857414,12.0,0
16.62424222748057,routine,2.8370607898558298,0.6599100317467526,3.4969708216025825,24.0,0
18.73231292185632,seasonal,0.42251800442733156,0.6659438790168433,1.0884618834441748,12.0,0
19.61865475561069,emergency,0.0,0.4353805806418104,0.4353805806418104,4.0,0
17.585140541989684,routine,2.5523541879625427,0.4353805806418104,2.987734768604353,24.0,0
17.183928152843183,routine,2.7839312925196786,0.6396923088485589,3.4236236013682375,24.0,0
19.968466749595393,emergency,0.0,0.3190807107927397,0.3190807107927397,4.0,0
20.09280485649644,emergency,0.0,0.6659438790168433,0.6659438790168433,4.0,0
18.068206065754953,routine,2.3000242048322868,0.4353805806418104,2.7354047854740973,24.0,0
19.648268521703123,emergency,0.0,0.6659438790168433,0.6659438790168433,4.0,0
20.03915927070138,emergency,0.0,0.7177220910631077,0.7177220910631077,4.0,0
20.318398704967528,emergency,0.0,0.4353805806418104,0.4353805806418104,4.0,0
20.761034394638735,emergency,0.0,0.3513634158531591,0.3513634158531591,4.0,0
18.025369478373925,routine,2.198022064602384,1.0255029253980703,3.2235249900004543,24.0,0
20.671437880121566,seasonal,0.32268899611436197,0.7177220910631077,1.0404110871774697,12.0,0
20.773682010984444,emergency,0.0,0.6599100317467526,0.6599100317467526,4.0,0
18.47556309134993,routine,2.5265794233126755,0.668926378609784,3.1955058019224594,24.0,0
20.38910272541496,seasonal,0.5695119480408515,0.668926378609784,1.2384383266506354,12.0,0
19.74807152391389,routine,1.5351346113658515,0.3513634158531591,1.8864980272190106,24.0,0
21.093321526861722,emergency,0.0,0.6599100317467526,0.6599100317467526,4.0,0
20.659349238022795,emergency,0.0,0.6659438790168433,0.6659438790168433,4.0,0
20.38802150687173,emergency,0.0,0.9736079806575129,0.9736079806575129,4.0,0
21.166887618301534,emergency,0.0,0.6659438790168433,0.6659438790168433,4.0,0
21.187344383425707,emergency,0.0,0.6396923088485589,0.6396923088485589,4.0,0
21.039861642604254,emergency,0.0,0.7919122426127785,0.7919122426127785,4.0,0
21.528330350822955,emergency,0.0,0.4353805806418104,0.4353805806418104,4.0,0
19.614514804247897,routine,1.6453298686220563,0.6659438790168433,2.3112737476388996,24.0,0
19.985100398566054,routine,1.5448649837730635,0.668926378609784,2.2137913623828473,24.0,0
21.5236850302311,emergency,0.0,0.7919122426127785,0.7919122426127785,4.0,0
21.94039834430002,emergency,0.0,0.3190807107927397,0.3190807107927397,4.0,0
22.425666843612024,emergency,0.0,0.3190807107927397,0.3190807107927397,4.0,0
21.734713087899745,emergency,0.0,1.0255029253980703,1.0255029253980703,4.0,0
21.837021604148152,seasonal,0.18010640530365407,0.668926378609784,0.8490327839134381,12.0,0
20.83549830272336,routine,1.7040931615667745,0.6659438790168433,2.3700370405836177,24.0,0
20.845025424351544,routine,1.7315428039809575,1.0255029253980703,2.757045729379028,24.0,0
22.500047334079685,emergency,0.0,0.9736079806575129,0.9736079806575129,4.0,0
20.348544220634647,routine,2.0107582043860965,0.9736079806575129,2.9843661850436094,24.0,0
20.486869885522186,routine,1.9671778877553443,0.9736079806575129,2.940785868412857,24.0,0
23.132068469230507,seasonal,0.04854653720237678,0.3190807107927397,0.3676272479951165,12.0,0
23.427260939442576,emergency,0.0,0.7919122426127785,0.7919122426127785,4.0,0
20.865268787489157,routine,2.5716026669618124,0.9736079806575129,3.5452106476193253,24.0,0
22.390276486471944,routine,1.7927315503634738,0.668926378609784,2.4616579289732576,24.0,0
22.391157325613865,routine,1.8701048364731925,0.6659438790168433,2.5360487154900357,24.0,0
21.057715092656935,routine,2.994099406339828,0.7177220910631077,3.7118214974029353,24.0,0
22.76283872454736,routine,1.8300079555046338,0.4353805806418104,2.2653885361464443,24.0,0
22.575888861771354,routine,1.8313737574676736,0.7177220910631077,2.549095848530781,24.0,0
23.435888097540484,routine,1.3086594680869084,0.3513634158531591,1.6600228839400675,24.0,0
24.187630161027553,critical,0.0,0.9736079806575129,0.9736079806575129,2.0,0
25.400516468754088,emergency,0.0,0.6659438790168433,0.6659438790168433,4.0,0
24.973880994123142,emergency,0.0,1.0255029253980703,1.0255029253980703,4.0,0
25.83824344459579,emergency,0.0,0.3513634158531591,0.3513634158531591,4.0,0
23.773946281296457,routine,1.8498383873977922,0.3190807107927397,2.168919098190532,24.0,0
24.988571459789274,seasonal,0.607867191757606,0.6599100317467526,1.2677772235043585,12.0,0
26.66524417967192,critical,0.0,0.6599100317467526,0.6599100317467526,2.0,0
27.851790676091838,critical,0.0,0.4353805806418104,0.4353805806418104,2.0,0
28.72138233190535,seasonal,0.0,0.7919122426127785,0.7919122426127785,12.0,0
29.641714380555143,seasonal,0.0,0.4353805806418104,0.4353805806418104,12.0,0
29.436441106946873,emergency,0.0,0.6599100317467526,0.6599100317467526,4.0,0
29.823104334198543,emergency,0.0,0.6396923088485589,0.6396923088485589,4.0,0
30.349435135536314,emergency,0.0,0.6659438790168433,0.6659438790168433,4.0,0
30.169517503495722,routine,0.0,0.9736079806575129,0.9736079806575129,24.0,0
30.068422153066447,emergency,0.0,0.6599100317467526,0.6599100317467526,4.0,0
30.92464550050489,critical,0.0,0.3190807107927397,0.3190807107927397,2.0,0
30.488409944465637,emergency,0.0,0.6599100317467526,0.6599100317467526,4.0,0
31.01580026052724,seasonal,0.0,0.3513634158531591,0.3513634158531591,12.0,0
30.576640332218645,emergency,0.0,0.668926378609784,0.668926378609784,4.0,0
31.008593886472404,emergency,0.0,0.7177220910631077,0.7177220910631077,4.0,0
31.711160785377455,emergency,0.0,0.4353805806418104,0.4353805806418104,4.0,0
31.147123142143904,routine,0.0,0.4353805806418104,0.4353805806418104,24.0,0
32.02953912279825,routine,0.0,0.3513634158531591,0.3513634158531591,24.0,0
31.41410576151998,critical,0.0,0.4353805806418104,0.4353805806418104,2.0,0
31.18239294039779,routine,0.0,0.7177220910631077,0.7177220910631077,24.0,0
30.851974045988044,emergency,0.0,0.9736079806575129,0.9736079806575129,4.0,0
31.36286070300836,routine,0.0,0.6599100317467526,0.6599100317467526,24.0,0
31.870602555615513,emergency,0.0,0.6659438790168433,0.6659438790168433,4.0,0
31.561553374151188,routine,0.0,0.6396923088485589,0.6396923088485589,24.0,0
32.04431057993738,routine,0.0,0.6659438790168433,0.6659438790168433,24.0,0
32.098916374130226,routine,0.12615474903484625,0.6396923088485589,0.7658470578834051,24.0,0
32.35426210777868,emergency,0.0,0.668926378609784,0.668926378609784,4.0,0
31.49436735985414,emergency,0.0,1.0255029253980703,1.0255029253980703,4.0,0
32.562146357660104,emergency,0.0,0.3513634158531591,0.3513634158531591,4.0,0
32.16794184882146,emergency,0.0,0.4353805806418104,0.4353805806418104,4.0,0
32.01995482001911,emergency,0.0,0.6599100317467526,0.6599100317467526,4.0,0
32.73716371787275,emergency,0.0,0.7177220910631077,0.7177220910631077,4.0,0
33.180001927896676,emergency,0.0,0.4353805806418104,0.4353805806418104,4.0,0
33.302271969073665,emergency,0.0,0.3190807107927397,0.3190807107927397,4.0,0
32.05729325090621,emergency,0.0,1.0255029253980703,1.0255029253980703,4.0,0
32.537859501118724,seasonal,0.5449018712037557,0.7919122426127785,1.3368141138165341,12.0,0
32.78299757174617,emergency,0.0,0.9736079806575129,0.9736079806575129,4.0,0
33.15528103615347,seasonal,0.10744950912977913,0.6599100317467526,0.7673595408765317,12.0,0
32.4213994662714,routine,0.7242614289573055,0.4353805806418104,1.159642009599116,24.0,0
33.26658774601368,emergency,0.0,0.3190807107927397,0.3190807107927397,4.0,0
32.48810531810602,routine,0.8775626452547769,0.3513634158531591,1.228926061107936,24.0,0
33.466408817500074,emergency,0.0,0.9736079806575129,0.9736079806575129,4.0,0
32.28548820738603,routine,0.8288498949742262,0.6659438790168433,1.4947937739910695,24.0,0
32.388191185784585,seasonal,0.47877224249035066,1.0255029253980703,1.504275167888421,12.0,0
33.39076933586118,seasonal,0.2353552379707935,0.6599100317467526,0.895265269717546,12.0,0
33.9187895798566,emergency,0.0,0.6396923088485589,0.6396923088485589,4.0,0
33.209250221534006,emergency,0.0,0.9736079806575129,0.9736079806575129,4.0,0
33.80518528113966,critical,0.0,0.3513634158531591,0.3513634158531591,2.0,0
34.644397187034464,emergency,0.0,0.3190807107927397,0.3190807107927397,4.0,0
33.9660730400189,critical,0.0,0.6396923088485589,0.6396923088485589,2.0,0
34.10324949899183,emergency,0.0,0.3513634158531591,0.3513634158531591,4.0,0
34.2218496437555,emergency,0.0,0.3513634158531591,0.3513634158531591,4.0,0
34.52445605400183,critical,0.0,0.7177220910631077,0.7177220910631077,2.0,0
34.54638433413227,emergency,0.0,0.668926378609784,0.668926378609784,4.0,0
34.142729760646354,critical,0.0,0.668926378609784,0.668926378609784,2.0,0
33.69237750383949,seasonal,0.9491635900649698,0.9736079806575129,1.9227715707224826,12.0,0
34.73701090636098,seasonal,0.19882661658486,0.6599100317467526,0.8587366483316126,12.0,0
35.050738850701016,emergency,0.0,0.668926378609784,0.668926378609784,4.0,0
35.054693418629746,seasonal,0.06149117148312655,0.4353805806418104,0.49687175212493695,12.0,0
33.61207158517489,routine,1.6809512245969103,0.3190807107927397,2.00003193538965,24.0,0
34.575145830791136,emergency,0.0,0.7177220910631077,0.7177220910631077,4.0,0
35.23386310456343,emergency,0.0,0.7177220910631077,0.7177220910631077,4.0,0
34.944002539761236,emergency,0.0,0.3190807107927397,0.3190807107927397,4.0,0
33.332018770119895,routine,1.9159568911738845,0.3513634158531591,2.2673203070270436,24.0,0
32.67270886159611,routine,2.338348747857374,0.4353805806418104,2.7737293284991846,24.0,0
35.0932902158934,emergency,0.0,0.3190807107927397,0.3190807107927397,4.0,0
34.85732132081189,seasonal,0.08213111176988264,0.7919122426127785,0.8740433543826611,12.0,0
36.08913997919381,emergency,0.0,0.3513634158531591,0.3513634158531591,4.0,0
35.54999195785852,emergency,0.0,0.6599100317467526,0.6599100317467526,4.0,0
33.70872348456802,routine,2.765765123694486,0.3190807107927397,3.0848458344872256,24.0,0
34.2687625000781,routine,2.3361047252422864,0.4353805806418104,2.771485305884097,24.0,0
35.63933529701199,seasonal,0.6558665965318724,0.4353805806418104,1.091247177173683,12.0,0
36.41043051075551,emergency,0.0,0.3190807107927397,0.3190807107927397,4.0,0
36.27486602897979,seasonal,0.04198592552482694,0.4353805806418104,0.47736650616663734,12.0,0
35.84550392865675,critical,0.0,0.6599100317467526,0.6599100317467526,2.0,0
36.48385994000803,emergency,0.0,0.3513634158531591,0.3513634158531591,4.0,0
36.30211867671694,emergency,0.0,0.3513634158531591,0.3513634158531591,4.0,0
34.39159655833993,routine,2.2716286206127805,0.6599100317467526,2.9315386523595333,24.0,0
36.731375734774474,emergency,0.0,0.3513634158531591,0.3513634158531591,4.0,0
36.454832799233074,emergency,0.0,1.0255029253980703,1.0255029253980703,4.0,0
36.96826372848788,emergency,0.0,0.7919122426127785,0.7919122426127785,4.0,0
36.46443006304932,emergency,0.0,0.7919122426127785,0.7919122426127785,4.0,0
37.17348821531364,emergency,0.0,0.6396923088485589,0.6396923088485589,4.0,0
34.084322535788225,routine,2.4637921465823496,0.7919122426127785,3.2557043891951283,24.0,0
36.82684214403845,emergency,0.0,0.7919122426127785,0.7919122426127785,4.0,0
36.66701200316873,seasonal,0.19928691964840084,1.0255029253980703,1.2247898450464711,12.0,0
37.184045424376826,emergency,0.0,0.7177220910631077,0.7177220910631077,4.0,0
36.6835546626971,emergency,0.0,0.9736079806575129,0.9736079806575129,4.0,0
37.44095411364713,emergency,0.0,0.3190807107927397,0.3190807107927397,4.0,0
38.16155780521993,emergency,0.0,0.3190807107927397,0.3190807107927397,4.0,0
36.860488309375704,seasonal,0.7871786543773212,0.4353805806418104,1.2225592350191317,12.0,0
37.33127245294057,emergency,0.0,0.6659438790168433,0.6659438790168433,4.0,0
37.78455159107101,emergency,0.0,0.3513634158531591,0.3513634158531591,4.0,0
34.473844684263604,routine,3.561466817753022,0.6599100317467526,4.221376849499775,24.0,0
36.669424481006594,seasonal,0.9721302179623095,0.6659438790168433,1.6380740969791527,12.0,0
37.88363062833885,emergency,0.0,0.7919122426127785,0.7919122426127785,4.0,0
36.984787488997426,seasonal,0.6719184316915232,0.6396923088485589,1.311610740540082,12.0,0
37.46518370680937,emergency,0.0,0.6599100317467526,0.6599100317467526,4.0,0
37.41822524962152,seasonal,0.2699135883834458,0.6659438790168433,0.9358574674002891,12.0,0
37.67373676252178,emergency,0.0,0.7919122426127785,0.7919122426127785,4.0,0
37.618532439215805,emergency,0.0,0.7919122426127785,0.7919122426127785,4.0,0
35.44217301495095,routine,3.1986073632356096,0.3513634158531591,3.5499707790887687,24.0,0
35.87119798388705,routine,2.826093160813329,0.668926378609784,3.495019539423113,24.0,0
38.360853320857316,emergency,0.07181506811102167,0.4353805806418104,0.5071956487528321,4.0,0
38.2636363422977,emergency,0.0,0.6599100317467526,0.6599100317467526,4.0,0
38.620001319439424,emergency,0.0,0.9736079806575129,0.9736079806575129,4.0,0
38.62476802325033,emergency,0.0,0.9736079806575129,0.9736079806575129,4.0,0
38.98364316862443,emergency,0.0,0.6659438790168433,0.6659438790168433,4.0,0
39.154739626127316,emergency,0.0,0.6599100317467526,0.6599100317467526,4.0,0
39.047120085126714,emergency,0.0,0.668926378609784,0.668926378609784,4.0,0
37.53203830289114,routine,1.7943758796477098,0.6659438790168433,2.460319758664553,24.0,0
39.21527938552606,critical,0.0,0.9736079806575129,0.9736079806575129,2.0,0
39.55593439108093,critical,0.0,0.3513634158531591,0.3513634158531591,2.0,0
37.583209753810756,routine,1.7562776974516012,0.4353805806418104,2.1916582780934117,24.0,0
39.36839291118249,emergency,0.0,0.668926378609784,0.668926378609784,4.0,0
39.71831162795448,emergency,0.0,0.6396923088485589,0.6396923088485589,4.0,0
37.4813137839701,routine,1.6135209850143681,0.6659438790168433,2.2794648640312114,24.0,0
39.464967741005744,routine,0.14997356537941187,0.668926378609784,0.8188999439891959,24.0,0
39.4531778575267,seasonal,0.037768562215845236,0.3513634158531591,0.38913197806900435,12.0,0
39.242280837791,critical,0.0,0.6659438790168433,0.6659438790168433,2.0,0
39.623216331894156,emergency,0.0,0.3513634158531591,0.3513634158531591,4.0,0
39.776285023330615,emergency,0.0,0.6659438790168433,0.6659438790168433,4.0,0
40.10245271881069,emergency,0.10723801520327214,0.668926378609784,0.7761643938130561,4.0,0
40.09988556618849,seasonal,0.0021241419404915973,0.4353805806418104,0.437504722582302,12.0,0
37.77260066652556,routine,1.7498504256423786,0.7919122426127785,2.5417626682551573,24.0,0
40.37598668890055,emergency,0.22549075651482298,0.4353805806418104,0.6608713371566334,4.0,0
39.813827494330646,critical,0.0,0.6599100317467526,0.6599100317467526,2.0,0
40.56901393319597,emergency,0.37293890307211797,0.3190807107927397,0.6920196138648577,4.0,0
39.842597742167506,emergency,0.0,0.9736079806575129,0.9736079806575129,4.0,0
40.04310193100474,emergency,0.1205677114094641,1.0255029253980703,1.1460706368075344,4.0,0
40.16044360080284,emergency,0.35769118345132256,0.668926378609784,1.0266175620611064,4.0,0
40.19563105597041,emergency,0.36529982367672886,0.6599100317467526,1.0252098554234814,4.0,0
40.506762728743915,emergency,0.3336521389549034,0.7919122426127785,1.125564381567682,4.0,0
40.39577475400412,emergency,0.2887551768380874,0.6396923088485589,0.9284474856866463,4.0,0
40.645478594217906,seasonal,0.31851769910117156,0.6599100317467526,0.9784277308479241,12.0,0
40.650515398049556,emergency,0.4085279416753167,0.6599100317467526,1.0684379734220693,4.0,0
39.65193490670095,routine,1.4422234550255624,0.7919122426127785,2.234135697638341,24.0,0
39.498097463865044,routine,1.582306890401881,0.668926378609784,2.251233269011665,24.0,0
40.67809635988763,emergency,0.5277052462405578,0.668926378609784,1.1966316248503417,4.0,0
40.592823666815086,emergency,0.40954842830107197,0.3513634158531591,0.7609118441542311,4.0,0
41.353369127909616,seasonal,0.3446187020327116,0.3190807107927397,0.6636994128254513,12.0,0
40.83167481332448,emergency,0.5229752420199532,0.6396923088485589,1.162667550868512,4.0,0
40.03906634266573,routine,1.0882150003742055,0.4353805806418104,1.523595581016016,24.0,0
40.233211204870756,seasonal,0.6589634154107813,0.6396923088485589,1.2986557242593402,12.0,0
41.164797321762826,emergency,0.23948343970216257,0.3513634158531591,0.5908468555553217,4.0,0
40.56749517330008,emergency,0.3704477111249247,0.6599100317467526,1.0303577428716773,4.0,0
41.216068956037354,emergency,0.4214898530717477,0.4353805806418104,0.8568704337135581,4.0,0
41.568777699928226,emergency,0.1950801638859332,0.4353805806418104,0.6304607445277436,4.0,0
41.77247697038156,emergency,0.25031347531144377,0.6396923088485589,0.8900057841600026,4.0,0
41.80447740218764,emergency,0.38907213325040857,0.4353805806418104,0.824452713892219,4.0,0
41.678886556430015,emergency,0.14648987137557867,0.668926378609784,0.8154162499853627,4.0,0
41.99401791936755,emergency,0.25838875496593516,0.4353805806418104,0.6937693356077456,4.0,0
41.89673623753606,emergency,0.34063132812991626,0.6599100317467526,1.0005413598766688,4.0,0
41.83701724108313,emergency,0.36087902197678545,0.6659438790168433,1.0268229009936287,4.0,0
42.17948124199019,emergency,0.39700915550601934,0.7177220910631077,1.114731246569127,4.0,0
42.323885403635884,critical,0.0894477022070248,0.9736079806575129,1.0630556828645377,2.0,0
41.300149218939445,seasonal,0.38170056312187484,0.9736079806575129,1.3553085437793877,12.0,0
40.170715467868305,routine,2.7588913397426396,0.6599100317467526,3.4188013714893923,24.0,0
42.07833659886417,emergency,0.35381151264176225,0.7919122426127785,1.1457237552545407,4.0,0
42.39480543383746,emergency,0.33424717949793603,0.7919122426127785,1.1261594221107145,4.0,0
41.992838204404705,seasonal,0.5894545952646411,0.668926378609784,1.258380973874425,12.0,0
41.52076133164665,seasonal,1.0401563062242616,0.4353805806418104,1.475536886866072,12.0,0
42.6382784087757,emergency,0.12306779516670474,0.4353805806418104,0.5584483758085151,4.0,0
42.919316210585244,emergency,0.507831417099645,0.3190807107927397,0.8269121278923847,4.0,0
42.40306499728997,seasonal,0.34155795203162853,0.7177220910631077,1.0592800430947362,12.0,0
40.136607068779774,routine,2.6820761515297846,0.668926378609784,3.3510025301395685,24.0,0
42.311401856203524,seasonal,0.37914049153403084,0.6396923088485589,1.0188328003825897,12.0,0
42.70015908799069,emergency,0.26179819215698075,0.6659438790168433,0.927742071173824,4.0,0
42.90153992964437,emergency,0.2188509403598644,0.6599100317467526,0.878760972106617,4.0,0
42.29789035963724,emergency,0.4168321927355123,1.0255029253980703,1.4423351181335826,4.0,0
42.67124649110316,emergency,0.28853333905735923,1.0255029253980703,1.3140362644554295,4.0,0
42.94027560275144,emergency,0.5090307531085188,0.3513634158531591,0.8603941689616779,4.0,0
42.82981784715944,emergency,0.227867240700391,0.9736079806575129,1.2014752213579039,4.0,0
43.549351088742824,critical,0.01369550057634683,0.7919122426127785,0.8056077431891253,2.0,0
43.51030098781921,emergency,0.5068527865315247,0.4353805806418104,0.9422333671733351,4.0,0
43.38105093293733,emergency,0.5356194296553483,0.6659438790168433,1.2015633086721915,4.0,0
43.38800418228067,emergency,0.5852412456152152,0.3513634158531591,0.9366046614683743,4.0,0
43.096578118670855,emergency,0.5418267256519371,0.7919122426127785,1.3337389682647156,4.0,0
43.873191181876685,emergency,0.4521355724510414,0.7177220910631077,1.169857663514149,4.0,0
43.691940429725534,emergency,0.32777796250607594,0.7177220910631077,1.0455000535691836,4.0,0
44.064523159473325,seasonal,0.2910151276909474,0.3513634158531591,0.6423785435441065,12.0,0
43.33038371654663,seasonal,0.7077513642830482,0.6659438790168433,1.3736952432998915,12.0,0
43.8081601275485,emergency,0.4489078110401934,0.3513634158531591,0.8002712268933525,4.0,0
44.113882673967275,emergency,0.5322899320394967,0.3190807107927397,0.8513706428322364,4.0,0
43.41682306177411,seasonal,0.8102899544478532,0.6599100317467526,1.4701999861946058,12.0,0
43.91334622261835,emergency,0.45118909880199,0.6659438790168433,1.1171329778188333,4.0,0
43.92982968881503,emergency,0.4617206663670359,0.6396923088485589,1.1014129752155948,4.0,0
44.433315339848704,seasonal,0.07475400996695214,0.668926378609784,0.7436803885767361,12.0,0
44.52620524187867,seasonal,0.10421779680911669,0.6659438790168433,0.77016167582596,12.0,0
44.630357444966826,emergency,0.6930036780033504,0.3190807107927397,1.0120843887960902,4.0,0
43.71932651902074,seasonal,0.6106498587312288,0.7177220910631077,1.3283719497943365,12.0,0
40.53546981349394,routine,3.867603686159441,0.9736079806575129,4.841211666816954,24.0,0
44.51068257805457,emergency,0.5059436627187495,0.4353805806418104,0.9413242433605599,4.0,0
44.144885150617924,emergency,0.798740533185331,1.0255029253980703,1.8242434585834013,4.0,0
44.81874959689815,critical,0.12283054190411491,0.3190807107927397,0.4419112526968546,2.0,0
44.48923973167766,emergency,0.48588631348548006,1.0255029253980703,1.5113892388835504,4.0,0
45.4531127932763,critical,0.014830480772772603,0.6599100317467526,0.6747405125195252,2.0,0
44.90667881848886,emergency,0.438569585686011,0.6659438790168433,1.1045134647028543,4.0,0
44.741595810011965,seasonal,1.0960659375646316,0.3190807107927397,1.4151466483573714,12.0,0
45.05507841721701,emergency,0.3444695642653386,0.7177220910631077,1.0621916553284463,4.0,0
40.644170929728205,routine,5.478262681055476,0.3190807107927397,5.797343391848216,24.0,0
44.68740320972767,seasonal,1.1371692724472595,0.3190807107927397,1.4562499832399993,12.0,0
40.8145776169975,routine,5.315610775740119,0.3513634158531591,5.666974191593278,24.0,0
45.412340560570634,seasonal,0.5433097822661708,0.668926378609784,1.2122361608759546,12.0,0
40.97867949786042,routine,5.3653337404923604,0.668926378609784,6.034260119102145,24.0,0
46.68538614816915,emergency,0.0,0.3190807107927397,0.3190807107927397,4.0,0
46.05880709035888,emergency,0.0,0.7919122426127785,0.7919122426127785,4.0,0
41.21662542195326,routine,5.332924829624872,0.4353805806418104,5.768305410266683,24.0,0
46.66505494375096,critical,0.0,1.0255029253980703,1.0255029253980703,2.0,0
41.45480486643917,routine,5.84834695057495,0.3190807107927397,6.1674276613676895,24.0,0
41.489806453142876,routine,5.863525788051177,0.6659438790168433,6.529469667068021,24.0,0
42.72742682764272,routine,4.728982082683032,0.3513634158531591,5.080345498536191,24.0,0
42.865480107637744,routine,4.7827445479602915,0.6659438790168433,5.448688426977135,24.0,0
43.80748961562476,routine,4.555117225576581,0.6396923088485589,5.19480953442514,24.0,0
43.2813851273247,routine,4.545846917558983,1.0255029253980703,5.571349842957053,24.0,0
43.528097273852104,routine,4.5600302882336265,0.6659438790168433,5.22597416725047,24.0,0
43.90258543234775,routine,4.7927802195326805,0.3513634158531591,5.14414363538584,24.0,0
44.33268694079964,routine,4.660492830829789,0.3190807107927397,4.979573541622528,24.0,0
43.934338765658275,routine,4.965263220718569,0.7919122426127785,5.757175463331348,24.0,0
45.132057527266525,routine,4.503922607767187,0.4353805806418104,4.9393031884089975,24.0,0
44.99880164288489,routine,4.595339222448686,0.6659438790168433,5.26128310146553,24.0,0
45.42019361299229,routine,4.731719858521771,0.668926378609784,5.400646237131555,24.0,0
45.54139444543998,routine,4.878718303853354,0.3190807107927397,5.197799014646094,24.0,0
46.327303060702725,routine,4.229133896696688,0.6659438790168433,4.895077775713531,24.0,0
45.18074739338958,routine,4.78419991598242,1.0255029253980703,5.80970284138049,24.0,0
47.44762946589784,routine,4.110856796149889,0.3190807107927397,4.429937506942629,24.0,0
46.79444055694723,routine,4.071704872739275,0.7177220910631077,4.7894269638023825,24.0,0
46.89873156349918,routine,4.219411364259734,0.4353805806418104,4.654791944901545,24.0,0
49.30013304131914,routine,2.4696482334547696,0.4353805806418104,2.90502881409658,24.0,0
46.98361117389755,routine,4.435757113032139,0.6599100317467526,5.095667144778892,24.0,0
52.571863199173364,critical,0.0,0.3513634158531591,0.3513634158531591,2.0,0
52.861438184808726,critical,0.0,0.6659438790168433,0.6659438790168433,2.0,0
53.407388859461605,emergency,0.0,0.6599100317467526,0.6599100317467526,4.0,0
53.385794685315474,emergency,0.0,0.7177220910631077,0.7177220910631077,4.0,0
53.62466942462653,routine,0.0,0.7177220910631077,0.7177220910631077,24.0,0
53.89513359314669,routine,0.0,0.3513634158531591,0.3513634158531591,24.0,0
54.539434914356804,seasonal,0.0,0.7919122426127785,0.7919122426127785,12.0,0
54.91623163547523,routine,0.0,0.4353805806418104,0.4353805806418104,24.0,0
54.71717829577863,seasonal,0.0,0.6659438790168433,0.6659438790168433,12.0,0
54.32524503972688,emergency,0.0,1.0255029253980703,1.0255029253980703,4.0,0
55.818791400140185,critical,0.0,0.3513634158531591,0.3513634158531591,2.0,0
55.507462780890414,emergency,0.0,0.6659438790168433,0.6659438790168433,4.0,0
54.99936308129054,routine,0.0,0.7919122426127785,0.7919122426127785,24.0,0
55.65565275838341,routine,0.0,0.7919122426127785,0.7919122426127785,24.0,0
55.068625209581676,routine,0.0,1.0255029253980703,1.0255029253980703,24.0,0
55.850060360688914,seasonal,0.1978991514884001,0.6396923088485589,0.837591460336959,12.0,0
55.44208734129433,seasonal,0.0,0.7177220910631077,0.7177220910631077,12.0,0
55.7312776103782,critical,0.0,0.4353805806418104,0.4353805806418104,2.0,0
56.20282654889783,routine,0.06333534712884159,0.7919122426127785,0.8552475897416201,24.0,0
56.51105050196779,emergency,0.0,0.3190807107927397,0.3190807107927397,4.0,0
56.68397062996222,emergency,0.0,0.3190807107927397,0.3190807107927397,4.0,0
56.666528873816695,emergency,0.0,0.4353805806418104,0.4353805806418104,4.0,0
56.18429294341456,routine,0.0755114012631779,1.0255029253980703,1.1010143266612482,24.0,0
56.987696921187975,emergency,0.0,0.3190807107927397,0.3190807107927397,4.0,0
57.25910004694827,emergency,0.0,0.6599100317467526,0.6599100317467526,4.0,0
56.35993605075356,seasonal,0.620365156911241,0.7919122426127785,1.4122773995240194,12.0,0
57.347790936655684,seasonal,0.18861471453932666,0.4353805806418104,0.623995295181137,12.0,0
57.06345492239782,emergency,0.0,1.0255029253980703,1.0255029253980703,4.0,0
57.260469919570795,seasonal,0.07244800206910185,0.7919122426127785,0.8643602446818803,12.0,0
57.56133558340882,emergency,0.0,0.3190807107927397,0.3190807107927397,4.0,0
57.64554855887183,critical,0.0,0.3513634158531591,0.3513634158531591,2.0,0
57.7673083043201,emergency,0.0,0.3513634158531591,0.3513634158531591,4.0,0
57.16571297680495,emergency,0.0,0.7919122426127785,0.7919122426127785,4.0,0
57.15991020324185,emergency,0.0,0.7919122426127785,0.7919122426127785,4.0,0
56.73653446036201,seasonal,0.5077534149655776,1.0255029253980703,1.5332563403636479,12.0,0
57.45224551208878,emergency,0.0,0.7919122426127785,0.7919122426127785,4.0,0
57.274677429811746,seasonal,0.18815451791304838,0.6659438790168433,0.8540983969298916,12.0,0
57.581739495186405,emergency,0.0,0.3513634158531591,0.3513634158531591,4.0,0
57.92724329227712,emergency,0.0,0.3513634158531591,0.3513634158531591,4.0,0
57.28969780085929,emergency,0.0,0.9736079806575129,0.9736079806575129,4.0,0
57.77468790044969,emergency,0.0,0.9736079806575129,0.9736079806575129,4.0,0
58.04321952800569,emergency,0.0,0.3190807107927397,0.3190807107927397,4.0,0
58.050572859197146,seasonal,0.18701913230023592,0.4353805806418104,0.6223997129420463,12.0,0
57.69869276353215,seasonal,0.0756827329274472,0.7177220910631077,0.7934048239905549,12.0,0
58.307370705633076,emergency,0.0,0.6659438790168433,0.6659438790168433,4.0,0
59.00955650017534,critical,0.0,0.668926378609784,0.668926378609784,2.0,0
58.84085509748089,emergency,0.0,0.9736079806575129,0.9736079806575129,4.0,0
56.53062480702549,routine,2.2564681751938664,0.9736079806575129,3.2300761558513793,24.0,0
59.14148158083906,seasonal,0.14900983474023377,0.3513634158531591,0.5003732505933929,12.0,0
59.39040579396542,emergency,0.0,0.3513634158531591,0.3513634158531591,4.0,0
56.24018004906969,routine,2.5186520323200483,0.6659438790168433,3.1845959113368916,24.0,0
59.527184015541046,emergency,0.0,0.4353805806418104,0.4353805806418104,4.0,0
58.82079992848816,emergency,0.0,0.7177220910631077,0.7177220910631077,4.0,0
59.32392099724807,emergency,0.0,0.668926378609784,0.668926378609784,4.0,0
58.86241453839223,seasonal,0.3170592976283899,0.668926378609784,0.9859856762381739,12.0,0
58.81564989883245,seasonal,0.09143980550188502,0.668926378609784,0.760366184111669,12.0,0
60.01715164867981,emergency,0.0,0.3190807107927397,0.3190807107927397,4.0,0
59.31958954050587,emergency,0.0,0.3513634158531591,0.3513634158531591,4.0,0
59.715663247981624,emergency,0.0,0.3513634158531591,0.3513634158531591,4.0,0
59.70699362180586,emergency,0.0,0.3190807107927397,0.3190807107927397,4.0,0
59.404032104033234,emergency,0.0,0.6396923088485589,0.6396923088485589,4.0,0
59.44759431361639,seasonal,0.14237507262595273,0.7919122426127785,0.9342873152387312,12.0,0
59.194768679056445,emergency,0.0,0.9736079806575129,0.9736079806575129,4.0,0
59.305331265937504,emergency,0.0,0.9736079806575129,0.9736079806575129,4.0,0
59.901004772056105,emergency,0.0,1.0255029253980703,1.0255029253980703,4.0,0
59.90268453707497,emergency,0.0,0.6599100317467526,0.6599100317467526,4.0,0
59.844068334020676,seasonal,0.7287556506394708,0.3513634158531591,1.08011906649263,12.0,0
59.4994305855955,seasonal,0.3093403066495384,0.6599100317467526,0.9692503383962909,12.0,0
60.33215989744505,emergency,0.12467991776411225,0.6396923088485589,0.7643722266126711,4.0,0
59.64994159484848,seasonal,0.8645506550471893,0.6659438790168433,1.5304945340640326,12.0,0
60.1337581780177,emergency,0.07828948294218918,0.6599100317467526,0.7381995146889417,4.0,0
60.257182582244354,emergency,0.07811101301393819,0.9736079806575129,1.051718993671451,4.0,0
60.92813465500918,emergency,0.0,0.4353805806418104,0.4353805806418104,4.0,0
60.37807730788279,emergency,0.28653613052534155,0.3190807107927397,0.6056168413180812,4.0,0
59.98811531918024,seasonal,0.8083330272811864,0.6659438790168433,1.4742769062980297,12.0,0
60.95966663694779,seasonal,0.3272475592678248,0.4353805806418104,0.7626281399096352,12.0,0
60.49994673573081,emergency,0.3115741673575343,0.668926378609784,0.9805005459673183,4.0,0
60.82461317649117,emergency,0.004096100628785848,0.9736079806575129,0.9777040812862987,4.0,0
61.397015118134355,emergency,0.0,0.3513634158531591,0.3513634158531591,4.0,0
61.28915903844452,emergency,0.0,0.3190807107927397,0.3190807107927397,4.0,0
59.99985736894248,seasonal,0.9185009848671726,0.7919122426127785,1.710413227479951,12.0,0
61.91377035954957,emergency,0.0,0.3513634158531591,0.3513634158531591,4.0,0
60.70685385453908,seasonal,0.25330507237462996,1.0255029253980703,1.2788079977727003,12.0,0
61.295710042206935,emergency,0.0,0.7919122426127785,0.7919122426127785,4.0,0
61.1747581025877,seasonal,0.5556435591021938,0.7177220910631077,1.2733656501653015,12.0,0
61.73916557992817,critical,0.0,0.6599100317467526,0.6599100317467526,2.0,0
61.431828307466645,seasonal,0.4211954139556511,0.4353805806418104,0.8565759945974615,12.0,0
61.334767220222524,seasonal,0.41172613905825983,0.9736079806575129,1.3853341197157727,12.0,0
62.35339461387687,seasonal,0.09310225942695638,0.7919122426127785,0.8850145020397349,12.0,0
61.99207837931605,emergency,0.0,0.7919122426127785,0.7919122426127785,4.0,0
62.000927969737866,seasonal,0.306475365018926,0.668926378609784,0.97540174362871,12.0,0
62.518960811031256,emergency,0.0,0.4353805806418104,0.4353805806418104,4.0,0
62.91051243156788,critical,0.0,0.668926378609784,0.668926378609784,2.0,0
63.17070109777136,emergency,0.0,0.4353805806418104,0.4353805806418104,4.0,0
62.38448587618954,seasonal,0.38024764521022547,0.6599100317467526,1.040157676956978,12.0,0
63.12838865788731,emergency,0.0,0.3513634158531591,0.3513634158531591,4.0,0
63.47214964020787,critical,0.0,0.3190807107927397,0.3190807107927397,2.0,0
63.69883395697795,emergency,0.0,0.6396923088485589,0.6396923088485589,4.0,0
62.69644272467627,seasonal,0.6215983846740301,0.6659438790168433,1.2875422636908733,12.0,0
62.404802101948086,seasonal,0.8157777304427682,0.6599100317467526,1.4756877621895208,12.0,0
63.77991895980632,emergency,0.0,0.4353805806418104,0.4353805806418104,4.0,0
63.97253341857836,critical,0.0,0.4353805806418104,0.4353805806418104,2.0,0
63.316768861506425,emergency,0.0,0.9736079806575129,0.9736079806575129,4.0,0
63.36658850500633,seasonal,0.5445833902862702,0.3190807107927397,0.8636641010790099,12.0,0
63.47642472260523,emergency,0.0,0.7919122426127785,0.7919122426127785,4.0,0
62.8611679315114,seasonal,0.7955460222707558,0.6659438790168433,1.461489901287599,12.0,0
63.382739031800924,emergency,0.0,0.7919122426127785,0.7919122426127785,4.0,0
63.170574935734,seasonal,0.6844904682925304,0.668926378609784,1.3534168469023142,12.0,0
57.049194566328104,routine,7.53721371305145,0.3190807107927397,7.85629442384419,24.0,0
64.0746408434724,emergency,0.0,0.6659438790168433,0.6659438790168433,4.0,0
56.746572228101066,routine,7.302664057480946,0.6659438790168433,7.96860793649779,24.0,0
64.2932144313021,emergency,0.0,0.6599100317467526,0.6599100317467526,4.0,0
64.39227227187371,emergency,0.0,0.3190807107927397,0.3190807107927397,4.0,0
64.78204948411026,seasonal,0.47841405835710304,0.3190807107927397,0.7974947691498427,12.0,0
64.67269842691414,seasonal,0.41235798132575496,0.4353805806418104,0.8477385619675654,12.0,0
57.09458396117306,routine,8.215357462715573,0.6599100317467526,8.875267494462326,24.0,0
64.87155699973307,emergency,0.0,0.7177220910631077,0.7177220910631077,4.0,0
64.7261346995404,seasonal,0.35989394139058106,0.4353805806418104,0.7952745220323915,12.0,0
65.13270887251451,emergency,0.0,0.6396923088485589,0.6396923088485589,4.0,0
65.03851492341848,emergency,0.0,0.6659438790168433,0.6659438790168433,4.0,0
65.21578499564892,critical,0.0,1.0255029253980703,1.0255029253980703,2.0,0
57.13810094707911,routine,8.658999666261494,0.6396923088485589,9.298691975110053,24.0,0
65.84481676139893,critical,0.0,0.3513634158531591,0.3513634158531591,2.0,0
66.22601614928068,emergency,0.0,0.6396923088485589,0.6396923088485589,4.0,0
65.95143569009711,seasonal,0.3528517573953849,0.6659438790168433,1.0187956364122281,12.0,0
65.89449826888725,seasonal,0.05811975776164502,0.4353805806418104,0.4935003384034554,12.0,0
65.70589329747594,critical,0.0,1.0255029253980703,1.0255029253980703,2.0,0
65.50616559608197,seasonal,0.07484611490710336,0.9736079806575129,1.0484540955646162,12.0,0
66.04009636899062,seasonal,0.3922732362832875,0.668926378609784,1.0611996148930714,12.0,0
66.45289731159671,emergency,0.0,0.7919122426127785,0.7919122426127785,4.0,0
66.46018947794084,seasonal,0.17129433647259873,0.6599100317467526,0.8312043682193513,12.0,0
67.38667892562363,critical,0.0,0.3513634158531591,0.3513634158531591,2.0,0
66.63720990157093,emergency,0.0,0.6396923088485589,0.6396923088485589,4.0,0
57.218414718280414,routine,9.63706145956084,0.3513634158531591,9.988424875414,24.0,0
66.9890156951352,emergency,0.0,0.668926378609784,0.668926378609784,4.0,0
67.30732657627821,emergency,0.0,0.3513634158531591,0.3513634158531591,4.0,0
66.87893586657914,seasonal,0.4151870968990181,0.7919122426127785,1.2070993395117966,12.0,0
68.04216204654878,emergency,0.0,0.3513634158531591,0.3513634158531591,4.0,0
58.169182527776364,routine,9.635224053616248,0.6396923088485589,10.274916362464808,24.0,0
57.7300761954038,routine,9.88130268837746,0.6599100317467526,10.541212720124213,24.0,0
58.209436819464905,routine,9.815850414868287,0.6396923088485589,10.455542723716846,24.0,0
67.74159260737636,emergency,0.0,0.668926378609784,0.668926378609784,4.0,0
57.8839910626029,routine,9.793297716314385,0.6659438790168433,10.459241595331228,24.0,0
57.22200220409994,routine,10.356572888303205,0.9736079806575129,11.330180868960717,24.0,0
68.80677879564718,emergency,0.0,0.3513634158531591,0.3513634158531591,4.0,0
68.51520966940483,emergency,0.0,0.3513634158531591,0.3513634158531591,4.0,0
67.98503072554186,emergency,0.0,0.668926378609784,0.668926378609784,4.0,0
68.27599882343277,seasonal,0.26482433335230837,0.6659438790168433,0.9307682123691516,12.0,0
67.92382443456913,emergency,0.0,0.6599100317467526,0.6599100317467526,4.0,0
68.62471084784595,emergency,0.0,0.6599100317467526,0.6599100317467526,4.0,0
68.30726725458113,seasonal,0.5879673032287798,0.3513634158531591,0.9393307190819389,12.0,0
69.01145816138032,emergency,0.0,0.6599100317467526,0.6599100317467526,4.0,0
68.35532390296348,emergency,0.0,0.9736079806575129,0.9736079806575129,4.0,0
69.12661268727878,emergency,0.0,0.6659438790168433,0.6659438790168433,4.0,0
69.26538373879751,critical,0.0,0.3513634158531591,0.3513634158531591,2.0,0
59.175234882036946,routine,10.261101244827444,0.4353805806418104,10.696481825469254,24.0,0
69.4852314064469,emergency,0.0,0.668926378609784,0.668926378609784,4.0,0
58.40933329877134,routine,10.882625811773345,0.6599100317467526,11.542535843520097,24.0,0
69.72365945670668,emergency,0.0,0.6599100317467526,0.6599100317467526,4.0,0
59.5289290304921,routine,10.131526781317866,0.4353805806418104,10.566907361959677,24.0,0
59.690843394483345,routine,10.028022812869303,0.6659438790168433,10.693966691886146,24.0,0
69.77501731214474,emergency,0.0,0.6599100317467526,0.6599100317467526,4.0,0
69.20332880959229,emergency,0.0,1.0255029253980703,1.0255029253980703,4.0,0
70.26716283360263,emergency,0.0,0.3190807107927397,0.3190807107927397,4.0,0
69.46829021714483,seasonal,0.040418180279090166,0.6599100317467526,0.7003282120258427,12.0,0
70.22615100336438,emergency,0.0,0.4353805806418104,0.4353805806418104,4.0,0
70.52894204188433,emergency,0.0,0.3190807107927397,0.3190807107927397,4.0,0
69.80233940117097,seasonal,0.34828604733118596,0.6396923088485589,0.9879783561797448,12.0,0
69.90291732123725,emergency,0.0,1.0255029253980703,1.0255029253980703,4.0,0
69.72818221805724,seasonal,0.21900802234618766,0.7919122426127785,1.0109202649589661,12.0,0
70.5561359210695,emergency,0.0,0.3513634158531591,0.3513634158531591,4.0,0
70.30713124242459,emergency,0.0,0.4353805806418104,0.4353805806418104,4.0,0
69.986712568105,emergency,0.0,0.6599100317467526,0.6599100317467526,4.0,0
59.9764177463178,routine,11.063707358153088,0.3513634158531591,11.415070774006248,24.0,0
69.9471874737117,seasonal,0.680224405441578,0.6599100317467526,1.3401344371883306,12.0,0
71.01104008458148,emergency,0.0,0.3190807107927397,0.3190807107927397,4.0,0
70.7555037402522,emergency,0.0,0.9736079806575129,0.9736079806575129,4.0,0
59.9800860056208,routine,11.165209915982864,0.9736079806575129,12.138817896640376,24.0,0
60.33549793693749,routine,11.384747138134578,0.3190807107927397,11.703827848927318,24.0,0
69.9672809893788,seasonal,0.9103017525005015,0.9736079806575129,1.8839097331580144,12.0,0
70.66370034101725,emergency,0.0,1.0255029253980703,1.0255029253980703,4.0,0
60.01903884720334,routine,11.435181991953094,0.4353805806418104,11.870562572594904,24.0,0
71.64076321616643,emergency,0.0,0.6659438790168433,0.6659438790168433,4.0,0
71.55409343560014,seasonal,0.14563803168714173,0.9736079806575129,1.1192460123446546,12.0,0
60.62066087376884,routine,11.372210766159796,0.7919122426127785,12.164123008772574,24.0,0
72.7329908172039,emergency,0.0,0.3190807107927397,0.3190807107927397,4.0,0
60.6793231525474,routine,11.408032609887627,0.7177220910631077,12.125754700950734,24.0,0
60.88842986808717,routine,11.892438548518257,0.6396923088485589,12.532130857366816,24.0,0
60.73309813629061,routine,11.995868549954878,0.4353805806418104,12.431249130596688,24.0,0
72.66640881195157,emergency,0.0,0.668926378609784,0.668926378609784,4.0,0
73.26699214622344,seasonal,0.37716102530671947,0.3190807107927397,0.6962417360994592,12.0,0
61.947576177817034,routine,11.012972601831201,0.9736079806575129,11.986580582488713,24.0,0
62.36821839332464,routine,10.630568433759734,0.6396923088485589,11.270260742608293,24.0,0
73.00343235833746,critical,0.0,1.0255029253980703,1.0255029253980703,2.0,0
62.45665670448002,routine,11.28421233563666,0.7177220910631077,12.001934426699767,24.0,0
62.70814834190978,routine,11.44516394772836,0.3190807107927397,11.7642446585211,24.0,0
74.15735130775856,critical,0.0,0.3190807107927397,0.3190807107927397,2.0,0
62.89280489949549,routine,11.618940739753853,0.3190807107927397,11.938021450546593,24.0,0
63.24490122599195,routine,11.723071531095627,0.3513634158531591,12.074434946948786,24.0,0
63.08750826395098,routine,11.721244804710793,0.6396923088485589,12.360937113559352,24.0,0
62.81639493521202,routine,11.676250852021525,0.6599100317467526,12.336160883768278,24.0,0
63.114112676796786,routine,11.804382801034613,0.7919122426127785,12.596295043647391,24.0,0
64.33980090156224,routine,10.944839475930621,0.7177220910631077,11.662561566993729,24.0,0
64.467675040377,routine,10.906371518560775,0.4353805806418104,11.341752099202585,24.0,0
66.02295793316713,routine,10.122589411369717,0.6396923088485589,10.762281720218276,24.0,0
66.35982693509077,routine,10.101043907165632,0.3513634158531591,10.452407323018791,24.0,0
75.987601586672,emergency,0.0,0.6599100317467526,0.6599100317467526,4.0,0
65.87745325419198,routine,10.21508455514703,0.3190807107927397,10.53416526593977,24.0,0
64.60659624243445,routine,11.335110412278752,1.0255029253980703,12.360613337676822,24.0,0
64.48208147694605,routine,11.346836558822005,1.0255029253980703,12.372339484220076,24.0,0
66.84740871503881,routine,9.794371766148458,0.6659438790168433,10.460315645165302,24.0,0
76.57788768982594,emergency,0.0,1.0255029253980703,1.0255029253980703,4.0,0
76.20353622620603,emergency,0.0,1.0255029253980703,1.0255029253980703,4.0,0
66.54524694891734,routine,10.093302625545164,0.668926378609784,10.762229004154948,24.0,0
67.39005103450596,routine,10.441759102601196,0.3190807107927397,10.760839813393936,24.0,0
67.1893117917547,routine,10.496414124390043,0.4353805806418104,10.931794705031853,24.0,0
67.0204447129524,routine,10.518928612224173,0.3513634158531591,10.870292028077332,24.0,0
66.99579778491442,routine,10.42288134791741,1.0255029253980703,11.448384273315481,24.0,0
77.10286511448336,emergency,0.0,1.0255029253980703,1.0255029253980703,4.0,0
67.50445123790907,routine,10.477645076626999,0.6396923088485589,11.117337385475558,24.0,0
67.54454631539808,routine,10.592329211988385,0.3190807107927397,10.911409922781125,24.0,0
78.11934113294416,critical,0.0,0.4353805806418104,0.4353805806418104,2.0,0
78.34728782607274,emergency,0.0,0.6396923088485589,0.6396923088485589,4.0,0
67.7083708001104,routine,10.963358916404559,0.668926378609784,11.632285295014343,24.0,0
78.59985325586489,emergency,0.0,0.7177220910631077,0.7177220910631077,4.0,0
79.49150554431536,emergency,0.0,0.3513634158531591,0.3513634158531591,4.0,0
68.18163455701885,routine,10.636142714483995,0.4353805806418104,11.071523295125806,24.0,0
79.0287022039285,emergency,0.0,0.7919122426127785,0.7919122426127785,4.0,0
79.1410298644712,emergency,0.0,0.6659438790168433,0.6659438790168433,4.0,0
68.38228500144204,routine,10.785615176584429,0.4353805806418104,11.22099575722624,24.0,0
68.54306272668232,routine,10.809615032147917,0.6659438790168433,11.475558911164761,24.0,0
68.3033316712353,routine,10.832355272006495,0.3190807107927397,11.151435982799235,24.0,0
68.43231578447734,routine,10.773567159943738,0.6659438790168433,11.439511038960582,24.0,0
68.53815707999507,routine,10.737551843645278,0.7919122426127785,11.529464086258056,24.0,0
79.30355925413116,emergency,0.0,0.668926378609784,0.668926378609784,4.0,0
79.58338160345444,emergency,0.0,0.3513634158531591,0.3513634158531591,4.0,0
80.05925387064974,emergency,0.0,0.3190807107927397,0.3190807107927397,4.0,0
69.23106280780371,routine,11.544955098025497,0.3513634158531591,11.896318513878656,24.0,0
79.47818613383136,seasonal,1.062561762754612,0.7177220910631077,1.7802838538177197,12.0,0
80.0895456241024,critical,0.0,0.9736079806575129,0.9736079806575129,2.0,0
79.46562583908326,seasonal,0.8286493105795074,0.668926378609784,1.4975756891892913,12.0,0
80.37949333937962,seasonal,0.32555832212700864,0.3513634158531591,0.6769217379801677,12.0,0
80.75505908394277,critical,0.0,0.7919122426127785,0.7919122426127785,2.0,0
81.01167655178325,emergency,0.0,0.3190807107927397,0.3190807107927397,4.0,0
80.41902483217147,emergency,0.0,0.6659438790168433,0.6659438790168433,4.0,0
81.13779940280514,seasonal,0.011149806959835473,0.6659438790168433,0.6770936859766787,12.0,0
69.1109010575946,routine,11.636598977856494,0.6396923088485589,12.276291286705053,24.0,0
80.82678338073674,critical,0.0,1.0255029253980703,1.0255029253980703,2.0,0
70.1999112250848,routine,10.848860464765224,0.3190807107927397,11.167941175557964,24.0,0
81.23655351142877,seasonal,0.49356457279341726,0.3513634158531591,0.8449279886465764,12.0,0
81.0346216827508,emergency,0.0,0.7177220910631077,0.7177220910631077,4.0,0
81.68197112894111,emergency,0.0,0.3190807107927397,0.3190807107927397,4.0,0
81.99518417231482,seasonal,0.15981625382539733,0.3190807107927397,0.478896964618137,12.0,0
81.68569040065859,emergency,0.0,0.6599100317467526,0.6599100317467526,4.0,0
81.9903806777127,emergency,0.0,0.6659438790168433,0.6659438790168433,4.0,0
81.8410866141393,emergency,0.0,0.6396923088485589,0.6396923088485589,4.0,0
70.87855112322377,routine,11.109120893688356,0.7177220910631077,11.826842984751464,24.0,0
81.23089915306969,emergency,0.0,0.9736079806575129,0.9736079806575129,4.0,0
81.531567429429,emergency,0.0,0.7177220910631077,0.7177220910631077,4.0,0
82.0923926133423,emergency,0.0,1.0255029253980703,1.0255029253980703,4.0,0
82.62584792574856,critical,0.0,0.3513634158531591,0.3513634158531591,2.0,0
82.28587988183178,emergency,0.0,0.668926378609784,0.668926378609784,4.0,0
70.26454702524363,routine,11.622164267018732,0.668926378609784,12.291090645628516,24.0,0
82.17183655802765,emergency,0.0,0.6659438790168433,0.6659438790168433,4.0,0
82.68698963191596,seasonal,0.025994544977749,0.6396923088485589,0.6656868538263079,12.0,0
82.63557449668079,emergency,0.0,0.4353805806418104,0.4353805806418104,4.0,0
82.43105456832363,emergency,0.0,0.9736079806575129,0.9736079806575129,4.0,0
70.91194208579046,routine,11.759465763862053,0.3190807107927397,12.078546474654793,24.0,0
82.38195311301557,seasonal,0.18450272132200496,0.7177220910631077,0.9022248123851127,12.0,0
82.10993190643981,critical,0.0,0.9736079806575129,0.9736079806575129,2.0,0
82.34657450192321,seasonal,0.1590069386320465,0.9736079806575129,1.1326149192895594,12.0,0
83.3327806390377,emergency,0.0,0.6659438790168433,0.6659438790168433,4.0,0
83.27982222638393,seasonal,0.19205261916947336,0.3513634158531591,0.5434160350226325,12.0,0
83.14808586186889,emergency,0.0,0.6396923088485589,0.6396923088485589,4.0,0
83.79503185117542,emergency,0.0,0.3190807107927397,0.3190807107927397,4.0,0
83.60645773109049,emergency,0.0,0.6599100317467526,0.6599100317467526,4.0,0
83.78418821722902,emergency,0.0,0.6396923088485589,0.6396923088485589,4.0,0
82.84150832876371,seasonal,0.3743611843512298,0.6659438790168433,1.040305063368073,12.0,0
71.66127453388033,routine,12.264794887810126,0.4353805806418104,12.700175468451937,24.0,0
84.37659543258069,emergency,0.0,0.3513634158531591,0.3513634158531591,4.0,0
83.95673141113848,emergency,0.0,0.3190807107927397,0.3190807107927397,4.0,0
84.18019682485594,emergency,0.0,0.4353805806418104,0.4353805806418104,4.0,0
84.55246944263739,emergency,0.0,0.3513634158531591,0.3513634158531591,4.0,0
84.23561539171205,emergency,0.0,0.6659438790168433,0.6659438790168433,4.0,0
84.50783271279457,critical,0.0,0.4353805806418104,0.4353805806418104,2.0,0
83.25486496186025,critical,0.0,1.0255029253980703,1.0255029253980703,2.0,0
84.1917459786649,seasonal,0.10564001588220151,0.6659438790168433,0.7715838948990448,12.0,0
84.2836247401519,seasonal,0.0728113740790377,0.3190807107927397,0.3918920848717774,12.0,0
84.39259743855746,emergency,0.0,0.668926378609784,0.668926378609784,4.0,0
83.87801178858676,emergency,0.0,0.6599100317467526,0.6599100317467526,4.0,0
71.71051614590458,routine,12.452651052056765,0.6659438790168433,13.11859493107361,24.0,0
84.697172613918,emergency,0.0,0.3513634158531591,0.3513634158531591,4.0,0
84.90745931629262,seasonal,0.477940101758648,0.3513634158531591,0.8293035176118071,12.0,0
84.81749588368767,emergency,0.09781070461852437,0.7177220910631077,0.8155327956816321,4.0,0
84.65442130438402,emergency,0.0,0.6659438790168433,0.6659438790168433,4.0,0
85.255225942192,emergency,0.0,0.6396923088485589,0.6396923088485589,4.0,0
84.64127975829031,seasonal,0.24088058541650526,0.668926378609784,0.9098069640262892,12.0,0
84.29486367922829,seasonal,0.18012565906224154,1.0255029253980703,1.2056285844603118,12.0,0
85.43591631365521,emergency,0.0,0.7177220910631077,0.7177220910631077,4.0,0
85.63446802509714,emergency,0.0,0.3190807107927397,0.3190807107927397,4.0,0
84.86341110941531,seasonal,0.4144796400072437,0.6396923088485589,1.0541719488558026,12.0,0
84.72752607043512,critical,0.030912365021052324,0.9736079806575129,1.0045203456785652,2.0,0
85.37459405219028,seasonal,0.343058567703153,0.6396923088485589,0.9827508765517119,12.0,0
85.96384064274088,emergency,0.0,0.6599100317467526,0.6599100317467526,4.0,0
85.45550098811798,emergency,0.0,0.7919122426127785,0.7919122426127785,4.0,0
85.74045394267874,emergency,0.0,0.3513634158531591,0.3513634158531591,4.0,0
86.19962970369787,critical,0.0,0.668926378609784,0.668926378609784,2.0,0
85.53585714644973,seasonal,0.27710601701767246,0.6599100317467526,0.937016048764425,12.0,0
85.85251876504466,emergency,0.0,0.6659438790168433,0.6659438790168433,4.0,0
85.63267844332672,seasonal,0.36650452275966927,0.7177220910631077,1.084226613822777,12.0,0
76.75513316042772,routine,10.062014417906198,0.4353805806418104,10.497394998548009,24.0,0
86.53167784481218,critical,0.0,0.6659438790168433,0.6659438790168433,2.0,0
86.0744465401476,seasonal,0.37328824643073233,0.4353805806418104,0.8086688270725427,12.0,0
87.10703868983542,emergency,0.0,0.6659438790168433,0.6659438790168433,4.0,0
71.80836156540387,routine,14.931927977017011,0.6599100317467526,15.591838008763764,24.0,0
87.45484500069715,emergency,0.0,0.6659438790168433,0.6659438790168433,4.0,0
77.6611552643764,routine,9.605710423473681,0.9736079806575129,10.579318404131193,24.0,0
77.5026330672197,routine,9.505002137497982,0.9736079806575129,10.478610118155494,24.0,0
87.46969468292237,seasonal,0.1884303066071169,0.3513634158531591,0.539793722460276,12.0,0
87.86853002353142,critical,0.0,0.668926378609784,0.668926378609784,2.0,0
88.03774084867246,emergency,0.0,0.6396923088485589,0.6396923088485589,4.0,0
87.91489243703431,emergency,0.0,0.3190807107927397,0.3190807107927397,4.0,0
87.49482039443514,seasonal,0.5108038045628405,1.0255029253980703,1.5363067299609108,12.0,0
87.897274052811,emergency,0.0,0.6396923088485589,0.6396923088485589,4.0,0
88.1420068119278,emergency,0.0,0.6396923088485589,0.6396923088485589,4.0,0
88.3639616518345,emergency,0.0,0.668926378609784,0.668926378609784,4.0,0
88.54358179577126,seasonal,0.215021782216823,0.3190807107927397,0.5341024930095627,12.0,0
78.26829796599196,routine,9.893710444754632,0.4353805806418104,10.329091025396442,24.0,0
88.42226520321377,emergency,0.0,0.3190807107927397,0.3190807107927397,4.0,0
88.5904740289974,emergency,0.0,0.668926378609784,0.668926378609784,4.0,0
88.07508639053971,seasonal,0.047588290670063316,0.668926378609784,0.7165146692798473,12.0,0
88.60975902610595,emergency,0.0,0.4353805806418104,0.4353805806418104,4.0,0
88.54669866553837,critical,0.0,0.6599100317467526,0.6599100317467526,2.0,0
88.64343003161201,critical,0.0,0.3190807107927397,0.3190807107927397,2.0,0
88.8343063763653,critical,0.0,0.3190807107927397,0.3190807107927397,2.0,0
88.77289835021676,seasonal,0.23172849377347404,0.4353805806418104,0.6671090744152844,12.0,0
88.76400034280073,emergency,0.0,1.0255029253980703,1.0255029253980703,4.0,0
88.67627799959602,seasonal,0.18326398569291769,0.6659438790168433,0.849207864709761,12.0,0
89.18485250604782,emergency,0.2966797194001316,0.3513634158531591,0.6480431352532907,4.0,0
88.71526531432562,seasonal,0.21140492629113794,0.9736079806575129,1.1850129069486508,12.0,0
89.15990611744569,emergency,0.0,1.0255029253980703,1.0255029253980703,4.0,0
89.17826438762654,emergency,0.0,0.9736079806575129,0.9736079806575129,4.0,0
89.31362845039884,emergency,0.21852314543839668,0.6659438790168433,0.88446702445524,4.0,0
89.49584295009272,emergency,0.11986432897677446,0.6659438790168433,0.7858082079936177,4.0,0
88.83629228990448,emergency,0.0,1.0255029253980703,1.0255029253980703,4.0,0
89.7068175686994,emergency,0.4910137322656425,0.3190807107927397,0.8100944430583822,4.0,0
89.10528852297709,seasonal,0.5741617834048469,0.3190807107927397,0.8932424941975866,12.0,0
89.98663675429643,critical,0.0034814559030138525,0.4353805806418104,0.43886203654482425,2.0,0
89.6264575485796,critical,0.22942056051236648,0.3190807107927397,0.5485012713051062,2.0,0
89.56314403851682,emergency,0.3249951757399998,0.7177220910631077,1.0427172668031075,4.0,0
79.31125765291237,routine,10.606624376443605,0.6599100317467526,11.266534408190358,24.0,0
89.91947945625277,emergency,0.32386276105795275,0.7177220910631077,1.0415848521210604,4.0,0
80.00799010565376,routine,10.11519228661976,0.3513634158531591,10.466555702472919,24.0,0
80.5379817837613,routine,10.092312996952671,0.3190807107927397,10.411393707745411,24.0,0
89.66615101445082,emergency,0.3757386964307017,0.6599100317467526,1.0356487281774542,4.0,0
79.6212625077984,routine,10.363032527751145,1.0255029253980703,11.388535453149215,24.0,0
89.81105550995044,critical,0.055049096683617904,0.9736079806575129,1.0286570773411308,2.0,0
90.12694168582007,emergency,0.3861526854575743,0.6659438790168433,1.0520965644744176,4.0,0
80.75400978969607,routine,10.008477397394628,0.4353805806418104,10.443857978036439,24.0,0
90.44311125093283,emergency,0.5131894113711866,0.6396923088485589,1.1528817202197454,4.0,0
90.54734835608791,emergency,0.5450591033242915,0.3513634158531591,0.8964225191774506,4.0,0
90.00880208087916,emergency,0.25768838296232843,0.9736079806575129,1.2312963636198413,4.0,0
90.28979001014478,emergency,0.6356773878202802,0.6659438790168433,1.3016212668371234,4.0,0
90.26765475906736,emergency,0.5430714600238957,0.7177220910631077,1.2607935510870034,4.0,0
90.15797190050259,emergency,0.6030454285044868,0.7177220910631077,1.3207675195675945,4.0,0
81.01089312318017,routine,9.811978444115425,0.4353805806418104,10.247359024757236,24.0,0
90.49508387038222,emergency,0.5385241349339367,0.6599100317467526,1.1984341666806893,4.0,0
90.98469107612128,seasonal,0.26776377836807796,0.6659438790168433,0.9337076573849212,12.0,0
91.79982173459723,emergency,0.0,0.3190807107927397,0.3190807107927397,4.0,0
90.85477516359963,critical,0.05146480013671351,1.0255029253980703,1.0769677255347838,2.0,0
91.6451478439176,seasonal,0.17464808140256594,0.4353805806418104,0.6100286620443763,12.0,0
91.7923281278624,seasonal,0.027943981435967657,0.668926378609784,0.6968703600457516,12.0,0
91.08020315463666,emergency,0.37603333467674815,0.668926378609784,1.044959713286532,4.0,0
90.94961820321377,emergency,0.2521030108986082,1.0255029253980703,1.2776059362966785,4.0,0
90.98718326525037,emergency,0.4307210236959804,0.7919122426127785,1.222633266308759,4.0,0
91.33983386303487,emergency,0.2653369548576876,1.0255029253980703,1.290839880255758,4.0,0
81.06112466715739,routine,10.813880202091354,0.6659438790168433,11.479824081108198,24.0,0
91.14942229174738,seasonal,0.5166562045602063,1.0255029253980703,1.5421591299582766,12.0,0
81.38880484750061,routine,10.651655303267916,1.0255029253980703,11.677158228665986,24.0,0
92.46801934086831,seasonal,0.1184179995246808,0.3190807107927397,0.4374987103174205,12.0,0
81.69320485193379,routine,11.419295599081451,0.3513634158531591,11.77065901493461,24.0,0
93.11758879940756,critical,0.0,0.6599100317467526,0.6599100317467526,2.0,0
81.41224111592804,routine,11.378763487212424,0.6599100317467526,12.038673518959177,24.0,0
82.07024157588567,routine,11.072497269668744,0.7177220910631077,11.790219360731852,24.0,0
93.25098818438305,seasonal,0.5683563293280827,0.3513634158531591,0.9197197451812418,12.0,0
93.62478938052986,emergency,0.0,0.6599100317467526,0.6599100317467526,4.0,0
93.55249248766846,critical,0.0,0.7177220910631077,0.7177220910631077,2.0,0
82.1350139374334,routine,11.909199608771672,0.4353805806418104,12.344580189413483,24.0,0
93.55756343623995,seasonal,0.3005018919304945,0.668926378609784,0.9694282705402785,12.0,0
94.59648711402379,emergency,0.0,0.6659438790168433,0.6659438790168433,4.0,0
94.07385338478217,seasonal,0.053872087819726744,1.0255029253980703,1.079375013217797,12.0,0
94.10585243075009,seasonal,0.3514250629477118,0.7919122426127785,1.1433373055604903,12.0,0
94.83568592404986,critical,0.0,0.6599100317467526,0.6599100317467526,2.0,0
82.44008231029544,routine,12.224542799678673,0.6659438790168433,12.890486678695517,24.0,0
94.89334242798246,emergency,0.0,0.3190807107927397,0.3190807107927397,4.0,0
95.34308543518564,emergency,0.0,0.4353805806418104,0.4353805806418104,4.0,0
94.52603595692176,critical,0.0,1.0255029253980703,1.0255029253980703,2.0,0
95.0256977056184,emergency,0.0,0.7919122426127785,0.7919122426127785,4.0,0
94.70506010620794,emergency,0.0,1.0255029253980703,1.0255029253980703,4.0,0
83.19210821330863,routine,12.394864124087007,0.6659438790168433,13.060808003103851,24.0,0
82.81865378465679,routine,12.236989165263893,0.9736079806575129,13.210597145921405,24.0,0
82.48056936306676,routine,12.521790100658095,0.9736079806575129,13.495398081315606,24.0,0
84.51668340419866,routine,11.396591665574121,0.6599100317467526,12.056501697320874,24.0,0
96.03759684169229,seasonal,0.30371038468111067,0.3190807107927397,0.6227910954738504,12.0,0
84.28873237984284,routine,11.603593428376115,0.7919122426127785,12.395505670988893,24.0,0
96.04097788692059,emergency,0.0,0.668926378609784,0.668926378609784,4.0,0
85.15498108390801,routine,11.744284109110723,0.3513634158531591,12.095647524963882,24.0,0
84.96707232029708,routine,11.03267346153217,1.0255029253980703,12.05817638693024,24.0,0
85.04500465208697,routine,11.833010610142466,0.4353805806418104,12.268391190784277,24.0,0
86.01209938812444,routine,11.350641976954421,0.4353805806418104,11.786022557596231,24.0,0
85.46754415314146,routine,11.831847188959841,0.6599100317467526,12.491757220706594,24.0,0
86.38171296216711,routine,11.173580294599958,0.3190807107927397,11.492661005392698,24.0,0
86.72199576326157,routine,11.292915644333362,0.7177220910631077,12.01063773539647,24.0,0
98.42815621200366,seasonal,0.059843152401754196,0.3190807107927397,0.3789238631944939,12.0,0
86.80296385314357,routine,11.39404024968151,0.6659438790168433,12.059984128698353,24.0,0
89.02765576292852,routine,10.115550528136623,0.4353805806418104,10.550931108778434,24.0,0
87.25755389018695,routine,11.108944360952506,1.0255029253980703,12.134447286350577,24.0,0
89.02411352632426,routine,10.100207032983803,0.3190807107927397,10.419287743776543,24.0,0
89.36972426374658,routine,10.1375158169959,0.6599100317467526,10.797425848742654,24.0,0
88.20919715496075,routine,10.798258008355617,0.9736079806575129,11.77186598901313,24.0,0
89.93250718310887,routine,9.80624803478129,0.6599100317467526,10.466158066528044,24.0,0
89.45687734191671,routine,10.255818298791624,0.7919122426127785,11.047730541404402,24.0,0
100.40255370658004,seasonal,0.06860120510417289,0.4353805806418104,0.5039817857459833,12.0,0
90.64430856795124,routine,9.894517428935913,0.6659438790168433,10.560461307952757,24.0,0
100.61173666488004,critical,0.0,0.6659438790168433,0.6659438790168433,2.0,0
101.1188929565544,emergency,0.0,0.7177220910631077,0.7177220910631077,4.0,0
90.84172972931195,routine,9.897871945147912,0.6396923088485589,10.537564253996472,24.0,0
91.19505816582064,routine,9.84136588107323,0.7177220910631077,10.559087972136338,24.0,0
91.2207294848301,routine,10.173321034947108,0.6659438790168433,10.839264913963952,24.0,0
101.60685286480171,emergency,0.0,0.7177220910631077,0.7177220910631077,4.0,0
91.06763252447321,routine,9.82617065908289,1.0255029253980703,10.851673584480961,24.0,0
91.69171416688015,routine,10.170132747546305,0.6599100317467526,10.830042779293057,24.0,0
91.53317647143325,routine,10.254483138403913,1.0255029253980703,11.279986063801983,24.0,0
100.67549629060396,routine,2.435136524419292,0.3190807107927397,2.7542172352120318,24.0,0
102.76084226548502,routine,0.5308429635915388,0.3513634158531591,0.8822063794446979,24.0,0
95.58347766041165,routine,7.421325993188319,0.3513634158531591,7.772689409041478,24.0,0
92.27447092484671,routine,10.432939957426797,0.668926378609784,11.101866336036581,24.0,0
103.43010705954909,emergency,0.0,0.3190807107927397,0.3190807107927397,4.0,0
102.97610528721954,emergency,0.0,0.6659438790168433,0.6659438790168433,4.0,0
103.31929885749427,routine,0.4011783522983592,0.3190807107927397,0.7202590630910989,24.0,0
103.12965779099818,emergency,0.0,0.4353805806418104,0.4353805806418104,4.0,0
91.71854715087672,routine,10.841884125143963,1.0255029253980703,11.867387050542034,24.0,0
103.4626748679251,seasonal,0.029233488366443794,0.4353805806418104,0.4646140690082542,12.0,0
104.19101333172306,emergency,0.0,0.3190807107927397,0.3190807107927397,4.0,0
104.30795428216902,emergency,0.0,0.3190807107927397,0.3190807107927397,4.0,0
103.56632866925115,emergency,0.0,0.668926378609784,0.668926378609784,4.0,0
104.07678952273474,seasonal,0.11114855420044023,0.3513634158531591,0.46251197005359934,12.0,0
103.75182059568151,emergency,0.0,0.6659438790168433,0.6659438790168433,4.0,0
104.02946610463341,emergency,0.0,0.4353805806418104,0.4353805806418104,4.0,0
103.75478693046932,routine,0.5302005013707998,0.3513634158531591,0.8815639172239589,24.0,0
103.81187489248082,emergency,0.0,0.668926378609784,0.668926378609784,4.0,0
104.55760675236805,seasonal,0.10232337793847535,0.3513634158531591,0.45368679379163446,12.0,0
104.46553214025515,seasonal,0.005825552972339665,0.3190807107927397,0.32490626376507936,12.0,0
103.96080639225873,routine,1.0569481906797336,0.4353805806418104,1.492328771321544,24.0,0
104.47961235573247,emergency,0.0,0.6396923088485589,0.6396923088485589,4.0,0
104.61362935449422,emergency,0.0,0.4353805806418104,0.4353805806418104,4.0,0
104.95909708837766,emergency,0.0,0.3513634158531591,0.3513634158531591,4.0,0
103.9220584372491,routine,0.6238049186852521,0.6599100317467526,1.2837149504320047,24.0,0
104.95924374511827,emergency,0.0,0.6396923088485589,0.6396923088485589,4.0,0
104.19933492793048,routine,1.2282201104539752,0.6659438790168433,1.8941639894708184,24.0,0
104.69823247251865,seasonal,0.24541715652689788,1.0255029253980703,1.2709200819249682,12.0,0
105.5360304892852,emergency,0.0,0.4353805806418104,0.4353805806418104,4.0,0
104.89896779142461,routine,0.7467497536746066,0.3513634158531591,1.0981131695277657,24.0,0
105.01246084060936,routine,0.7646363612253566,0.3513634158531591,1.1159997770785157,24.0,0
105.91178046851077,emergency,0.0,0.3190807107927397,0.3190807107927397,4.0,0
106.01566699201986,routine,0.006554369291919215,0.3190807107927397,0.3256350800846589,24.0,0
106.08288331044011,critical,0.0,0.6659438790168433,0.6659438790168433,2.0,0
106.3410854700355,seasonal,0.20624690495253617,0.3513634158531591,0.5576103208056953,12.0,0
105.33895665511741,emergency,0.0,0.9736079806575129,0.9736079806575129,4.0,0
106.8266139838145,critical,0.0,0.3190807107927397,0.3190807107927397,2.0,0
106.4325907984404,routine,0.31656934125460623,0.3513634158531591,0.6679327571077653,24.0,0
106.32400927448545,seasonal,0.0,0.6396923088485589,0.6396923088485589,12.0,0
106.49504650914264,critical,0.0,0.6599100317467526,0.6599100317467526,2.0,0
106.64720235746559,emergency,0.0,0.3513634158531591,0.3513634158531591,4.0,0
107.1607127671347,routine,0.18878686149848534,0.3190807107927397,0.507867572291225,24.0,0
106.97283758746573,routine,0.17106092389360583,0.3513634158531591,0.5224243397467649,24.0,0
106.75342390551607,routine,0.0,0.6599100317467526,0.6599100317467526,24.0,0
107.32501188102121,emergency,0.0,0.6659438790168433,0.6659438790168433,4.0,0
107.03069367864924,routine,0.3045891330943533,0.7177220910631077,1.022311224157461,24.0,0
107.90388174958188,critical,0.0,0.3190807107927397,0.3190807107927397,2.0,0
107.78738504916582,emergency,0.0,0.4353805806418104,0.4353805806418104,4.0,0
107.41120366634604,critical,0.0,0.3190807107927397,0.3190807107927397,2.0,0
107.23660037566805,critical,0.0,0.7919122426127785,0.7919122426127785,2.0,0
107.38894224008385,emergency,0.0,1.0255029253980703,1.0255029253980703,4.0,0
107.39361790093952,routine,0.26517741171547016,0.7177220910631077,0.9828995027785778,24.0,0
107.58164220312558,emergency,0.0,0.6396923088485589,0.6396923088485589,4.0,0
108.44746463545486,seasonal,0.13185153260832294,0.4353805806418104,0.5672321132501333,12.0,0
107.92409498073178,routine,0.0,0.9736079806575129,0.9736079806575129,24.0,0
108.20120342686917,emergency,0.0,0.4353805806418104,0.4353805806418104,4.0,0
107.99371730935299,routine,0.0,0.6659438790168433,0.6659438790168433,24.0,0
107.98099251670635,emergency,0.0,0.668926378609784,0.668926378609784,4.0,0
108.30137120612011,critical,0.0,0.6659438790168433,0.6659438790168433,2.0,0
108.34033596201495,routine,0.2570697996946052,0.7177220910631077,0.9747918907577129,24.0,0
108.56668570112514,critical,0.0,0.7919122426127785,0.7919122426127785,2.0,0
109.19774754170025,emergency,0.0,0.4353805806418104,0.4353805806418104,4.0,0
108.47238222194424,routine,0.204181056612029,0.3513634158531591,0.5555444724651881,24.0,0
109.33903754685885,emergency,0.0,0.4353805806418104,0.4353805806418104,4.0,0
108.65558084862775,emergency,0.0,0.9736079806575129,0.9736079806575129,4.0,0
108.3484267567101,emergency,0.0,1.0255029253980703,1.0255029253980703,4.0,0
109.5620078055084,critical,0.0,0.3513634158531591,0.3513634158531591,2.0,0
108.66685324259825,routine,0.1986690382779841,0.6659438790168433,0.8646129172948274,24.0,0
109.0699989383037,emergency,0.0,0.7919122426127785,0.7919122426127785,4.0,0
109.34159358186949,emergency,0.0,0.3190807107927397,0.3190807107927397,4.0,0
109.13131814268289,emergency,0.0,1.0255029253980703,1.0255029253980703,4.0,0
108.9360493003493,seasonal,0.40178791965308847,0.6599100317467526,1.061697951399841,12.0,0
109.02104885856242,emergency,0.0,0.6659438790168433,0.6659438790168433,4.0,0
108.90253534740496,routine,0.759634163143275,0.7177220910631077,1.4773562542063827,24.0,0
109.02978957960212,seasonal,0.6039571909295063,0.7919122426127785,1.3958694335422848,12.0,0
109.79780552496231,emergency,0.0,0.3513634158531591,0.3513634158531591,4.0,0
110.38923902601336,emergency,0.0,0.3513634158531591,0.3513634158531591,4.0,0
109.82641410719333,emergency,0.0,1.0255029253980703,1.0255029253980703,4.0,0
109.03697423209695,routine,0.7744868119474262,0.7177220910631077,1.4922089030105339,24.0,0
109.95461163779254,emergency,0.0,0.6659438790168433,0.6659438790168433,4.0,0
110.1798408999033,emergency,0.0,0.668926378609784,0.668926378609784,4.0,0
110.71042744373615,critical,0.0,0.668926378609784,0.668926378609784,2.0,0
110.77028705077824,emergency,0.0,0.3513634158531591,0.3513634158531591,4.0,0
109.10058522715397,routine,0.9983906643329021,0.7919122426127785,1.7903029069456806,24.0,0
110.75657213748384,critical,0.0,0.3513634158531591,0.3513634158531591,2.0,0
109.13728274046404,routine,1.9748146926798995,0.3190807107927397,2.2938954034726393,24.0,0
110.14188692728482,seasonal,0.1497095212776287,1.0255029253980703,1.175212446675699,12.0,0
110.27027272815182,seasonal,0.6485770202386192,0.3513634158531591,0.9999404360917783,12.0,0
111.09182688921733,emergency,0.0,0.6659438790168433,0.6659438790168433,4.0,0
110.7766849056384,seasonal,0.26972624002937096,0.7919122426127785,1.0616384826421494,12.0,0
110.14985086659422,routine,1.0746229026913312,0.4353805806418104,1.5100034833331417,24.0,0
111.66744289274352,emergency,0.0,0.3513634158531591,0.3513634158531591,4.0,0
111.8248256916663,emergency,0.0,0.6599100317467526,0.6599100317467526,4.0,0
111.96053972120387,emergency,0.0,0.3190807107927397,0.3190807107927397,4.0,0
111.41268026398485,emergency,0.0,0.6659438790168433,0.6659438790168433,4.0,0
111.764665041504,seasonal,0.07204797818189945,0.3190807107927397,0.39112868897463915,12.0,0
112.25470986341567,emergency,0.0,0.3190807107927397,0.3190807107927397,4.0,0
112.20143464167256,emergency,0.0,0.6659438790168433,0.6659438790168433,4.0,0
111.8636504226589,seasonal,0.3846674022442187,0.7919122426127785,1.1765796448569972,12.0,0
112.12387261071288,seasonal,0.3617942634231923,0.3190807107927397,0.680874974215932,12.0,0
111.71000820878645,emergency,0.0,1.0255029253980703,1.0255029253980703,4.0,0
112.50348630757128,seasonal,0.2647764829022492,0.3190807107927397,0.5838571936949889,12.0,0
112.18988794361202,seasonal,0.3676568172027004,0.4353805806418104,0.8030373978445108,12.0,0
112.72998540464963,emergency,0.0,0.6659438790168433,0.6659438790168433,4.0,0
112.47629841792123,seasonal,0.13874919878482217,0.6599100317467526,0.7986592305315747,12.0,0
113.04546576713832,emergency,0.0,0.3513634158531591,0.3513634158531591,4.0,0
112.4234366917826,emergency,0.0,0.7919122426127785,0.7919122426127785,4.0,0
112.97114460775352,emergency,0.0,0.6599100317467526,0.6599100317467526,4.0,0
113.87555742187763,emergency,0.0,0.3190807107927397,0.3190807107927397,4.0,0
112.53873542845434,seasonal,0.4566440088099739,0.7177220910631077,1.1743660998730816,12.0,0
110.3180279783808,routine,3.527538855348098,0.6599100317467526,4.187448887094851,24.0,0
114.18072755326234,emergency,0.0,0.3513634158531591,0.3513634158531591,4.0,0
113.45573618102215,seasonal,0.22232951003533685,0.7919122426127785,1.0142417526481153,12.0,0
113.33734533614897,emergency,0.0,0.7919122426127785,0.7919122426127785,4.0,0
113.93583837557631,emergency,0.0,0.6599100317467526,0.6599100317467526,4.0,0
113.68356111546693,emergency,0.0,0.7919122426127785,0.7919122426127785,4.0,0
112.98826698911657,seasonal,0.5292438862265527,1.0255029253980703,1.554746811624623,12.0,0
114.27337495099069,emergency,0.0,0.4353805806418104,0.4353805806418104,4.0,0
110.48988180330227,routine,3.691199503001556,0.6599100317467526,4.351109534748309,24.0,0
114.39369773447477,emergency,0.0,0.6396923088485589,0.6396923088485589,4.0,0
110.61408750337564,routine,3.6946850188191718,0.6396923088485589,4.334377327667731,24.0,0
110.47013552148714,routine,3.562577045102273,1.0255029253980703,4.588079970500344,24.0,0
114.7149807257734,emergency,0.0,0.3190807107927397,0.3190807107927397,4.0,0
110.9596691247737,routine,4.2219258493950065,0.3513634158531591,4.573289265248166,24.0,0
114.56764863664398,emergency,0.0,0.4353805806418104,0.4353805806418104,4.0,0
114.84842560470697,emergency,0.0,0.3190807107927397,0.3190807107927397,4.0,0
114.18137393113481,emergency,0.0,0.9736079806575129,0.9736079806575129,4.0,0
115.19843088783482,critical,0.03087693850704909,0.3513634158531591,0.3822403543602082,2.0,0
114.90258263842884,seasonal,0.11833676705795426,0.7177220910631077,0.836058858121062,12.0,0
114.66147721454067,emergency,0.0,0.7919122426127785,0.7919122426127785,4.0,0
114.87325354348219,emergency,0.0,0.9736079806575129,0.9736079806575129,4.0,0
114.8579147679508,emergency,0.0,0.668926378609784,0.668926378609784,4.0,0
111.03349153997456,routine,4.24094318238879,0.668926378609784,4.909869560998574,24.0,0
115.35559844385219,emergency,0.13458294940127757,0.6396923088485589,0.7742752582498365,4.0,0
114.95408387429646,emergency,0.0,0.6396923088485589,0.6396923088485589,4.0,0
114.95740401996869,emergency,0.0,0.6396923088485589,0.6396923088485589,4.0,0
115.36077304427883,emergency,0.5405367867445534,0.3190807107927397,0.8596174975372931,4.0,0
115.24560973138449,emergency,0.0,0.4353805806418104,0.4353805806418104,4.0,0
115.18358342802166,emergency,0.04574771745991768,0.9736079806575129,1.0193556981174305,4.0,0
115.07466175250276,emergency,0.06066161377992785,0.6599100317467526,0.7205716455266804,4.0,0
110.8888354687299,routine,4.2281166266801335,0.9736079806575129,5.201724607337646,24.0,0
114.98027956961498,emergency,0.0,0.9736079806575129,0.9736079806575129,4.0,0
111.20071820372027,routine,4.7315266243338385,0.7919122426127785,5.523438866946617,24.0,0
112.03931373161325,routine,4.144052854616078,0.3190807107927397,4.463133565408818,24.0,0
115.92032418314594,emergency,0.5718258403429957,0.3190807107927397,0.8909065511357354,4.0,0
115.40405635704367,emergency,0.7844566189090472,0.3513634158531591,1.1358200347622063,4.0,0
111.41799720654986,routine,4.704039891447337,0.6659438790168433,5.369983770464181,24.0,0
115.3833642456317,seasonal,0.27368056054230294,0.9736079806575129,1.2472885411998158,12.0,0
115.42989131180519,emergency,0.7992305503450154,0.6659438790168433,1.4651744293618587,4.0,0
116.68341459931848,critical,0.0,0.668926378609784,0.668926378609784,2.0,0
112.09934487981296,routine,4.363857561975706,0.4353805806418104,4.799238142617517,24.0,0
115.56850801319068,emergency,0.7181834500688922,0.6659438790168433,1.3841273290857354,4.0,0
115.92370440526315,critical,0.2358705480829002,0.6599100317467526,0.8957805798296528,2.0,0
116.94187715451191,emergency,0.0,0.3190807107927397,0.3190807107927397,4.0,0
116.75523978735517,emergency,0.04119153945809728,0.6659438790168433,0.7071354184749405,4.0,0
112.30929687465036,routine,4.458722564809335,0.6659438790168433,5.124666443826179,24.0,0
115.80261466154059,emergency,0.6146838382463784,0.7177220910631077,1.332405929309486,4.0,0
116.79882691817967,emergency,0.11281623886935677,0.7177220910631077,0.8305383299324645,4.0,0
116.76398093833411,critical,0.019510242695488955,0.6659438790168433,0.6854541217123322,2.0,0
113.75426001728486,routine,3.726167425815021,0.6396923088485589,4.36585973466358,24.0,0
113.36530875901612,routine,3.9783786119773765,0.7919122426127785,4.770290854590155,24.0,0
113.3501482564339,routine,3.801820368569338,0.7177220910631077,4.519542459632445,24.0,0
117.28448751368228,emergency,0.0,0.7177220910631077,0.7177220910631077,4.0,0
117.60714871503403,emergency,0.0,0.7177220910631077,0.7177220910631077,4.0,0
116.27633823990608,emergency,0.35117513755940877,1.0255029253980703,1.376678062957479,4.0,0
117.81762746004155,emergency,0.0,0.6599100317467526,0.6599100317467526,4.0,0
117.57305289564822,emergency,0.0,0.6396923088485589,0.6396923088485589,4.0,0
117.94748420079851,emergency,0.0,0.4353805806418104,0.4353805806418104,4.0,0
115.08729523700109,routine,2.6590770417065954,0.6396923088485589,3.2987693505551543,24.0,0
115.17370027427866,routine,2.5862205532277898,0.668926378609784,3.2551469318375736,24.0,0
115.18214028045337,routine,2.843323816297314,0.4353805806418104,3.2787043969391245,24.0,0
118.28656823797952,emergency,0.0,0.6659438790168433,0.6659438790168433,4.0,0
118.3653306289027,emergency,0.0,0.6599100317467526,0.6599100317467526,4.0,0
118.62518158297847,emergency,0.0,0.3513634158531591,0.3513634158531591,4.0,0
118.67235146376893,critical,0.0,0.3190807107927397,0.3190807107927397,2.0,0
118.55351525216706,emergency,0.0,0.3190807107927397,0.3190807107927397,4.0,0
119.00400328264328,emergency,0.0,0.3190807107927397,0.3190807107927397,4.0,0
118.75271874179496,emergency,0.0,0.6599100317467526,0.6599100317467526,4.0,0
116.15402607857811,routine,2.7478334707004706,0.3190807107927397,3.0669141814932104,24.0,0
118.7935119009549,emergency,0.0,0.3190807107927397,0.3190807107927397,4.0,0
118.96626556170294,emergency,0.0,0.6396923088485589,0.6396923088485589,4.0,0
118.73445467180233,emergency,0.0,0.9736079806575129,0.9736079806575129,4.0,0
115.69900132787281,routine,2.568921618635173,1.0255029253980703,3.5944245440332434,24.0,0
116.08609463813656,routine,2.7770473511004354,0.668926378609784,3.4459737297102193,24.0,0
115.89891950147631,routine,2.886594966874682,0.9736079806575129,3.860202947532195,24.0,0
119.17829134860656,emergency,0.0,0.4353805806418104,0.4353805806418104,4.0,0
116.33416648859742,routine,2.936966802559567,0.3190807107927397,3.256047513352307,24.0,0
119.33012506172608,emergency,0.0,0.7177220910631077,0.7177220910631077,4.0,0
116.29628157014523,routine,2.9350277602922716,0.6396923088485589,3.5747200691408305,24.0,0
117.32022605685371,routine,2.2512175130879797,0.6659438790168433,2.917161392104823,24.0,0
117.73898856347304,routine,2.6626129891586032,0.6396923088485589,3.302305298007162,24.0,0
120.5431011523206,emergency,0.0,0.4353805806418104,0.4353805806418104,4.0,0
117.6104915180482,routine,2.68014851593216,0.6396923088485589,3.319840824780719,24.0,0
120.75472500614049,emergency,0.0,0.3513634158531591,0.3513634158531591,4.0,0
118.18812886594978,routine,2.5709894603224654,0.6599100317467526,3.2308994920692182,24.0,0
118.1479540887261,routine,2.599944194513128,0.6599100317467526,3.259854226259881,24.0,0
120.659674406382,emergency,0.0,0.9736079806575129,0.9736079806575129,4.0,0
121.38633716721245,emergency,0.0,0.3190807107927397,0.3190807107927397,4.0,0
119.55955080495438,routine,1.4008778052321844,0.6396923088485589,2.0405701140807433,24.0,0
120.92569387986742,emergency,0.0,0.6396923088485589,0.6396923088485589,4.0,0
121.95654062401016,seasonal,0.0,0.3190807107927397,0.3190807107927397,12.0,0
120.46968431477374,routine,0.7970279777418341,0.9736079806575129,1.770635958399347,24.0,0
120.76488658880022,routine,0.5146014731394217,0.7919122426127785,1.3065137157522002,24.0,0
122.70210770790003,emergency,0.0,0.3190807107927397,0.3190807107927397,4.0,0
123.94604953698823,seasonal,0.0,0.3513634158531591,0.3513634158531591,12.0,0
125.65610519116979,routine,0.0,0.6599100317467526,0.6599100317467526,24.0,0
126.56313816430178,routine,0.0,0.4353805806418104,0.4353805806418104,24.0,0
125.57661109850588,critical,0.0,1.0255029253980703,1.0255029253980703,2.0,0
126.14355372867595,seasonal,0.0,0.6659438790168433,0.6659438790168433,12.0,0
127.36579881274507,routine,0.0,0.3513634158531591,0.3513634158531591,24.0,0
128.05390118818755,emergency,0.0,0.3513634158531591,0.3513634158531591,4.0,0
127.62566831486656,seasonal,0.0,0.4353805806418104,0.4353805806418104,12.0,0
127.62852726811128,seasonal,0.0,0.6599100317467526,0.6599100317467526,12.0,0
128.07378171384678,routine,0.0,0.4353805806418104,0.4353805806418104,24.0,0
127.76200975327835,seasonal,0.0,0.6396923088485589,0.6396923088485589,12.0,0
127.63494379008995,seasonal,0.0,0.6599100317467526,0.6599100317467526,12.0,0
128.23193706689753,emergency,0.0,0.668926378609784,0.668926378609784,4.0,0
128.5013619587587,routine,0.0,0.3190807107927397,0.3190807107927397,24.0,0
128.54914490321153,emergency,0.0,0.3513634158531591,0.3513634158531591,4.0,0
129.1577707894395,emergency,0.0,0.3513634158531591,0.3513634158531591,4.0,0
128.78131238959259,critical,0.0,0.6659438790168433,0.6659438790168433,2.0,0
128.5961702658889,seasonal,0.0,0.6659438790168433,0.6659438790168433,12.0,0
128.93184032726046,seasonal,0.2570981418012366,0.4353805806418104,0.692478722443047,12.0,0
128.69697688715118,emergency,0.0,0.6659438790168433,0.6659438790168433,4.0,0
128.9386094982406,emergency,0.0,0.6599100317467526,0.6599100317467526,4.0,0
129.09392673358278,emergency,0.0,0.4353805806418104,0.4353805806418104,4.0,0
128.78933204525123,routine,0.560104732996848,0.6599100317467526,1.2200147647436006,24.0,0
129.03627045875965,seasonal,0.2980616204408477,0.7919122426127785,1.0899738630536262,12.0,0
129.24050248734093,emergency,0.0,0.7177220910631077,0.7177220910631077,4.0,0
129.49555887290222,routine,0.17598724871768923,0.668926378609784,0.8449136273274732,24.0,0
129.05045509251545,critical,0.0,0.6396923088485589,0.6396923088485589,2.0,0
129.8025953950554,critical,0.0,0.3190807107927397,0.3190807107927397,2.0,0
128.84140079098287,routine,0.6259976799716753,0.6396923088485589,1.2656899888202342,24.0,0
129.57396526629577,emergency,0.0,0.6659438790168433,0.6659438790168433,4.0,0
129.1274951404996,emergency,0.0,0.6599100317467526,0.6599100317467526,4.0,0
129.47348518397172,emergency,0.0,0.7919122426127785,0.7919122426127785,4.0,0
129.715308327319,emergency,0.0,0.4353805806418104,0.4353805806418104,4.0,0
129.80938913007878,emergency,0.0,0.7919122426127785,0.7919122426127785,4.0,0
129.4003107009363,emergency,0.0,0.7177220910631077,0.7177220910631077,4.0,0
130.05353720183558,emergency,0.0,0.3190807107927397,0.3190807107927397,4.0,0
130.17558573669922,emergency,0.0,0.7177220910631077,0.7177220910631077,4.0,0
130.5562056548284,emergency,0.0,0.668926378609784,0.668926378609784,4.0,0
129.87430185141912,routine,0.0,1.0255029253980703,1.0255029253980703,24.0,0
130.3094387395914,seasonal,0.05281468723319449,0.6599100317467526,0.712724718979947,12.0,0
130.3560718237712,routine,0.42690732905404616,0.3190807107927397,0.7459880398467859,24.0,0
130.35226159106614,routine,0.4279340605283153,0.3513634158531591,0.7792974763814744,24.0,0
129.93339879639026,seasonal,0.3531307879355552,0.9736079806575129,1.326738768593068,12.0,0
130.4408191592967,emergency,0.0,0.6396923088485589,0.6396923088485589,4.0,0
130.96092366760223,routine,0.013875957405900863,0.6659438790168433,0.6798198364227441,24.0,0
131.2301451057182,emergency,0.0,0.7919122426127785,0.7919122426127785,4.0,0
131.14176698355885,critical,0.0,0.6659438790168433,0.6659438790168433,2.0,0
130.99934639341845,emergency,0.0,0.7177220910631077,0.7177220910631077,4.0,0
131.70060434759228,seasonal,0.18269306957057552,0.4353805806418104,0.6180736502123859,12.0,0
131.1909073465813,routine,0.0,0.7177220910631077,0.7177220910631077,24.0,0
131.44998691015002,emergency,0.0,0.7919122426127785,0.7919122426127785,4.0,0
131.56742478982187,emergency,0.0,0.6599100317467526,0.6599100317467526,4.0,0
131.57488869170666,emergency,0.0,0.7177220910631077,0.7177220910631077,4.0,0
131.99887800238713,seasonal,0.15253119955281136,0.3513634158531591,0.5038946154059705,12.0,0
132.24997484906635,emergency,0.0,0.6659438790168433,0.6659438790168433,4.0,0
131.94437223217324,seasonal,0.07549801382398869,0.6599100317467526,0.7354080455707412,12.0,0
132.26684554578063,critical,0.0,0.9736079806575129,0.9736079806575129,2.0,0
131.2958435654262,routine,0.9155729290874604,0.6599100317467526,1.575482960834213,24.0,0
132.71400899173653,emergency,0.0,0.6396923088485589,0.6396923088485589,4.0,0
132.21794232736463,seasonal,0.04983306554404976,1.0255029253980703,1.07533599094212,12.0,0
132.07707948383026,critical,0.0,0.9736079806575129,0.9736079806575129,2.0,0
131.72902923787473,routine,0.7363810491522997,0.6396923088485589,1.3760733580008586,24.0,0
133.2693038916554,emergency,0.0,0.6599100317467526,0.6599100317467526,4.0,0
133.25015473354372,emergency,0.0,0.4353805806418104,0.4353805806418104,4.0,0
133.0894482052429,emergency,0.0,0.4353805806418104,0.4353805806418104,4.0,0
132.8475360241216,emergency,0.0,0.7177220910631077,0.7177220910631077,4.0,0
133.18685296406196,emergency,0.0,0.6396923088485589,0.6396923088485589,4.0,0
132.64236077311656,seasonal,0.5459774298794002,0.6659438790168433,1.2119213088962435,12.0,0
133.5214838450136,emergency,0.0,0.668926378609784,0.668926378609784,4.0,0
132.09381529469553,routine,1.5122544211870945,0.7177220910631077,2.229976512250202,24.0,0
132.86804582683752,seasonal,0.37604504438527897,0.7919122426127785,1.1679572869980575,12.0,0
134.0495832613482,emergency,0.0,0.3190807107927397,0.3190807107927397,4.0,0
133.77149579769556,emergency,0.0,0.7177220910631077,0.7177220910631077,4.0,0
133.63381426842616,emergency,0.0,0.6659438790168433,0.6659438790168433,4.0,0
134.05922736007588,seasonal,0.0933824403266783,0.6659438790168433,0.7593263193435216,12.0,0
134.23835200897233,critical,0.0,0.4353805806418104,0.4353805806418104,2.0,0
132.48801948211613,routine,1.284854123098654,0.6659438790168433,1.9507980021154974,24.0,0
133.9536632761609,emergency,0.0,0.6396923088485589,0.6396923088485589,4.0,0
134.84356068867106,emergency,0.0,0.3190807107927397,0.3190807107927397,4.0,0
134.35186714854805,critical,0.0,0.6659438790168433,0.6659438790168433,2.0,0
134.26491565935834,seasonal,0.22036825707968433,0.6599100317467526,0.8802782888264369,12.0,0
134.363100286559,emergency,0.0,0.7919122426127785,0.7919122426127785,4.0,0
134.96850192246802,seasonal,0.21816693528487008,0.3513634158531591,0.5695303511380292,12.0,0
134.3643946353837,seasonal,0.7416709547275673,0.3190807107927397,1.060751665520307,12.0,0
135.1794423054946,emergency,0.0,0.4353805806418104,0.4353805806418104,4.0,0
133.80189784763644,seasonal,0.2753628447642882,1.0255029253980703,1.3008657701623585,12.0,0
134.58053145114664,emergency,0.0,0.9736079806575129,0.9736079806575129,4.0,0
135.23391604875673,critical,0.0,0.3513634158531591,0.3513634158531591,2.0,0
135.20419106258223,emergency,0.0,0.668926378609784,0.668926378609784,4.0,0
133.9185279809174,routine,1.6611695957654433,0.3190807107927397,1.9802503065581831,24.0,0
135.47220750446982,seasonal,0.003986371347679096,0.6659438790168433,0.6699302503645224,12.0,0
134.36021356247903,seasonal,0.5722769268395496,0.9736079806575129,1.5458849074970624,12.0,0
135.84672232905692,emergency,0.0,0.3190807107927397,0.3190807107927397,4.0,0
135.58143106573854,emergency,0.0,0.4353805806418104,0.4353805806418104,4.0,0
135.8476349235822,emergency,0.0,0.3513634158531591,0.3513634158531591,4.0,0
135.86090870068202,emergency,0.0,0.668926378609784,0.668926378609784,4.0,0
135.98328828637113,seasonal,0.07637043358070628,0.6599100317467526,0.7362804653274588,12.0,0
134.8557666612228,routine,1.4946589494653892,0.4353805806418104,1.9300395301071998,24.0,0
135.40564415307503,emergency,0.0,0.9736079806575129,0.9736079806575129,4.0,0
134.59987221127616,routine,1.6378350535624406,0.6599100317467526,2.2977450853091934,24.0,0
136.54776660853196,emergency,0.0,0.3190807107927397,0.3190807107927397,4.0,0
136.40754378602296,critical,0.0,0.6659438790168433,0.6659438790168433,2.0,0
134.29805124662158,routine,1.896205011210185,0.3513634158531591,2.247568427063344,24.0,0
136.63538008932693,seasonal,0.17670238690286055,0.3190807107927397,0.49578309769560025,12.0,0
135.9809629239871,critical,0.0,0.9736079806575129,0.9736079806575129,2.0,0
136.4163413634273,emergency,0.0,0.6396923088485589,0.6396923088485589,4.0,0
136.26023769584233,emergency,0.0,0.6659438790168433,0.6659438790168433,4.0,0
136.74740182466343,emergency,0.0,0.668926378609784,0.668926378609784,4.0,0
136.11705954255555,emergency,0.0,0.7177220910631077,0.7177220910631077,4.0,0
136.80130998619674,emergency,0.010418558320708371,0.668926378609784,0.6793449369304924,4.0,0
136.5532247986451,emergency,0.0,0.7919122426127785,0.7919122426127785,4.0,0
135.05733311531526,routine,1.8892807034742702,0.3513634158531591,2.2406441193274294,24.0,0
135.38621478387358,routine,1.9473064254584642,0.3513634158531591,2.2986698413116233,24.0,0
137.15707961836142,emergency,0.10921472725706849,0.3190807107927397,0.4282954380498082,4.0,0
136.93904181995308,emergency,0.01585108529320678,0.6396923088485589,0.6555433941417657,4.0,0
136.36331718033014,emergency,0.0,1.0255029253980703,1.0255029253980703,4.0,0
137.35347426911042,emergency,0.32254808487164155,0.3190807107927397,0.6416287956643812,4.0,0
137.58320743487045,seasonal,0.0008732026909683555,0.3190807107927397,0.31995391348370805,12.0,0
137.21874086679892,emergency,0.04856808065855489,0.3513634158531591,0.399931496511714,4.0,0
137.5222000250488,critical,0.032709674737475325,0.3513634158531591,0.38407309059063444,2.0,0
134.86677947054153,routine,2.0679025015842285,0.668926378609784,2.7368288801940124,24.0,0
136.97403786592074,emergency,0.12570281690176444,1.0255029253980703,1.1512057422998347,4.0,0
136.69539991495463,emergency,0.0,1.0255029253980703,1.0255029253980703,4.0,0
137.23947629729295,emergency,0.41311560623668697,0.6396923088485589,1.0528079150852458,4.0,0
137.67141937421883,seasonal,0.1237932470333476,0.3190807107927397,0.4428739578260873,12.0,0
137.57155892646233,emergency,0.6731990092374645,0.3190807107927397,0.9922797200302041,4.0,0
136.0608803456417,routine,1.790591268828905,0.4353805806418104,2.2259718494707155,24.0,0
135.79695205090277,routine,1.6871874178990822,0.668926378609784,2.356113796508866,24.0,0
137.518480489922,emergency,0.5162689850405116,0.3513634158531591,0.8676324008936707,4.0,0
137.77381576245048,emergency,0.4981489700788302,0.6659438790168433,1.1640928490956735,4.0,0
137.4299816361233,emergency,0.5838857035590763,0.6599100317467526,1.2437957353058289,4.0,0
136.1197359654289,routine,2.2064193785521695,0.7919122426127785,2.9983316211649482,24.0,0
137.35376244283876,emergency,0.5074260567819238,0.6396923088485589,1.1471183656304826,4.0,0
138.11942590926225,emergency,0.6034946230226694,0.3513634158531591,0.9548580388758285,4.0,0
137.91154366868943,emergency,0.6323617770194403,0.6599100317467526,1.2922718087661929,4.0,0
136.17277419617548,routine,2.201256061620086,0.6659438790168433,2.867199940636929,24.0,0
138.19584152021346,critical,0.0182089221856927,0.7177220910631077,0.7359310132488004,2.0,0
138.60645446476354,emergency,0.39262013139972396,0.3190807107927397,0.7117008421924637,4.0,0
139.0204491433692,seasonal,0.043734064653506266,0.3190807107927397,0.36281477544624596,12.0,0
137.41633151908138,emergency,0.5878567789657438,0.9736079806575129,1.5614647596232567,4.0,0
138.37604861873137,emergency,0.43836786043092957,0.6659438790168433,1.1043117394477728,4.0,0
137.8224623489266,emergency,0.7166642870467967,0.7177220910631077,1.4343863781099044,4.0,0
138.41774636691574,emergency,0.470477796281898,0.4353805806418104,0.9058583769237084,4.0,0
137.1088100118968,routine,1.8901503212803163,0.3513634158531591,2.2415137371334755,24.0,0
137.21521791345756,routine,2.128626500986428,0.4353805806418104,2.5640070816282385,24.0,0
138.6140728067795,emergency,0.38729913890662715,0.3513634158531591,0.7386625547597863,4.0,0
138.49325168794564,emergency,0.4703466379383485,1.0255029253980703,1.4958495633364188,4.0,0
138.73847035944186,emergency,0.2885191746540272,0.7177220910631077,1.006241265717135,4.0,0
139.84713008865234,critical,0.0,0.3190807107927397,0.3190807107927397,2.0,0
137.29979594289824,routine,2.517922265680113,0.3190807107927397,2.837002976472853,24.0,0
136.4573424999069,routine,2.4020808940046834,1.0255029253980703,3.427583819402754,24.0,0
139.39077162740276,seasonal,0.1045754516066495,0.668926378609784,0.7735018302164335,12.0,0
139.29750108618438,critical,0.2590675393616664,0.668926378609784,0.9279939179714504,2.0,0
139.21009080376825,emergency,0.5800683719934909,0.668926378609784,1.2489947506032748,4.0,0
139.87480860817138,emergency,0.0,0.6599100317467526,0.6599100317467526,4.0,0
138.8535724947559,emergency,0.326661449329265,1.0255029253980703,1.3521643747273353,4.0,0
139.1073028989263,emergency,0.6459030263493446,0.3513634158531591,0.9972664422025037,4.0,0
137.81966858092315,routine,2.536702635193649,0.4353805806418104,2.9720832158354593,24.0,0
137.3860725040253,routine,2.579023394472557,0.3190807107927397,2.898104105265297,24.0,0
140.47556102964185,critical,0.0,0.4353805806418104,0.4353805806418104,2.0,0
137.98235329094243,routine,2.5124842926887823,0.3513634158531591,2.8638477085419414,24.0,0
137.78831789657758,routine,2.3292869953542947,1.0255029253980703,3.3547899207523653,24.0,0
138.1527220504769,routine,3.054302330542555,0.6396923088485589,3.693994639391114,24.0,0
140.62575585821955,seasonal,0.5388420966386036,0.4353805806418104,0.974222677280414,12.0,0
141.12049435233558,critical,0.0,0.3190807107927397,0.3190807107927397,2.0,0
140.98230296803933,critical,0.0,0.668926378609784,0.668926378609784,2.0,0
140.6209818723106,seasonal,0.2901597348712244,1.0255029253980703,1.3156626602692947,12.0,0
138.2765638867211,routine,3.29049732879713,0.6659438790168433,3.9564412078139735,24.0,0
138.93833679015808,routine,2.81301947683059,0.6659438790168433,3.478963355847433,24.0,0
138.77980444959198,routine,2.806556613124684,0.668926378609784,3.475482991734468,24.0,0
141.86544918438975,emergency,0.0,0.6659438790168433,0.6659438790168433,4.0,0
141.81385320119128,seasonal,0.13714188705733932,0.9736079806575129,1.1107498677148522,12.0,0
139.14880437813756,routine,3.4264276687668485,0.7177220910631077,4.144149759829956,24.0,0
141.90793151830778,seasonal,0.6657881087124906,0.6599100317467526,1.3256981404592432,12.0,0
142.5971138793321,emergency,0.0,0.6599100317467526,0.6599100317467526,4.0,0
142.75687127663173,seasonal,0.09481779691938641,0.7177220910631077,0.8125398879824941,12.0,0
143.05349419483554,emergency,0.0,0.7919122426127785,0.7919122426127785,4.0,0
140.2728933002238,routine,3.120605536565762,0.668926378609784,3.7895319151755458,24.0,0
142.9607671584934,seasonal,0.29244103131094334,0.668926378609784,0.9613674099207273,12.0,0
140.83807021528315,routine,2.7952562556497185,0.7919122426127785,3.587168498262497,24.0,0
143.22355119861126,emergency,0.0,0.6659438790168433,0.6659438790168433,4.0,0
140.48044997372943,routine,3.072299775728709,0.7919122426127785,3.8642120183414876,24.0,0
144.30433202203943,critical,0.0,0.4353805806418104,0.4353805806418104,2.0,0
143.69088919373914,emergency,0.0,0.4353805806418104,0.4353805806418104,4.0,0
140.91696873114216,routine,3.0376233810123665,0.7177220910631077,3.755345472075474,24.0,0
141.1789396303504,routine,3.258096859412973,0.6396923088485589,3.8977891682615318,24.0,0
141.75368648290848,routine,2.8314495990813953,0.7177220910631077,3.5491716901445027,24.0,0
144.93942290739926,emergency,0.0,0.3513634158531591,0.3513634158531591,4.0,0
145.20899969798128,routine,0.0,0.7919122426127785,0.7919122426127785,24.0,0
142.73121089319238,routine,2.191596610039511,1.0255029253980703,3.2170995354375815,24.0,0
145.39239751581525,routine,0.0,1.0255029253980703,1.0255029253980703,24.0,0
146.25043437458598,routine,0.0,0.6659438790168433,0.6659438790168433,24.0,0
146.2946021188176,routine,0.0,0.6599100317467526,0.6599100317467526,24.0,0
146.77205246410657,seasonal,0.0,0.4353805806418104,0.4353805806418104,12.0,0
147.29187345491823,routine,0.0,0.668926378609784,0.668926378609784,24.0,0
148.40923798028624,emergency,0.0,0.4353805806418104,0.4353805806418104,4.0,0
148.40894032647006,seasonal,0.0,0.7177220910631077,0.7177220910631077,12.0,0
149.89928325355416,routine,0.0,0.3190807107927397,0.3190807107927397,24.0,0
150.46659528137477,routine,0.0,0.4353805806418104,0.4353805806418104,24.0,0
150.34334927154634,critical,0.0,0.6659438790168433,0.6659438790168433,2.0,0
150.45142301728671,emergency,0.0,0.6396923088485589,0.6396923088485589,4.0,0
150.5889365084438,emergency,0.0,0.9736079806575129,0.9736079806575129,4.0,0
150.8650067954282,emergency,0.0,0.4353805806418104,0.4353805806418104,4.0,0
151.16922593558772,emergency,0.0,0.3513634158531591,0.3513634158531591,4.0,0
150.27352441946925,emergency,0.0,1.0255029253980703,1.0255029253980703,4.0,0
151.5486058286274,emergency,0.0,0.3513634158531591,0.3513634158531591,4.0,0
151.38975045078953,emergency,0.0,0.3190807107927397,0.3190807107927397,4.0,0
152.13706761363687,emergency,0.0,0.7919122426127785,0.7919122426127785,4.0,0
151.8701755605273,seasonal,0.0,0.7919122426127785,0.7919122426127785,12.0,0
151.48966560169174,routine,0.0,1.0255029253980703,1.0255029253980703,24.0,0
152.07936455246687,routine,0.0,0.3513634158531591,0.3513634158531591,24.0,0
152.7876273888178,emergency,0.0,0.6599100317467526,0.6599100317467526,4.0,0
152.57938010864825,routine,0.0,0.6659438790168433,0.6659438790168433,24.0,0
152.88726234219098,routine,0.0,0.6599100317467526,0.6599100317467526,24.0,0
152.94591978332744,critical,0.0,0.3190807107927397,0.3190807107927397,2.0,0
152.84672765222888,routine,0.0,0.3513634158531591,0.3513634158531591,24.0,0
152.96433208113027,emergency,0.0,0.6659438790168433,0.6659438790168433,4.0,0
152.94084376541306,seasonal,0.0,0.6599100317467526,0.6599100317467526,12.0,0
153.48530546476002,seasonal,0.3275533670465052,0.3190807107927397,0.6466340778392449,12.0,0
152.95253821809501,seasonal,0.7508349656297071,0.6659438790168433,1.4167788446465504,12.0,0
153.90964119458056,critical,0.0,0.6599100317467526,0.6599100317467526,2.0,0
153.89377748673266,seasonal,0.1998199208013034,0.668926378609784,0.8687462994110874,12.0,0
153.9163730816016,critical,0.0,0.6599100317467526,0.6599100317467526,2.0,0
153.85909242051113,routine,0.0,0.7177220910631077,0.7177220910631077,24.0,0
154.28463027253923,critical,0.0,0.668926378609784,0.668926378609784,2.0,0
154.1662726615243,routine,0.22728857700261074,0.4353805806418104,0.6626691576444211,24.0,0
154.26964746761817,emergency,0.0,0.6659438790168433,0.6659438790168433,4.0,0
154.80251180771202,routine,0.0,0.6659438790168433,0.6659438790168433,24.0,0
153.9824431319666,routine,0.21263881185856803,0.6599100317467526,0.8725488436053206,24.0,0
154.75990661088213,emergency,0.0,0.4353805806418104,0.4353805806418104,4.0,0
154.68151661920874,emergency,0.0,0.4353805806418104,0.4353805806418104,4.0,0
154.8585811890177,seasonal,0.5143375215018864,0.3513634158531591,0.8657009373550455,12.0,0
154.92276768455136,emergency,0.0,0.4353805806418104,0.4353805806418104,4.0,0
154.85936394032515,seasonal,0.6002939540555303,0.4353805806418104,1.0356745346973408,12.0,0
155.4235646351086,routine,0.46007630367739694,0.4353805806418104,0.8954568843192073,24.0,0
155.5842368417733,emergency,0.0,0.3513634158531591,0.3513634158531591,4.0,0
155.18082493137183,emergency,0.0,1.0255029253980703,1.0255029253980703,4.0,0
155.37938481750047,emergency,0.0,0.4353805806418104,0.4353805806418104,4.0,0
155.5152569974557,emergency,0.0,0.4353805806418104,0.4353805806418104,4.0,0
155.69922187891905,emergency,0.0,0.7919122426127785,0.7919122426127785,4.0,0
155.37078790726636,emergency,0.0,0.6599100317467526,0.6599100317467526,4.0,0
155.46266219701477,seasonal,0.24658813043143368,0.668926378609784,0.9155145090412177,12.0,0
155.8971068771553,seasonal,0.19160531975620643,0.668926378609784,0.8605316983659904,12.0,0
156.2463311182315,critical,0.0,0.7177220910631077,0.7177220910631077,2.0,0
155.56256164745338,routine,0.6913459525470955,0.4353805806418104,1.126726533188906,24.0,0
156.13311377237693,critical,0.0,0.6599100317467526,0.6599100317467526,2.0,0
156.35083172208283,critical,0.0,0.4353805806418104,0.4353805806418104,2.0,0
156.08967736280198,emergency,0.0,0.6599100317467526,0.6599100317467526,4.0,0
156.46897229270652,routine,0.0,0.6396923088485589,0.6396923088485589,24.0,0
156.5422777233684,emergency,0.0,0.6659438790168433,0.6659438790168433,4.0,0
156.7827646783267,routine,0.1662256348837161,0.3513634158531591,0.5175890507368752,24.0,0
157.31823408474156,emergency,0.0,0.3513634158531591,0.3513634158531591,4.0,0
156.18003827064112,seasonal,0.06460745287270697,1.0255029253980703,1.0901103782707773,12.0,0
156.68693669464457,routine,0.1428024814316302,1.0255029253980703,1.1683054068297005,24.0,0
157.30521535247982,critical,0.0,0.3190807107927397,0.3190807107927397,2.0,0
157.50875228992638,emergency,0.0,0.4353805806418104,0.4353805806418104,4.0,0
157.99211119302856,seasonal,0.132592033067084,0.3190807107927397,0.4516727438598237,12.0,0
157.25072877733348,seasonal,0.3570576510154524,0.6599100317467526,1.016967682762205,12.0,0
158.19554294692676,emergency,0.0,0.3513634158531591,0.3513634158531591,4.0,0
157.9939751457164,emergency,0.0,0.6599100317467526,0.6599100317467526,4.0,0
158.27587874917992,emergency,0.0,0.3190807107927397,0.3190807107927397,4.0,0
157.31302663661296,seasonal,0.34230504753011815,0.6659438790168433,1.0082489265469614,12.0,0
157.66363012990846,seasonal,0.16374748996787503,1.0255029253980703,1.1892504153659453,12.0,0
158.4850903023082,emergency,0.0,0.4353805806418104,0.4353805806418104,4.0,0
158.53746133706252,emergency,0.0,0.6659438790168433,0.6659438790168433,4.0,0
158.01975002619022,seasonal,0.26732047562151706,0.6659438790168433,0.9332643546383603,12.0,0
158.06391340527927,emergency,0.0,0.668926378609784,0.668926378609784,4.0,0
157.11753531605822,routine,1.3463024069563119,0.6659438790168433,2.012246285973155,24.0,0
157.79010311392685,emergency,0.0,1.0255029253980703,1.0255029253980703,4.0,0
158.05295696436974,emergency,0.0,0.9736079806575129,0.9736079806575129,4.0,0
158.32449733513744,emergency,0.0,0.9736079806575129,0.9736079806575129,4.0,0
158.73348956708276,emergency,0.0,0.7919122426127785,0.7919122426127785,4.0,0
159.1884002747757,critical,0.0,0.4353805806418104,0.4353805806418104,2.0,0
158.58745373249832,seasonal,0.048747485285417724,0.7919122426127785,0.8406597278981962,12.0,0
158.40292921865412,emergency,0.0,1.0255029253980703,1.0255029253980703,4.0,0
158.9677740421423,emergency,0.0,0.3513634158531591,0.3513634158531591,4.0,0
159.4718545707397,seasonal,0.13992172423198213,0.3513634158531591,0.49128514008514124,12.0,0
159.31455063685357,seasonal,0.13256725401652147,0.6599100317467526,0.792477285763274,12.0,0
159.05089831309152,emergency,0.0,0.7919122426127785,0.7919122426127785,4.0,0
158.6088329680351,seasonal,0.7548315343731531,0.7177220910631077,1.4725536254362608,12.0,0
157.86303275444774,routine,1.7888382041607258,0.6396923088485589,2.4285305130092847,24.0,0
159.41430682686288,emergency,0.0,0.6659438790168433,0.6659438790168433,4.0,0
159.67765387818852,seasonal,0.37380701773037117,0.6659438790168433,1.0397508967472144,12.0,0
159.42451784188904,emergency,0.0,0.6396923088485589,0.6396923088485589,4.0,0
158.3314712431734,routine,1.9655312460058951,0.3190807107927397,2.284611956798635,24.0,0
160.14768217811238,emergency,0.0,0.6599100317467526,0.6599100317467526,4.0,0
160.22987746578076,critical,0.0,0.3513634158531591,0.3513634158531591,2.0,0
159.84628530709244,seasonal,0.29056431683582673,0.9736079806575129,1.2641722974933396,12.0,0
160.5333558930287,emergency,0.0,0.6599100317467526,0.6599100317467526,4.0,0
160.685742226754,emergency,0.0,0.6659438790168433,0.6659438790168433,4.0,0
160.1950487690219,emergency,0.0,0.6659438790168433,0.6659438790168433,4.0,0
160.61820916213628,seasonal,0.07710779962746983,0.6659438790168433,0.7430516786443131,12.0,0
160.0335816628998,emergency,0.0,1.0255029253980703,1.0255029253980703,4.0,0
160.0390967521005,emergency,0.0,1.0255029253980703,1.0255029253980703,4.0,0
160.73272994145918,critical,0.0,0.9736079806575129,0.9736079806575129,2.0,0
159.00916423353743,routine,2.2870739595031466,0.4353805806418104,2.722454540144957,24.0,0
158.33270567991747,routine,2.400469942851089,0.6599100317467526,3.0603799745978417,24.0,0
161.09024808411021,seasonal,0.06589534253805596,0.3190807107927397,0.38497605333079565,12.0,0
159.95456575731706,routine,2.3214098660124307,0.3513634158531591,2.67277328186559,24.0,0
159.44769590214636,routine,2.0147932285574655,0.6396923088485589,2.6544855374060243,24.0,0
161.68749189486945,emergency,0.0,0.9736079806575129,0.9736079806575129,4.0,0
161.5030936443087,seasonal,0.27324059313551174,1.0255029253980703,1.298743518533582,12.0,0
162.08300542573045,critical,0.0,0.668926378609784,0.668926378609784,2.0,0
159.01650145093348,routine,2.380880371677762,1.0255029253980703,3.4063832970758323,24.0,0
162.71524284180168,emergency,0.0,0.3190807107927397,0.3190807107927397,4.0,0
162.55521518293725,critical,0.0,0.668926378609784,0.668926378609784,2.0,0
160.33796881886428,routine,2.3364840489410312,0.4353805806418104,2.7718646295828417,24.0,0
162.4388538359409,emergency,0.0,0.6659438790168433,0.6659438790168433,4.0,0
162.46005337003825,emergency,0.0,0.3190807107927397,0.3190807107927397,4.0,0
162.64198174186868,emergency,0.0,0.6396923088485589,0.6396923088485589,4.0,0
162.5090409647844,emergency,0.0,0.6396923088485589,0.6396923088485589,4.0,0
160.43345637074003,routine,2.3578681005841133,0.7919122426127785,3.149780343196892,24.0,0
162.83284706646026,critical,0.0,0.3513634158531591,0.3513634158531591,2.0,0
160.4801625163911,routine,2.3394592984424207,0.668926378609784,3.0083856770522046,24.0,0
162.8358916292674,critical,0.0,0.7919122426127785,0.7919122426127785,2.0,0
162.5856441686795,emergency,0.0,0.6396923088485589,0.6396923088485589,4.0,0
163.47075353096005,emergency,0.10715848231572522,0.3513634158531591,0.45852189816888433,4.0,0
162.89505104023635,emergency,0.0,0.7919122426127785,0.7919122426127785,4.0,0
163.43531441738725,emergency,0.0,0.6659438790168433,0.6659438790168433,4.0,0
160.6924300507126,routine,2.5425979741850426,0.6599100317467526,3.2025080059317954,24.0,0
163.19407591119975,emergency,0.0,0.6396923088485589,0.6396923088485589,4.0,0
162.929105522324,emergency,0.0,0.9736079806575129,0.9736079806575129,4.0,0
163.11958936772177,seasonal,0.1079201635224365,0.7919122426127785,0.899832406135215,12.0,0
163.3374008071507,seasonal,0.1825803320681132,1.0255029253980703,1.2080832574661835,12.0,0
163.5505456400648,emergency,0.35984642750884177,0.6659438790168433,1.025790306525685,4.0,0
163.4499781115425,emergency,0.0,1.0255029253980703,1.0255029253980703,4.0,0
163.92364971032782,seasonal,0.3855022367649781,0.4353805806418104,0.8208828174067885,12.0,0
163.31277433947764,emergency,0.0,0.9736079806575129,0.9736079806575129,4.0,0
163.37280389158428,seasonal,0.3975802566238542,1.0255029253980703,1.4230831820219245,12.0,0
164.24788715405222,emergency,0.0,0.668926378609784,0.668926378609784,4.0,0
164.43920389093975,emergency,0.017903673065092107,0.3190807107927397,0.3369843838578318,4.0,0
163.81945727825521,emergency,0.2467210844955332,0.6659438790168433,0.9126649635123765,4.0,0
164.214896132592,emergency,0.0,0.4353805806418104,0.4353805806418104,4.0,0
164.01621120086241,seasonal,0.4842501556236698,0.668926378609784,1.1531765342334537,12.0,0
163.90823049045545,seasonal,0.17147221166385407,0.668926378609784,0.8403985902736381,12.0,0
164.3782986822657,emergency,0.0,0.9736079806575129,0.9736079806575129,4.0,0
164.40500111494842,critical,0.0,0.6659438790168433,0.6659438790168433,2.0,0
161.47224750464912,routine,4.054982867835093,0.3513634158531591,4.4063462836882525,24.0,0
161.34219833427704,routine,3.9504552369340047,0.6396923088485589,4.590147545782564,24.0,0
160.8329684145833,routine,4.023976403842994,0.6396923088485589,4.663668712691553,24.0,0
161.45978659058872,routine,4.002990610949439,0.3190807107927397,4.322071321742179,24.0,0
161.11683111777396,routine,4.098815661272795,0.7919122426127785,4.8907279038855735,24.0,0
162.1601558563397,routine,3.8279887066522065,0.6659438790168433,4.49393258566905,24.0,0
165.78539885797016,emergency,0.0,0.7919122426127785,0.7919122426127785,4.0,0
166.08499859411563,emergency,0.0,0.3190807107927397,0.3190807107927397,4.0,0
163.66123825750992,routine,3.039545450617709,0.4353805806418104,3.4749260312595194,24.0,0
163.80047783703483,routine,2.947869707517185,0.3513634158531591,3.2992331233703442,24.0,0
162.96110547707073,routine,3.162942871676819,1.0255029253980703,4.188445797074889,24.0,0
167.24636947990666,emergency,0.0,0.3190807107927397,0.3190807107927397,4.0,0
163.47358824004527,routine,3.0520040168561593,0.6599100317467526,3.711914048602912,24.0,0
166.6590368358505,emergency,0.0,0.7919122426127785,0.7919122426127785,4.0,0
166.26486520975337,emergency,0.0,0.6599100317467526,0.6599100317467526,4.0,0
163.86320594983414,routine,3.0812396537753273,0.6659438790168433,3.7471835327921705,24.0,0
167.263825890433,critical,0.0,0.4353805806418104,0.4353805806418104,2.0,0
166.9918282011393,emergency,0.0,0.6659438790168433,0.6659438790168433,4.0,0
167.02915026421584,critical,0.0,0.7919122426127785,0.7919122426127785,2.0,0
167.4258410165189,seasonal,0.08420773844807172,0.7919122426127785,0.8761199810608502,12.0,0
164.0600234988561,routine,3.7069000575466475,0.3190807107927397,4.025980768339387,24.0,0
167.57296754540138,emergency,0.0,0.3513634158531591,0.3513634158531591,4.0,0
163.95870582398283,routine,3.3265514839080197,0.6396923088485589,3.9662437927565786,24.0,0
167.68034567193308,emergency,0.0,0.9736079806575129,0.9736079806575129,4.0,0
164.4983401180932,routine,3.6109009528154843,0.3513634158531591,3.9622643686686434,24.0,0
164.71949586314878,routine,3.4622925432740317,0.9736079806575129,4.4359005239315445,24.0,0
168.11487955591775,emergency,0.0,0.668926378609784,0.668926378609784,4.0,0
167.1732268419455,routine,1.1208404420681006,0.6396923088485589,1.7605327509166595,24.0,0
164.11601723511595,routine,3.872275750527308,0.7177220910631077,4.5899978415904155,24.0,0
168.35729050525524,emergency,0.0,0.6599100317467526,0.6599100317467526,4.0,0
167.56243181350504,routine,1.5307131587995855,0.3513634158531591,1.8820765746527446,24.0,0
168.39187800071377,emergency,0.0,0.668926378609784,0.668926378609784,4.0,0
169.12757248199256,emergency,0.0,0.668926378609784,0.668926378609784,4.0,0
168.76220285066438,emergency,0.0,1.0255029253980703,1.0255029253980703,4.0,0
169.81524532304223,emergency,0.0,0.6396923088485589,0.6396923088485589,4.0,0
167.6603251947623,routine,1.4486672010573614,0.6599100317467526,2.108577232804114,24.0,0
167.68629986475077,routine,1.524869019455565,1.0255029253980703,2.5503719448536355,24.0,0
167.69790506818828,routine,1.8341556281559122,0.668926378609784,2.503082006765696,24.0,0
168.22148263944476,routine,1.5841525207104041,0.6599100317467526,2.244062552457157,24.0,0
170.714715161507,emergency,0.0,0.3190807107927397,0.3190807107927397,4.0,0
172.05123032249045,routine,0.0,0.6659438790168433,0.6659438790168433,24.0,0
172.96167301101323,critical,0.0,0.668926378609784,0.668926378609784,2.0,0
172.9898692431387,emergency,0.0,0.6659438790168433,0.6659438790168433,4.0,0
172.8104840452943,seasonal,0.0,0.3513634158531591,0.3513634158531591,12.0,0
174.24573719124342,emergency,0.0,0.4353805806418104,0.4353805806418104,4.0,0
174.67775778203006,seasonal,0.0,0.4353805806418104,0.4353805806418104,12.0,0
174.34571050514947,emergency,0.0,0.668926378609784,0.668926378609784,4.0,0
174.4942158053969,emergency,0.0,0.668926378609784,0.668926378609784,4.0,0
174.67092545793975,routine,0.0,0.7177220910631077,0.7177220910631077,24.0,0
174.8394683782205,emergency,0.0,0.3513634158531591,0.3513634158531591,4.0,0
175.51797775936276,emergency,0.0,0.3190807107927397,0.3190807107927397,4.0,0
175.0888886537736,seasonal,0.0,0.668926378609784,0.668926378609784,12.0,0
174.57719601235556,seasonal,0.0,0.9736079806575129,0.9736079806575129,12.0,0
175.09176763302304,routine,0.0,0.4353805806418104,0.4353805806418104,24.0,0
175.7862609141682,emergency,0.0,0.3513634158531591,0.3513634158531591,4.0,0
175.1796310479428,emergency,0.0,0.6659438790168433,0.6659438790168433,4.0,0
175.3058711100895,emergency,0.0,0.6599100317467526,0.6599100317467526,4.0,0
174.72038256778566,emergency,0.0,0.9736079806575129,0.9736079806575129,4.0,0
175.24489367854068,emergency,0.0,0.7919122426127785,0.7919122426127785,4.0,0
175.63202594736174,emergency,0.0,0.6599100317467526,0.6599100317467526,4.0,0
175.96183369934147,emergency,0.0,0.4353805806418104,0.4353805806418104,4.0,0
175.56157029807272,routine,0.0,0.4353805806418104,0.4353805806418104,24.0,0
175.3665529470562,emergency,0.0,0.7177220910631077,0.7177220910631077,4.0,0
175.6729988233133,routine,0.0,0.3513634158531591,0.3513634158531591,24.0,0
175.76875850962858,routine,0.04153256212822498,0.7919122426127785,0.8334448047410035,24.0,0
176.07758894481302,emergency,0.0,0.7919122426127785,0.7919122426127785,4.0,0
176.65608642395893,emergency,0.0,0.7177220910631077,0.7177220910631077,4.0,0
176.43192292525328,routine,0.0,0.6599100317467526,0.6599100317467526,24.0,0
177.0862153079468,routine,0.0,0.3190807107927397,0.3190807107927397,24.0,0
177.10139699450392,routine,0.0,0.668926378609784,0.668926378609784,24.0,0
177.12614209772912,routine,0.22932403626913356,0.4353805806418104,0.664704616910944,24.0,0
176.98044621215988,routine,0.0,0.7919122426127785,0.7919122426127785,24.0,0
177.20307565878517,seasonal,0.039156738563320914,0.668926378609784,0.7080831171731049,12.0,0
177.65140075598578,emergency,0.0,0.6599100317467526,0.6599100317467526,4.0,0
177.76321119087794,emergency,0.0,0.6659438790168433,0.6659438790168433,4.0,0
177.17048944002488,routine,0.6663617430166369,0.6599100317467526,1.3262717747633894,24.0,0
178.40171866368308,emergency,0.0,0.3190807107927397,0.3190807107927397,4.0,0
178.5050750751803,critical,0.0,0.4353805806418104,0.4353805806418104,2.0,0
178.1886553777512,critical,0.0,0.4353805806418104,0.4353805806418104,2.0,0
178.41829958141017,critical,0.0,0.668926378609784,0.668926378609784,2.0,0
177.53828161853124,emergency,0.0,0.9736079806575129,0.9736079806575129,4.0,0
178.1308319735407,emergency,0.0,1.0255029253980703,1.0255029253980703,4.0,0
178.31054599799145,emergency,0.0,0.3513634158531591,0.3513634158531591,4.0,0
178.7941580367977,emergency,0.0,0.3513634158531591,0.3513634158531591,4.0,0
178.60238247448638,emergency,0.0,0.668926378609784,0.668926378609784,4.0,0
178.67183844593862,emergency,0.0,0.7177220910631077,0.7177220910631077,4.0,0
178.47283712667664,seasonal,0.17827892270693724,0.6659438790168433,0.8442228017237805,12.0,0
178.51012980077914,emergency,0.0,0.6599100317467526,0.6599100317467526,4.0,0
178.5378527885188,routine,0.15443809822983212,0.7177220910631077,0.8721601892929398,24.0,0
178.7937889955738,emergency,0.0,0.6599100317467526,0.6599100317467526,4.0,0
177.1771788043491,routine,1.254425266984299,0.6396923088485589,1.894117575832858,24.0,0
178.56920772587017,routine,0.3184990556456455,0.6599100317467526,0.9784090873923981,24.0,0
178.65348986511785,emergency,0.0,0.7919122426127785,0.7919122426127785,4.0,0
179.07830282505057,routine,0.48754197158902457,0.3190807107927397,0.8066226823817643,24.0,0
178.86669410694162,emergency,0.0,0.9736079806575129,0.9736079806575129,4.0,0
179.3791908409651,emergency,0.2380466992569552,0.7177220910631077,0.9557687903200629,4.0,0
179.03610714497,routine,0.14266056358485457,0.6659438790168433,0.8086044426016978,24.0,0
179.155232252837,emergency,0.4365476133695836,0.668926378609784,1.1054739919793675,4.0,0
179.5004658700924,emergency,0.1927103320272181,0.668926378609784,0.8616367106370021,4.0,0
179.02648594945003,seasonal,0.0,0.7919122426127785,0.7919122426127785,12.0,0
179.62522203545626,emergency,0.1112799755556182,0.4353805806418104,0.5466605561974286,4.0,0
180.09858331892127,emergency,0.0,0.3513634158531591,0.3513634158531591,4.0,0
178.9098206268828,emergency,0.3677727096782917,0.9736079806575129,1.3413806903358045,4.0,0
179.4261903923416,emergency,0.2545970041649923,0.3513634158531591,0.6059604200181514,4.0,0
179.74683553054118,emergency,0.046738075586119976,1.0255029253980703,1.0722410009841903,4.0,0
180.4920127678082,emergency,0.0,0.3513634158531591,0.3513634158531591,4.0,0
179.7207447598121,seasonal,0.6680120661705189,0.3513634158531591,1.019375482023678,12.0,0
179.73057406035383,emergency,0.05486442438194672,0.668926378609784,0.7237908029917307,4.0,0
179.6974287944528,seasonal,0.5904161562375236,0.7177220910631077,1.3081382473006313,12.0,0
179.03842992590688,emergency,0.28582178695364746,0.9736079806575129,1.2594297676111603,4.0,0
180.31049707308117,seasonal,0.2784033996747439,0.4353805806418104,0.7137839803165543,12.0,0
180.1657506710163,emergency,0.020639925943271464,1.0255029253980703,1.0461428513413418,4.0,0
179.88545907442514,emergency,0.0,1.0255029253980703,1.0255029253980703,4.0,0
180.48139522887593,critical,0.0,0.7919122426127785,0.7919122426127785,2.0,0
180.76085571882527,emergency,0.21130530153169502,0.6396923088485589,0.8509976103802539,4.0,0
180.26093096846637,seasonal,0.19127522412441067,0.6659438790168433,0.8572191031412539,12.0,0
181.01990853765471,emergency,0.0,0.668926378609784,0.668926378609784,4.0,0
179.16211089060312,routine,2.0557118970126,0.3513634158531591,2.407075312865759,24.0,0
180.3369924438481,seasonal,0.546562700994798,0.9736079806575129,1.5201706816523108,12.0,0
181.16117458968802,critical,0.025028358650160953,0.6396923088485589,0.6647206674987198,2.0,0
181.21679862679147,emergency,0.0,0.3190807107927397,0.3190807107927397,4.0,0
179.21706722602096,routine,2.45157090709543,0.4353805806418104,2.8869514877372406,24.0,0
180.3617378681207,seasonal,0.7627633187029232,1.0255029253980703,1.7882662441009936,12.0,0
180.494314558288,emergency,0.18000452729654626,0.9736079806575129,1.1536125079540591,4.0,0
181.68334917405286,emergency,0.0,0.6599100317467526,0.6599100317467526,4.0,0
179.23928498555372,routine,2.460448043600792,0.4353805806418104,2.8958286242426023,24.0,0
181.7224751366753,emergency,0.0,0.3190807107927397,0.3190807107927397,4.0,0
181.97254398386417,emergency,0.0,0.6599100317467526,0.6599100317467526,4.0,0
182.13660831135286,emergency,0.0,0.7177220910631077,0.7177220910631077,4.0,0
182.07644090030314,emergency,0.0,0.6396923088485589,0.6396923088485589,4.0,0
182.35662198421423,emergency,0.0,0.4353805806418104,0.4353805806418104,4.0,0
181.24654464183732,seasonal,0.34276641831698385,1.0255029253980703,1.3682693437150542,12.0,0
182.68147736504292,emergency,0.0,0.3513634158531591,0.3513634158531591,4.0,0
181.70758898618328,seasonal,0.603436542544614,0.3190807107927397,0.9225172533373537,12.0,0
182.00177603988067,emergency,0.0,0.7177220910631077,0.7177220910631077,4.0,0
182.34504916790723,emergency,0.0,0.6659438790168433,0.6659438790168433,4.0,0
182.27503808528527,emergency,0.0,0.6599100317467526,0.6599100317467526,4.0,0
183.16628270258167,emergency,0.0,0.3513634158531591,0.3513634158531591,4.0,0
181.96175497669458,seasonal,0.43555540022330774,0.9736079806575129,1.4091633808808206,12.0,0
183.00861117272504,emergency,0.0,0.6659438790168433,0.6659438790168433,4.0,0
179.75291389668507,routine,2.707456787845558,0.6396923088485589,3.347149096694117,24.0,0
182.68830877760251,seasonal,0.09017093653562824,0.3190807107927397,0.40925164732836794,12.0,0
183.45689847232254,emergency,0.0,0.3190807107927397,0.3190807107927397,4.0,0
180.07174126420824,routine,2.7122827263366673,1.0255029253980703,3.737785651734738,24.0,0
180.10438961791098,routine,3.0506874685605396,0.9736079806575129,4.0242954492180525,24.0,0
183.50816684465804,seasonal,0.21254576046510465,0.7177220910631077,0.9302678515282123,12.0,0
183.24995527509134,seasonal,0.42621131386474076,0.3513634158531591,0.7775747297178999,12.0,0
184.04004304159727,seasonal,0.4081873984987112,0.3190807107927397,0.7272681092914509,12.0,0
183.8088433572674,emergency,0.0,0.6659438790168433,0.6659438790168433,4.0,0
183.73939491347517,seasonal,0.560757858860967,0.3190807107927397,0.8798385696537067,12.0,0
184.32264790029873,emergency,0.0,0.3513634158531591,0.3513634158531591,4.0,0
184.60779284526177,emergency,0.0,0.3513634158531591,0.3513634158531591,4.0,0
184.0887852848929,emergency,0.0,0.6396923088485589,0.6396923088485589,4.0,0
184.43471488250873,seasonal,0.03502145777150645,0.3513634158531591,0.38638487362466556,12.0,0
184.79501354945154,emergency,0.0,0.6659438790168433,0.6659438790168433,4.0,0
184.85918578524928,emergency,0.0,0.6659438790168433,0.6659438790168433,4.0,0
185.36987571917834,emergency,0.0,0.3513634158531591,0.3513634158531591,4.0,0
184.86695348081207,seasonal,0.11124534306205192,0.3513634158531591,0.462608758915211,12.0,0
180.59266686936337,routine,4.5443631531797735,0.6659438790168433,5.210307032196617,24.0,0
184.85708523972207,seasonal,0.0787614440390314,1.0255029253980703,1.1042643694371017,12.0,0
185.3531443110966,seasonal,0.28118191853033636,0.3190807107927397,0.6002626293230761,12.0,0
185.3870274766826,emergency,0.0,0.6599100317467526,0.6599100317467526,4.0,0
185.10517135725905,emergency,0.0,0.6599100317467526,0.6599100317467526,4.0,0
180.7569747613918,routine,4.427534542091053,0.4353805806418104,4.862915122732863,24.0,0
185.6103119151103,emergency,0.0,0.6396923088485589,0.6396923088485589,4.0,0
185.31280435785413,seasonal,0.20490734739325944,0.6659438790168433,0.8708512264101027,12.0,0
186.02151318512986,critical,0.0,0.6659438790168433,0.6659438790168433,2.0,0
185.79844366551043,seasonal,0.75967475280234,0.668926378609784,1.4286011314121239,12.0,0
185.35750832682737,seasonal,0.7747407811036737,0.4353805806418104,1.2101213617454842,12.0,0
186.31231228269795,emergency,0.0,0.6396923088485589,0.6396923088485589,4.0,0
186.0308961231348,emergency,0.0,0.7919122426127785,0.7919122426127785,4.0,0
186.98820506241628,emergency,0.0,0.3190807107927397,0.3190807107927397,4.0,0
186.56485472364884,emergency,0.0,0.6599100317467526,0.6599100317467526,4.0,0
180.96206366314016,routine,5.708160503114414,0.7919122426127785,6.500072745727192,24.0,0
181.07555105693862,routine,5.598356841292144,0.668926378609784,6.267283219901929,24.0,0
181.24981251204935,routine,5.431961062502893,0.668926378609784,6.100887441112677,24.0,0
187.07344757139185,seasonal,0.09167618949661005,0.3190807107927397,0.41075690028934975,12.0,0
186.78748500382477,seasonal,0.16693539817018177,0.668926378609784,0.8358617767799658,12.0,0
187.44044886249765,critical,0.0,0.3190807107927397,0.3190807107927397,2.0,0
187.7008376413736,seasonal,0.19063727952794807,0.6599100317467526,0.8505473112747006,12.0,0
188.09869251869972,emergency,0.0,0.3513634158531591,0.3513634158531591,4.0,0
187.4613221790096,seasonal,0.3819622673456422,0.7177220910631077,1.09968435840875,12.0,0
181.9553081731684,routine,6.483080774966595,0.6659438790168433,7.149024653983439,24.0,0
182.17761054929392,routine,6.422964236245008,0.3513634158531591,6.774327652098167,24.0,0
189.11897129787917,emergency,0.0,0.3190807107927397,0.3190807107927397,4.0,0
188.6465504750585,seasonal,0.19254553088777016,0.3513634158531591,0.5439089467409293,12.0,0
182.22966036081874,routine,6.394511741641168,0.668926378609784,7.063438120250952,24.0,0
182.33481530234818,routine,6.306210717107064,0.6599100317467526,6.966120748853816,24.0,0
189.4882484339381,emergency,0.0,0.4353805806418104,0.4353805806418104,4.0,0
188.9124788926159,seasonal,0.9008223438627283,0.4353805806418104,1.3362029245045388,12.0,0
188.78368435677177,seasonal,0.5606343015192579,0.3513634158531591,0.911997717372417,12.0,0
189.78324593165985,emergency,0.0,0.4353805806418104,0.4353805806418104,4.0,0
183.29733212322898,routine,6.8667935994177185,0.3190807107927397,7.185874310210458,24.0,0
188.88243128269315,seasonal,0.7297928605358948,0.6599100317467526,1.3897028922826473,12.0,0
190.1778563975647,emergency,0.0,0.6659438790168433,0.6659438790168433,4.0,0
189.70266106000625,seasonal,0.3218670287137684,0.7177220910631077,1.039589119776876,12.0,0
183.57251477855638,routine,6.873623671291142,0.3190807107927397,7.192704382083882,24.0,0
184.03116617300645,routine,6.643509369127912,0.7919122426127785,7.435421611740691,24.0,0
184.2425736222268,routine,6.8449281255505525,0.6659438790168433,7.510872004567396,24.0,0
190.63370937722,emergency,0.0,0.7919122426127785,0.7919122426127785,4.0,0
184.13611187217776,routine,6.8841969372784035,0.6659438790168433,7.550140816295247,24.0,0
185.216776487462,routine,6.230102461233827,0.3190807107927397,6.5491831720265665,24.0,0
185.2155936239522,routine,6.140698398933864,0.6659438790168433,6.806642277950708,24.0,0
191.58364894355614,emergency,0.0,0.6396923088485589,0.6396923088485589,4.0,0
191.66415160607724,seasonal,0.03796808300410248,0.6396923088485589,0.6776603918526614,12.0,0
191.93103365082024,critical,0.0,0.3513634158531591,0.3513634158531591,2.0,0
185.45944005600296,routine,6.723880112751061,0.9736079806575129,7.697488093408574,24.0,0
192.45758542654625,critical,0.0,0.7919122426127785,0.7919122426127785,2.0,0
185.48994498180892,routine,6.902647385732422,0.668926378609784,7.571573764342206,24.0,0
185.39033381706858,routine,6.756685347881842,0.9736079806575129,7.7302933285393545,24.0,0
185.70916511404633,routine,6.96821838509959,0.6396923088485589,7.607910693948149,24.0,0
193.47215410284156,seasonal,0.02635298519544449,0.3190807107927397,0.3454336959881842,12.0,0
185.88981734377677,routine,7.026887039173943,0.6599100317467526,7.686797070920695,24.0,0
186.40889384445325,routine,6.728742069134057,0.7177220910631077,7.446464160197165,24.0,0
186.60823538604083,routine,7.4709059457336195,0.4353805806418104,7.90628652637543,24.0,0
186.47853307756318,routine,7.366254590779704,0.6599100317467526,8.026164622526457,24.0,0
187.01088778997007,routine,7.117497523869645,0.6599100317467526,7.7774075556163975,24.0,0
187.09681013852273,routine,7.585372948941881,0.6659438790168433,8.251316827958725,24.0,0
187.52457858367111,routine,7.35988272950533,0.3513634158531591,7.711246145358489,24.0,0
187.5737927738073,routine,7.520760952734236,0.4353805806418104,7.956141533376046,24.0,0
187.690064038843,routine,7.4401139057026455,0.3513634158531591,7.791477321555805,24.0,0
187.0651262260977,routine,7.491518651700829,0.668926378609784,8.160445030310614,24.0,0
187.77086073735833,routine,7.48019475908751,0.6659438790168433,8.146138638104354,24.0,0
187.80594353306202,routine,7.732249305102869,0.9736079806575129,8.70585728576038,24.0,0
188.46903820265763,routine,7.638662131829847,0.4353805806418104,8.074042712471657,24.0,0
191.50829890074903,routine,4.893976969608133,0.668926378609784,5.562903348217917,24.0,0
189.30549917023,routine,7.020342385955274,0.3513634158531591,7.371705801808433,24.0,0
196.46878854288803,emergency,0.0,0.3190807107927397,0.3190807107927397,4.0,0
196.02148548269147,emergency,0.0,1.0255029253980703,1.0255029253980703,4.0,0
188.74873417472534,routine,7.464574134563463,0.6599100317467526,8.124484166310216,24.0,0
191.28780627809468,routine,5.062653461592305,0.6599100317467526,5.722563493339058,24.0,0
194.28955179271955,routine,2.409509728398433,0.3513634158531591,2.760873144251592,24.0,0
196.8250208039727,emergency,0.0,0.3513634158531591,0.3513634158531591,4.0,0
197.14967754892265,emergency,0.0,0.3513634158531591,0.3513634158531591,4.0,0
196.36221206880217,routine,0.7627338492412719,0.3190807107927397,1.0818145600340117,24.0,0
197.29644747076114,emergency,0.0,0.4353805806418104,0.4353805806418104,4.0,0
196.82313207920774,routine,0.6485370764648621,0.6396923088485589,1.288229385313421,24.0,0
198.25758450038822,emergency,0.0,0.4353805806418104,0.4353805806418104,4.0,0
197.64940364953856,routine,0.05713504306726236,0.668926378609784,0.7260614216770463,24.0,0
198.60477135426675,routine,0.0,0.4353805806418104,0.4353805806418104,24.0,0
199.05057555519795,routine,0.0,0.4353805806418104,0.4353805806418104,24.0,0
198.8161089704436,routine,0.0,0.6396923088485589,0.6396923088485589,24.0,0
199.34432918152697,critical,0.0,0.4353805806418104,0.4353805806418104,2.0,0
199.37626109453535,critical,0.0,0.3513634158531591,0.3513634158531591,2.0,0
199.751166748688,emergency,0.0,0.4353805806418104,0.4353805806418104,4.0,0
199.10412435501883,seasonal,0.0,1.0255029253980703,1.0255029253980703,12.0,0
199.28479438893913,seasonal,0.0,0.6659438790168433,0.6659438790168433,12.0,0
199.66238436361485,critical,0.0,0.668926378609784,0.668926378609784,2.0,0
199.40191262440942,emergency,0.0,0.6599100317467526,0.6599100317467526,4.0,0
199.2652246954956,routine,0.0,0.7177220910631077,0.7177220910631077,24.0,0
199.3642445088931,routine,0.19717274401574514,1.0255029253980703,1.2226756694138154,24.0,0
199.55770157524856,routine,0.4511344551694947,1.0255029253980703,1.476637380567565,24.0,0
200.4098655727192,seasonal,0.0,0.4353805806418104,0.4353805806418104,12.0,0
200.43794300865903,seasonal,0.0,0.6659438790168433,0.6659438790168433,12.0,0
201.30033534687868,emergency,0.0,0.668926378609784,0.668926378609784,4.0,0
201.3669694687374,emergency,0.0,0.3190807107927397,0.3190807107927397,4.0,0
201.15042692761963,emergency,0.0,0.6659438790168433,0.6659438790168433,4.0,0
200.97513877437396,emergency,0.0,0.6599100317467526,0.6599100317467526,4.0,0
200.9236756309414,emergency,0.0,0.4353805806418104,0.4353805806418104,4.0,0
201.24787507432933,emergency,0.0,0.4353805806418104,0.4353805806418104,4.0,0
200.5703826069785,routine,0.5297634556426942,0.6599100317467526,1.1896734873894468,24.0,0
201.03939960522084,emergency,0.0,0.9736079806575129,0.9736079806575129,4.0,0
201.57395842508566,emergency,0.0,0.6599100317467526,0.6599100317467526,4.0,0
201.45178921999008,emergency,0.0,0.4353805806418104,0.4353805806418104,4.0,0
201.09785911003652,emergency,0.0,0.7177220910631077,0.7177220910631077,4.0,0
200.73238845518625,emergency,0.0,1.0255029253980703,1.0255029253980703,4.0,0
201.46630962106482,emergency,0.0,0.9736079806575129,0.9736079806575129,4.0,0
200.64860010792967,seasonal,0.24435805746028905,0.9736079806575129,1.217966038117802,12.0,0
201.43851151135857,seasonal,0.12739270922381252,1.0255029253980703,1.1528956346218828,12.0,0
201.60003412772562,emergency,0.0,0.4353805806418104,0.4353805806418104,4.0,0
201.3983845113208,emergency,0.0,0.6599100317467526,0.6599100317467526,4.0,0
201.44172595120313,emergency,0.0,0.6396923088485589,0.6396923088485589,4.0,0
201.48456394346738,emergency,0.0,0.6599100317467526,0.6599100317467526,4.0,0
201.5651874257979,seasonal,0.5301383663195907,0.4353805806418104,0.9655189469614011,12.0,0
200.76930021780097,routine,0.5177796606908203,0.9736079806575129,1.4913876413483331,24.0,0
201.53482065705057,seasonal,0.18633783476499843,0.6599100317467526,0.846247866511751,12.0,0
201.6551556076252,seasonal,0.46494077341191087,0.6599100317467526,1.1248508051586634,12.0,0
201.90613910425597,emergency,0.8506912350148639,0.6659438790168433,1.5166351140317071,4.0,0
201.74338217678752,emergency,0.8811715644090157,0.6599100317467526,1.5410815961557682,4.0,0
201.82830397419463,emergency,0.8605797304908265,0.6599100317467526,1.520489762237579,4.0,0
202.32860844301976,emergency,0.8018410715066011,0.3513634158531591,1.1532044873597602,4.0,0
202.07266995981323,emergency,0.880246679939944,0.7177220910631077,1.5979687710030517,4.0,0
201.71775800884814,emergency,0.8687130734859068,1.0255029253980703,1.894215998883977,4.0,0
202.26183161356025,critical,0.32345230652992996,0.668926378609784,0.992378685139714,2.0,0
201.92729715397377,emergency,0.942690017110067,0.7919122426127785,1.7346022597228454,4.0,0
201.93190090939,seasonal,0.9698685808766925,0.7919122426127785,1.761780823489471,12.0,0
202.72359564911068,seasonal,0.5600895112709736,0.3190807107927397,0.8791702220637133,12.0,0
202.18340327498154,emergency,0.863982186779964,0.668926378609784,1.5329085653897478,4.0,0
202.25199563582638,seasonal,0.960212383054369,0.7919122426127785,1.7521246256671474,12.0,0
202.0871089824987,emergency,0.9321998167537231,0.6396923088485589,1.571892125602282,4.0,0
202.49310753135214,emergency,0.9069850674299573,0.3513634158531591,1.2583484832831164,4.0,0
202.2580995044151,emergency,0.7932549289363919,0.668926378609784,1.4621813075461758,4.0,0
201.9064023829745,routine,1.66475595535033,0.4353805806418104,2.1001365359921405,24.0,0
203.51471558800333,seasonal,0.055082831879389005,0.7177220910631077,0.7728049229424967,12.0,0
203.34548995693834,seasonal,0.19957996207196516,0.668926378609784,0.8685063406817491,12.0,0
202.33396795785646,emergency,1.0278477579889511,0.668926378609784,1.696774136598735,4.0,0
202.70224703138047,emergency,1.5115050464568753,0.3513634158531591,1.8628684623100344,4.0,0
202.3264553533643,emergency,0.7651463197120449,1.0255029253980703,1.7906492451101153,4.0,0
202.6264080119084,emergency,0.7756749999935835,0.6599100317467526,1.435585031740336,4.0,0
203.6620874987127,seasonal,0.20344003118421483,0.668926378609784,0.8723664097939988,12.0,0
203.42230875142903,critical,0.0496316082535202,1.0255029253980703,1.0751345336515905,2.0,0
202.6446648930289,emergency,1.5110884462230842,0.7177220910631077,2.2288105372861917,4.0,0
202.81290808674046,emergency,1.59226170829632,0.6659438790168433,2.2582055873131632,4.0,0
202.6348296300188,emergency,1.496888550295182,0.3190807107927397,1.815969261087922,4.0,0
203.8727827515322,seasonal,0.6332191671018848,0.4353805806418104,1.0685997477436953,12.0,0
202.75312413907767,emergency,1.5746627766467611,0.3513634158531591,1.9260261924999202,4.0,0
202.91494509260207,emergency,1.5111946166221912,0.6599100317467526,2.171104648368944,4.0,0
203.20857465339265,routine,1.8567125519647334,0.3513634158531591,2.2080759678178925,24.0,0
202.24694489951892,routine,2.7017705849190747,0.4353805806418104,3.1371511655608852,24.0,0
202.69374814885657,emergency,1.462772163076238,0.7177220910631077,2.1804942541393455,4.0,0
205.1176517140839,critical,0.02272173747988404,0.3190807107927397,0.34180244827262374,2.0,0
202.90717010227425,emergency,1.4997470282636414,0.7919122426127785,2.29165927087642,4.0,0
203.82695035410896,seasonal,0.6431376353197322,0.9736079806575129,1.616745615977245,12.0,0
201.9897667599416,routine,2.638321596336567,0.7177220910631077,3.3560436873996746,24.0,0
203.2227894543052,emergency,1.4735926774421273,0.668926378609784,2.142519056051911,4.0,0
203.38656455513706,emergency,1.5577543035855115,0.3513634158531591,1.9091177194386706,4.0,0
202.93232755804306,emergency,1.641458212811699,0.6599100317467526,2.301368244558452,4.0,0
203.70227958252013,emergency,1.5826561124981708,0.4353805806418104,2.0180366931399814,4.0,0
203.71278207248125,emergency,1.5827945444159468,0.4353805806418104,2.0181751250577573,4.0,0
204.2571071836016,emergency,1.2621663087248862,0.3190807107927397,1.581247019517626,4.0,0
204.0386119531518,emergency,1.3611479221506784,0.3513634158531591,1.7125113380038375,4.0,0
202.8063109138178,routine,2.152160441186197,0.7177220910631077,2.8698825322493047,24.0,0
205.3288199043745,seasonal,0.025697455243715694,0.668926378609784,0.6946238338534997,12.0,0
203.72364186946663,emergency,1.5826497937997033,0.7919122426127785,2.374562036412482,4.0,0
204.70923302359498,critical,0.19258811234777795,1.0255029253980703,1.2180910377458483,2.0,0
203.83905004627536,routine,2.366095035475354,0.3513634158531591,2.717458451328513,24.0,0
203.382306945093,routine,2.7749236497219556,0.6599100317467526,3.4348336814687084,24.0,0
204.08660277008622,routine,2.2735717299549947,0.3190807107927397,2.5926524407477345,24.0,0
204.32122932134638,emergency,1.4450050123214453,0.7919122426127785,2.236917254934224,4.0,0
206.17484968582457,critical,0.0743076530276312,0.6599100317467526,0.7342176847743838,2.0,0
205.62427912336017,emergency,1.0370559935504104,0.3190807107927397,1.3561367043431503,4.0,0
203.3487146199576,routine,2.6541280308435944,0.6599100317467526,3.314038062590347,24.0,0
205.210730299719,emergency,1.2145816658691615,0.6396923088485589,1.8542739747177204,4.0,0
205.1115692953095,emergency,1.2548715520316307,0.4353805806418104,1.6902521326734412,4.0,0
204.75466024815475,emergency,1.3128121632234695,0.6659438790168433,1.9787560422403128,4.0,0
204.28931980661847,emergency,1.4498262188442084,0.9736079806575129,2.4234341995017212,4.0,0
204.6821281522498,emergency,1.3284293895825954,0.6599100317467526,1.988339421329348,4.0,0
205.31495262719005,emergency,1.2469460534574068,0.3190807107927397,1.5660267642501466,4.0,0
203.9938207242705,routine,2.3455282830140334,0.668926378609784,3.0144546616238173,24.0,0
204.94726655251964,emergency,1.331841453678038,1.0255029253980703,2.3573443790761086,4.0,0
205.3883134175401,emergency,1.234179795956436,0.6659438790168433,1.9001236749732793,4.0,0
206.9777148697194,seasonal,0.06310764918009681,0.3513634158531591,0.4144710650332559,12.0,0
204.8084595237481,emergency,1.444776390925739,0.9736079806575129,2.418384371583252,4.0,0
205.72818322708093,emergency,0.9987554440104134,0.3190807107927397,1.3178361548031532,4.0,0
205.63462674631947,emergency,1.0877891139097358,0.9736079806575129,2.0613970945672486,4.0,0
206.10329121258368,emergency,1.0148378190511949,0.4353805806418104,1.4502183996930054,4.0,0
207.37037195304228,seasonal,0.08208580598773096,0.4353805806418104,0.5174663866295414,12.0,0
206.45254766175475,seasonal,0.4256692504949342,0.7919122426127785,1.2175814931077127,12.0,0
206.0275965028585,emergency,1.0799534603631855,0.6659438790168433,1.7458973393800288,4.0,0
206.9280942859857,emergency,1.0952075402085768,0.3513634158531591,1.446570956061736,4.0,0
206.12289182415896,emergency,1.5407983162168932,0.668926378609784,2.209724694826677,4.0,0
207.82213883535607,critical,0.09787664260610995,0.6659438790168433,0.7638205216229532,2.0,0
204.3523506888642,routine,3.832989959734249,0.4353805806418104,4.2683705403760595,24.0,0
207.09918746501762,seasonal,0.30542212886811626,0.7177220910631077,1.023144219931224,12.0,0
204.16115852182347,routine,3.310408574428095,0.7177220910631077,4.028130665491203,24.0,0
207.2553264728176,critical,0.32347754856456845,0.6659438790168433,0.9894214275814117,2.0,0
206.40006387423077,emergency,1.519980413673892,0.6599100317467526,2.1798904454206447,4.0,0
206.18211668470477,emergency,1.596088353771961,0.4353805806418104,2.0314689344137715,4.0,0
207.97555297577907,seasonal,0.07475707018215871,0.4353805806418104,0.5101376508239691,12.0,0
204.30413523785688,routine,3.3643323942672794,0.668926378609784,4.033258772877064,24.0,0
207.02041524307333,emergency,1.1060912297150196,0.7919122426127785,1.898003472327798,4.0,0
206.98081748765176,emergency,1.1230057120322101,0.6396923088485589,1.762698020880769,4.0,0
207.0604634717073,emergency,1.3419181873400987,0.668926378609784,2.0108445659498826,4.0,0
207.35028415644035,critical,0.3083474642334352,0.9736079806575129,1.281955444890948,2.0,0
206.5616315771499,emergency,1.3690156099628723,0.6599100317467526,2.028925641709625,4.0,0
206.56556375664533,emergency,1.4170678050221284,0.6599100317467526,2.076977836768881,4.0,0
208.28230553078717,critical,0.05956030368739107,0.9736079806575129,1.033168284344904,2.0,0
207.17710406695267,emergency,1.3203997160303231,0.6396923088485589,1.960092024878882,4.0,0
207.3425876664901,emergency,1.812770693716999,0.4353805806418104,2.2481512743588095,4.0,0
209.3433770631581,critical,0.012635865106801702,0.3513634158531591,0.3639992809599608,2.0,0
207.31961898854206,emergency,1.464817836146267,0.9736079806575129,2.43842581680378,4.0,0
209.00589039388507,seasonal,0.2747658388217644,0.6599100317467526,0.934675870568517,12.0,0
208.61742693105742,seasonal,0.2913814328288993,0.7919122426127785,1.0832936754416778,12.0,0
208.05761082038373,emergency,1.7211002957441792,0.3190807107927397,2.040181006536919,4.0,0
208.9812564768587,critical,0.09101092257978394,1.0255029253980703,1.1165138479778542,2.0,0
207.73832594208912,emergency,1.7676341026279943,0.3190807107927397,2.086714813420734,4.0,0
208.7942257736282,seasonal,0.1663707286809597,0.7919122426127785,0.9582829712937382,12.0,0
208.1218360547954,emergency,1.769553600722844,0.3513634158531591,2.120917016576003,4.0,0
209.44776521971642,seasonal,0.25211314443228616,0.3513634158531591,0.6034765602854453,12.0,0
207.64002295582299,emergency,1.7861149404789955,0.3513634158531591,2.1374783563321547,4.0,0
209.16223996669058,seasonal,0.43867324703907684,0.7919122426127785,1.2305854896518553,12.0,0
208.98598078759233,seasonal,0.2833098542835444,0.7177220910631077,1.001031945346652,12.0,0
207.45178598532985,emergency,1.776068625243397,0.7177220910631077,2.4937907163065045,4.0,0
209.95001919121816,critical,0.008515389408188412,0.6659438790168433,0.6744592684250317,2.0,0
207.5648266706645,emergency,1.6942676368979335,0.7919122426127785,2.486179879510712,4.0,0
207.8299882212698,emergency,1.9285248123494796,0.6396923088485589,2.5682171211980385,4.0,0
209.0023816844092,seasonal,0.2777024611477259,1.0255029253980703,1.3032053865457962,12.0,0
207.771706849093,emergency,1.9670584204178851,0.3513634158531591,2.3184218362710443,4.0,0
208.42848007953867,emergency,1.935165636838036,0.6599100317467526,2.595075668584789,4.0,0
208.23303921211374,emergency,1.7425219413875084,0.668926378609784,2.4114483199972923,4.0,0
208.35074051161632,emergency,1.658398786034013,0.668926378609784,2.327325164643797,4.0,0
208.27138103062643,emergency,1.7203390190520338,0.6599100317467526,2.3802490507987866,4.0,0
208.49421638445324,emergency,2.2313814188782715,0.3190807107927397,2.5504621296710113,4.0,0
208.44434390222747,emergency,2.067150305866221,0.3513634158531591,2.41851372171938,4.0,0
208.45818724331826,emergency,2.132958561852689,0.7177220910631077,2.8506806529157966,4.0,0
208.660182021944,emergency,2.0985898558988936,0.3513634158531591,2.4499532717520527,4.0,0
209.50198396890832,seasonal,1.1256672060526398,0.3190807107927397,1.4447479168453796,12.0,0
209.0949169623024,emergency,2.171203154796956,0.3513634158531591,2.522566570650115,4.0,0
208.66933216147083,emergency,2.1288686089142743,0.6659438790168433,2.7948124879311176,4.0,0
209.24493264343565,emergency,2.147337543978921,0.4353805806418104,2.5827181246207314,4.0,0
209.7068831027196,seasonal,1.012933299675126,1.0255029253980703,2.0384362250731964,12.0,0
211.00184659277556,critical,0.2505143077939067,0.3190807107927397,0.5695950185866464,2.0,0
208.77709032036964,emergency,2.1327549844100417,0.6599100317467526,2.7926650161567945,4.0,0
204.8301683867582,routine,6.288799553185811,0.6599100317467526,6.948709584932564,24.0,0
204.47149461595788,routine,6.473215935206468,1.0255029253980703,7.498718860604539,24.0,0
211.24335197915545,seasonal,0.1736658725194502,0.3190807107927397,0.4927465833121899,12.0,0
209.21093145048278,emergency,2.0848334916817635,0.4353805806418104,2.520214072323574,4.0,0
205.0769628785351,routine,6.156860744382129,0.4353805806418104,6.59224132502394,24.0,0
204.46851624763107,routine,6.360850184047109,0.7919122426127785,7.152762426659888,24.0,0
209.38530648973938,emergency,2.2449548167477076,0.668926378609784,2.9138811953574915,4.0,0
209.35379647967446,emergency,2.1168044139428446,0.3513634158531591,2.4681678297960037,4.0,0
208.89694314925887,emergency,2.0496025895750165,1.0255029253980703,3.075105514973087,4.0,0
209.45987359014651,emergency,2.394420942343487,0.3513634158531591,2.745784358196646,4.0,0
209.52029929761446,emergency,2.5641715642265126,0.3513634158531591,2.9155349800796717,4.0,0
212.1480318262505,seasonal,0.171730369125072,0.3513634158531591,0.5230937849782311,12.0,0
209.5050157692338,emergency,2.5159750948590442,0.668926378609784,3.184901473468828,4.0,0
209.5905616212219,emergency,2.520845750367215,0.3190807107927397,2.839926461159955,4.0,0
210.17722746394014,emergency,2.5733000167590205,0.3190807107927397,2.8923807275517603,4.0,0
209.42094891530968,emergency,2.4326214855257433,0.6599100317467526,3.092531517272496,4.0,0
209.75965972661382,emergency,2.501192923151848,0.3513634158531591,2.852556339005007,4.0,0
210.0013517887553,emergency,2.6184128881360778,0.3190807107927397,2.9374935989288176,4.0,0
209.87893645099453,emergency,2.694674946065902,0.668926378609784,3.363601324675686,4.0,0
210.54016683093994,emergency,2.4786100179725565,0.3190807107927397,2.7976907287652963,4.0,0
209.81519229530312,emergency,2.513726160800644,0.4353805806418104,2.9491067414424545,4.0,0
212.3708425071833,seasonal,0.26353450092179287,0.7919122426127785,1.0554467435345714,12.0,0
210.4116129530403,emergency,2.401104235207157,0.6599100317467526,3.0610142669539098,4.0,0
212.73812228075036,seasonal,0.034343290765690426,0.9736079806575129,1.0079512714232033,12.0,0
210.23497723607755,emergency,2.5181870240965623,0.7177220910631077,3.2359091151596697,4.0,0
205.4693030138939,routine,7.374446309450548,0.3513634158531591,7.725809725303707,24.0,0
209.6235809333543,emergency,2.552957747941065,0.9736079806575129,3.5265657285985776,4.0,0
212.86579229432692,seasonal,0.09799725973343243,0.4353805806418104,0.5333778403752428,12.0,0
205.34515547466538,routine,7.442512511363617,0.7177220910631077,8.160234602426724,24.0,0
212.53558234776276,seasonal,0.22220904137728326,0.9736079806575129,1.1958170220347961,12.0,0
210.90395172322104,emergency,2.8014369224466975,0.3513634158531591,3.1528003382998566,4.0,0
210.64972744857644,emergency,2.6281462322795903,0.6659438790168433,3.2940901112964336,4.0,0
210.4399114364414,emergency,2.5633182096082123,0.6659438790168433,3.2292620886250556,4.0,0
211.22268617804187,emergency,2.533940959176107,0.7177220910631077,3.2516630502392143,4.0,0
210.84859232501844,emergency,2.590691371109642,0.6396923088485589,3.230383679958201,4.0,0
211.10339596449103,emergency,2.604321695300854,0.3190807107927397,2.9234024060935937,4.0,0
211.29811254499896,emergency,2.567902066955668,0.6659438790168433,3.233845945972511,4.0,0
210.86681172604122,emergency,2.7660968822735867,1.0255029253980703,3.7915998076716573,4.0,0
211.47597289251416,emergency,2.56978641822775,0.4353805806418104,3.0051669988695604,4.0,0
211.7008166387478,emergency,2.4257117522333544,0.6599100317467526,3.0856217839801072,4.0,0
211.34640648868395,emergency,2.6180569685471653,0.3513634158531591,2.9694203844003244,4.0,0
211.52607843920552,emergency,2.5670344700321266,0.6396923088485589,3.2067267788806855,4.0,0
213.88347493765113,seasonal,0.6518124447668754,0.6396923088485589,1.2915047536154343,12.0,0
213.2258524095077,seasonal,0.44562390881893066,0.9736079806575129,1.4192318894764435,12.0,0
213.55530781137372,seasonal,0.8151820065374693,0.668926378609784,1.4841083851472532,12.0,0
213.79812785428092,seasonal,0.7005417767144593,0.3190807107927397,1.019622487507199,12.0,0
211.44689716747325,emergency,2.5321813326855818,0.9736079806575129,3.5057893133430946,4.0,0
205.55404241192295,routine,9.103612241362754,0.668926378609784,9.772538619972538,24.0,0
211.9202075508859,emergency,2.585017475635567,0.3190807107927397,2.904098186428307,4.0,0
211.81237900492602,emergency,2.4712746588500636,0.7177220910631077,3.188996749913171,4.0,0
213.40036483935157,seasonal,0.8614697353374083,0.6599100317467526,1.521379767084161,12.0,0
212.28170761579324,emergency,2.8374989598374327,0.4353805806418104,3.2728795404792432,4.0,0
212.05779167247417,emergency,2.92847025125468,0.6659438790168433,3.5944141302715233,4.0,0
211.85415543581374,emergency,2.6049470379581976,0.6396923088485589,3.2446393468067565,4.0,0
211.93004191414096,emergency,2.9137081132232368,0.6659438790168433,3.57965199224008,4.0,0
212.39858198203112,emergency,2.87879893739904,0.3190807107927397,3.1978796481917797,4.0,0
214.16104307956522,seasonal,0.4779301720568583,0.6599100317467526,1.1378402038036108,12.0,0
212.04380339486613,emergency,2.881523670891596,0.9736079806575129,3.855131651549109,4.0,0
212.34736321249704,emergency,2.8346088950058856,0.4353805806418104,3.269989475647696,4.0,0
205.68270389512708,routine,10.224791288970977,0.3190807107927397,10.543871999763716,24.0,0
212.2232928475871,emergency,2.889049391616652,0.6659438790168433,3.5549932706334952,4.0,0
212.57716860754908,emergency,2.7904391444604357,0.6599100317467526,3.4503491762071885,4.0,0
212.7441127501124,emergency,2.94302007191024,0.3190807107927397,3.26210078270298,4.0,0
212.95455276764778,emergency,2.757564923013774,0.7177220910631077,3.4752870140768817,4.0,0
212.67830067800452,emergency,3.0078141841839567,0.4353805806418104,3.4431947648257673,4.0,0
205.75901733637633,routine,10.186345970636125,0.7177220910631077,10.904068061699233,24.0,0
213.5503061577983,emergency,2.9875994303273785,0.3190807107927397,3.3066801411201183,4.0,0
213.10241260445207,emergency,2.9165931620391063,0.4353805806418104,3.351973742680917,4.0,0
207.45442134088682,routine,8.746500649830523,0.4353805806418104,9.181881230472333,24.0,0
205.83748601143424,routine,10.117873626381396,0.9736079806575129,11.091481607038908,24.0,0
206.37324941389556,routine,9.657739920117848,0.668926378609784,10.326666298727632,24.0,0
205.57597221396392,routine,10.315581524906804,0.668926378609784,10.984507903516588,24.0,0
213.511076977366,emergency,2.8234840104974523,0.4353805806418104,3.258864591139263,4.0,0
212.9712637350202,emergency,2.860561939991584,0.6659438790168433,3.526505819008427,4.0,0
213.51807011653003,emergency,2.965713265237099,0.3190807107927397,3.284793976029839,4.0,0
213.3108790439264,emergency,2.9960086973081843,1.0255029253980703,4.021511622706255,4.0,1
213.74979506036027,emergency,2.947700636087319,0.3513634158531591,3.299064051940478,4.0,0
213.12376374430437,emergency,3.01186309969529,0.668926378609784,3.680789478305074,4.0,0
214.5909219181935,emergency,2.282391097173189,0.4353805806418104,2.7177716778149996,4.0,0
213.67999510993587,emergency,2.964345530491272,0.3513634158531591,3.315708946344431,4.0,0
214.04976274299426,emergency,2.7918579214766908,0.4353805806418104,3.2272385021185013,4.0,0
215.66906148316596,emergency,1.663467252778645,0.3513634158531591,2.014830668631804,4.0,0
215.18732147186302,emergency,1.7585913402474205,0.6599100317467526,2.4185013719941733,4.0,0
207.76138592239175,routine,8.921876652057477,1.0255029253980703,9.947379577455548,24.0,0
216.8261377248262,seasonal,0.03306125736369836,0.3190807107927397,0.35214196815643806,12.0,0
213.30369454411115,emergency,2.8814877294967403,1.0255029253980703,3.906990654894811,4.0,0
215.31123152450678,emergency,1.8944032544551987,0.7919122426127785,2.6863154970679775,4.0,0
216.54382781025802,emergency,1.2985234641430452,0.4353805806418104,1.7339040447848557,4.0,0
217.0938638107787,emergency,0.8502436331608578,0.3513634158531591,1.201607049014017,4.0,0
217.43525519891253,critical,0.23456193614401855,0.6599100317467526,0.8944719678907711,2.0,0
207.99675000715362,routine,9.39167299970444,0.9736079806575129,10.365280980361952,24.0,0
215.64617379103274,emergency,1.673107365531422,0.6599100317467526,2.3330173972781747,4.0,0
208.90425122347386,routine,8.932260576070718,0.6396923088485589,9.571952884919277,24.0,0
217.72184587194982,emergency,0.4004853704874165,0.7919122426127785,1.192397613100195,4.0,0
216.77052363387284,emergency,1.0872981989141124,0.7919122426127785,1.8792104415268909,4.0,0
208.42935306980576,routine,9.398546515435044,1.0255029253980703,10.424049440833114,24.0,0
217.97295344652647,emergency,0.28612236473767894,0.3513634158531591,0.637485780590838,4.0,0
216.1901073408011,emergency,1.5819316166407305,0.9736079806575129,2.5555395972982433,4.0,0
217.45172220264985,emergency,0.5826801714694341,0.6396923088485589,1.222372480317993,4.0,0
209.01127575937647,routine,9.475190961711945,0.6659438790168433,10.141134840728789,24.0,0
208.91698502163786,routine,9.490803519603077,0.7177220910631077,10.208525610666184,24.0,0
217.22002920617462,emergency,0.8066056841814486,0.7919122426127785,1.598517926794227,4.0,0
208.28652970776912,routine,9.532533675764597,0.9736079806575129,10.506141656422109,24.0,0
218.36271310967538,emergency,0.0,0.6659438790168433,0.6659438790168433,4.0,0
217.6133047388761,emergency,0.4600254835572173,0.6659438790168433,1.1259693625740606,4.0,0
208.84904266454055,routine,8.985804547352899,0.9736079806575129,9.95941252801041,24.0,0
218.56299160611562,emergency,0.0,0.7919122426127785,0.7919122426127785,4.0,0
209.0867528594058,routine,9.90664704463552,0.6599100317467526,10.566557076382272,24.0,0
209.11663326096007,routine,10.272979975430843,0.9736079806575129,11.246587956088355,24.0,0
209.2584953066283,routine,10.361870047073126,0.6659438790168433,11.02781392608997,24.0,0
209.74886525257443,routine,10.330508878078149,0.3190807107927397,10.649589588870889,24.0,0
209.68539704316063,routine,10.316747645317719,1.0255029253980703,11.34225057071579,24.0,0
209.47493621058942,routine,10.462553996269435,0.6659438790168433,11.128497875286278,24.0,0
209.7581582924098,routine,10.769511875958358,0.3190807107927397,11.088592586751098,24.0,0
209.75392363740482,routine,10.380881030622334,0.7919122426127785,11.172793273235111,24.0,0
210.24631737813223,routine,11.238079386504523,0.4353805806418104,11.673459967146334,24.0,0
210.2449865647572,routine,10.911478416198861,0.668926378609784,11.580404794808645,24.0,0
210.42330958791698,routine,11.248647990856227,0.668926378609784,11.917574369466012,24.0,0
221.88318089796607,emergency,0.0,0.3513634158531591,0.3513634158531591,4.0,0
210.46344643306617,routine,11.488461519960651,0.3513634158531591,11.83982493581381,24.0,0
211.01371286452277,routine,10.980964490971445,0.3513634158531591,11.332327906824604,24.0,0
220.56390772951292,seasonal,0.5550782292578447,1.0255029253980703,1.580581154655915,12.0,0
221.80475810542598,emergency,0.0,0.7177220910631077,0.7177220910631077,4.0,0
222.0933106831094,emergency,0.0,0.7177220910631077,0.7177220910631077,4.0,0
222.7142708662131,critical,0.0,0.4353805806418104,0.4353805806418104,2.0,0
211.29095887945056,routine,10.845946980460042,0.6396923088485589,11.485639289308601,24.0,0
223.0681791443163,emergency,0.0,0.3190807107927397,0.3190807107927397,4.0,0
222.12836802168,emergency,0.0,1.0255029253980703,1.0255029253980703,4.0,0
222.52585052046584,emergency,0.0,0.668926378609784,0.668926378609784,4.0,0
222.74149845072975,emergency,0.0,0.3513634158531591,0.3513634158531591,4.0,0
211.71325523970222,routine,11.227456867372723,0.668926378609784,11.896383245982507,24.0,0
211.56359396726177,routine,11.124870268523068,0.7177220910631077,11.842592359586176,24.0,0
222.44546165240226,emergency,0.0,1.0255029253980703,1.0255029253980703,4.0,0
222.99164012125706,emergency,0.0,0.7177220910631077,0.7177220910631077,4.0,0
211.9500127704859,routine,11.5296485990022,0.3190807107927397,11.84872930979494,24.0,0
211.71922110871878,routine,11.25393632071004,0.6599100317467526,11.913846352456792,24.0,0
223.69988341524586,critical,0.0,0.3513634158531591,0.3513634158531591,2.0,0
223.31344824532349,emergency,0.0,0.4353805806418104,0.4353805806418104,4.0,0
222.9760507770567,seasonal,0.34946849627382903,0.668926378609784,1.018394874883613,12.0,0
223.44099887866795,emergency,0.0,0.6659438790168433,0.6659438790168433,4.0,0
223.9173567026556,emergency,0.0,0.4353805806418104,0.4353805806418104,4.0,0
212.23834589309106,routine,11.265681960137442,0.9736079806575129,12.239289940794954,24.0,0
223.38562736202914,emergency,0.0,0.7177220910631077,0.7177220910631077,4.0,0
223.6588458476009,emergency,0.0,0.6599100317467526,0.6599100317467526,4.0,0
224.3504872735826,critical,0.0,0.3513634158531591,0.3513634158531591,2.0,0
224.0866132682008,emergency,0.0,0.6599100317467526,0.6599100317467526,4.0,0
224.40325564905564,emergency,0.0,0.668926378609784,0.668926378609784,4.0,0
224.52678905978485,emergency,0.0,0.4353805806418104,0.4353805806418104,4.0,0
224.68488724097386,emergency,0.0,0.6659438790168433,0.6659438790168433,4.0,0
224.55546347644528,seasonal,0.16133202852191175,0.6599100317467526,0.8212420602686643,12.0,0
224.0700879550703,seasonal,0.5494011666184804,0.9736079806575129,1.5230091472759932,12.0,0
224.48663671781156,critical,0.0,0.6599100317467526,0.6599100317467526,2.0,0
223.91150073977897,seasonal,0.5352670814897067,0.6659438790168433,1.20121096050655,12.0,0
224.17522699320023,seasonal,0.5307941591076712,0.3513634158531591,0.8821575749608304,12.0,0
223.82741894060197,seasonal,0.19180844798333396,0.9736079806575129,1.1654164286408468,12.0,0
225.16399485831013,seasonal,0.06920176678991652,0.3513634158531591,0.42056518264307563,12.0,0
224.85889976441166,emergency,0.0,0.3513634158531591,0.3513634158531591,4.0,0
224.87672570399164,emergency,0.0,1.0255029253980703,1.0255029253980703,4.0,0
212.39750236662297,routine,12.590618569255923,0.4353805806418104,13.025999149897734,24.0,0
225.09525440391087,emergency,0.0,0.9736079806575129,0.9736079806575129,4.0,0
225.02171977953046,emergency,0.0,0.6599100317467526,0.6599100317467526,4.0,0
225.8378405950351,seasonal,0.4422271374037905,0.4353805806418104,0.8776077180456009,12.0,0
225.40455736457048,seasonal,0.8481203499826222,0.3190807107927397,1.167201060775362,12.0,0
212.792634064719,routine,13.563555903590697,0.668926378609784,14.23248228220048,24.0,0
213.36312542775323,routine,13.197753035363604,0.4353805806418104,13.633133616005415,24.0,0
226.5760171084227,seasonal,0.22277244414567576,0.6599100317467526,0.8826824758924283,12.0,0
212.56707487653665,routine,13.717571952500919,0.6396923088485589,14.357264261349478,24.0,0
212.75568801706783,routine,13.581332940087151,0.6659438790168433,14.247276819103995,24.0,0
226.83906770495676,emergency,0.0,0.7177220910631077,0.7177220910631077,4.0,0
226.9048702329923,critical,0.0,0.6599100317467526,0.6599100317467526,2.0,0
227.01026504052086,emergency,0.0,0.6396923088485589,0.6396923088485589,4.0,0
226.86107280251755,emergency,0.0,0.9736079806575129,0.9736079806575129,4.0,0
227.17760110503673,emergency,0.0,0.4353805806418104,0.4353805806418104,4.0,0
227.22438856946948,emergency,0.0,0.6599100317467526,0.6599100317467526,4.0,0
227.64398305768694,emergency,0.0,0.4353805806418104,0.4353805806418104,4.0,0
227.53997117810684,emergency,0.0,0.3190807107927397,0.3190807107927397,4.0,0
226.93005592232757,seasonal,0.3966032068620393,0.7919122426127785,1.1885154494748178,12.0,0
227.21071722494491,seasonal,0.8303941452652737,0.6659438790168433,1.496338024282117,12.0,0
227.32820054757195,seasonal,0.8241729347578257,0.3190807107927397,1.1432536455505655,12.0,0
227.79104851081416,critical,0.0,0.6599100317467526,0.6599100317467526,2.0,0
227.87498569797657,seasonal,0.441371558755435,0.7919122426127785,1.2332838013682135,12.0,0
227.1441650712015,seasonal,0.6603428132897307,0.668926378609784,1.3292691918995145,12.0,0
227.93093039197134,seasonal,0.4264596539294985,0.668926378609784,1.0953860325392824,12.0,0
228.7328623382816,critical,0.0,0.3513634158531591,0.3513634158531591,2.0,0
227.73901084828736,seasonal,0.46560234351983354,0.6599100317467526,1.125512375266586,12.0,0
229.38330649248041,emergency,0.0,0.3190807107927397,0.3190807107927397,4.0,0
228.73323712792447,critical,0.0,1.0255029253980703,1.0255029253980703,2.0,0
228.71475464001045,seasonal,0.6842889811137809,0.3190807107927397,1.0033696919065207,12.0,0
228.40489277944417,seasonal,0.9411942286308204,0.4353805806418104,1.3765748092726309,12.0,0
213.57788330901025,routine,16.1427556523781,0.3190807107927397,16.46183636317084,24.0,0
213.38884102151775,routine,16.2736415461749,0.7177220910631077,16.99136363723801,24.0,0
229.53944580094313,critical,0.0,0.6659438790168433,0.6659438790168433,2.0,0
229.58466701043244,emergency,0.0,0.668926378609784,0.668926378609784,4.0,0
214.49447887207288,routine,15.432731017364347,0.668926378609784,16.10165739597413,24.0,0
230.16480109576614,emergency,0.0,0.6396923088485589,0.6396923088485589,4.0,0
218.28910300876387,routine,11.895670227694978,0.7177220910631077,12.613392318758086,24.0,0
229.73706945257004,seasonal,0.029631636363916414,0.6599100317467526,0.689541668110669,12.0,0
230.3089867493819,emergency,0.0,0.7177220910631077,0.7177220910631077,4.0,0
231.14993220703138,emergency,0.0,0.3513634158531591,0.3513634158531591,4.0,0
230.72385403568668,seasonal,0.2414055927681602,0.6396923088485589,0.8810979016167191,12.0,0
230.8613153534719,emergency,0.0,0.7177220910631077,0.7177220910631077,4.0,0
230.7449389022977,emergency,0.0,0.6396923088485589,0.6396923088485589,4.0,0
230.50553745720265,seasonal,0.4030585647457485,0.9736079806575129,1.3766665454032614,12.0,0
230.61826696505918,emergency,0.0,0.7919122426127785,0.7919122426127785,4.0,0
231.76952270244618,seasonal,0.03222164925881543,0.3190807107927397,0.35130236005155513,12.0,0
218.96542636975886,routine,12.287850072956417,0.3190807107927397,12.606930783749156,24.0,0
231.04214696494742,emergency,0.0,0.7177220910631077,0.7177220910631077,4.0,0
230.42409646605495,seasonal,0.433134295434229,0.668926378609784,1.1020606740440129,12.0,0
230.9452070765736,critical,0.0,0.7177220910631077,0.7177220910631077,2.0,0
231.179016245457,emergency,0.0,0.6659438790168433,0.6659438790168433,4.0,0
231.51310071034538,emergency,0.0,0.6599100317467526,0.6599100317467526,4.0,0
231.5153443816836,emergency,0.0,0.6599100317467526,0.6599100317467526,4.0,0
231.48304778176345,critical,0.0,1.0255029253980703,1.0255029253980703,2.0,0
231.3362950798421,emergency,0.0,0.6599100317467526,0.6599100317467526,4.0,0
219.3982729887699,routine,11.999407712175326,1.0255029253980703,13.024910637573397,24.0,0
231.57552405490148,seasonal,0.1503689333533771,0.9736079806575129,1.12397691401089,12.0,0
231.86041465625055,emergency,0.0,0.6396923088485589,0.6396923088485589,4.0,0
231.68201495009592,critical,0.0,0.9736079806575129,0.9736079806575129,2.0,0
231.82342925539115,emergency,0.0,0.7177220910631077,0.7177220910631077,4.0,0
232.305760828845,emergency,0.0,0.6599100317467526,0.6599100317467526,4.0,0
232.20395486402103,emergency,0.0,0.6599100317467526,0.6599100317467526,4.0,0
232.40633027615462,emergency,0.011216983611291198,0.9736079806575129,0.9848249642688041,4.0,0
223.74347306488136,routine,9.07714619584695,0.4353805806418104,9.51252677648876,24.0,0
232.65287188419234,emergency,0.14982986604778148,0.6659438790168433,0.8157737450646247,4.0,0
232.54139392211735,seasonal,0.04230934527822683,0.4353805806418104,0.47768992592003723,12.0,0
232.4290371304276,emergency,0.12899492798322854,0.7177220910631077,0.8467170190463362,4.0,0
232.22271440100977,emergency,0.0,0.6599100317467526,0.6599100317467526,4.0,0
232.6940758887851,emergency,0.2457617047514873,0.6659438790168433,0.9117055837683306,4.0,0
232.0739613863853,seasonal,0.31482980447671594,0.6599100317467526,0.9747398362234685,12.0,0
232.48574614225174,emergency,0.28555305460773184,0.6599100317467526,0.9454630863544844,4.0,0
222.1710829348001,routine,10.612135613980001,0.7177220910631077,11.329857705043109,24.0,0
232.92511621820577,emergency,0.20595786044052034,0.6599100317467526,0.8658678921872729,4.0,0
222.23250534977632,routine,10.558775260264582,0.3513634158531591,10.910138676117741,24.0,0
232.70803075766108,emergency,0.23778204431118866,1.0255029253980703,1.263284969709259,4.0,0
233.06933818727376,emergency,0.22743725809937132,0.6659438790168433,0.8933811371162146,4.0,0
233.12690696779117,emergency,0.34232477638272485,0.3190807107927397,0.6614054871754645,4.0,0
233.17178258006504,emergency,0.4454454839530513,0.4353805806418104,0.8808260645948617,4.0,0
233.06839356985188,emergency,0.13827692458445995,0.6599100317467526,0.7981869563312125,4.0,0
233.31227262836975,emergency,0.4044056984119777,0.4353805806418104,0.8397862790537881,4.0,0
233.38719025558308,emergency,0.33540347286651695,0.6599100317467526,0.9953135046132695,4.0,0
224.25707831126704,routine,9.191831487013786,1.0255029253980703,10.217334412411857,24.0,0
233.6891303978045,emergency,0.42101284759749547,0.4353805806418104,0.8563934282393059,4.0,0
232.8209348181954,seasonal,0.6196949815529251,0.7177220910631077,1.3374170726160328,12.0,0
224.64723805608682,routine,9.472005918591407,0.4353805806418104,9.907386499233217,24.0,0
233.07558192306638,emergency,0.29056718167521467,0.6659438790168433,0.9565110606920579,4.0,0
233.47567169173897,emergency,0.3373648634138249,0.3190807107927397,0.6564455742065646,4.0,0
224.25872951378423,routine,9.782960808588143,0.3513634158531591,10.134324224441302,24.0,0
233.7809103908856,emergency,0.3494468445923644,0.6599100317467526,1.009356876339117,4.0,0
225.01258042697265,routine,9.484408345088042,0.4353805806418104,9.919788925729852,24.0,0
224.6652109973287,routine,9.748320016044374,0.3513634158531591,10.099683431897533,24.0,0
234.27514045359192,seasonal,0.05917978127513379,0.6599100317467526,0.7190898130218863,12.0,0
234.0171414653896,emergency,0.3983499570211677,0.4353805806418104,0.8337305376629781,4.0,0
234.23382279591962,emergency,0.7012017920438041,0.3190807107927397,1.0202825028365439,4.0,0
234.15939243041726,critical,0.07030724563054491,1.0255029253980703,1.0958101710286152,2.0,0
234.85637521614785,critical,0.0032263254813358344,0.3513634158531591,0.35458974133449495,2.0,0
233.89523314828583,emergency,0.26380030938827304,0.9736079806575129,1.237408290045786,4.0,0
234.09374844412045,emergency,0.7685943235650257,0.3190807107927397,1.0876750343577655,4.0,0
234.2353419574502,critical,0.11474219440640354,0.9736079806575129,1.0883501750639164,2.0,0
233.50467982969465,emergency,0.5170193507396164,0.9736079806575129,1.4906273313971292,4.0,0
225.02663579987578,routine,10.280206021902984,0.3513634158531591,10.631569437756143,24.0,0
225.21777208281856,routine,10.257623392935926,0.3513634158531591,10.608986808789085,24.0,0
225.1302993733947,routine,10.198928158053718,0.4353805806418104,10.634308738695529,24.0,0
234.34586714011178,emergency,0.8323542530266934,0.6599100317467526,1.492264284773446,4.0,0
234.81951219521778,emergency,0.38969718917175555,0.6659438790168433,1.0556410681885988,4.0,0
234.21469299016758,emergency,0.6484954000797813,0.6599100317467526,1.308405431826534,4.0,0
234.34013495049192,emergency,0.7491488403238407,0.3190807107927397,1.0682295511165805,4.0,0
235.5919467494659,emergency,0.06863087033710258,0.4353805806418104,0.504011450978913,4.0,0
234.4961428032126,emergency,0.7017629330299258,0.6659438790168433,1.367706812046769,4.0,0
225.9986093250535,routine,9.908596392131074,0.4353805806418104,10.343976972772884,24.0,0
235.4453651300864,critical,0.0,0.3513634158531591,0.3513634158531591,2.0,0
234.64813902810974,seasonal,0.5576919933250792,0.668926378609784,1.2266183719348631,12.0,0
225.5504866047636,routine,10.298353581323994,0.6396923088485589,10.938045890172553,24.0,0
236.27867626610214,emergency,0.0,0.3513634158531591,0.3513634158531591,4.0,0
235.85288685407062,seasonal,0.046308483871285944,0.7919122426127785,0.8382207264840644,12.0,0
235.54170822145707,emergency,0.0,1.0255029253980703,1.0255029253980703,4.0,0
236.154789192185,seasonal,0.3237294710162075,0.6659438790168433,0.9896733500330508,12.0,0
226.31987523026262,routine,10.220302257761972,0.6599100317467526,10.880212289508725,24.0,0
227.24158799139323,routine,9.323120869426702,0.9736079806575129,10.296728850084214,24.0,0
227.27682146853329,routine,9.739579661731227,0.6659438790168433,10.40552354074807,24.0,0
237.48130089261002,seasonal,0.07669879675447078,0.6659438790168433,0.742642675771314,12.0,0
227.38294053333777,routine,9.710219459128012,0.6599100317467526,10.370129490874765,24.0,0
227.42712549677256,routine,9.797661552644911,0.6599100317467526,10.457571584391664,24.0,0
238.0132331331378,emergency,0.0,0.7177220910631077,0.7177220910631077,4.0,0
238.29614108967652,emergency,0.0,0.6659438790168433,0.6659438790168433,4.0,0
237.8922891975055,seasonal,0.5643062171930637,0.4353805806418104,0.9996867978348741,12.0,0
238.5551171643055,critical,0.0,0.668926378609784,0.668926378609784,2.0,0
237.6949611433733,seasonal,0.6842625954443236,0.7919122426127785,1.476174838057102,12.0,0
238.20689015802097,emergency,0.0,0.7919122426127785,0.7919122426127785,4.0,0
238.6350964319684,emergency,0.0,0.668926378609784,0.668926378609784,4.0,0
238.33321931976602,emergency,0.0,0.4353805806418104,0.4353805806418104,4.0,0
227.6691622669546,routine,10.795894708459002,0.3513634158531591,11.147258124312161,24.0,0
228.69487656883305,routine,10.220448912951298,0.4353805806418104,10.655829493593108,24.0,0
238.70295848463937,seasonal,0.20700318905079484,0.3190807107927397,0.5260838998435345,12.0,0
238.51637302121748,seasonal,0.22391227893376708,0.7919122426127785,1.0158245215465456,12.0,0
238.32480086842415,emergency,0.0,0.7177220910631077,0.7177220910631077,4.0,0
229.35306532728487,routine,9.640951878438102,0.668926378609784,10.309878257047886,24.0,0
239.07418590697756,critical,0.0,0.6599100317467526,0.6599100317467526,2.0,0
239.5734607079964,seasonal,0.35951302474640556,0.3190807107927397,0.6785937355391453,12.0,0
238.99810918437672,emergency,0.0,0.9736079806575129,0.9736079806575129,4.0,0
229.58911342958294,routine,10.516030191677373,0.668926378609784,11.184956570287158,24.0,0
239.44060905503852,seasonal,0.1901746683904264,0.7177220910631077,0.9078967594535341,12.0,0
239.91667290873923,critical,0.0,0.6599100317467526,0.6599100317467526,2.0,0
240.0767706432834,emergency,0.0,0.668926378609784,0.668926378609784,4.0,0
229.67715369484975,routine,10.452678937975065,0.9736079806575129,11.426286918632577,24.0,0
230.09755750338272,routine,10.261423082231715,0.6599100317467526,10.921333113978468,24.0,0
229.88513689661292,routine,10.36727518131599,0.668926378609784,11.036201559925773,24.0,0
230.53644286435187,routine,10.157760340104232,1.0255029253980703,11.183263265502303,24.0,0
230.73174493845252,routine,10.781696844392485,0.7919122426127785,11.573609087005263,24.0,0
240.69925117440096,seasonal,0.3408112189917176,1.0255029253980703,1.366314144389788,12.0,0
241.45369859827736,critical,0.0,0.6599100317467526,0.6599100317467526,2.0,0
231.3427997528023,routine,10.942451673799098,0.668926378609784,11.611378052408883,24.0,0
230.76027529988747,routine,10.856160236267783,0.6659438790168433,11.522104115284627,24.0,0
241.9108259768048,seasonal,0.13547224365674992,0.7177220910631077,0.8531943347198576,12.0,0
241.78478623535258,seasonal,0.02964964890287547,0.9736079806575129,1.0032576295603883,12.0,0
231.46291671086567,routine,11.537487386582654,0.6396923088485589,12.177179695431214,24.0,0
242.82158809128654,emergency,0.0,0.6659438790168433,0.6659438790168433,4.0,0
232.2604169172794,routine,11.153287582236516,0.7919122426127785,11.945199824849293,24.0,0
233.01838062692642,routine,10.639251281221078,0.4353805806418104,11.074631861862889,24.0,0
231.9608755105247,routine,11.290999212854672,0.7177220910631077,12.00872130391778,24.0,0
233.17894920617408,routine,10.517481242958013,0.7919122426127785,11.30939348557079,24.0,0
232.74466550331286,routine,10.838151884861787,0.9736079806575129,11.8117598655193,24.0,0
244.13407599903863,emergency,0.0,0.4353805806418104,0.4353805806418104,4.0,0
233.23515173822284,routine,10.844119662730236,0.7177220910631077,11.561841753793344,24.0,0
233.49636956179302,routine,10.81705941265426,1.0255029253980703,11.84256233805233,24.0,0
233.75934025770422,routine,11.157349901443297,0.6396923088485589,11.797042210291856,24.0,0
233.64493297805672,routine,11.264273777576705,0.9736079806575129,12.237881758234217,24.0,0
233.91669052982192,routine,11.04688322563672,1.0255029253980703,12.07238615103479,24.0,0
234.48056684872256,routine,10.84310694435456,0.3190807107927397,11.1621876551473,24.0,0
234.890228553298,routine,10.57094816836701,0.7177220910631077,11.288670259430118,24.0,0
245.45026829126226,emergency,0.0,0.6599100317467526,0.6599100317467526,4.0,0
246.31885557714787,seasonal,0.09983142448837157,0.3190807107927397,0.41891213528111126,12.0,0
245.78530389447178,seasonal,0.11884881246803047,1.0255029253980703,1.1443517378661008,12.0,0
236.54789230287423,routine,10.315864917286945,0.3190807107927397,10.634945628079684,24.0,0
246.55938664089243,critical,0.0,0.7177220910631077,0.7177220910631077,2.0,0
247.1969495219526,emergency,0.0,0.3513634158531591,0.3513634158531591,4.0,0
235.13670680934638,routine,10.95787933936947,1.0255029253980703,11.98338226476754,24.0,0
238.08121439577948,routine,8.841637911913637,0.3190807107927397,9.160718622706376,24.0,0
247.0074136636062,critical,0.0,0.6659438790168433,0.6659438790168433,2.0,0
246.3438843977011,seasonal,0.4110791945436745,1.0255029253980703,1.4365821199417448,12.0,0
246.92672261672692,seasonal,0.5543762491889481,0.9736079806575129,1.527984229846461,12.0,0
239.48706962656414,routine,8.366334108187289,0.668926378609784,9.035260486797073,24.0,0
247.66417948142683,emergency,0.0,0.6659438790168433,0.6659438790168433,4.0,0
238.18254648452503,routine,9.570800149593765,0.9736079806575129,10.544408130251277,24.0,0
247.0526149877379,seasonal,0.5761205336326896,0.7177220910631077,1.2938426246957972,12.0,0
248.34633119811886,emergency,0.0,0.6396923088485589,0.6396923088485589,4.0,0
248.286861468475,emergency,0.0,0.3190807107927397,0.3190807107927397,4.0,0
248.17443688433085,seasonal,0.2051150504684358,0.6659438790168433,0.8710589294852791,12.0,0
248.14870810397946,emergency,0.0,0.668926378609784,0.668926378609784,4.0,0
241.45385321482578,routine,6.970353137006185,0.668926378609784,7.63927951561597,24.0,0
248.99503296015837,emergency,0.0,0.3513634158531591,0.3513634158531591,4.0,0
248.6121193495967,emergency,0.0,0.6396923088485589,0.6396923088485589,4.0,0
248.76149836448027,emergency,0.0,0.4353805806418104,0.4353805806418104,4.0,0
249.2039738918679,emergency,0.0,0.6599100317467526,0.6599100317467526,4.0,0
248.85757494155757,emergency,0.0,1.0255029253980703,1.0255029253980703,4.0,0
248.9183260132168,seasonal,0.1413868777592313,0.4353805806418104,0.5767674584010417,12.0,0
249.11075831145007,seasonal,0.2940986158323824,0.7177220910631077,1.01182070689549,12.0,0
249.29933450475534,emergency,0.0,0.6599100317467526,0.6599100317467526,4.0,0
249.7369657784022,critical,0.0,0.3190807107927397,0.3190807107927397,2.0,0
249.09660570082428,critical,0.0,0.7177220910631077,0.7177220910631077,2.0,0
248.52277851660614,seasonal,0.48777423055580016,0.9736079806575129,1.461382211213313,12.0,0
248.79769060401418,emergency,0.0,0.9736079806575129,0.9736079806575129,4.0,0
248.9590172795512,seasonal,0.16869405600849063,0.6396923088485589,0.8083863648570495,12.0,0
249.97798907148314,emergency,0.0,0.3513634158531591,0.3513634158531591,4.0,0
249.57115386155036,critical,0.0,0.3190807107927397,0.3190807107927397,2.0,0
249.04049828007956,emergency,0.0,0.7177220910631077,0.7177220910631077,4.0,0
249.68985981609026,emergency,0.0,0.6396923088485589,0.6396923088485589,4.0,0
249.16485687341842,seasonal,0.48432691976000797,0.6599100317467526,1.1442369515067605,12.0,0
249.69473092911255,seasonal,0.3312682856038691,0.4353805806418104,0.7666488662456795,12.0,0
250.1830424045617,emergency,0.0,0.6659438790168433,0.6659438790168433,4.0,0
249.35628143620897,seasonal,0.5167047541459056,0.6599100317467526,1.176614785892658,12.0,0
250.65767596672728,emergency,0.0,0.4353805806418104,0.4353805806418104,4.0,0
250.74634790458407,emergency,0.0,0.3190807107927397,0.3190807107927397,4.0,0
250.5213475352112,emergency,0.0,0.7177220910631077,0.7177220910631077,4.0,0
250.58377881127356,critical,0.0,0.3190807107927397,0.3190807107927397,2.0,0
250.62499737120092,critical,0.0,0.7177220910631077,0.7177220910631077,2.0,0
250.47174684160987,emergency,0.0,0.6396923088485589,0.6396923088485589,4.0,0
250.85428831754476,critical,0.0,0.6659438790168433,0.6659438790168433,2.0,0
250.88363783674703,emergency,0.0,0.4353805806418104,0.4353805806418104,4.0,0
242.18962307976557,routine,8.82396388740824,0.668926378609784,9.492890266018025,24.0,0
251.1773643543486,emergency,0.0,0.6659438790168433,0.6659438790168433,4.0,0
250.11508543875155,seasonal,0.6546811724410873,0.7919122426127785,1.4465934150538657,12.0,0
251.3952190667279,emergency,0.0,0.6659438790168433,0.6659438790168433,4.0,0
249.8687746747999,seasonal,0.877172592661509,0.9736079806575129,1.850780573319022,12.0,0
246.41196972903742,routine,4.929480231001776,0.7919122426127785,5.7213924736145545,24.0,0
251.29224706554263,emergency,0.0,0.7919122426127785,0.7919122426127785,4.0,0
251.5045423474997,critical,0.0,0.668926378609784,0.668926378609784,2.0,0
245.98394975502617,routine,5.257438470009191,0.7177220910631077,5.975160561072299,24.0,0
250.6620137937633,seasonal,0.26060480125536856,0.9736079806575129,1.2342127819128814,12.0,0
246.48754498325937,routine,5.258899252241264,0.6599100317467526,5.918809283988017,24.0,0
251.7726453207112,seasonal,0.9409999449463555,0.6659438790168433,1.6069438239631988,12.0,0
246.9883718149468,routine,6.261615823641847,0.3513634158531591,6.612979239495006,24.0,0
252.95970445861727,seasonal,0.004083842010544458,0.6599100317467526,0.663993873757297,12.0,0
246.56538340747358,routine,6.580037149777667,0.3513634158531591,6.931400565630826,24.0,0
251.86016855284643,seasonal,0.8950313741428317,0.6659438790168433,1.560975253159675,12.0,0
252.06846625584976,seasonal,0.7007220340547349,0.6599100317467526,1.3606320658014874,12.0,0
246.57653477748164,routine,6.6474050231706485,0.9736079806575129,7.621013003828161,24.0,0
253.97979289485053,emergency,0.0,0.4353805806418104,0.4353805806418104,4.0,0
253.37600648369556,seasonal,0.619230910193977,0.4353805806418104,1.0546114908357875,12.0,0
253.41085754308793,emergency,0.0,0.668926378609784,0.668926378609784,4.0,0
254.18407190764387,emergency,0.0,0.4353805806418104,0.4353805806418104,4.0,0
253.52127399813736,seasonal,0.8048315674320463,0.6396923088485589,1.4445238762806052,12.0,0
254.3363046837393,seasonal,0.3150234785089481,0.3513634158531591,0.6663868943621072,12.0,0
254.40080406345527,emergency,0.0,0.668926378609784,0.668926378609784,4.0,0
254.23931939191067,emergency,0.0,0.668926378609784,0.668926378609784,4.0,0
247.8166349730925,routine,7.001229403867768,0.4353805806418104,7.4366099845095786,24.0,0
254.80443170820294,critical,0.0,0.6396923088485589,0.6396923088485589,2.0,0
247.6238358819133,routine,7.167724368909802,0.9736079806575129,8.141332349567314,24.0,0
254.48158169322485,emergency,0.0,1.0255029253980703,1.0255029253980703,4.0,0
254.88084393605618,emergency,0.0,0.6659438790168433,0.6659438790168433,4.0,0
254.14714232538893,seasonal,0.4286693675687161,0.6396923088485589,1.068361676417275,12.0,0
254.63694497061542,emergency,0.0,0.668926378609784,0.668926378609784,4.0,0
255.2166404103698,emergency,0.0,0.7919122426127785,0.7919122426127785,4.0,0
247.28743223287378,routine,7.426058111758863,0.7177220910631077,8.14378020282197,24.0,0
255.60246233138807,emergency,0.0,0.3190807107927397,0.3190807107927397,4.0,0
255.40983806979148,emergency,0.0,0.3513634158531591,0.3513634158531591,4.0,0
255.39544482291413,emergency,0.0,0.6659438790168433,0.6659438790168433,4.0,0
247.87260525126734,routine,7.422900504684293,0.6599100317467526,8.082810536431046,24.0,0
254.88377812782585,emergency,0.0,1.0255029253980703,1.0255029253980703,4.0,0
255.52632544912643,emergency,0.0,0.7919122426127785,0.7919122426127785,4.0,0
248.14587224255664,routine,7.591315387410333,0.7177220910631077,8.30903747847344,24.0,0
255.75620227074245,emergency,0.0,1.0255029253980703,1.0255029253980703,4.0,0
255.20846991082422,emergency,0.0,1.0255029253980703,1.0255029253980703,4.0,0
248.22531923640614,routine,7.5281247083171365,0.6599100317467526,8.18803474006389,24.0,0
256.47271460681236,emergency,0.0,0.6396923088485589,0.6396923088485589,4.0,0
255.71632785644618,emergency,0.0,1.0255029253980703,1.0255029253980703,4.0,0
256.0492155399669,emergency,0.0,0.668926378609784,0.668926378609784,4.0,0
248.71711981251164,routine,7.876052367963524,0.3190807107927397,8.195133078756264,24.0,0
248.3938921325417,routine,7.718534100070059,0.9736079806575129,8.69214208072757,24.0,0
248.91119157564634,routine,8.061653737928623,0.9736079806575129,9.035261718586135,24.0,0
257.4960584458355,critical,0.0,0.4353805806418104,0.4353805806418104,2.0,0
257.22436685624405,emergency,0.0,0.3190807107927397,0.3190807107927397,4.0,0
248.58176162894438,routine,7.875993440539105,1.0255029253980703,8.901496365937176,24.0,0
256.6469473409108,seasonal,0.044919048832412045,1.0255029253980703,1.0704219742304824,12.0,0
256.7113244488505,critical,0.0,1.0255029253980703,1.0255029253980703,2.0,0
257.00422187544774,seasonal,0.3912341111578712,0.7177220910631077,1.108956202220979,12.0,0
257.3788970436026,seasonal,0.12798378728160742,0.4353805806418104,0.5633643679234178,12.0,0
258.4827490680026,emergency,0.0,0.3513634158531591,0.3513634158531591,4.0,0
258.3160913760107,emergency,0.0,0.3513634158531591,0.3513634158531591,4.0,0
249.0143950149252,routine,9.095377965530105,0.7919122426127785,9.887290208142883,24.0,0
258.4078073569565,emergency,0.0,0.3513634158531591,0.3513634158531591,4.0,0
258.82575597590414,emergency,0.0,0.3190807107927397,0.3190807107927397,4.0,0
249.9039604722118,routine,8.69816739595376,0.6659438790168433,9.364111274970604,24.0,0
258.9474071554109,emergency,0.0,0.3513634158531591,0.3513634158531591,4.0,0
258.3835749115166,emergency,0.0,0.3513634158531591,0.3513634158531591,4.0,0
258.26862627304524,emergency,0.0,0.668926378609784,0.668926378609784,4.0,0
258.6803912949957,critical,0.0,0.668926378609784,0.668926378609784,2.0,0
249.96555667489986,routine,8.748763436849401,0.4353805806418104,9.184144017491212,24.0,0
249.1521414992465,routine,9.086181240262533,0.668926378609784,9.755107618872318,24.0,0
258.8069113803809,emergency,0.0,0.6659438790168433,0.6659438790168433,4.0,0
250.13792779117082,routine,8.667386396238527,0.3190807107927397,8.986467107031267,24.0,0
250.0518314532151,routine,8.674642645418572,0.3513634158531591,9.026006061271731,24.0,0
259.5694630864326,emergency,0.0,0.3190807107927397,0.3190807107927397,4.0,0
259.2571604960163,emergency,0.0,0.3513634158531591,0.3513634158531591,4.0,0
258.67441604200366,emergency,0.0,0.6659438790168433,0.6659438790168433,4.0,0
250.58224291397755,routine,9.020478644321486,0.3190807107927397,9.339559355114226,24.0,0
259.0595298245807,emergency,0.0,0.6659438790168433,0.6659438790168433,4.0,0
259.12154848078416,emergency,0.0,0.4353805806418104,0.4353805806418104,4.0,0
250.38728422027717,routine,8.84836190231644,0.3513634158531591,9.1997253181696,24.0,0
259.4715785877841,emergency,0.0,0.6599100317467526,0.6599100317467526,4.0,0
259.48488711210064,emergency,0.0,0.4353805806418104,0.4353805806418104,4.0,0
259.81085226969765,emergency,0.04232487295115561,0.3190807107927397,0.3614055837438953,4.0,0
259.76015015497745,emergency,0.0,0.7919122426127785,0.7919122426127785,4.0,0
260.04158492075965,emergency,0.0002558026401402458,0.668926378609784,0.6691821812499242,4.0,0
250.7344569319476,routine,9.59671498423927,0.4353805806418104,10.03209556488108,24.0,0
250.61307438381624,routine,9.363530676514813,0.4353805806418104,9.798911257156623,24.0,0
250.7030566174618,routine,9.547480571295523,0.4353805806418104,9.982861151937334,24.0,0
250.62671651374822,routine,9.58891831085404,0.7919122426127785,10.380830553466819,24.0,0
260.1212618282416,emergency,0.0,0.6599100317467526,0.6599100317467526,4.0,0
260.40169565902175,emergency,0.10054005729193705,0.668926378609784,0.769466435901721,4.0,0
260.31717620206774,emergency,0.0,0.6599100317467526,0.6599100317467526,4.0,0
260.17214992266554,seasonal,0.0345258241215447,0.668926378609784,0.7034522027313287,12.0,0
259.8287601041716,emergency,0.08279810852906166,0.7919122426127785,0.8747103511418401,4.0,0
259.78805155575975,emergency,0.0,0.7919122426127785,0.7919122426127785,4.0,0
260.8429607038397,emergency,0.0,0.6599100317467526,0.6599100317467526,4.0,0
250.76709159323366,routine,9.92676549233255,0.7919122426127785,10.718677734945327,24.0,0
260.10836707631285,emergency,0.0,0.9736079806575129,0.9736079806575129,4.0,0
260.730271895226,emergency,0.0,0.3513634158531591,0.3513634158531591,4.0,0
260.2686776139663,emergency,0.0,0.7919122426127785,0.7919122426127785,4.0,0
260.7183122832719,emergency,0.0,0.7919122426127785,0.7919122426127785,4.0,0
260.84999633445403,emergency,0.0,0.4353805806418104,0.4353805806418104,4.0,0
261.1096728542728,emergency,0.0,0.668926378609784,0.668926378609784,4.0,0
261.18845131575284,seasonal,0.2587492202546855,0.3190807107927397,0.5778299310474252,12.0,0
261.1844474058298,emergency,0.12253810713679059,0.3190807107927397,0.4416188179295303,4.0,0
260.85831611766486,critical,0.13448391957666672,0.6599100317467526,0.7943939513234193,2.0,0
261.04841422481195,emergency,0.0,0.7177220910631077,0.7177220910631077,4.0,0
261.55858913391063,emergency,0.39325301037735017,0.3513634158531591,0.7446164262305093,4.0,0
261.4544135654107,critical,0.20294931535369187,0.7177220910631077,0.9206714064167996,2.0,0
251.23619548097727,routine,9.646038343677986,0.9736079806575129,10.619646324335498,24.0,0
261.2524907584622,emergency,0.05926520728593232,0.7919122426127785,0.8511774498987108,4.0,0
261.88230760483606,emergency,0.09330986437004185,0.3513634158531591,0.44467328022320096,4.0,0
251.60987880214395,routine,10.332490422732121,0.4353805806418104,10.767871003373932,24.0,0
251.52099119190615,routine,10.109969124120994,0.668926378609784,10.778895502730778,24.0,0
261.40142075855414,seasonal,0.06215275406202636,0.6659438790168433,0.7280966330788696,12.0,0
261.40464082842027,emergency,0.4707881497096764,0.4353805806418104,0.9061687303514868,4.0,0
251.31145505784906,routine,10.304014932142366,0.6659438790168433,10.96995881115921,24.0,0
261.4572216738901,emergency,0.4297595586353964,0.6396923088485589,1.0694518674839553,4.0,0
252.36995334946567,routine,9.77610627741575,0.6599100317467526,10.436016309162502,24.0,0
262.1774520447578,emergency,0.07706167814467335,0.6599100317467526,0.7369717098914259,4.0,0
252.52947754694478,routine,9.940793784542251,0.4353805806418104,10.376174365184061,24.0,0
262.8774578077145,seasonal,0.20986535050928978,0.3190807107927397,0.5289460613020295,12.0,0
262.17492816219277,emergency,0.0,1.0255029253980703,1.0255029253980703,4.0,0
252.75943321186142,routine,10.534934910557496,0.7177220910631077,11.252657001620603,24.0,0
253.37652139336,routine,10.115327566657527,0.6396923088485589,10.755019875506086,24.0,0
252.68302762370695,routine,10.609187622858144,0.7177220910631077,11.326909713921252,24.0,0
254.36257090898496,routine,9.9823842661186,0.3513634158531591,10.33374768197176,24.0,0
253.59525317855534,routine,10.037917592838056,0.6396923088485589,10.677609901686616,24.0,0
253.65527565856215,routine,10.323086712450646,0.4353805806418104,10.758467293092457,24.0,0
253.7281149923887,routine,10.492154442974169,0.9736079806575129,11.46576242363168,24.0,0
254.46320716295338,routine,10.151033515699964,0.7919122426127785,10.942945758312742,24.0,0
264.8330305906986,seasonal,0.37522730665045856,0.668926378609784,1.0441536852602424,12.0,0
254.46412915015375,routine,10.824163284414311,0.6599100317467526,11.484073316161064,24.0,0
254.52477030251626,routine,10.807120777137726,0.6396923088485589,11.446813085986285,24.0,0
255.26846185585663,routine,10.258401419214294,0.3513634158531591,10.609764835067454,24.0,0
256.2911366821898,routine,9.917896664606133,0.4353805806418104,10.353277245247943,24.0,0
256.62377719864793,routine,10.13183277900049,0.4353805806418104,10.5672133596423,24.0,0
255.63910534132629,routine,10.135626385571527,1.0255029253980703,11.161129310969597,24.0,0
266.64519886911347,critical,0.0,0.9736079806575129,0.9736079806575129,2.0,0
256.6693512240602,routine,10.281619809494316,0.3513634158531591,10.632983225347475,24.0,0
256.3377891389666,routine,10.217175419968271,0.9736079806575129,11.190783400625783,24.0,0
256.7702761345463,routine,10.355962941407483,0.9736079806575129,11.329570922064995,24.0,0
256.92211775441837,routine,10.338500814288693,0.6396923088485589,10.978193123137252,24.0,0
257.25804899757895,routine,10.727854368450778,0.668926378609784,11.396780747060562,24.0,0
257.39440845148863,routine,10.7691015571599,0.3190807107927397,11.08818226795264,24.0,0
259.16140648748205,routine,9.73879658370646,0.4353805806418104,10.17417716434827,24.0,0
269.21730293769406,emergency,0.0,0.3513634158531591,0.3513634158531591,4.0,0
258.66228623252914,routine,10.06570893086598,0.6599100317467526,10.725618962612733,24.0,0
257.38945626664685,routine,10.623281640272353,1.0255029253980703,11.648784565670423,24.0,0
258.60879949274374,routine,9.952134292789424,0.6659438790168433,10.618078171806268,24.0,0
259.00355693050824,routine,9.762408379634621,0.7177220910631077,10.480130470697729,24.0,0
259.39490875269564,routine,9.952368667453584,0.3190807107927397,10.271449378246324,24.0,0
269.02037690100343,emergency,0.0,0.7919122426127785,0.7919122426127785,4.0,0
269.4238057739715,emergency,0.0,0.668926378609784,0.668926378609784,4.0,0
270.29786809714943,critical,0.0,0.3513634158531591,0.3513634158531591,2.0,0
269.69583206642494,emergency,0.0,0.4353805806418104,0.4353805806418104,4.0,0
269.9899409486734,seasonal,0.017723072655940086,0.4353805806418104,0.4531036532977505,12.0,0
260.3048731504119,routine,10.310929291878722,0.4353805806418104,10.746309872520532,24.0,0
260.28432702025293,routine,10.136614378861452,0.4353805806418104,10.571994959503263,24.0,0
270.82387688305477,critical,0.0,0.3190807107927397,0.3190807107927397,2.0,0
259.3952749270966,routine,10.289443676137694,1.0255029253980703,11.314946601535764,24.0,0
270.18016947187965,seasonal,0.22616255900322813,0.6599100317467526,0.8860725907499807,12.0,0
270.0305665057086,seasonal,0.30744826620934873,0.6659438790168433,0.973392145226192,12.0,0
271.24311113413364,seasonal,0.15939408632533514,0.3513634158531591,0.5107575021784942,12.0,0
260.3126704030296,routine,10.373540831911328,0.9736079806575129,11.34714881256884,24.0,0
260.81914989504327,routine,10.984638276585201,0.4353805806418104,11.420018857227012,24.0,0
271.06399396885894,emergency,0.0,0.7177220910631077,0.7177220910631077,4.0,0
260.9717802515834,routine,10.847529193546336,0.6659438790168433,11.51347307256318,24.0,0
272.0663843310251,critical,0.0,0.6599100317467526,0.6599100317467526,2.0,0
261.3730453366719,routine,10.62505126616071,0.9736079806575129,11.598659246818222,24.0,0
272.62699629534546,emergency,0.0,0.3513634158531591,0.3513634158531591,4.0,0
272.2507128384365,emergency,0.0,0.6396923088485589,0.6396923088485589,4.0,0
263.10535214210626,routine,8.899934142856068,0.668926378609784,9.568860521465853,24.0,0
272.58995646358073,critical,0.0,0.4353805806418104,0.4353805806418104,2.0,0
264.5453164413777,routine,8.08272739005804,0.3190807107927397,8.40180810085078,24.0,0
273.26477111687683,emergency,0.0,0.3190807107927397,0.3190807107927397,4.0,0
273.2316580367743,emergency,0.0,0.3190807107927397,0.3190807107927397,4.0,0
272.8663194380841,emergency,0.0,0.6599100317467526,0.6599100317467526,4.0,0
272.7142552686663,emergency,0.0,0.3190807107927397,0.3190807107927397,4.0,0
272.3575800543992,emergency,0.0,0.9736079806575129,0.9736079806575129,4.0,0
272.88408760562845,seasonal,0.0677578087894517,0.6599100317467526,0.7276678405362043,12.0,0
272.8022556352038,emergency,0.0,0.6396923088485589,0.6396923088485589,4.0,0
273.5418483749757,emergency,0.0,0.3190807107927397,0.3190807107927397,4.0,0
272.34637384145356,seasonal,0.012152510642010839,0.9736079806575129,0.9857604912995237,12.0,0
273.4606866732163,critical,0.0,0.3513634158531591,0.3513634158531591,2.0,0
265.8639704949851,routine,6.835604698760335,0.6659438790168433,7.501548577777179,24.0,0
272.98212972064607,emergency,0.0,0.668926378609784,0.668926378609784,4.0,0
273.0607436664481,emergency,0.0,0.4353805806418104,0.4353805806418104,4.0,0
273.63475154981154,emergency,0.1213650306440286,0.3513634158531591,0.4727284464971877,4.0,0
273.4321656428416,emergency,0.0,0.7919122426127785,0.7919122426127785,4.0,0
273.347212541185,seasonal,0.3101237844391562,0.6659438790168433,0.9760676634559995,12.0,0
273.6593065920938,critical,0.07629598958340011,0.4353805806418104,0.5116765702252105,2.0,0
267.7797573889603,routine,5.9927804023617455,0.7919122426127785,6.784692644974524,24.0,0
273.1095109432715,seasonal,0.10882385040537201,0.7919122426127785,0.9007360930181505,12.0,0
273.09461478322515,emergency,0.0,0.9736079806575129,0.9736079806575129,4.0,0
273.757279273751,emergency,0.18855147559509078,0.6599100317467526,0.8484615073418433,4.0,0
269.4094814908986,routine,5.173050564994185,0.3513634158531591,5.524413980847344,24.0,0
273.5568073393566,emergency,0.09635649003570279,0.9736079806575129,1.0699644706932157,4.0,0
273.915225548667,emergency,0.35464404324829957,0.668926378609784,1.0235704218580834,4.0,0
274.54274815269343,emergency,0.2965142129040146,0.3190807107927397,0.6155949236967543,4.0,0
273.8336913814503,emergency,0.4014200862251869,1.0255029253980703,1.4269230116232572,4.0,0
273.94586453829714,seasonal,0.07335832272906373,0.6659438790168433,0.739302201745907,12.0,0
274.46914292294156,seasonal,0.009622688669878698,0.6599100317467526,0.6695327204166313,12.0,0
274.1369633313607,emergency,0.38191284234409295,0.6659438790168433,1.0478567213609362,4.0,0
274.6116056446933,seasonal,0.028717675522671016,0.3190807107927397,0.3477983863154107,12.0,0
274.30289957474633,emergency,0.32195401761583753,0.3513634158531591,0.6733174334689966,4.0,0
274.53296852536306,emergency,0.22876046431326813,0.3513634158531591,0.5801238801664272,4.0,0
274.0207188657444,emergency,0.30409567027788853,0.6396923088485589,0.9437879791264474,4.0,0
273.99201877152643,emergency,0.328840838361657,0.6599100317467526,0.9887508701084096,4.0,0
273.95449859771077,emergency,0.33538039013603793,0.6599100317467526,0.9952904218827905,4.0,0
274.2302610636368,emergency,0.31080176011653293,0.6659438790168433,0.9767456391333762,4.0,0
274.451527067424,emergency,0.2924900179023098,0.668926378609784,0.9614163965120938,4.0,0
274.6631321564773,emergency,0.4653961109921738,0.668926378609784,1.1343224896019577,4.0,0
274.9652852208083,seasonal,0.06857260111718233,0.7177220910631077,0.78629469218029,12.0,0
275.01354722096875,seasonal,0.260390142906715,0.6599100317467526,0.9203001746534676,12.0,0
274.39823695576683,emergency,0.3383892965023847,0.6599100317467526,0.9982993282491373,4.0,0
274.6950753259375,emergency,0.7107228393360856,0.4353805806418104,1.146103419977896,4.0,0
275.0755405759844,seasonal,0.2464156639873636,0.3513634158531591,0.5977790798405227,12.0,0
271.8248709408945,routine,4.092749282112777,0.3513634158531591,4.444112697965936,24.0,0
275.72600905087495,critical,0.0022328754880618362,0.3513634158531591,0.35359629134122095,2.0,0
272.10487501930385,routine,3.9369185962256097,0.3513634158531591,4.288282012078769,24.0,0
275.2017773792472,emergency,0.6887176031902413,0.4353805806418104,1.1240981838320518,4.0,0
274.82277278094875,emergency,0.9261785430364284,0.6599100317467526,1.586088574783181,4.0,0
269.8735656033157,routine,5.755137539722455,0.668926378609784,6.424063918332239,24.0,0
270.72697113809096,routine,5.172813759943722,0.3513634158531591,5.524177175796881,24.0,0
274.71771865078256,emergency,0.8619090262310465,0.9736079806575129,1.8355170068885593,4.0,0
276.16443373099344,emergency,0.0,0.6396923088485589,0.6396923088485589,4.0,0
275.78455809808094,emergency,0.13795841180194657,0.6396923088485589,0.7776507206505054,4.0,0
275.03628833637066,emergency,0.8182770859299922,0.7177220910631077,1.5359991769930998,4.0,0
272.68941739504294,routine,3.9355807552436204,0.3513634158531591,4.2869441710967795,24.0,0
276.7364387899037,emergency,0.0,0.3513634158531591,0.3513634158531591,4.0,0
276.3541318376216,emergency,0.0,0.7919122426127785,0.7919122426127785,4.0,0
276.79243888081794,emergency,0.0,0.6396923088485589,0.6396923088485589,4.0,0
272.74276800933967,routine,4.188588426312549,0.6396923088485589,4.828280735161108,24.0,0
274.1178434509602,routine,2.918420043747119,0.6599100317467526,3.578330075493872,24.0,0
276.8997116860707,emergency,0.0,0.6599100317467526,0.6599100317467526,4.0,0
272.3490518258173,routine,4.233812792469621,0.6659438790168433,4.899756671486465,24.0,0
277.31955519804876,emergency,0.0,0.3513634158531591,0.3513634158531591,4.0,0
276.6476472558584,emergency,0.0,0.6599100317467526,0.6599100317467526,4.0,0
277.58020260068776,emergency,0.0,0.3513634158531591,0.3513634158531591,4.0,0
277.3657196041258,emergency,0.0,0.3513634158531591,0.3513634158531591,4.0,0
276.95004420632284,emergency,0.0,0.9736079806575129,0.9736079806575129,4.0,0
274.12621473020636,routine,3.1014729760285604,0.6396923088485589,3.7411652848771193,24.0,0
277.7279970084798,emergency,0.0,0.6599100317467526,0.6599100317467526,4.0,0
277.39049993323863,emergency,0.0,0.6599100317467526,0.6599100317467526,4.0,0
277.51914663228126,emergency,0.0,0.3513634158531591,0.3513634158531591,4.0,0
272.9188258349481,routine,4.017705793969128,0.9736079806575129,4.991313774626641,24.0,0
277.4030903926624,seasonal,0.029468374963357746,0.6659438790168433,0.695412253980201,12.0,0
277.02635080303935,emergency,0.0,1.0255029253980703,1.0255029253980703,4.0,0
278.4307236326778,critical,0.03686955282233839,0.3190807107927397,0.3559502636150781,2.0,0
274.8852275382633,routine,3.739556374334029,0.3190807107927397,4.058637085126769,24.0,0
278.53036097021896,emergency,0.0,0.4353805806418104,0.4353805806418104,4.0,0
274.35601877130694,routine,3.5684196699336894,0.7177220910631077,4.286141760996797,24.0,0
278.4254671579118,critical,0.0,0.3513634158531591,0.3513634158531591,2.0,0
278.2364961094853,emergency,0.0,0.3190807107927397,0.3190807107927397,4.0,0
277.90440712780025,emergency,0.0,1.0255029253980703,1.0255029253980703,4.0,0
278.5347256435225,emergency,0.028461486368996702,0.6599100317467526,0.6883715181157493,4.0,0
278.59994061444297,emergency,0.02654345181122153,0.3190807107927397,0.3456241626039612,4.0,0
278.1749611856216,emergency,0.0,0.9736079806575129,0.9736079806575129,4.0,0
274.8236117518998,routine,3.7245993548613114,0.7919122426127785,4.51651159747409,24.0,0
278.9794735727628,emergency,0.011948972831191895,0.4353805806418104,0.4473295534730023,4.0,0
278.86920353364417,emergency,0.11690371262773169,0.7919122426127785,0.9088159552405102,4.0,0
278.8160502404883,critical,0.15281030649242666,0.6599100317467526,0.8127203382391792,2.0,0
279.0044118011732,emergency,0.11611608423822872,0.3190807107927397,0.4351967950309684,4.0,0
274.91016438543534,routine,4.123398756012932,0.6396923088485589,4.7630910648614915,24.0,0
278.72719309157765,emergency,0.0,0.6396923088485589,0.6396923088485589,4.0,0
279.1839618811765,emergency,0.0,0.7177220910631077,0.7177220910631077,4.0,0
278.9947084140129,emergency,0.12177168480593537,0.6599100317467526,0.7816817165526879,4.0,0
274.6733760794365,routine,3.8551285291713384,1.0255029253980703,4.880631454569409,24.0,0
279.5486520568998,emergency,0.0,0.3513634158531591,0.3513634158531591,4.0,0
279.55811626222805,seasonal,0.16239093868694,0.3513634158531591,0.5137543545400991,12.0,0
275.1308851733305,routine,4.02217717665701,0.6659438790168433,4.688121055673854,24.0,0
279.35297847392394,seasonal,0.3596344849287334,0.7177220910631077,1.077356575991841,12.0,0
275.16239207902925,routine,4.065299644682057,0.7919122426127785,4.857211887294835,24.0,0
280.4906391024771,emergency,0.0,0.6659438790168433,0.6659438790168433,4.0,0
280.7868558128836,emergency,0.0,0.3190807107927397,0.3190807107927397,4.0,0
280.29606803190035,emergency,0.0,0.668926378609784,0.668926378609784,4.0,0
281.05034713581483,emergency,0.0,0.3190807107927397,0.3190807107927397,4.0,0
280.5294958857527,emergency,0.0,0.7177220910631077,0.7177220910631077,4.0,0
279.75680513693374,seasonal,0.7930742966577213,0.6659438790168433,1.4590181756745646,12.0,0
280.9496579131199,emergency,0.0,0.6599100317467526,0.6599100317467526,4.0,0
280.20786115027255,seasonal,0.710508022157569,0.668926378609784,1.379434400767353,12.0,0
280.5988674034181,seasonal,0.5268788200572203,0.3190807107927397,0.84595953084996,12.0,0
280.54377478576373,emergency,0.0,0.7177220910631077,0.7177220910631077,4.0,0
275.2506956464862,routine,5.963109215783334,0.3513634158531591,6.314472631636493,24.0,0
280.44933624691384,seasonal,0.5642540928644735,0.6396923088485589,1.2039464017130324,12.0,0
280.02468595689413,seasonal,0.6608799844265718,0.6396923088485589,1.3005722932751307,12.0,0
281.57816651565497,emergency,0.0,0.3190807107927397,0.3190807107927397,4.0,0
281.35960699228866,seasonal,0.02460049145048515,0.6599100317467526,0.6845105231972377,12.0,0
281.1883698742829,emergency,0.0,0.7177220910631077,0.7177220910631077,4.0,0
281.8254212253411,emergency,0.0,0.3513634158531591,0.3513634158531591,4.0,0
281.3962528523559,emergency,0.0,0.668926378609784,0.668926378609784,4.0,0
281.47510427985475,emergency,0.0,0.3190807107927397,0.3190807107927397,4.0,0
281.76839959470607,emergency,0.0,0.7177220910631077,0.7177220910631077,4.0,0
281.48784232422685,seasonal,0.7179864176738988,0.4353805806418104,1.1533669983157093,12.0,0
282.4171569649452,emergency,0.0,0.3190807107927397,0.3190807107927397,4.0,0
282.27689213501753,emergency,0.0,0.4353805806418104,0.4353805806418104,4.0,0
277.6682312655946,routine,4.903810924716652,0.3190807107927397,5.2228916355093915,24.0,0
281.3833231674119,critical,0.0,0.9736079806575129,0.9736079806575129,2.0,0
282.26225269451146,emergency,0.0,0.4353805806418104,0.4353805806418104,4.0,0
281.95076853745894,seasonal,0.5314971485582873,0.9736079806575129,1.5051051292158002,12.0,0
282.59600279958704,emergency,0.0,0.6599100317467526,0.6599100317467526,4.0,0
281.55421160775785,seasonal,0.9163180096909969,0.3190807107927397,1.2353987204837367,12.0,0
282.73305296944903,emergency,0.0,0.6599100317467526,0.6599100317467526,4.0,0
282.25753350010933,emergency,0.0,0.9736079806575129,0.9736079806575129,4.0,0
282.0051140558454,emergency,0.0,1.0255029253980703,1.0255029253980703,4.0,0
277.7297717498774,routine,4.9146204089256,0.4353805806418104,5.350000989567411,24.0,0
282.61595689783235,emergency,0.0,0.668926378609784,0.668926378609784,4.0,0
275.7398434419357,routine,6.831965749961057,0.7919122426127785,7.623877992573836,24.0,0
282.62730052928674,emergency,0.0,1.0255029253980703,1.0255029253980703,4.0,0
275.52266435627365,routine,7.0110973572545845,1.0255029253980703,8.036600282652655,24.0,0
282.67709961818304,critical,0.0,0.9736079806575129,0.9736079806575129,2.0,0
282.75061397470614,seasonal,0.5234656993913518,0.7177220910631077,1.2411877904544595,12.0,0
283.2718024345211,critical,0.0,0.6599100317467526,0.6599100317467526,2.0,0
283.5420425872422,critical,0.0,0.7177220910631077,0.7177220910631077,2.0,0
283.014839218753,seasonal,0.6843122629218783,0.7919122426127785,1.4762245055346568,12.0,0
284.03927249631954,critical,0.0,0.7919122426127785,0.7919122426127785,2.0,0
284.4787493957675,seasonal,0.013576800493638075,0.3513634158531591,0.3649402163467972,12.0,0
278.1271133796805,routine,6.050506897640446,0.668926378609784,6.71943327625023,24.0,0
283.1358716291968,seasonal,1.010358998886204,0.9736079806575129,1.983966979543717,12.0,0
284.58549682228045,critical,0.0,0.3190807107927397,0.3190807107927397,2.0,0
284.56577935794496,emergency,0.0,0.6659438790168433,0.6659438790168433,4.0,0
284.3250586090611,seasonal,0.11215663383705987,0.3190807107927397,0.43123734462979957,12.0,0
278.2463026369836,routine,6.688633306802842,0.6599100317467526,7.348543338549595,24.0,0
284.7081151324492,seasonal,0.1265502116448829,0.6659438790168433,0.7924940906617262,12.0,0
285.48508206908025,seasonal,0.13978687481198904,0.6599100317467526,0.7996969065587416,12.0,0
285.32719729143474,emergency,0.0,0.7177220910631077,0.7177220910631077,4.0,0
278.50986466216403,routine,6.957236032474441,0.6396923088485589,7.596928341323,24.0,0
285.82887372348137,critical,0.0,0.6599100317467526,0.6599100317467526,2.0,0
279.0891876651676,routine,6.543869247119687,0.6599100317467526,7.20377927886644,24.0,0
279.1475127064086,routine,6.624592766944033,1.0255029253980703,7.650095692342104,24.0,0
285.8530008560362,seasonal,0.18152782110104226,0.6396923088485589,0.8212201299496011,12.0,0
285.8618877049337,seasonal,0.38232985770832784,0.6659438790168433,1.048273736725171,12.0,0
287.0105963475958,emergency,0.0,0.3513634158531591,0.3513634158531591,4.0,0
279.38650603847844,routine,7.051851268798941,0.4353805806418104,7.487231849440752,24.0,0
286.2208906689127,emergency,0.0,0.9736079806575129,0.9736079806575129,4.0,0
280.0328010295953,routine,7.33704048469707,0.6599100317467526,7.996950516443823,24.0,0
279.72032959261117,routine,7.413742012569628,0.6599100317467526,8.07365204431638,24.0,0
287.40961732448676,critical,0.0,0.4353805806418104,0.4353805806418104,2.0,0
288.1093468734475,critical,0.0,0.3513634158531591,0.3513634158531591,2.0,0
281.10027642421426,routine,6.880566769775953,0.6659438790168433,7.546510648792797,24.0,0
280.4293936657379,routine,7.262811791231002,0.7919122426127785,8.05472403384378,24.0,0
288.2560643279001,emergency,0.0,0.3190807107927397,0.3190807107927397,4.0,0
288.10335547499284,emergency,0.0,1.0255029253980703,1.0255029253980703,4.0,0
287.82368780086193,emergency,0.0,0.6659438790168433,0.6659438790168433,4.0,0
287.74416483253833,seasonal,0.035152138508181,0.668926378609784,0.704078517117965,12.0,0
280.6384532278727,routine,7.329153556390338,0.6396923088485589,7.968845865238897,24.0,0
281.12774653510724,routine,7.069768562275499,0.4353805806418104,7.505149142917309,24.0,0
288.9494656665964,emergency,0.0,0.3190807107927397,0.3190807107927397,4.0,0
281.1297159017307,routine,7.705744140447905,0.6599100317467526,8.365654172194658,24.0,0
288.2765427464206,seasonal,0.5325133536834414,0.4353805806418104,0.9678939343252518,12.0,0
288.61705338633084,emergency,0.0,0.668926378609784,0.668926378609784,4.0,0
282.5427360759517,routine,7.436893680930552,0.4353805806418104,7.872274261572363,24.0,0
281.78374944668104,routine,7.944217498559965,0.3513634158531591,8.295580914413124,24.0,0
281.7463025235984,routine,7.809232718010321,0.9736079806575129,8.782840698667833,24.0,0
282.3093749014627,routine,7.6463693962156185,0.6659438790168433,8.312313275232462,24.0,0
282.2116083303844,routine,7.632382235981254,0.6659438790168433,8.298326114998098,24.0,0
282.59343938250663,routine,7.696457130283932,1.0255029253980703,8.721960055682002,24.0,0
290.21980864275054,critical,0.0,0.6659438790168433,0.6659438790168433,2.0,0
282.7840502302971,routine,7.53719168164929,0.7177220910631077,8.254913772712397,24.0,0
282.8031355632176,routine,8.410775068871374,0.6396923088485589,9.050467377719933,24.0,0
283.7238909822123,routine,7.877885504246024,0.6599100317467526,8.537795535992776,24.0,0
282.90289840137666,routine,8.442848456133902,0.668926378609784,9.111774834743686,24.0,0
284.0022681096719,routine,8.170105373294462,0.3513634158531591,8.52146878914762,24.0,0
283.08910477286065,routine,8.461805889517052,0.668926378609784,9.130732268126836,24.0,0
283.77179836131717,routine,7.867080992180547,0.6599100317467526,8.5269910239273,24.0,0
284.19527210185953,routine,8.14212542667201,0.6659438790168433,8.808069305688853,24.0,0
293.1768901262151,critical,0.0,0.3513634158531591,0.3513634158531591,2.0,0
284.9936857332869,routine,7.678797283035351,0.6396923088485589,8.31848959188391,24.0,0
292.6938284389636,seasonal,0.2013228003651193,0.6599100317467526,0.8612328321118718,12.0,0
293.008748547881,emergency,0.0,0.7177220910631077,0.7177220910631077,4.0,0
291.4104062481124,routine,2.126691355721505,0.7177220910631077,2.8444134467846123,24.0,0
285.079026040198,routine,7.868759891151797,1.0255029253980703,8.894262816549867,24.0,0
287.6971416205887,routine,5.74715897879787,0.4353805806418104,6.182539559439681,24.0,0
293.6355059854863,seasonal,0.0,0.6396923088485589,0.6396923088485589,12.0,0
294.0091705774107,emergency,0.0,0.7919122426127785,0.7919122426127785,4.0,0
294.61482449098963,emergency,0.0,0.3190807107927397,0.3190807107927397,4.0,0
294.2327699358756,emergency,0.0,0.3513634158531591,0.3513634158531591,4.0,0
294.2290803742901,routine,0.0,0.9736079806575129,0.9736079806575129,24.0,0
295.0097557300476,emergency,0.0,0.3190807107927397,0.3190807107927397,4.0,0
295.115269030424,seasonal,0.0,0.3513634158531591,0.3513634158531591,12.0,0
294.83610164370333,emergency,0.0,0.6659438790168433,0.6659438790168433,4.0,0
294.4756523412387,critical,0.0,0.6659438790168433,0.6659438790168433,2.0,0
294.2508566476334,routine,0.15524400343633715,0.9736079806575129,1.12885198409385,24.0,0
295.4406542387524,emergency,0.0,0.3190807107927397,0.3190807107927397,4.0,0
294.9243466843904,emergency,0.0,0.4353805806418104,0.4353805806418104,4.0,0
294.58900465586686,emergency,0.0,1.0255029253980703,1.0255029253980703,4.0,0
294.9514973570785,emergency,0.0,0.9736079806575129,0.9736079806575129,4.0,0
295.63144301252817,routine,0.0,0.3190807107927397,0.3190807107927397,24.0,0
295.44556473399564,emergency,0.0,0.668926378609784,0.668926378609784,4.0,0
295.2774350720042,emergency,0.0,0.9736079806575129,0.9736079806575129,4.0,0
295.0088672989963,emergency,0.0,1.0255029253980703,1.0255029253980703,4.0,0
295.41504130402393,emergency,0.0,0.6599100317467526,0.6599100317467526,4.0,0
295.8670940640674,emergency,0.0,0.6659438790168433,0.6659438790168433,4.0,0
295.6858564665002,seasonal,0.0,0.4353805806418104,0.4353805806418104,12.0,0
295.12710585824374,routine,0.0,0.9736079806575129,0.9736079806575129,24.0,0
295.8483997539786,routine,0.0,0.668926378609784,0.668926378609784,24.0,0
295.8691174371036,emergency,0.0,0.7177220910631077,0.7177220910631077,4.0,0
296.6310622774292,emergency,0.0,0.4353805806418104,0.4353805806418104,4.0,0
295.9335354494148,seasonal,0.06932710713408596,0.6659438790168433,0.7352709861509292,12.0,0
296.4766274633808,critical,0.0,0.3513634158531591,0.3513634158531591,2.0,0
297.194107295134,emergency,0.0,0.3513634158531591,0.3513634158531591,4.0,0
296.6307516095289,seasonal,0.0,0.3190807107927397,0.3190807107927397,12.0,0
296.78170154002026,routine,0.0,0.4353805806418104,0.4353805806418104,24.0,0
297.12385153597535,emergency,0.0,0.6659438790168433,0.6659438790168433,4.0,0
297.07070119717076,emergency,0.0,0.6659438790168433,0.6659438790168433,4.0,0
296.9378793500114,seasonal,0.0,0.3190807107927397,0.3190807107927397,12.0,0
297.0373144270777,emergency,0.0,0.6599100317467526,0.6599100317467526,4.0,0
297.5832478731558,emergency,0.0,0.3513634158531591,0.3513634158531591,4.0,0
297.44053930001843,emergency,0.0,0.6659438790168433,0.6659438790168433,4.0,0
298.15263341849715,routine,0.0,0.6599100317467526,0.6599100317467526,24.0,0
298.2325723018529,critical,0.0,0.6599100317467526,0.6599100317467526,2.0,0
298.23604247930484,seasonal,0.0,0.3513634158531591,0.3513634158531591,12.0,0
297.75714647178563,emergency,0.0,0.6659438790168433,0.6659438790168433,4.0,0
297.99720710044653,emergency,0.0,0.3513634158531591,0.3513634158531591,4.0,0
297.7223309156427,routine,0.0,0.7919122426127785,0.7919122426127785,24.0,0
298.6864988670659,emergency,0.0,0.4353805806418104,0.4353805806418104,4.0,0
298.1621254652788,emergency,0.0,0.6599100317467526,0.6599100317467526,4.0,0
298.7091477500823,routine,0.0,0.4353805806418104,0.4353805806418104,24.0,0
298.4528830629193,emergency,0.0,0.4353805806418104,0.4353805806418104,4.0,0
297.98202091048944,routine,0.0,0.7177220910631077,0.7177220910631077,24.0,0
298.3165957873979,critical,0.0,0.9736079806575129,0.9736079806575129,2.0,0
298.4941339160294,emergency,0.0,0.7177220910631077,0.7177220910631077,4.0,0
298.2992484119071,emergency,0.0,1.0255029253980703,1.0255029253980703,4.0,0
298.15558963898076,emergency,0.0,0.7177220910631077,0.7177220910631077,4.0,0
298.45953213660033,emergency,0.0,0.7919122426127785,0.7919122426127785,4.0,0
298.71565960276274,emergency,0.0,0.6659438790168433,0.6659438790168433,4.0,0
298.3009369023463,critical,0.0,0.9736079806575129,0.9736079806575129,2.0,0
299.0413422416145,routine,0.0,0.3190807107927397,0.3190807107927397,24.0,0
298.79693266418474,emergency,0.025607111996009735,1.0255029253980703,1.05111003739408,4.0,0
299.6308197145236,seasonal,0.1356518525247452,0.3513634158531591,0.4870152683779043,12.0,0
298.93680910502763,critical,0.3263773240547039,0.6599100317467526,0.9862873558014564,2.0,0
298.9322773358673,seasonal,0.0,0.668926378609784,0.668926378609784,12.0,0
299.2823319261635,seasonal,0.3673456271499731,0.6659438790168433,1.0332895061668164,12.0,0
298.891338357304,emergency,0.7578510239644629,0.3190807107927397,1.0769317347572027,4.0,0
299.44397810536253,routine,0.463662982142921,0.6659438790168433,1.1296068611597643,24.0,0
299.11730113960164,seasonal,0.38192059191720773,0.9736079806575129,1.3555285725747206,12.0,0
299.1943769123043,emergency,0.6162287157155788,0.6396923088485589,1.2559210245641377,4.0,0
299.1788437566266,emergency,0.49327656066174086,0.4353805806418104,0.9286571413035513,4.0,0
299.08148509101346,emergency,0.579110818023878,0.4353805806418104,1.0144913986656885,4.0,0
299.4482155314094,emergency,0.3694473390232247,0.9736079806575129,1.3430553196807375,4.0,0
299.3564595103108,critical,0.1368188145931981,0.7919122426127785,0.9287310572059766,2.0,0
300.0184011254312,seasonal,0.5972226161627532,0.4353805806418104,1.0326031968045637,12.0,0
299.53867117785654,emergency,0.524215123054546,0.6599100317467526,1.1841251548012985,4.0,0
299.71226176896573,emergency,0.5466327800397721,0.668926378609784,1.215559158649556,4.0,0
299.6372372163611,emergency,0.51460932954393,0.4353805806418104,0.9499899101857404,4.0,0
299.9102235695003,seasonal,0.18421823702658457,1.0255029253980703,1.2097211624246549,12.0,0
299.70619815813626,emergency,0.5052451156861935,0.6599100317467526,1.165155147432946,4.0,0
300.3765276849162,emergency,0.34523527649582775,0.3513634158531591,0.6965986923489869,4.0,0
300.1869062816757,emergency,0.3830298099941274,0.6599100317467526,1.04293984174088,4.0,0
300.00577285120136,emergency,0.5278649632283532,0.7177220910631077,1.2455870542914609,4.0,0
299.6001924539556,emergency,0.5085690083329837,1.0255029253980703,1.534071933731054,4.0,0
300.3687311239682,emergency,0.22362605884518416,0.6599100317467526,0.8835360905919367,4.0,0
300.0624887316944,seasonal,0.7673012140833748,0.4353805806418104,1.2026817947251853,12.0,0
299.52334619732454,routine,1.594849472364558,0.6396923088485589,2.234541781213117,24.0,0
300.5421673832577,seasonal,0.3521550331098524,0.6659438790168433,1.0180989121266957,12.0,0
301.56254413227157,emergency,0.0,0.4353805806418104,0.4353805806418104,4.0,0
301.2044051761371,seasonal,0.008287277925433045,0.6659438790168433,0.6742311569422763,12.0,0
299.6718673575924,routine,1.5268660344840441,0.9736079806575129,2.500474015141557,24.0,0
300.5395624046977,emergency,0.352497473864787,0.9736079806575129,1.3261054545222999,4.0,0
302.08726287653826,emergency,0.0,0.3513634158531591,0.3513634158531591,4.0,0
301.52629866531294,emergency,0.0,1.0255029253980703,1.0255029253980703,4.0,0
302.324139460088,emergency,0.0,0.3190807107927397,0.3190807107927397,4.0,0
301.7386116193014,emergency,0.0,0.6396923088485589,0.6396923088485589,4.0,0
302.022990080911,emergency,0.0,0.6599100317467526,0.6599100317467526,4.0,0
300.2525839992127,routine,2.662307267361257,0.3190807107927397,2.9813879781539967,24.0,0
299.7332598260792,routine,2.0535213260591263,0.9736079806575129,3.027129306716639,24.0,0
299.83362887890837,routine,2.2048310391127757,0.9736079806575129,3.1784390197702885,24.0,0
302.01974388984667,emergency,0.0,1.0255029253980703,1.0255029253980703,4.0,0
299.93097337956874,routine,2.60028037278704,0.4353805806418104,3.0356609534288506,24.0,0
302.698615923199,seasonal,0.03345692003784961,0.6396923088485589,0.6731492288864085,12.0,0
302.5186699175328,emergency,0.0,0.7919122426127785,0.7919122426127785,4.0,0
302.919098327433,seasonal,0.08161581447643584,0.7177220910631077,0.7993379055395435,12.0,0
300.1902542073827,routine,2.3957993300427347,0.7919122426127785,3.1877115726555134,24.0,0
303.2655852888357,emergency,0.0,0.7177220910631077,0.7177220910631077,4.0,0
300.72185264890123,routine,3.2252883491361217,0.4353805806418104,3.6606689297779322,24.0,0
304.0125433502906,emergency,0.0,0.3190807107927397,0.3190807107927397,4.0,0
303.91870009324055,emergency,0.0,0.6659438790168433,0.6659438790168433,4.0,0
304.08105806735637,emergency,0.0,0.7177220910631077,0.7177220910631077,4.0,0
304.4073915025,critical,0.0,0.6396923088485589,0.6396923088485589,2.0,0
303.88679975368706,emergency,0.0,0.9736079806575129,0.9736079806575129,4.0,0
304.30619567728166,critical,0.0,0.3513634158531591,0.3513634158531591,2.0,0
301.27159259913736,routine,3.0802617024396,0.7919122426127785,3.8721739450523787,24.0,0
304.6654347837282,emergency,0.0,0.6396923088485589,0.6396923088485589,4.0,0
303.784584743972,seasonal,0.059479704368698094,1.0255029253980703,1.0849826297667684,12.0,0
304.18220145903405,critical,0.0,0.6396923088485589,0.6396923088485589,2.0,0
304.1667585425615,critical,0.0,0.9736079806575129,0.9736079806575129,2.0,0
301.03231126733033,routine,2.9403567239882022,0.9736079806575129,3.913964704645715,24.0,0
305.2091171687351,emergency,0.0,0.4353805806418104,0.4353805806418104,4.0,0
304.07422621406005,seasonal,0.024006557519214766,1.0255029253980703,1.049509482917285,12.0,0
304.43484314924245,seasonal,0.24386224700828052,0.4353805806418104,0.6792428276500909,12.0,0
304.82910209626,seasonal,0.46270988321560935,0.4353805806418104,0.8980904638574198,12.0,0
305.1881424204154,emergency,0.0,0.3190807107927397,0.3190807107927397,4.0,0
305.1751973935468,emergency,0.0,0.6599100317467526,0.6599100317467526,4.0,0
305.48976100576056,emergency,0.0,0.4353805806418104,0.4353805806418104,4.0,0
305.7594577415576,critical,0.0,0.4353805806418104,0.4353805806418104,2.0,0
305.91448237934225,emergency,0.0,0.3513634158531591,0.3513634158531591,4.0,0
304.6470064317017,seasonal,0.049150748356225904,1.0255029253980703,1.0746536737542962,12.0,0
305.58591289777723,critical,0.0,0.6396923088485589,0.6396923088485589,2.0,0
306.0736691887858,seasonal,0.28859584886117773,0.3190807107927397,0.6076765596539174,12.0,0
305.8819769198087,seasonal,0.44738773761753237,0.3513634158531591,0.7987511534706915,12.0,0
305.8977344900828,seasonal,0.4374685486191652,0.4353805806418104,0.8728491292609756,12.0,0
305.9205650464243,emergency,0.0,0.6599100317467526,0.6599100317467526,4.0,0
305.4231970653646,seasonal,0.5339817435544774,0.3513634158531591,0.8853451594076365,12.0,0
305.4586361549665,seasonal,0.5917527964971896,0.4353805806418104,1.027133377139,12.0,0
306.4802079190316,emergency,0.0,0.6396923088485589,0.6396923088485589,4.0,0
306.22196344037724,emergency,0.0,0.3513634158531591,0.3513634158531591,4.0,0
306.8742759516517,emergency,0.0,0.3513634158531591,0.3513634158531591,4.0,0
301.6506665772833,routine,4.83951405446436,0.3513634158531591,5.190877470317519,24.0,0
306.2732932424195,emergency,0.0,0.7177220910631077,0.7177220910631077,4.0,0
301.87492474938966,routine,5.442668687045739,0.3513634158531591,5.794032102898898,24.0,0
306.2843224348285,emergency,0.0,1.0255029253980703,1.0255029253980703,4.0,0
306.9915801426993,seasonal,0.11927650524751243,0.668926378609784,0.7882028838572964,12.0,0
307.20036665834647,critical,0.0,0.7177220910631077,0.7177220910631077,2.0,0
307.63690474349045,seasonal,0.15411560952941272,0.6599100317467526,0.8140256412761653,12.0,0
302.1311052687497,routine,5.243201184964846,0.9736079806575129,6.216809165622359,24.0,0
307.1584270423245,emergency,0.0,0.6659438790168433,0.6659438790168433,4.0,0
302.26066257041526,routine,5.250504366738596,0.6659438790168433,5.91644824575544,24.0,0
307.5992271513178,seasonal,0.045275567835119546,0.668926378609784,0.7142019464449035,12.0,0
302.4468536014844,routine,5.731356480953309,0.3513634158531591,6.082719896806468,24.0,0
303.17063909384916,routine,5.153616621583069,0.668926378609784,5.822543000192853,24.0,0
308.453535953299,emergency,0.0,0.6396923088485589,0.6396923088485589,4.0,0
308.7293575031856,emergency,0.0,0.3513634158531591,0.3513634158531591,4.0,0
303.8502419502393,routine,5.311290593997569,0.4353805806418104,5.7466711746393795,24.0,0
309.19462391084244,critical,0.0,0.3513634158531591,0.3513634158531591,2.0,0
303.84285506535866,routine,5.255120816037731,0.6659438790168433,5.921064695054575,24.0,0
309.59258733861293,emergency,0.0,0.668926378609784,0.668926378609784,4.0,0
309.18311653360087,emergency,0.0,0.668926378609784,0.668926378609784,4.0,0
304.06102245543946,routine,5.252109110273409,0.6599100317467526,5.912019142020162,24.0,0
304.0231464450776,routine,5.147851302128402,0.6599100317467526,5.807761333875154,24.0,0
309.76754953439087,emergency,0.0,0.7919122426127785,0.7919122426127785,4.0,0
310.2159437245643,emergency,0.0,0.3190807107927397,0.3190807107927397,4.0,0
305.3141775425045,routine,4.364727057676589,0.7177220910631077,5.0824491487396966,24.0,0
305.2042984765863,routine,4.350664598916126,0.6659438790168433,5.016608477932969,24.0,0
309.80695317398556,emergency,0.0,1.0255029253980703,1.0255029253980703,4.0,0
304.6544052348784,routine,4.872171353243914,0.6599100317467526,5.532081384990667,24.0,0
310.0671818099499,emergency,0.0,0.3190807107927397,0.3190807107927397,4.0,0
310.11280324608845,emergency,0.0,0.3513634158531591,0.3513634158531591,4.0,0
310.5779652314632,seasonal,0.0482525912657934,0.3513634158531591,0.3996160071189525,12.0,0
310.69830562043114,emergency,0.0,0.6659438790168433,0.6659438790168433,4.0,0
310.4467619179256,emergency,0.0,0.6396923088485589,0.6396923088485589,4.0,0
310.23462191281465,emergency,0.0,1.0255029253980703,1.0255029253980703,4.0,0
306.61633184158075,routine,4.820059352307851,0.4353805806418104,5.2554399329496615,24.0,0
311.34319957527396,critical,0.0,0.3513634158531591,0.3513634158531591,2.0,0
311.42124118888336,critical,0.0,0.3190807107927397,0.3190807107927397,2.0,0
310.5414097729211,emergency,0.0,0.9736079806575129,0.9736079806575129,4.0,0
311.5687476913861,emergency,0.0,0.4353805806418104,0.4353805806418104,4.0,0
311.19384918088946,seasonal,0.0003213878786709756,0.6659438790168433,0.6662652668955142,12.0,0
307.04894599895607,routine,4.405839979968675,0.6659438790168433,5.071783858985519,24.0,0
307.4521833619442,routine,4.105108780017076,0.668926378609784,4.774035158626861,24.0,0
306.60061116408633,routine,4.620834208149631,0.6599100317467526,5.280744239896384,24.0,0
305.5423959421895,routine,5.336443329278211,1.0255029253980703,6.3619462546762815,24.0,0
312.16532359540776,emergency,0.0,0.3513634158531591,0.3513634158531591,4.0,0
311.8259743773081,emergency,0.0,0.4353805806418104,0.4353805806418104,4.0,0
312.05535875029017,emergency,0.0,0.3190807107927397,0.3190807107927397,4.0,0
311.8838865125275,seasonal,0.05131148166924504,0.6599100317467526,0.7112215134159976,12.0,0
312.62009654692633,emergency,0.0,0.3190807107927397,0.3190807107927397,4.0,0
310.0823443469973,routine,3.0532749485361705,0.3190807107927397,3.3723556593289103,24.0,0
307.6781467682459,routine,5.100597723312546,0.6659438790168433,5.76654160232939,24.0,0
309.21515146323475,routine,3.8321579249816864,0.6659438790168433,4.49810180399853,24.0,0
308.32436815289736,routine,4.630637303440096,0.9736079806575129,5.604245284097609,24.0,0
309.0471779768706,routine,3.929011640603619,0.9736079806575129,4.902619621261132,24.0,0
311.8334290784462,routine,1.6858840787854774,0.3190807107927397,2.004964789578217,24.0,0
310.73851826016465,routine,2.5051469450559125,0.7919122426127785,3.297059187668691,24.0,0
313.34792025266376,emergency,0.0,0.6599100317467526,0.6599100317467526,4.0,0
313.25894825432596,routine,1.0106897911363149,1.0255029253980703,2.0361927165343854,24.0,0
315.72052353964074,seasonal,0.0,0.6396923088485589,0.6396923088485589,12.0,0
316.2182298253159,seasonal,0.0,0.3190807107927397,0.3190807107927397,12.0,0
316.1369859564613,seasonal,0.0,0.7177220910631077,0.7177220910631077,12.0,0
316.47423637293736,critical,0.0,0.4353805806418104,0.4353805806418104,2.0,0
317.0727804812461,emergency,0.0,0.3513634158531591,0.3513634158531591,4.0,0
317.8305375156237,emergency,0.0,0.6659438790168433,0.6659438790168433,4.0,0
317.8299611856913,routine,0.0,0.3190807107927397,0.3190807107927397,24.0,0
318.2149506237409,critical,0.0,0.3513634158531591,0.3513634158531591,2.0,0
318.6197182399589,seasonal,0.0,0.3190807107927397,0.3190807107927397,12.0,0
318.3203184217043,emergency,0.0,0.6396923088485589,0.6396923088485589,4.0,0
318.69700539303665,emergency,0.0,0.6599100317467526,0.6599100317467526,4.0,0
319.1598703782388,emergency,0.0,0.6659438790168433,0.6659438790168433,4.0,0
319.06517722884973,routine,0.0,1.0255029253980703,1.0255029253980703,24.0,0
319.57846486722906,emergency,0.0,0.668926378609784,0.668926378609784,4.0,0
319.3398195227519,seasonal,0.0,0.7919122426127785,0.7919122426127785,12.0,0
319.96581475511647,emergency,0.0,0.4353805806418104,0.4353805806418104,4.0,0
320.3402432687703,routine,0.0,0.3190807107927397,0.3190807107927397,24.0,0
320.0733694414187,seasonal,0.0,0.6659438790168433,0.6659438790168433,12.0,0
319.483934447278,seasonal,0.0,0.9736079806575129,0.9736079806575129,12.0,0
319.7019322187411,seasonal,0.0,0.6599100317467526,0.6599100317467526,12.0,0
319.50960552350915,seasonal,0.0,0.9736079806575129,0.9736079806575129,12.0,0
320.1943637492041,emergency,0.0,0.668926378609784,0.668926378609784,4.0,0
320.9173202987384,critical,0.0,0.3513634158531591,0.3513634158531591,2.0,0
320.76561483335104,emergency,0.0,0.4353805806418104,0.4353805806418104,4.0,0
320.62814879056646,seasonal,0.36664370278867864,0.4353805806418104,0.802024283430489,12.0,0
320.7771815115506,emergency,0.0,0.4353805806418104,0.4353805806418104,4.0,0
321.07152773115297,emergency,0.0,0.3513634158531591,0.3513634158531591,4.0,0
320.57685443314534,emergency,0.0,0.7919122426127785,0.7919122426127785,4.0,0
321.24208262307945,emergency,0.0,0.3190807107927397,0.3190807107927397,4.0,0
320.89998102528364,emergency,0.0,0.6599100317467526,0.6599100317467526,4.0,0
321.2223720333394,emergency,0.0,0.7919122426127785,0.7919122426127785,4.0,0
321.1563643676929,emergency,0.0,0.6396923088485589,0.6396923088485589,4.0,0
321.45634672630484,emergency,0.0,0.6599100317467526,0.6599100317467526,4.0,0
321.36734898649763,emergency,0.0,0.3513634158531591,0.3513634158531591,4.0,0
320.39629426897955,routine,1.0151889196329762,0.3513634158531591,1.3665523354861353,24.0,0
320.93048340043924,emergency,0.0,0.6396923088485589,0.6396923088485589,4.0,0
321.72417940279917,emergency,0.18721996742419833,0.3513634158531591,0.5385833832773574,4.0,0
321.5682792544851,emergency,0.0,0.3513634158531591,0.3513634158531591,4.0,0
321.0369238727242,seasonal,0.3703026836672052,0.3190807107927397,0.6893833944599449,12.0,0
321.4378842483173,emergency,0.0,0.4353805806418104,0.4353805806418104,4.0,0
321.61016265886394,emergency,0.0,0.4353805806418104,0.4353805806418104,4.0,0
320.7261293852015,routine,1.012925204671717,0.6396923088485589,1.6526175135202759,24.0,0
321.6464409379405,emergency,0.20747139022415695,0.6659438790168433,0.8734152692410002,4.0,0
321.7877734189696,routine,0.048036225539078714,0.7919122426127785,0.8399484681518572,24.0,0
321.49553418849166,seasonal,0.019319973217477582,0.6599100317467526,0.6792300049642301,12.0,0
320.9401884565709,seasonal,0.4003852521984754,1.0255029253980703,1.4258881775965457,12.0,0
322.65516613547464,emergency,0.12592855450679963,0.3513634158531591,0.47729197035995874,4.0,0
322.1739588294781,emergency,0.3918425928970919,0.3513634158531591,0.743206008750251,4.0,0
322.6161232520457,emergency,0.10018220127392397,0.3513634158531591,0.4515456171270831,4.0,0
322.4848509977011,seasonal,0.31144414001931864,0.668926378609784,0.9803705186291026,12.0,0
322.2303047314176,seasonal,0.0,0.6396923088485589,0.6396923088485589,12.0,0
322.52426072765394,emergency,0.12632069270506463,0.3513634158531591,0.47768410855822374,4.0,0
321.9912699517344,emergency,0.3038189729373926,0.6599100317467526,0.9637290046841451,4.0,0
322.9335237158874,emergency,0.09181356671132335,0.668926378609784,0.7607399453211073,4.0,0
322.1552298196251,emergency,0.3295216866998203,1.0255029253980703,1.3550246120978906,4.0,0
322.61577617882097,seasonal,0.4435293529851947,0.668926378609784,1.1124557315949786,12.0,0
321.93209139072593,emergency,0.08192092772247861,1.0255029253980703,1.107423853120549,4.0,0
322.06957942423065,emergency,0.39615340965968926,0.7177220910631077,1.113875500722797,4.0,0
322.4753681738688,emergency,0.09430429497410842,0.6599100317467526,0.754214326720861,4.0,0
322.8843770092847,emergency,0.1157274323517754,0.6659438790168433,0.7816713113686187,4.0,0
322.553752976037,emergency,0.1405824285491235,0.9736079806575129,1.1141904092066364,4.0,0
322.6861687926277,seasonal,0.6148284540657869,0.3190807107927397,0.9339091648585266,12.0,0
323.48890510366186,emergency,0.0,0.6396923088485589,0.6396923088485589,4.0,0
322.8568108246391,emergency,0.10992752599162259,0.9736079806575129,1.0835355066491354,4.0,0
323.5220269690625,seasonal,0.020854539831589136,0.6599100317467526,0.6807645715783417,12.0,0
323.035823935447,emergency,0.13315569725051546,1.0255029253980703,1.1586586226485858,4.0,0
323.3529574427183,critical,0.0,0.6599100317467526,0.6599100317467526,2.0,0
323.4671737217014,seasonal,0.05806802258484822,0.6659438790168433,0.7240119016016915,12.0,0
323.3864482282431,seasonal,0.06403056233369853,0.7919122426127785,0.855942804946477,12.0,0
323.6840564452697,emergency,0.2810536261545735,0.6599100317467526,0.9409636579013261,4.0,0
323.81580767860794,critical,0.05905063143120515,0.7177220910631077,0.7767727224943128,2.0,0
322.260606056311,routine,1.8096130560533652,0.6599100317467526,2.469523087800118,24.0,0
324.08513903393896,seasonal,0.11478921670698128,0.4353805806418104,0.5501697973487917,12.0,0
323.90665635668336,emergency,0.38397650681486084,0.6599100317467526,1.0438865385616134,4.0,0
324.3567518939417,emergency,0.1366423601657516,0.3513634158531591,0.4880057760189107,4.0,0
324.65089882321917,critical,0.0,0.3190807107927397,0.3190807107927397,2.0,0
323.9339028163412,emergency,0.395256519715133,0.7919122426127785,1.1871687623279115,4.0,0
323.5092076678601,emergency,0.3963370214721067,0.7177220910631077,1.1140591125352144,4.0,0
324.47877746914224,emergency,0.0957907894828054,0.6396923088485589,0.7354830983313643,4.0,0
324.83453250262227,emergency,0.07566758348269786,0.3190807107927397,0.39474829427543756,4.0,0
323.7070929364356,emergency,0.5238928464475521,0.7919122426127785,1.3158050890603306,4.0,0
322.32034439680876,routine,2.055088998594101,0.6659438790168433,2.7210328776109445,24.0,0
323.98721755589344,emergency,0.3470357204832908,0.7177220910631077,1.0647578115463985,4.0,0
324.59878066582957,seasonal,0.26710714538455704,1.0255029253980703,1.2926100707826274,12.0,0
324.9697240111487,emergency,0.17722967835061354,0.3190807107927397,0.49631038914335324,4.0,0
324.7183854024153,emergency,0.06274231983638856,0.668926378609784,0.7316686984461725,4.0,0
325.00192323610867,emergency,0.33578500276371415,0.3190807107927397,0.6548657135564538,4.0,0
325.1380054123308,emergency,0.2777978223842865,0.6659438790168433,0.9437417014011298,4.0,0
324.0260295802688,emergency,0.40698924115349655,1.0255029253980703,1.4324921665515669,4.0,0
325.09405224260775,seasonal,0.2712554359097794,0.6659438790168433,0.9371993149266227,12.0,0
325.06697693774305,emergency,0.32871400178845533,0.4353805806418104,0.7640945824302657,4.0,0
325.47130888211115,emergency,0.40635230403370315,0.3190807107927397,0.7254330148264428,4.0,0
322.38316653347874,routine,3.10082599962783,0.3513634158531591,3.452189415480989,24.0,0
322.3388783576821,routine,3.1199849976881637,0.3513634158531591,3.471348413541323,24.0,0
325.20205801153094,emergency,0.44093855071946564,0.7919122426127785,1.2328507933322441,4.0,0
324.7512959519086,seasonal,0.6089908758328306,0.6659438790168433,1.274934754849674,12.0,0
324.60398401841627,seasonal,0.5293710113821248,1.0255029253980703,1.5548739367801951,12.0,0
325.4188235252353,emergency,0.4504136335170301,0.6396923088485589,1.090105942365589,4.0,0
324.8765351689017,emergency,0.18936096806453406,1.0255029253980703,1.2148638934626044,4.0,0
325.6457326187573,emergency,0.5830030378430138,0.668926378609784,1.2519294164527976,4.0,0
325.3141599135681,emergency,0.4606464851871124,0.9736079806575129,1.4342544658446252,4.0,0
325.54792655010243,emergency,0.35066249666601834,0.3513634158531591,0.7020259125191775,4.0,0
325.3456130698224,emergency,0.44593113052206945,1.0255029253980703,1.4714340559201398,4.0,0
325.6955911319408,seasonal,0.30788531459648993,1.0255029253980703,1.3333882399945602,12.0,0
325.4016571597196,emergency,0.4595686275066555,0.7919122426127785,1.251480870119434,4.0,0
325.30274074791527,emergency,0.4078490365356515,0.9736079806575129,1.3814570171931644,4.0,0
325.760068635809,emergency,0.9673491210906491,0.6659438790168433,1.6332930001074923,4.0,0
325.70174486573364,emergency,1.007394343419719,0.3513634158531591,1.3587577592728781,4.0,0
325.6907653608004,emergency,0.9715345726364717,0.3513634158531591,1.3228979884896308,4.0,0
326.5970783028224,seasonal,0.273833833266508,0.6659438790168433,0.9397777122833513,12.0,0
325.7678909078753,emergency,1.055357598685589,0.9736079806575129,2.028965579343102,4.0,0
326.07959264113157,emergency,0.9856000902736355,0.3190807107927397,1.3046808010663753,4.0,0
327.30619681877,seasonal,0.054750882460950834,0.4353805806418104,0.49013146310276123,12.0,0
326.0287529553223,emergency,0.9765168048716077,0.4353805806418104,1.4118973855134183,4.0,0
325.8431071420756,emergency,0.9973379731637806,0.6659438790168433,1.6632818521806239,4.0,0
322.9483459332328,routine,4.2568294779776465,0.3190807107927397,4.575910188770386,24.0,0
326.17925581776245,emergency,1.2953541214581037,0.3190807107927397,1.6144348322508435,4.0,0
323.0783348345283,routine,4.3130574203301535,0.7919122426127785,5.104969662942932,24.0,0
326.33774473736383,seasonal,0.3243146010642022,0.9736079806575129,1.297922581721715,12.0,0
326.16747342900976,emergency,1.2562348753189099,0.4353805806418104,1.6916154559607204,4.0,0
326.6188267464332,seasonal,0.5698072132165635,1.0255029253980703,1.5953101386146338,12.0,0
327.0923038610825,critical,0.24870500782668614,0.668926378609784,0.9176313864364701,2.0,0
326.3710916090441,emergency,1.4781092128029059,0.6396923088485589,2.1178015216514647,4.0,0
326.188354247434,emergency,1.317094321573279,1.0255029253980703,2.3425972469713496,4.0,0
326.28936005823226,emergency,1.2973865474920103,1.0255029253980703,2.322889472890081,4.0,0
326.85728115201954,emergency,1.6763823838786607,0.3190807107927397,1.9954630946714005,4.0,0
327.7557036279402,seasonal,0.13291770191676733,0.9736079806575129,1.1065256825742802,12.0,0
326.33769547884356,emergency,1.2809937300717706,0.9736079806575129,2.2546017107292835,4.0,0
328.04067587268645,seasonal,0.3659886208617422,0.4353805806418104,0.8013692015035526,12.0,0
326.44367598713575,emergency,1.5667248061188275,1.0255029253980703,2.592227731516898,4.0,0
326.91003963529556,emergency,1.9804370212336266,0.3190807107927397,2.2995177320263664,4.0,0
326.4818194407178,emergency,1.5335872691017585,0.7919122426127785,2.325499511714537,4.0,0
326.8865495208391,emergency,1.7984538657876215,0.7919122426127785,2.5903661084004,4.0,0
323.1085076272919,routine,5.783728293602678,0.3513634158531591,6.135091709455837,24.0,0
326.39660216934595,emergency,1.5981454474275552,1.0255029253980703,2.6236483728256257,4.0,0
326.6826855051246,emergency,1.6805117139880963,0.7919122426127785,2.472423956600875,4.0,0
326.8167706296824,emergency,1.6614592146501082,1.0255029253980703,2.6869621400481787,4.0,0
328.70040027455343,seasonal,0.18145926518570832,0.9736079806575129,1.1550672458432212,12.0,0
326.98310223432475,emergency,1.983063373171035,0.4353805806418104,2.4184439538128455,4.0,0
326.6001811515941,emergency,1.5634767209805318,1.0255029253980703,2.5889796463786023,4.0,0
327.5659042551075,emergency,1.8607846782293223,0.6659438790168433,2.5267285572461655,4.0,0
328.48028913596664,seasonal,0.1592891092662967,1.0255029253980703,1.184792034664367,12.0,0
323.1153946461445,routine,5.8346477223097395,0.7919122426127785,6.626559964922518,24.0,0
327.92091532135896,emergency,1.566889634783763,0.7177220910631077,2.2846117258468706,4.0,0
329.01760777537487,seasonal,0.07414872765133396,0.6659438790168433,0.7400926066681772,12.0,0
329.2643709480868,seasonal,0.6140288130737304,0.4353805806418104,1.0494093937155409,12.0,0
327.21660659644397,emergency,2.166446532806958,0.3513634158531591,2.5178099486601173,4.0,0
327.18436023455297,emergency,2.0503256035723325,0.6396923088485589,2.6900179124208914,4.0,0
328.75709668153195,critical,0.11012590444374837,0.9736079806575129,1.0837338851012612,2.0,0
327.1561895594917,emergency,1.9930028112958666,0.7177220910631077,2.710724902358974,4.0,0
329.4515092443491,emergency,0.79668815619209,0.3190807107927397,1.1157688669848298,4.0,0
329.54878318406475,emergency,0.7554345843451529,0.6659438790168433,1.4213784633619961,4.0,0
329.280823576096,emergency,0.7341326196814748,0.7919122426127785,1.5260448622942533,4.0,0
329.5560281515403,emergency,0.8195320479139809,0.4353805806418104,1.2549126285557914,4.0,0
329.230372751897,emergency,0.7321948815175006,0.6599100317467526,1.3921049132642531,4.0,0
329.4109277882801,emergency,0.7459022902040147,1.0255029253980703,1.771405215602085,4.0,0
329.86727290587777,critical,0.05450632914136122,0.6599100317467526,0.7144163608881138,2.0,0
328.03674640236756,emergency,1.7016211315170153,1.0255029253980703,2.727124056915086,4.0,0
329.73650300711233,emergency,0.7970589130911776,0.4353805806418104,1.2324394937329881,4.0,0
330.1025546213319,seasonal,0.711346297266175,0.3513634158531591,1.0627097131193342,12.0,0
329.1848467789642,seasonal,0.5047516198686708,1.0255029253980703,1.530254545266741,12.0,0
330.8571562042565,seasonal,0.2117004718451767,0.3190807107927397,0.5307811826379164,12.0,0
329.365764546231,seasonal,0.8477351546229102,0.6396923088485589,1.487427463471469,12.0,0
329.7332597724532,emergency,0.7442547798679584,0.9736079806575129,1.7178627605254713,4.0,0
329.8731590068128,emergency,1.264606009983595,0.4353805806418104,1.6999865906254055,4.0,0
329.75100379501015,emergency,1.0424742227559705,0.6659438790168433,1.7084181017728137,4.0,0
329.9058517779514,emergency,1.262045376036042,0.6659438790168433,1.9279892550528852,4.0,0
330.1209870664626,seasonal,0.8593484458395437,0.6599100317467526,1.5192584775862963,12.0,0
329.77252663992243,emergency,1.1080366108788553,0.6659438790168433,1.7739804898956986,4.0,0
330.0956252851474,seasonal,0.37028081244898203,1.0255029253980703,1.3957837378470523,12.0,0
329.94915368841254,emergency,1.248525002918143,0.3513634158531591,1.599888418771302,4.0,0
330.11470120894086,seasonal,0.7021721509455006,0.7177220910631077,1.4198942420086083,12.0,0
329.8307535287823,emergency,1.289716753680068,0.7177220910631077,2.0074388447431755,4.0,0
331.0355936520011,seasonal,0.9250989168223214,0.668926378609784,1.5940252954321052,12.0,0
330.14007281284717,emergency,1.4365287899211694,1.0255029253980703,2.46203171531924,4.0,0
329.98275372582003,emergency,1.5513054019648962,0.6599100317467526,2.211215433711649,4.0,0
330.2446607953891,emergency,1.4446310641020546,0.3513634158531591,1.7959944799552137,4.0,0
323.3098288808391,routine,8.827339392024328,0.6396923088485589,9.467031700872887,24.0,0
330.5189206742182,emergency,1.7826847413502378,0.4353805806418104,2.2180653219920483,4.0,0
330.21827370225066,emergency,1.4340001453627451,0.7919122426127785,2.225912387975524,4.0,0
330.3402490244507,emergency,1.5169010045287337,0.668926378609784,2.1858273831385175,4.0,0
330.4335937941323,emergency,1.4482791010266283,0.6659438790168433,2.1142229800434715,4.0,0
330.33034833168233,emergency,1.468393628267279,1.0255029253980703,2.4938965536653495,4.0,0
330.2856075180266,emergency,1.492380701926436,0.6659438790168433,2.158324580943279,4.0,0
332.41976483063166,critical,0.007159871963892783,0.7177220910631077,0.7248819630270005,2.0,0
330.3329380227759,emergency,1.4720299402256956,1.0255029253980703,2.497532865623766,4.0,0
324.1097126255611,routine,8.461736549116608,0.6599100317467526,9.121646580863361,24.0,0
330.7773404046562,emergency,2.1900451374320937,0.4353805806418104,2.6254257180739042,4.0,0
330.69112921953376,emergency,1.818910940129797,0.6659438790168433,2.48485481914664,4.0,0
332.06772893622457,seasonal,0.04426512324312171,0.668926378609784,0.7131915018529057,12.0,0
330.5959647874921,emergency,1.7542386979038724,0.668926378609784,2.4231650765136563,4.0,0
330.71357270148985,emergency,1.8986247911462328,0.4353805806418104,2.3340053717880433,4.0,0
323.44650952195417,routine,8.7959228502433,1.0255029253980703,9.821425775641371,24.0,0
330.75697371427435,emergency,2.0220323275214582,0.3190807107927397,2.341113038314198,4.0,0
324.3757125906741,routine,8.526143045403899,0.4353805806418104,8.96152362604571,24.0,0
324.3131295824822,routine,8.449423649877872,0.668926378609784,9.118350028487656,24.0,0
325.09647106768944,routine,8.284072311913349,0.6599100317467526,8.943982343660101,24.0,0
324.4581080188082,routine,8.776406288981207,0.6396923088485589,9.416098597829766,24.0,0
331.0052160108332,emergency,2.3032739779888516,0.3513634158531591,2.6546373938420107,4.0,0
331.37442964417,emergency,2.493875714226249,0.3513634158531591,2.845239130079408,4.0,0
331.027118698913,emergency,2.330644347341206,0.7919122426127785,3.1225565899539847,4.0,0
331.2912238358737,emergency,2.309067865374004,0.6599100317467526,2.968977897120757,4.0,0
331.33554798866925,emergency,2.48860506545509,0.3513634158531591,2.839968481308249,4.0,0
331.09129829017996,emergency,2.382481245515123,0.4353805806418104,2.8178618261569337,4.0,0
331.13876867698804,emergency,2.3984304550176603,0.4353805806418104,2.833811035659471,4.0,0
331.4092394925685,emergency,2.4712896448069728,0.3513634158531591,2.822653060660132,4.0,0
331.29501619221384,emergency,2.3964950903372824,0.6599100317467526,3.056405122084035,4.0,0
330.90470978483836,emergency,2.39071334927786,0.6659438790168433,3.056657228294703,4.0,0
331.1479525502497,emergency,2.412548159030223,0.7177220910631077,3.1302702500933304,4.0,0
331.46273956823865,emergency,2.5468036674805035,0.6599100317467526,3.2067136992272562,4.0,0
325.4000585143269,routine,8.927078779506928,0.6659438790168433,9.593022658523772,24.0,0
334.0491023137639,seasonal,0.06555240559322328,0.3513634158531591,0.4169158214463824,12.0,0
331.96632421138156,emergency,2.3750480236273575,0.4353805806418104,2.810428604269168,4.0,0
331.5111124235743,emergency,2.581064683410375,0.6599100317467526,3.2409747151571278,4.0,0
331.6615250450681,emergency,2.660584429845585,0.3190807107927397,2.9796651406383248,4.0,0
325.58510359054856,routine,8.971879183415751,0.4353805806418104,9.407259764057562,24.0,0
333.8727742763091,seasonal,0.1291588435804556,0.9736079806575129,1.1027668242379685,12.0,0
331.62452595522217,emergency,2.6114567371878934,1.0255029253980703,3.636959662585964,4.0,0
325.9706661200977,routine,8.825972838050347,0.6599100317467526,9.4858828697971,24.0,0
332.6956077445241,emergency,2.3738916018580767,0.4353805806418104,2.809272182499887,4.0,0
325.92859495021344,routine,8.721641575316767,0.9736079806575129,9.695249555974279,24.0,0
326.00648765990275,routine,8.7903443090093,0.7177220910631077,9.508066400072407,24.0,0
333.4968402805064,emergency,1.9095851141819935,0.4353805806418104,2.344965694823804,4.0,0
332.3820245542889,emergency,2.577771530487553,0.3513634158531591,2.929134946340712,4.0,0
332.03280409492805,emergency,2.867971792620665,0.6396923088485589,3.507664101469224,4.0,0
332.2070729902296,emergency,2.6977285901587607,0.6599100317467526,3.3576386219055134,4.0,0
332.2077624275499,emergency,2.722432678870234,0.6396923088485589,3.362124987718793,4.0,0
333.2460269506886,emergency,2.101982753719142,0.668926378609784,2.7709091323289257,4.0,0
333.1650125521826,emergency,2.177475162659846,0.9736079806575129,3.1510831433173587,4.0,0
332.7035293552374,emergency,2.3866782987519173,0.6659438790168433,3.0526221777687605,4.0,0
332.52876240955817,emergency,2.5395877198628227,1.0255029253980703,3.5650906452608933,4.0,0
333.54484872444726,emergency,1.990457140673925,0.4353805806418104,2.4258377213157356,4.0,0
332.9416999843964,emergency,2.239416946770916,1.0255029253980703,3.2649198721689867,4.0,0
334.8328825264753,seasonal,0.8026570223390195,0.6396923088485589,1.4423493311875784,12.0,0
333.7399056229565,emergency,2.19644553543435,0.9736079806575129,3.170053516091863,4.0,0
333.6081403432133,emergency,2.32119799731953,0.9736079806575129,3.2948059779770427,4.0,0
326.05175743603115,routine,9.992262755935656,0.6396923088485589,10.631955064784215,24.0,0
326.5377582964817,routine,9.82911088059285,0.6396923088485589,10.46880318944141,24.0,0
335.5844162272719,seasonal,0.26075237577219923,0.6396923088485589,0.9004446846207581,12.0,0
326.4561777100407,routine,9.643230337271632,0.9736079806575129,10.616838317929144,24.0,0
327.0616779168017,routine,9.602218596766988,0.3513634158531591,9.953582012620148,24.0,0
326.75003874334703,routine,9.843965536541589,0.7177220910631077,10.561687627604696,24.0,0
336.225117822897,emergency,0.0,0.7177220910631077,0.7177220910631077,4.0,0
337.5354390838367,emergency,0.0,0.3190807107927397,0.3190807107927397,4.0,0
337.23964170395215,emergency,0.0,0.4353805806418104,0.4353805806418104,4.0,0
336.81995032936067,emergency,0.0,0.6659438790168433,0.6659438790168433,4.0,0
336.9899554276804,emergency,0.0,0.4353805806418104,0.4353805806418104,4.0,0
327.61078369332296,routine,10.062652651033034,0.3513634158531591,10.414016066886193,24.0,0
337.5174041823679,emergency,0.0,0.6396923088485589,0.6396923088485589,4.0,0
337.3545997183742,emergency,0.0,0.3190807107927397,0.3190807107927397,4.0,0
327.3365850943698,routine,10.303275575974851,0.668926378609784,10.972201954584635,24.0,0
327.82586092936134,routine,10.072491461338359,0.3513634158531591,10.423854877191518,24.0,0
327.7370791938148,routine,9.944397374675646,0.3513634158531591,10.295760790528805,24.0,0
327.24231899756035,routine,10.193793485411334,0.6659438790168433,10.859737364428177,24.0,0
327.3656560981787,routine,10.281524511196949,1.0255029253980703,11.30702743659502,24.0,0
327.9603350034639,routine,10.303515007272381,0.4353805806418104,10.738895587914191,24.0,0
338.3989966139809,emergency,0.0,0.6599100317467526,0.6599100317467526,4.0,0
328.61580184332803,routine,10.473827478237467,0.3190807107927397,10.792908189030207,24.0,0
337.93701429373164,emergency,0.0,1.0255029253980703,1.0255029253980703,4.0,0
328.5757107860646,routine,10.495687012432768,0.6659438790168433,11.161630891449612,24.0,0
328.6991189639222,routine,10.422980750395254,0.3190807107927397,10.742061461187994,24.0,0
328.7311132461666,routine,10.512973853353344,0.3513634158531591,10.864337269206503,24.0,0
328.1558883481373,routine,10.640521781923496,0.6659438790168433,11.30646566094034,24.0,0
328.8544535826331,routine,10.513043942751494,0.6599100317467526,11.172953974498247,24.0,0
329.0081595132929,routine,10.81422405136044,0.3190807107927397,11.13330476215318,24.0,0
340.54390145236135,critical,0.0,0.3190807107927397,0.3190807107927397,2.0,0
329.6456800296173,routine,10.785014612687178,0.3513634158531591,11.136378028540337,24.0,0
329.25546057211915,routine,10.779855591192643,0.4353805806418104,11.215236171834453,24.0,0
330.12516617119957,routine,10.527238712696146,0.6659438790168433,11.19318259171299,24.0,0
330.16802713161496,routine,10.49436108602049,0.3190807107927397,10.81344179681323,24.0,0
330.7796476887159,routine,9.906710063410458,0.6396923088485589,10.546402372259017,24.0,0
329.507362486605,routine,10.866542875619132,0.668926378609784,11.535469254228916,24.0,0
340.7950739430275,emergency,0.0,0.6396923088485589,0.6396923088485589,4.0,0
340.79349134925644,seasonal,0.29935878471053456,0.9736079806575129,1.2729667653680474,12.0,0
341.6575050768859,emergency,0.0,0.3190807107927397,0.3190807107927397,4.0,0
341.26452865018354,emergency,0.0,0.9736079806575129,0.9736079806575129,4.0,0
341.6955467453301,seasonal,0.0869607540934112,0.4353805806418104,0.5223413347352216,12.0,0
341.6696470985539,seasonal,0.10699517555775628,0.7177220910631077,0.824717266620864,12.0,0
341.9583998278555,critical,0.0,0.9736079806575129,0.9736079806575129,2.0,0
341.89053401719985,emergency,0.0,0.6396923088485589,0.6396923088485589,4.0,0
330.9574469664581,routine,10.979279408854836,0.4353805806418104,11.414659989496647,24.0,0
341.96695626148755,emergency,0.0,0.6396923088485589,0.6396923088485589,4.0,0
342.4998706329486,seasonal,0.21254038199276692,0.3513634158531591,0.563903797845926,12.0,0
342.01205373365394,seasonal,0.2800548281475699,0.9736079806575129,1.2536628088050827,12.0,0
342.2512859407297,seasonal,0.06875485646480683,0.3513634158531591,0.42011827231796595,12.0,0
330.9548292795383,routine,10.974675077672316,1.0255029253980703,12.000178003070387,24.0,0
342.3771695451675,emergency,0.0,0.4353805806418104,0.4353805806418104,4.0,0
342.21356292949895,emergency,0.0,0.6659438790168433,0.6659438790168433,4.0,0
342.319389424385,emergency,0.0,0.7177220910631077,0.7177220910631077,4.0,0
343.2175761129507,seasonal,0.2146360782843999,0.3513634158531591,0.565999494137559,12.0,0
342.79459896307173,emergency,0.0,0.3513634158531591,0.3513634158531591,4.0,0
342.5764041141602,emergency,0.0,0.9736079806575129,0.9736079806575129,4.0,0
343.74348798672145,emergency,0.0,0.3190807107927397,0.3190807107927397,4.0,0
343.6740358264654,critical,0.0,0.3190807107927397,0.3190807107927397,2.0,0
342.86015147840584,emergency,0.0,0.9736079806575129,0.9736079806575129,4.0,0
343.63520929809465,critical,0.0,0.3513634158531591,0.3513634158531591,2.0,0
343.2456224345669,emergency,0.0,0.3190807107927397,0.3190807107927397,4.0,0
333.39709740762606,routine,10.465030211457588,0.3513634158531591,10.816393627310747,24.0,0
331.9701329314724,routine,11.727838747478813,0.3190807107927397,12.046919458271553,24.0,0
343.2559587812061,emergency,0.0,0.9736079806575129,0.9736079806575129,4.0,0
331.2525180928933,routine,12.330730468189017,0.3513634158531591,12.682093884042176,24.0,0
333.78087547743706,routine,10.330054245437225,0.3513634158531591,10.681417661290384,24.0,0
343.86952624080465,seasonal,0.05541232913304839,0.668926378609784,0.7243387077428324,12.0,0
344.3034005469609,emergency,0.0,0.3190807107927397,0.3190807107927397,4.0,0
343.31796479478186,emergency,0.0,0.9736079806575129,0.9736079806575129,4.0,0
343.69278572707515,emergency,0.0,0.6599100317467526,0.6599100317467526,4.0,0
344.2006971878947,critical,0.0,0.6659438790168433,0.6659438790168433,2.0,0
343.89948190784423,seasonal,0.12783450874854907,0.3513634158531591,0.4791979246017082,12.0,0
344.34040346890487,emergency,0.0,0.7919122426127785,0.7919122426127785,4.0,0
344.2647467580677,seasonal,0.16353051684728825,0.7177220910631077,0.881252607910396,12.0,0
344.19916233712064,emergency,0.0,0.6396923088485589,0.6396923088485589,4.0,0
344.03050075939,emergency,0.0,0.6659438790168433,0.6659438790168433,4.0,0
344.43910648272316,critical,0.0,0.9736079806575129,0.9736079806575129,2.0,0
344.99427635003696,seasonal,0.03618726386036997,0.3513634158531591,0.3875506797135291,12.0,0
345.254089537407,emergency,0.0,0.6396923088485589,0.6396923088485589,4.0,0
344.7468755428741,emergency,0.0,0.9736079806575129,0.9736079806575129,4.0,0
336.2011581133357,routine,9.23310931114122,0.668926378609784,9.902035689751004,24.0,0
344.7437084834467,emergency,0.0,1.0255029253980703,1.0255029253980703,4.0,0
333.8831486694432,routine,11.07244817465289,0.668926378609784,11.741374553262675,24.0,0
345.3565962638826,critical,0.0,0.7177220910631077,0.7177220910631077,2.0,0
345.14509743294354,emergency,0.0,0.9736079806575129,0.9736079806575129,4.0,0
333.9707062934459,routine,11.289429172669088,0.7919122426127785,12.081341415281866,24.0,0
334.6022983800314,routine,10.682990448131477,0.9736079806575129,11.656598428788989,24.0,0
342.7532738121452,routine,3.6403028896017986,0.3190807107927397,3.9593836003945384,24.0,0
342.62066861495424,routine,3.259150613947554,0.6659438790168433,3.9250944929643974,24.0,0
339.1883944774108,routine,6.562535211218005,1.0255029253980703,7.588038136616076,24.0,0
346.1905214699066,emergency,0.0,0.9736079806575129,0.9736079806575129,4.0,0
346.7472361088157,emergency,0.0,0.6396923088485589,0.6396923088485589,4.0,0
346.367539725756,emergency,0.0,0.3190807107927397,0.3190807107927397,4.0,0
346.5781995412232,emergency,0.0,0.9736079806575129,0.9736079806575129,4.0,0
346.8058594574238,emergency,0.0,0.6396923088485589,0.6396923088485589,4.0,0
343.9257156671428,routine,3.3950006032762303,0.3190807107927397,3.71408131406897,24.0,0
346.853195188715,emergency,0.0,0.6396923088485589,0.6396923088485589,4.0,0
347.0084438524288,critical,0.0,0.668926378609784,0.668926378609784,2.0,0
346.5696781752241,emergency,0.0,0.6659438790168433,0.6659438790168433,4.0,0
346.9102345147301,emergency,0.0,0.3513634158531591,0.3513634158531591,4.0,0
347.0560186722902,emergency,0.0,0.6396923088485589,0.6396923088485589,4.0,0
343.3143137740836,routine,3.6498532593075765,0.9736079806575129,4.623461239965089,24.0,0
346.9663411552884,critical,0.0,0.6659438790168433,0.6659438790168433,2.0,0
346.49865625147964,seasonal,0.3066020898243096,1.0255029253980703,1.33210501522238,12.0,0
343.7923557927853,routine,3.457910035740781,0.6599100317467526,4.117820067487534,24.0,0
344.2962674248573,routine,3.13705859901512,0.4353805806418104,3.5724391796569304,24.0,0
344.58600995120247,routine,3.0558241519700573,0.668926378609784,3.724750530579841,24.0,0
348.0826166233585,critical,0.0,0.3190807107927397,0.3190807107927397,2.0,0
344.87876207048487,routine,2.823396940898192,0.6659438790168433,3.4893408199150353,24.0,0
347.5440004351582,emergency,0.0,0.668926378609784,0.668926378609784,4.0,0
347.53933789409353,emergency,0.0,0.6396923088485589,0.6396923088485589,4.0,0
347.8637466979424,emergency,0.0,1.0255029253980703,1.0255029253980703,4.0,0
348.54947866576686,emergency,0.0,0.4353805806418104,0.4353805806418104,4.0,0
348.07216753827004,emergency,0.0,0.4353805806418104,0.4353805806418104,4.0,0
348.3886721924859,seasonal,0.008202528470405923,0.3190807107927397,0.3272832392631456,12.0,0
348.88698559459806,emergency,0.0,0.3190807107927397,0.3190807107927397,4.0,0
348.18680906544915,emergency,0.0,0.9736079806575129,0.9736079806575129,4.0,0
348.4324024079064,emergency,0.0,0.7919122426127785,0.7919122426127785,4.0,0
349.0132031183247,emergency,0.0,0.3190807107927397,0.3190807107927397,4.0,0
348.5685846960976,seasonal,0.3955449259835291,0.3513634158531591,0.7469083418366882,12.0,0
348.7886069604856,emergency,0.0,0.7919122426127785,0.7919122426127785,4.0,0
349.23613472648543,seasonal,0.2069974320842789,0.3190807107927397,0.5260781428770186,12.0,0
348.9710798011497,emergency,0.0,0.668926378609784,0.668926378609784,4.0,0
348.52264402102253,seasonal,0.3297359755244429,1.0255029253980703,1.3552389009225132,12.0,0
348.7777075613128,emergency,0.0,0.9736079806575129,0.9736079806575129,4.0,0
349.64373750248876,critical,0.0,0.4353805806418104,0.4353805806418104,2.0,0
349.29066217366125,emergency,0.0,1.0255029253980703,1.0255029253980703,4.0,0
349.5982370824194,emergency,0.0,0.7177220910631077,0.7177220910631077,4.0,0
348.74954766802625,seasonal,0.38367052992089157,0.7919122426127785,1.17558277253367,12.0,0
345.0285507289858,routine,4.478357068922605,0.3513634158531591,4.829720484775764,24.0,0
345.01998890475835,routine,4.125925188584461,0.6599100317467526,4.785835220331213,24.0,0
349.8550037866777,emergency,0.0,0.6599100317467526,0.6599100317467526,4.0,0
349.4426917744871,emergency,0.0,1.0255029253980703,1.0255029253980703,4.0,0
349.463789250233,emergency,0.0,0.6659438790168433,0.6659438790168433,4.0,0
345.99142165383716,routine,4.587639795457562,0.3190807107927397,4.906720506250302,24.0,0
345.40570728043457,routine,4.492754912833448,0.7177220910631077,5.210477003896555,24.0,0
350.026271245978,emergency,0.0,0.668926378609784,0.668926378609784,4.0,0
350.7193096849397,seasonal,0.3269232829829889,0.3190807107927397,0.6460039937757286,12.0,0
345.79370290246646,routine,4.658783304578776,0.6396923088485589,5.298475613427335,24.0,0
345.4810160253789,routine,4.700109349441902,1.0255029253980703,5.725612274839973,24.0,0
351.2076782444992,emergency,0.0,0.6659438790168433,0.6659438790168433,4.0,0
350.655915363365,seasonal,0.3638753826774632,1.0255029253980703,1.3893783080755335,12.0,0
350.8049866809378,seasonal,0.3098649190019387,0.9736079806575129,1.2834728996594515,12.0,0
351.5955707813338,emergency,0.0,0.6599100317467526,0.6599100317467526,4.0,0
346.5684540383784,routine,5.5804393799325,0.3190807107927397,5.89952009072524,24.0,0
351.3707026541672,emergency,0.0,1.0255029253980703,1.0255029253980703,4.0,0
351.481469463032,seasonal,0.19315520882031478,0.6396923088485589,0.8328475176688737,12.0,0
351.85918684878055,critical,0.0,0.6396923088485589,0.6396923088485589,2.0,0
346.1042822548104,routine,5.691385939790052,0.6599100317467526,6.351295971536805,24.0,0
352.5657294455187,emergency,0.0,0.6659438790168433,0.6659438790168433,4.0,0
352.4116466688895,seasonal,0.25763714211984734,0.4353805806418104,0.6930177227616577,12.0,0
347.4379863574219,routine,4.9376145666496996,0.6599100317467526,5.597524598396452,24.0,0
352.4445367872144,seasonal,0.8121175151963484,0.4353805806418104,1.247498095838159,12.0,0
346.1745115084535,routine,5.924411930916392,1.0255029253980703,6.949914856314463,24.0,0
352.43785938895803,seasonal,0.3141208518510439,0.6396923088485589,0.9538131606996028,12.0,0
352.3394357793875,emergency,0.0,1.0255029253980703,1.0255029253980703,4.0,0
353.1209643997021,emergency,0.0,0.668926378609784,0.668926378609784,4.0,0
353.24577537083655,critical,0.0,0.7919122426127785,0.7919122426127785,2.0,0
353.0689446951731,critical,0.0,0.6599100317467526,0.6599100317467526,2.0,0
353.21030352389204,seasonal,0.41624827382918284,0.4353805806418104,0.8516288544709932,12.0,0
353.9407226904286,seasonal,0.10792145567234002,0.3513634158531591,0.4592848715254991,12.0,0
353.94315658983135,emergency,0.0,0.3190807107927397,0.3190807107927397,4.0,0
353.46281396497307,seasonal,0.23676261747459648,0.4353805806418104,0.6721431981164069,12.0,0
353.87447197976695,emergency,0.0,0.6599100317467526,0.6599100317467526,4.0,0
353.50612387359337,emergency,0.0,0.7919122426127785,0.7919122426127785,4.0,0
354.187865951325,emergency,0.0,0.3513634158531591,0.3513634158531591,4.0,0
353.73415427537907,emergency,0.0,0.7919122426127785,0.7919122426127785,4.0,0
354.02927850649286,emergency,0.0,0.6396923088485589,0.6396923088485589,4.0,0
349.81788032897816,routine,4.499182328241432,0.7919122426127785,5.29109457085421,24.0,0
347.46872129413805,routine,6.803642489071535,0.3190807107927397,7.122723199864275,24.0,0
348.5499067878341,routine,5.75065191596849,0.3513634158531591,6.102015331821649,24.0,0
354.5122912520392,emergency,0.0,0.4353805806418104,0.4353805806418104,4.0,0
348.40078561356165,routine,5.8939735064053025,0.668926378609784,6.562899885015087,24.0,0
354.31335448794624,critical,0.0,0.6599100317467526,0.6599100317467526,2.0,0
354.6511964507789,emergency,0.0,0.4353805806418104,0.4353805806418104,4.0,0
354.86562546231085,emergency,0.0,0.7919122426127785,0.7919122426127785,4.0,0
355.45591379904243,emergency,0.0,0.3190807107927397,0.3190807107927397,4.0,0
355.52453459055283,seasonal,0.2855806161339274,0.3190807107927397,0.6046613269266671,12.0,0
355.4369035488421,emergency,0.0,0.668926378609784,0.668926378609784,4.0,0
354.8753531245813,emergency,0.0,0.7177220910631077,0.7177220910631077,4.0,0
354.53757683603357,seasonal,0.6563117414949602,1.0255029253980703,1.6818146668930305,12.0,0
354.52265294046225,seasonal,0.5097711968587078,0.7177220910631077,1.2274932879218154,12.0,0
354.5283875716381,seasonal,0.568918494418881,0.7919122426127785,1.3608307370316595,12.0,0
355.2331205685667,emergency,0.0,0.6396923088485589,0.6396923088485589,4.0,0
355.07224725608944,seasonal,0.6788389511117998,0.7177220910631077,1.3965610421749075,12.0,0
355.9020481931128,emergency,0.0,0.4353805806418104,0.4353805806418104,4.0,0
355.69932633313994,critical,0.0,0.6599100317467526,0.6599100317467526,2.0,0
355.63971796668505,emergency,0.0,0.3190807107927397,0.3190807107927397,4.0,0
355.6767781529665,seasonal,0.19275355967982932,0.6599100317467526,0.8526635914265819,12.0,0
355.219359824424,seasonal,0.5417697466192521,0.6659438790168433,1.2077136256360954,12.0,0
355.9279363165939,emergency,0.0,0.7919122426127785,0.7919122426127785,4.0,0
356.73901575770395,critical,0.0,0.4353805806418104,0.4353805806418104,2.0,0
356.58028974458256,emergency,0.0,0.6659438790168433,0.6659438790168433,4.0,0
356.1588789604563,emergency,0.0,0.6599100317467526,0.6599100317467526,4.0,0
356.8419249943244,emergency,0.0,0.6659438790168433,0.6659438790168433,4.0,0
356.5387248088893,emergency,0.0,0.668926378609784,0.668926378609784,4.0,0
355.80261607320426,seasonal,1.1354623094106842,0.7919122426127785,1.9273745520234626,12.0,0
349.83833701043307,routine,7.3699163542917745,0.6396923088485589,8.009608663140334,24.0,0
355.7218972768283,seasonal,1.0351053784886517,0.6599100317467526,1.6950154102354043,12.0,0
357.6426548882658,critical,0.0,0.4353805806418104,0.4353805806418104,2.0,0
356.4645750050592,seasonal,0.570951715049091,0.6599100317467526,1.2308617467958436,12.0,0
356.1504409686559,seasonal,0.8615028541159973,1.0255029253980703,1.8870057795140676,12.0,0
349.9306017824807,routine,7.778762945665562,0.7919122426127785,8.57067518827834,24.0,0
356.90479705630605,emergency,0.0,0.9736079806575129,0.9736079806575129,4.0,0
349.94280540080433,routine,8.547107862250414,0.3190807107927397,8.866188573043154,24.0,0
358.4723791083843,emergency,0.0,0.6396923088485589,0.6396923088485589,4.0,0
357.21751413961545,seasonal,0.2792193714543032,0.9736079806575129,1.252827352111816,12.0,0
358.48127739774935,emergency,0.0,0.3513634158531591,0.3513634158531591,4.0,0
358.61753393130437,emergency,0.0,0.6659438790168433,0.6659438790168433,4.0,0
350.3115470237273,routine,8.473052782109846,0.3190807107927397,8.792133492902586,24.0,0
358.7325235289028,emergency,0.0,0.668926378609784,0.668926378609784,4.0,0
350.1726078834225,routine,8.487155320846512,0.4353805806418104,8.922535901488322,24.0,0
358.6893823554356,critical,0.0,0.6599100317467526,0.6599100317467526,2.0,0
350.6071783870581,routine,8.323263021361015,0.6396923088485589,8.962955330209574,24.0,0
359.5602042181981,emergency,0.0,0.3513634158531591,0.3513634158531591,4.0,0
350.61603826804094,routine,8.46802913922869,0.3513634158531591,8.81939255508185,24.0,0
359.34730127062943,emergency,0.0,0.7177220910631077,0.7177220910631077,4.0,0
359.3857369189513,critical,0.0,0.668926378609784,0.668926378609784,2.0,0
358.90899476563243,emergency,0.0,0.7919122426127785,0.7919122426127785,4.0,0
359.8440011393429,emergency,0.0,0.3513634158531591,0.3513634158531591,4.0,0
350.6727025381956,routine,8.554504968004835,0.7177220910631077,9.272227059067943,24.0,0
350.70645340668244,routine,8.795615713250072,0.6599100317467526,9.455525744996825,24.0,0
359.7996503950979,emergency,0.0,0.6659438790168433,0.6659438790168433,4.0,0
350.88332624160125,routine,8.972992543097405,0.668926378609784,9.64191892170719,24.0,0
359.879741996303,seasonal,0.1540579168943168,0.7919122426127785,0.9459701595070953,12.0,0
360.28835749150676,seasonal,0.05446088408604055,0.668926378609784,0.7233872626958245,12.0,0
351.47070365806974,routine,9.71593969190053,0.3190807107927397,10.03502040269327,24.0,0
360.50931009450386,critical,0.0,0.6659438790168433,0.6659438790168433,2.0,0
351.28435616068924,routine,9.84526995071576,0.668926378609784,10.514196329325545,24.0,0
350.92568659969953,routine,9.610765320933979,1.0255029253980703,10.63626824633205,24.0,0
351.22427195107525,routine,9.537127171440432,0.7919122426127785,10.32903941405321,24.0,0
351.7840399139638,routine,9.698512558807522,0.4353805806418104,10.133893139449333,24.0,0
362.16165279818057,seasonal,0.14168655549991627,0.3513634158531591,0.4930499713530754,12.0,0
352.14231813236705,routine,10.177053358602166,0.3190807107927397,10.496134069394905,24.0,0
352.330292791542,routine,10.20923425249265,0.668926378609784,10.878160631102434,24.0,0
352.74294593154593,routine,9.936718639497997,0.7177220910631077,10.654440730561104,24.0,0
351.85453181770686,routine,10.079525708338394,1.0255029253980703,11.105028633736465,24.0,0
353.02380092897425,routine,10.275239335359231,0.6599100317467526,10.935149367105984,24.0,0
352.74908137012875,routine,10.540750424789508,0.4353805806418104,10.976131005431318,24.0,0
352.720459749572,routine,9.887080205936911,0.7919122426127785,10.678992448549689,24.0,0
353.0317548510145,routine,10.479847054937409,0.9736079806575129,11.45345503559492,24.0,0
353.4189679269827,routine,10.887599589374531,0.3190807107927397,11.206680300167271,24.0,0
353.61661801172954,routine,10.962001572315842,0.4353805806418104,11.397382152957652,24.0,0
353.0686318686352,routine,11.214442727723224,0.3513634158531591,11.565806143576383,24.0,0
353.06739656439674,routine,10.85912718184943,0.6599100317467526,11.519037213596183,24.0,0
354.4466954799424,routine,10.292757018367354,0.6599100317467526,10.952667050114107,24.0,0
354.1190267915512,routine,10.557648293509828,0.3190807107927397,10.876729004302568,24.0,0
355.4738167694745,routine,9.871780035018503,0.3190807107927397,10.190860745811243,24.0,0
355.82363267633883,routine,10.108764298218887,0.3513634158531591,10.460127714072046,24.0,0
365.9152692456801,emergency,0.0,0.6659438790168433,0.6659438790168433,4.0,0
366.0191302673527,emergency,0.0,0.6599100317467526,0.6599100317467526,4.0,0
355.9081893855094,routine,10.062868517344214,0.3190807107927397,10.381949228136953,24.0,0
355.74694538218773,routine,9.962075099936612,0.668926378609784,10.631001478546397,24.0,0
366.10407501875153,emergency,0.0,1.0255029253980703,1.0255029253980703,4.0,0
366.2600799042533,seasonal,0.06086323925603665,0.6396923088485589,0.7005555481045955,12.0,0
356.3088218660609,routine,9.664878726912718,0.6396923088485589,10.304571035761278,24.0,0
366.43610264316914,emergency,0.0,0.6659438790168433,0.6659438790168433,4.0,0
356.5047375289551,routine,9.691530002169316,0.7177220910631077,10.409252093232423,24.0,0
366.74920086954046,emergency,0.0,0.6396923088485589,0.6396923088485589,4.0,0
366.51777672844133,emergency,0.0,0.6599100317467526,0.6599100317467526,4.0,0
362.3627736491114,routine,4.53231431490525,0.3190807107927397,4.85139502569799,24.0,0
367.0632700800133,emergency,0.0,0.6659438790168433,0.6659438790168433,4.0,0
367.43339992595315,seasonal,0.1900875605820147,0.3513634158531591,0.5414509764351738,12.0,0
359.5778170398097,routine,6.756546563485415,1.0255029253980703,7.7820494888834855,24.0,0
367.27977198347065,seasonal,0.286624049476643,0.6659438790168433,0.9525679284934863,12.0,0
367.9915683745747,critical,0.0,0.3513634158531591,0.3513634158531591,2.0,0
364.1057027178271,routine,4.146721211384033,0.3513634158531591,4.498084627237192,24.0,0
367.4704605374627,seasonal,0.4971493007798813,0.9736079806575129,1.4707572814373941,12.0,0
368.05875871898337,emergency,0.0,0.6659438790168433,0.6659438790168433,4.0,0
368.1059452511276,critical,0.0,0.6396923088485589,0.6396923088485589,2.0,0
368.5253555826634,emergency,0.0,0.6396923088485589,0.6396923088485589,4.0,0
368.43621528836616,emergency,0.0,0.7919122426127785,0.7919122426127785,4.0,0
368.7776342786156,critical,0.0,0.4353805806418104,0.4353805806418104,2.0,0
368.2025306689369,emergency,0.0,0.7177220910631077,0.7177220910631077,4.0,0
363.2836679450935,routine,4.70065095457619,0.6659438790168433,5.366594833593034,24.0,0
365.02605765045934,routine,3.4224972627567922,0.4353805806418104,3.8578778433986027,24.0,0
368.7790360745455,emergency,0.0,0.4353805806418104,0.4353805806418104,4.0,0
366.2282296779889,routine,2.4158035871234915,0.668926378609784,3.0847299657332754,24.0,0
368.3217626767693,critical,0.0,0.6599100317467526,0.6599100317467526,2.0,0
367.21999804402753,routine,1.5341907130559775,0.6599100317467526,2.1941007448027303,24.0,0
367.4168955170677,routine,1.4736215727982085,0.4353805806418104,1.909002153440019,24.0,0
369.21322265651946,emergency,0.0,0.6599100317467526,0.6599100317467526,4.0,0
368.57986415237247,critical,0.0,1.0255029253980703,1.0255029253980703,2.0,0
368.9390811733103,emergency,0.0,0.7177220910631077,0.7177220910631077,4.0,0
368.791883688208,critical,0.0,0.6396923088485589,0.6396923088485589,2.0,0
369.5834473230153,emergency,0.0,0.3190807107927397,0.3190807107927397,4.0,0
369.190071012039,emergency,0.0,0.3513634158531591,0.3513634158531591,4.0,0
369.2748292979137,critical,0.0,0.3190807107927397,0.3190807107927397,2.0,0
369.33580015623124,emergency,0.0,0.4353805806418104,0.4353805806418104,4.0,0
368.05727086488963,routine,1.6980814568506162,0.6396923088485589,2.337773765699175,24.0,0
369.85478823048106,emergency,0.026151955532441207,0.6396923088485589,0.6658442643810001,4.0,0
369.7112903769471,emergency,0.13136528106804235,0.4353805806418104,0.5667458617098527,4.0,0
369.9459641168319,emergency,0.27959142769742584,0.3190807107927397,0.5986721384901655,4.0,0
369.69288146756423,seasonal,0.04610778653704983,0.7177220910631077,0.7638298776001575,12.0,0
369.6281533647556,emergency,0.15220958793844375,0.6659438790168433,0.818153466955287,4.0,0
368.4253554643185,routine,1.505692434540208,0.3513634158531591,1.8570558503933672,24.0,0
369.67423035365766,emergency,0.13239278772186935,0.6599100317467526,0.7923028194686219,4.0,0
369.7100605266427,emergency,0.11188388228163149,0.6659438790168433,0.7778277612984748,4.0,0
368.1705289568793,routine,1.7418723448870423,0.3190807107927397,2.060953055679782,24.0,0
370.64480005176574,critical,0.11152549817632007,0.3513634158531591,0.4628889140294792,2.0,0
370.100639872779,seasonal,0.20268461546658045,0.6659438790168433,0.8686284944834237,12.0,0
370.14042584449004,emergency,0.48658334994934194,0.4353805806418104,0.9219639305911523,4.0,0
369.90438159136926,emergency,0.1049557929300704,0.7177220910631077,0.8226778839931781,4.0,0
369.8277700684476,emergency,0.04387807621782258,0.6599100317467526,0.7037881079645751,4.0,0
368.517448311383,routine,1.5351231570977575,0.4353805806418104,1.970503737739568,24.0,0
370.03761968774404,emergency,0.494867682282063,0.3513634158531591,0.8462310981352221,4.0,0
368.7605525963734,routine,1.6663124495301531,0.4353805806418104,2.1016930301719636,24.0,0
370.28041491847387,emergency,0.533635871403817,0.3513634158531591,0.8849992872569761,4.0,0
370.0434431550459,emergency,0.5588282487826177,0.668926378609784,1.2277546273924016,4.0,0
370.9251415532175,seasonal,0.33386173075138004,0.3190807107927397,0.6529424415441197,12.0,0
370.3215296479902,emergency,0.5838176336390006,0.7919122426127785,1.3757298762517791,4.0,0
371.1117197852105,critical,0.17132494845981228,0.6659438790168433,0.8372688274766555,2.0,0
370.61967145991696,emergency,0.3898211792522943,0.7919122426127785,1.1817334218650728,4.0,0
370.98402401742476,emergency,0.6137862381179957,0.3190807107927397,0.9328669489107354,4.0,0
370.4925243023737,emergency,0.4159427966382623,0.6659438790168433,1.0818866756551055,4.0,0
370.95382670425903,emergency,0.6100164246736881,0.3190807107927397,0.9290971354664278,4.0,0
371.5227232210516,seasonal,0.0965715323789027,0.6659438790168433,0.762515411395746,12.0,0
370.94091411984203,emergency,0.5668132119317306,0.6599100317467526,1.2267232436784832,4.0,0
371.4950822224417,seasonal,0.030071589002204746,0.6599100317467526,0.6899816207489573,12.0,0
371.8026831897897,seasonal,0.06638438027687243,0.3190807107927397,0.38546509106961213,12.0,0
371.08391064608264,seasonal,0.3090859764031961,0.9736079806575129,1.282693957060709,12.0,0
370.6889522700221,emergency,0.6938561291943302,0.4353805806418104,1.1292367098361407,4.0,0
372.0992658317284,emergency,0.0,0.3190807107927397,0.3190807107927397,4.0,0
370.94051667536627,emergency,0.45113293538003063,0.6599100317467526,1.1110429671267832,4.0,0
371.26521378553423,emergency,0.5240076231210651,0.6659438790168433,1.1899515021379083,4.0,0
372.1673283278501,emergency,0.0,0.3513634158531591,0.3513634158531591,4.0,0
369.106946958113,routine,2.648861298274653,0.6599100317467526,3.308771330021406,24.0,0
371.30827983226857,emergency,0.5227518621435934,0.6659438790168433,1.1886957411604366,4.0,0
371.481815086936,emergency,0.3824175969646717,0.3513634158531591,0.7337810128178308,4.0,0
369.38238248917776,routine,2.6091690489670327,0.9736079806575129,3.5827770296245456,24.0,0
371.0571512928374,emergency,0.6904910061043665,1.0255029253980703,1.7159939315024368,4.0,0
372.024698541571,seasonal,0.39832173647613445,0.3513634158531591,0.7496851523292936,12.0,0
372.2292863022292,emergency,0.10448621034868211,0.6659438790168433,0.7704300893655254,4.0,0
372.62314058737314,critical,0.0055382204282068415,0.6396923088485589,0.6452305292767657,2.0,0
372.5206368304604,emergency,0.04679465383730985,0.668926378609784,0.7157210324470938,4.0,0
371.29216532783323,routine,1.8799845270247033,0.4353805806418104,2.315365107666514,24.0,0
373.0973947597094,emergency,0.0,0.6659438790168433,0.6659438790168433,4.0,0
369.6079623452583,routine,3.316912581403301,0.668926378609784,3.985838960013085,24.0,0
372.3191599654461,emergency,0.19592951337943987,0.7919122426127785,0.9878417559922184,4.0,0
370.23309964549765,routine,2.8384389211354915,0.7177220910631077,3.556161012198599,24.0,0
373.3644107565626,emergency,0.0,0.4353805806418104,0.4353805806418104,4.0,0
373.95106415211967,emergency,0.0,0.3190807107927397,0.3190807107927397,4.0,0
373.289126551016,emergency,0.0,0.7919122426127785,0.7919122426127785,4.0,0
373.10872220037754,emergency,0.0,0.6396923088485589,0.6396923088485589,4.0,0
371.3012155455974,routine,2.0776253154714936,0.7177220910631077,2.795347406534601,24.0,0
373.5761228493986,emergency,0.0,0.7177220910631077,0.7177220910631077,4.0,0
372.73689862933765,emergency,0.0,1.0255029253980703,1.0255029253980703,4.0,0
371.45215450648743,routine,2.2613044389411243,0.4353805806418104,2.696685019582935,24.0,0
370.9700224943032,routine,2.190887105949173,0.6659438790168433,2.8568309849660163,24.0,0
373.8193280265984,critical,0.0,0.6599100317467526,0.6599100317467526,2.0,0
371.5138877000559,routine,2.2837089521868847,0.6599100317467526,2.9436189839336375,24.0,0
374.0751468978783,emergency,0.0,0.4353805806418104,0.4353805806418104,4.0,0
374.6972823850992,critical,0.0,0.3190807107927397,0.3190807107927397,2.0,0
373.74212731508396,emergency,0.0,0.7177220910631077,0.7177220910631077,4.0,0
374.0596323291754,seasonal,0.30724198100318745,0.6396923088485589,0.9469342898517463,12.0,0
374.38180883488604,emergency,0.0,0.4353805806418104,0.4353805806418104,4.0,0
373.96200329567506,emergency,0.0,0.668926378609784,0.668926378609784,4.0,0
374.1444181595519,seasonal,0.4176889537816919,0.6599100317467526,1.0775989855284445,12.0,0
374.17548422352087,emergency,0.0,0.668926378609784,0.668926378609784,4.0,0
374.49949632666346,emergency,0.0,0.9736079806575129,0.9736079806575129,4.0,0
372.0188396219477,routine,2.9866200742868614,0.3513634158531591,3.3379834901400205,24.0,0
374.51613865366977,critical,0.0,0.4353805806418104,0.4353805806418104,2.0,0
374.99641900893477,emergency,0.0,0.6659438790168433,0.6659438790168433,4.0,0
374.7441655152693,critical,0.11113420263433227,0.668926378609784,0.7800605812441163,2.0,0
372.0891316946488,routine,3.0905189238419553,0.3190807107927397,3.409599634634695,24.0,0
375.5375743674101,critical,0.047609891640149726,0.4353805806418104,0.4829904722819601,2.0,0
375.0946035363117,seasonal,0.025758442836604445,0.6396923088485589,0.6654507516851633,12.0,0
375.38761359002234,seasonal,0.3560229108380213,0.3513634158531591,0.7073863266911804,12.0,0
374.55014715420276,emergency,0.0,0.9736079806575129,0.9736079806575129,4.0,0
374.4981732588265,seasonal,0.17266567647050124,1.0255029253980703,1.1981686018685715,12.0,0
372.61127676828124,routine,2.750355458484478,0.6659438790168433,3.416299337501321,24.0,0
375.22961461153307,emergency,0.0,0.4353805806418104,0.4353805806418104,4.0,0
374.96720154973076,emergency,0.0,0.6659438790168433,0.6659438790168433,4.0,0
375.50369063089505,emergency,0.0,0.3513634158531591,0.3513634158531591,4.0,0
375.1905154771203,emergency,0.0,0.6659438790168433,0.6659438790168433,4.0,0
375.85754110327787,emergency,0.042805789318890675,0.3190807107927397,0.36188650011163037,4.0,0
375.6881770607726,emergency,0.03869906009094848,0.668926378609784,0.7076254387007325,4.0,0
375.4442355043504,emergency,0.0,0.6659438790168433,0.6659438790168433,4.0,0
375.5714042300283,emergency,0.09392201738575068,0.3513634158531591,0.4452854332389098,4.0,0
376.3840040423772,critical,0.10801117066989718,0.4353805806418104,0.5433917513117076,2.0,0
375.61749377003815,seasonal,0.3071663380071641,1.0255029253980703,1.3326692634052344,12.0,0
375.97072933931054,emergency,0.052518096864446306,0.3513634158531591,0.4038815127176054,4.0,0
376.0131686495532,emergency,0.3122211244711366,0.6599100317467526,0.9721311562178891,4.0,0
375.82911155949586,emergency,0.04857345118324474,1.0255029253980703,1.074076376581315,4.0,0
375.9912937504565,emergency,0.16161772659495455,0.9736079806575129,1.1352257072524674,4.0,0
375.8779240455048,seasonal,0.37330454094626475,0.6396923088485589,1.0129968497948236,12.0,0
376.6526552822471,emergency,0.07929890405893048,0.668926378609784,0.7482252826687145,4.0,0
376.80636626150493,emergency,0.10807970315141802,0.4353805806418104,0.5434602837932284,4.0,0
376.20687877825026,seasonal,0.4834143489589451,0.6396923088485589,1.123106657807504,12.0,0
375.9521240385876,seasonal,0.6861442091355912,0.6396923088485589,1.32583651798415,12.0,0
376.69143173945315,seasonal,0.07101964059324928,0.6659438790168433,0.7369635196100925,12.0,0
376.59295102225053,emergency,0.07129996193037869,0.3190807107927397,0.3903806727231184,4.0,0
376.7664541616611,emergency,0.12073784270040733,0.6659438790168433,0.7866817217172506,4.0,0
377.1529469960858,critical,0.006087631613354461,0.6599100317467526,0.665997663360107,2.0,0
376.55601385241977,seasonal,0.14711457645518067,1.0255029253980703,1.172617501853251,12.0,0
376.4417313811651,critical,0.06563886350033954,0.9736079806575129,1.0392468441578524,2.0,0
376.94289458725126,emergency,0.1615242478703749,0.6396923088485589,0.8012165567189338,4.0,0
376.93506466012,emergency,0.09881698598042021,0.6659438790168433,0.7647608649972635,4.0,0
377.03889380323653,critical,0.05784788332783819,0.668926378609784,0.7267742619376222,2.0,0
377.04134777987,emergency,0.12217959897412811,0.6396923088485589,0.761871907822687,4.0,0
372.73432120160294,routine,4.118609280102021,0.9736079806575129,5.092217260759534,24.0,0
377.73703294656224,critical,0.0,0.7177220910631077,0.7177220910631077,2.0,0
378.10806456803647,critical,0.0,0.3513634158531591,0.3513634158531591,2.0,0
373.7994917821956,routine,4.004714172975184,0.6599100317467526,4.664624204721937,24.0,0
377.53894794417613,emergency,0.0,0.9736079806575129,0.9736079806575129,4.0,0
373.77889798728006,routine,3.8565739146690703,0.9736079806575129,4.830181895326583,24.0,0
378.0963841467723,seasonal,0.15084030789188319,0.6599100317467526,0.8107503396386357,12.0,0
377.7426147415386,emergency,0.0,1.0255029253980703,1.0255029253980703,4.0,0
374.7312414853213,routine,3.545175671162383,0.4353805806418104,3.9805562518041935,24.0,0
377.9926818733929,critical,0.0,0.7177220910631077,0.7177220910631077,2.0,0
374.4853797755585,routine,3.7696634326513276,0.7919122426127785,4.561575675264106,24.0,0
375.49705675919165,routine,2.9839695563717896,0.7919122426127785,3.7758817989845683,24.0,0
378.2995867040907,emergency,0.0,0.6599100317467526,0.6599100317467526,4.0,0
378.6111149808728,emergency,0.0,0.6659438790168433,0.6659438790168433,4.0,0
378.9464940977,seasonal,0.08301976452457893,0.4353805806418104,0.5184003451663893,12.0,0
379.57923700438306,emergency,0.0,0.3513634158531591,0.3513634158531591,4.0,0
378.90264875059756,emergency,0.0,1.0255029253980703,1.0255029253980703,4.0,0
378.74364780891295,emergency,0.0,0.6659438790168433,0.6659438790168433,4.0,0
375.9515654954562,routine,3.3406215982910794,0.6659438790168433,4.006565477307923,24.0,0
379.20108079656995,emergency,0.0,0.4353805806418104,0.4353805806418104,4.0,0
379.783640454651,emergency,0.0,0.3513634158531591,0.3513634158531591,4.0,0
376.0183478907045,routine,3.3975149484772373,0.3513634158531591,3.7488783643303965,24.0,0
376.15291430055424,routine,3.504879103245287,0.6599100317467526,4.16478913499204,24.0,0
376.4890003682576,routine,3.5111343818665546,0.3513634158531591,3.8624977977197137,24.0,0
377.66741986528234,routine,2.51071985337785,0.6396923088485589,3.150412162226409,24.0,0
380.0513614093669,emergency,0.0,0.3190807107927397,0.3190807107927397,4.0,0
380.4006608020069,emergency,0.0,0.668926378609784,0.668926378609784,4.0,0
377.51411004765276,routine,2.646881598272387,0.6599100317467526,3.3067916300191396,24.0,0
378.03139519719866,routine,3.037630294756582,0.3190807107927397,3.3567110055493217,24.0,0
380.2970893932924,seasonal,0.18405622017354517,0.4353805806418104,0.6194368008153556,12.0,0
380.8618473637642,emergency,0.0,0.7919122426127785,0.7919122426127785,4.0,0
378.2274991060157,routine,2.8877619112989237,0.6659438790168433,3.553705790315767,24.0,0
380.6133301207798,seasonal,0.2147063096479087,0.7919122426127785,1.0066185522606872,12.0,0
381.21725006383934,emergency,0.0,0.668926378609784,0.668926378609784,4.0,0
377.7000426480935,routine,3.231836624226844,0.7919122426127785,4.023748866839623,24.0,0
381.55907936676846,emergency,0.0,0.6599100317467526,0.6599100317467526,4.0,0
381.4092468342197,critical,0.0,0.3513634158531591,0.3513634158531591,2.0,0
378.3004158150441,routine,3.841771080560136,0.3190807107927397,4.160851791352876,24.0,0
381.8038186300071,emergency,0.0,0.6599100317467526,0.6599100317467526,4.0,0
381.8583172010206,emergency,0.0,0.4353805806418104,0.4353805806418104,4.0,0
379.85438593945366,routine,2.7155944066361712,0.3513634158531591,3.0669578224893304,24.0,0
382.475435825003,emergency,0.0,0.4353805806418104,0.4353805806418104,4.0,0
381.8902547670797,emergency,0.0,0.3513634158531591,0.3513634158531591,4.0,0
378.4236099379391,routine,3.7933333618839242,0.4353805806418104,4.228713942525735,24.0,0
381.4395107727998,seasonal,0.09101589110798614,1.0255029253980703,1.1165188165060564,12.0,0
382.52367630866036,emergency,0.0,0.3190807107927397,0.3190807107927397,4.0,0
382.32897632174917,emergency,0.0,0.3513634158531591,0.3513634158531591,4.0,0
381.9468156995171,emergency,0.0,0.7177220910631077,0.7177220910631077,4.0,0
378.60912637110306,routine,3.6281227810197834,0.9736079806575129,4.601730761677296,24.0,0
379.7604028124978,routine,2.744934688601859,0.6659438790168433,3.410878567618702,24.0,0
382.3057821112056,emergency,0.0,0.9736079806575129,0.9736079806575129,4.0,0
382.6198060078269,seasonal,0.009128784472693496,1.0255029253980703,1.0346317098707638,12.0,0
382.82436783063054,emergency,0.0,0.6599100317467526,0.6599100317467526,4.0,0
380.0118699136359,routine,3.5270470989552223,0.4353805806418104,3.962427679597033,24.0,0
380.68851284965166,routine,3.011078662162163,0.3190807107927397,3.3301593729549026,24.0,0
383.825040054057,emergency,0.0,0.3190807107927397,0.3190807107927397,4.0,0
382.80467015273217,seasonal,0.2941427899314135,0.9736079806575129,1.2677507705889264,12.0,0
380.78556742876134,routine,2.958235057917477,0.7177220910631077,3.6759571489805847,24.0,0
383.9866721505356,seasonal,0.1618844276762843,0.4353805806418104,0.5972650083180947,12.0,0
384.2282247294636,emergency,0.0,0.3190807107927397,0.3190807107927397,4.0,0
381.25442657002617,routine,2.9757483356401053,0.7177220910631077,3.693470426703213,24.0,0
381.87788951927206,routine,3.023041255940825,0.4353805806418104,3.4584218365826356,24.0,0
381.86815054418855,routine,2.71715688941606,0.9736079806575129,3.690764870073573,24.0,0
384.972897939786,emergency,0.0,0.6599100317467526,0.6599100317467526,4.0,0
384.84494507160076,emergency,0.0,0.3190807107927397,0.3190807107927397,4.0,0
384.71291982932553,emergency,0.0,0.4353805806418104,0.4353805806418104,4.0,0
385.2607053124126,seasonal,0.07707324782120395,0.4353805806418104,0.5124538284630143,12.0,0
382.7977972124684,routine,2.597107672198945,0.6599100317467526,3.2570177039456976,24.0,0
385.23701925939,emergency,0.0,0.6599100317467526,0.6599100317467526,4.0,0
382.7004861314451,routine,2.638937215382896,0.7919122426127785,3.4308494579956745,24.0,0
385.5475824809149,emergency,0.0,0.3513634158531591,0.3513634158531591,4.0,0
382.35606831735,routine,2.8833284848196286,0.9736079806575129,3.8569364654771414,24.0,0
385.99132274444753,emergency,0.0,0.668926378609784,0.668926378609784,4.0,0
383.7974969272923,routine,1.918887570915615,0.6599100317467526,2.578797602662368,24.0,0
383.9203237610281,routine,2.2527916835290966,0.7919122426127785,3.0447039261418753,24.0,0
389.3108938499277,routine,0.0,0.3190807107927397,0.3190807107927397,24.0,0
389.4211804555164,routine,0.0,0.668926378609784,0.668926378609784,24.0,0
389.43272387140695,routine,0.0,0.6659438790168433,0.6659438790168433,24.0,0
389.3312341316885,seasonal,0.0,0.6396923088485589,0.6396923088485589,12.0,0
390.63370049808293,emergency,0.0,0.3513634158531591,0.3513634158531591,4.0,0
390.3650632895236,seasonal,0.0,0.4353805806418104,0.4353805806418104,12.0,0
390.82676032553474,emergency,0.0,0.3190807107927397,0.3190807107927397,4.0,0
390.69805762791117,seasonal,0.0,0.9736079806575129,0.9736079806575129,12.0,0
391.32300899071896,emergency,0.0,0.4353805806418104,0.4353805806418104,4.0,0
390.92425704524913,emergency,0.0,0.6659438790168433,0.6659438790168433,4.0,0
390.9310825206859,routine,0.0,0.6396923088485589,0.6396923088485589,24.0,0
391.26129151696443,emergency,0.0,0.6659438790168433,0.6659438790168433,4.0,0
391.34148433216416,routine,0.0,0.6396923088485589,0.6396923088485589,24.0,0
390.5174176077384,emergency,0.0,0.9736079806575129,0.9736079806575129,4.0,0
391.6265960256011,critical,0.0,0.4353805806418104,0.4353805806418104,2.0,0
391.3105681697883,critical,0.0,0.7177220910631077,0.7177220910631077,2.0,0
391.2563532317164,emergency,0.0,0.3513634158531591,0.3513634158531591,4.0,0
391.9293325818016,emergency,0.0,0.3190807107927397,0.3190807107927397,4.0,0
391.028257367634,emergency,0.0,0.6396923088485589,0.6396923088485589,4.0,0
391.43703433792234,seasonal,0.0,0.668926378609784,0.668926378609784,12.0,0
391.0073301057416,emergency,0.0,1.0255029253980703,1.0255029253980703,4.0,0
391.70724522384484,seasonal,0.0,0.6659438790168433,0.6659438790168433,12.0,0
391.17078856922086,emergency,0.0,1.0255029253980703,1.0255029253980703,4.0,0
391.64163962495473,emergency,0.0,0.6599100317467526,0.6599100317467526,4.0,0
392.10890126308726,seasonal,0.0,0.3190807107927397,0.3190807107927397,12.0,0
391.36231132442884,routine,0.0,0.6659438790168433,0.6659438790168433,24.0,0
391.3365743807984,emergency,0.0,0.9736079806575129,0.9736079806575129,4.0,0
392.32285840077986,emergency,0.0,0.3190807107927397,0.3190807107927397,4.0,0
392.1708560497043,critical,0.0,0.4353805806418104,0.4353805806418104,2.0,0
392.44250183343763,critical,0.025023582463404637,0.4353805806418104,0.46040416310521504,2.0,0
392.36179085221994,critical,0.0,0.7919122426127785,0.7919122426127785,2.0,0
392.6885281574099,routine,0.0,0.7919122426127785,0.7919122426127785,24.0,0
392.78438769481437,routine,0.0,0.6659438790168433,0.6659438790168433,24.0,0
392.59126484363935,emergency,0.0,0.668926378609784,0.668926378609784,4.0,0
392.43982252469056,critical,0.0014222509410615203,0.7177220910631077,0.7191443420041692,2.0,0
393.20262207947786,routine,0.13423274441379363,0.3513634158531591,0.48559616026695274,24.0,0
393.0754973646302,emergency,0.0,1.0255029253980703,1.0255029253980703,4.0,0
393.45732525520776,emergency,0.0,0.6396923088485589,0.6396923088485589,4.0,0
393.09489031624696,routine,0.16450076120332824,0.3190807107927397,0.48358147199606794,24.0,0
393.00179542011597,seasonal,0.0993586950230565,0.6599100317467526,0.759268726769809,12.0,0
393.23211520763834,emergency,0.0,0.6396923088485589,0.6396923088485589,4.0,0
392.82335049507117,routine,0.3260882344124525,0.6659438790168433,0.9920321134292958,24.0,0
392.8039095706689,routine,0.0,1.0255029253980703,1.0255029253980703,24.0,0
393.83783739352407,emergency,0.0,0.4353805806418104,0.4353805806418104,4.0,0
394.17440032795014,emergency,0.0,0.3190807107927397,0.3190807107927397,4.0,0
393.7722318778501,critical,0.0,0.668926378609784,0.668926378609784,2.0,0
394.3949054110891,seasonal,0.19266564508154715,0.3513634158531591,0.5440290609347063,12.0,0
394.18752673451354,seasonal,0.10443837638854347,0.3190807107927397,0.42351908718128317,12.0,0
393.849512120195,seasonal,0.3928136187072937,0.6396923088485589,1.0325059275558526,12.0,0
394.210627033621,critical,0.0,0.6659438790168433,0.6659438790168433,2.0,0
393.8353457203519,emergency,0.0,0.6659438790168433,0.6659438790168433,4.0,0
394.41930040794887,emergency,0.0,0.3190807107927397,0.3190807107927397,4.0,0
394.56366321705417,emergency,0.0,0.3513634158531591,0.3513634158531591,4.0,0
394.5399483618654,emergency,0.0,0.4353805806418104,0.4353805806418104,4.0,0
393.9624044987855,emergency,0.0,1.0255029253980703,1.0255029253980703,4.0,0
394.7700625470076,emergency,0.0,0.7177220910631077,0.7177220910631077,4.0,0
394.60992397455516,seasonal,0.21209940273701022,0.668926378609784,0.8810257813467942,12.0,0
394.8107031660664,seasonal,0.02973723478254442,0.3513634158531591,0.38110065063570353,12.0,0
394.2516687115671,emergency,0.0,1.0255029253980703,1.0255029253980703,4.0,0
395.212250066083,emergency,0.002678854849364143,0.4353805806418104,0.43805943549117454,4.0,0
395.03832716265714,routine,0.05789643018846391,0.7177220910631077,0.7756185212515716,24.0,0
393.46615038823387,routine,1.621726479853919,0.668926378609784,2.290652858463703,24.0,0
394.7966129114714,emergency,0.0,0.6659438790168433,0.6659438790168433,4.0,0
394.95698665389506,emergency,0.0,0.6659438790168433,0.6659438790168433,4.0,0
394.80625811971635,emergency,0.0,1.0255029253980703,1.0255029253980703,4.0,0
395.422336912011,emergency,0.0,0.7177220910631077,0.7177220910631077,4.0,0
395.087731557732,emergency,0.0,0.6659438790168433,0.6659438790168433,4.0,0
395.457770575298,emergency,0.0,0.6396923088485589,0.6396923088485589,4.0,0
395.1099537987017,emergency,0.0,0.7919122426127785,0.7919122426127785,4.0,0
395.5163936133397,emergency,0.09657438186548006,0.4353805806418104,0.5319549625072905,4.0,0
395.62511920024707,emergency,0.03776304300117772,0.7919122426127785,0.8296752856139562,4.0,0
395.35274416162684,seasonal,0.2567081684789514,0.3513634158531591,0.6080715843321105,12.0,0
395.1782434756702,routine,0.43174123202970804,0.4353805806418104,0.8671218126715184,24.0,0
396.02169086658176,emergency,0.0,0.4353805806418104,0.4353805806418104,4.0,0
395.2005113394005,seasonal,0.40286586189267837,0.6659438790168433,1.0688097409095216,12.0,0
395.71095213038143,emergency,0.06161854688832591,0.6599100317467526,0.7215285786350785,4.0,0
396.55864031931236,critical,0.0,0.3190807107927397,0.3190807107927397,2.0,0
395.47389187893384,routine,0.7910418439323621,0.4353805806418104,1.2264224245741726,24.0,0
396.51553506760195,emergency,0.0,0.4353805806418104,0.4353805806418104,4.0,0
396.0341071564033,seasonal,0.18297693043240315,0.9736079806575129,1.156584911089916,12.0,0
395.7906596796664,routine,0.8167210119985953,0.3513634158531591,1.1680844278517544,24.0,0
396.8414691277035,emergency,0.0,0.3513634158531591,0.3513634158531591,4.0,0
395.7687418198708,routine,0.8312769731633693,0.4353805806418104,1.2666575538051799,24.0,0
396.3632194824576,emergency,0.0,0.6599100317467526,0.6599100317467526,4.0,0
396.8845241323402,emergency,0.0,0.6599100317467526,0.6599100317467526,4.0,0
396.4468129402341,routine,0.6964907410013552,0.3513634158531591,1.0478541568545143,24.0,0
396.79881296196703,emergency,0.0,0.3190807107927397,0.3190807107927397,4.0,0
396.0709220680661,routine,1.0204899416544322,0.3513634158531591,1.3718533575075913,24.0,0
397.51252917003217,emergency,0.0,0.3513634158531591,0.3513634158531591,4.0,0
396.9634040466263,routine,0.5170734791509517,0.6599100317467526,1.1769835108977043,24.0,0
397.6666250179269,emergency,0.0,0.6599100317467526,0.6599100317467526,4.0,0
397.95733494124323,emergency,0.0,0.3190807107927397,0.3190807107927397,4.0,0
397.3284073811809,emergency,0.0,0.7919122426127785,0.7919122426127785,4.0,0
397.09278036746747,emergency,0.0,0.9736079806575129,0.9736079806575129,4.0,0
397.8087154907203,emergency,0.0,0.6659438790168433,0.6659438790168433,4.0,0
397.8139069161985,routine,0.11510176343176681,0.668926378609784,0.7840281420415508,24.0,0
398.0590819723347,seasonal,0.013555102191276092,0.668926378609784,0.6824814808010601,12.0,0
397.6263346630997,routine,0.253060729350409,0.6599100317467526,0.9129707610971616,24.0,0
397.6399524712094,emergency,0.0,0.9736079806575129,0.9736079806575129,4.0,0
398.2375219790454,routine,0.15513670102291144,0.6396923088485589,0.7948290098714703,24.0,0
398.01453026689836,emergency,0.0,0.668926378609784,0.668926378609784,4.0,0
398.83969565917283,routine,0.0,0.4353805806418104,0.4353805806418104,24.0,0
397.92928825079684,routine,0.39054246212538146,0.3190807107927397,0.7096231729181212,24.0,0
398.44848934240514,emergency,0.0,0.4353805806418104,0.4353805806418104,4.0,0
398.71872405078176,emergency,0.0,0.7919122426127785,0.7919122426127785,4.0,0
399.0343922733068,emergency,0.0,0.4353805806418104,0.4353805806418104,4.0,0
398.92265451875994,routine,0.12930376843280555,0.6396923088485589,0.7689960772813644,24.0,0
399.5985428010959,emergency,0.0,0.7177220910631077,0.7177220910631077,4.0,0
399.1059271368405,routine,0.40980553660091346,0.6659438790168433,1.0757494156177567,24.0,0
400.1019444245753,emergency,0.0,0.3513634158531591,0.3513634158531591,4.0,0
399.07331160425787,seasonal,0.43479688584244514,0.4353805806418104,0.8701774664842555,12.0,0
399.468817007794,routine,0.5266796793533786,0.3513634158531591,0.8780430952065377,24.0,0
399.72027311571503,emergency,0.0,0.6599100317467526,0.6599100317467526,4.0,0
399.811848786826,critical,0.0,0.6396923088485589,0.6396923088485589,2.0,0
399.3209943700772,routine,0.22029195438091165,0.6599100317467526,0.8802019861276642,24.0,0
399.6689617282706,seasonal,0.052823709189624424,0.7177220910631077,0.7705458002527321,12.0,0
399.926031314082,emergency,0.0,0.4353805806418104,0.4353805806418104,4.0,0
400.3538437178682,emergency,0.0,0.6396923088485589,0.6396923088485589,4.0,0
399.3514045829587,routine,0.5373578566737933,0.668926378609784,1.2062842352835772,24.0,0
400.4748529966651,emergency,0.0,0.6659438790168433,0.6659438790168433,4.0,0
399.6147610234078,routine,0.713267278471676,0.668926378609784,1.38219365708146,24.0,0
400.5532054998785,seasonal,0.6169490929033259,0.4353805806418104,1.0523296735451364,12.0,0
401.2785375146649,emergency,0.0,0.3513634158531591,0.3513634158531591,4.0,0
401.15127011853696,seasonal,0.1702831501791593,0.3513634158531591,0.5216465660323184,12.0,0
400.1664840432036,routine,1.1572236122317463,0.3190807107927397,1.476304323024486,24.0,0
401.16217659811724,emergency,0.0,0.3513634158531591,0.3513634158531591,4.0,0
400.79465200362705,routine,0.7352285300341919,0.6599100317467526,1.3951385617809444,24.0,0
401.8961699317653,emergency,0.0,0.3190807107927397,0.3190807107927397,4.0,0
401.58710784954997,seasonal,0.1305952336683731,0.7177220910631077,0.8483173247314808,12.0,0
401.7392036911722,emergency,0.0,0.3190807107927397,0.3190807107927397,4.0,0
400.18690753991814,routine,1.3182684370316338,0.668926378609784,1.9871948156414176,24.0,0
401.39079549240614,critical,0.0,0.6396923088485589,0.6396923088485589,2.0,0
401.94596950457384,critical,0.0,0.9736079806575129,0.9736079806575129,2.0,0
401.9428028260989,seasonal,0.12465386503032505,0.4353805806418104,0.5600344456721355,12.0,0
402.59196112462655,seasonal,0.3486710874108212,0.3190807107927397,0.6677517982035609,12.0,0
402.02547277885094,seasonal,0.44939084092158055,0.3190807107927397,0.7684715517143202,12.0,0
402.47049814857775,seasonal,0.10014728893639813,0.3513634158531591,0.45151070478955724,12.0,0
402.78251698313983,emergency,0.0,0.668926378609784,0.668926378609784,4.0,0
402.87034487266646,seasonal,0.21279333964884017,0.3513634158531591,0.5641567555019993,12.0,0
402.58183276055877,emergency,0.0,0.7919122426127785,0.7919122426127785,4.0,0
402.94057691552206,emergency,0.0,0.6599100317467526,0.6599100317467526,4.0,0
402.4926811508342,emergency,0.0,0.6599100317467526,0.6599100317467526,4.0,0
402.2340477263582,seasonal,0.2962813419570125,0.6599100317467526,0.9561913737037651,12.0,0
403.49343322590016,emergency,0.0,0.3190807107927397,0.3190807107927397,4.0,0
403.2446360217626,seasonal,0.12556717179114685,0.4353805806418104,0.5609477524329572,12.0,0
403.38868800986194,emergency,0.0,0.4353805806418104,0.4353805806418104,4.0,0
403.37197785899923,emergency,0.0,0.7919122426127785,0.7919122426127785,4.0,0
403.92904047328904,seasonal,0.09658688432170948,0.6599100317467526,0.756496916068462,12.0,0
403.5531333466135,emergency,0.0,0.7919122426127785,0.7919122426127785,4.0,0
403.96432223632155,emergency,0.0,0.3513634158531591,0.3513634158531591,4.0,0
403.9134061288646,seasonal,0.030110675657397223,0.3190807107927397,0.3491913864501369,12.0,0
404.1066886276436,seasonal,0.051855032670232504,0.4353805806418104,0.4872356133120429,12.0,0
401.1731868552511,routine,2.604719567181178,0.6659438790168433,3.270663446198021,24.0,0
404.5137275088712,emergency,0.0,0.6659438790168433,0.6659438790168433,4.0,0
404.09878372888465,critical,0.0,0.668926378609784,0.668926378609784,2.0,0
401.25877649212816,routine,2.768117128553797,1.0255029253980703,3.7936200539518676,24.0,0
404.60680434770586,emergency,0.0,0.4353805806418104,0.4353805806418104,4.0,0
404.80238704334727,emergency,0.0,0.3190807107927397,0.3190807107927397,4.0,0
404.9526702793131,emergency,0.0,0.3190807107927397,0.3190807107927397,4.0,0
404.6836934300996,emergency,0.0,0.9736079806575129,0.9736079806575129,4.0,0
404.34068946493335,critical,0.0,0.7919122426127785,0.7919122426127785,2.0,0
401.44821646274283,routine,3.06212527381723,0.7919122426127785,3.854037516430009,24.0,0
404.8308341532212,critical,0.0,0.6599100317467526,0.6599100317467526,2.0,0
405.32179102320913,emergency,0.045938546940249125,0.3190807107927397,0.3650192577329888,4.0,0
405.1046199744627,emergency,0.0,0.6396923088485589,0.6396923088485589,4.0,0
404.92128951969266,emergency,0.0,0.6659438790168433,0.6659438790168433,4.0,0
405.2292704485232,emergency,0.0,0.7177220910631077,0.7177220910631077,4.0,0
405.3067575420256,emergency,0.04200441181041015,0.7919122426127785,0.8339166544231886,4.0,0
405.08927781006173,emergency,0.0,0.6396923088485589,0.6396923088485589,4.0,0
405.203084414853,emergency,0.0,0.6599100317467526,0.6599100317467526,4.0,0
405.51319012042387,emergency,0.32652955331309386,0.4353805806418104,0.7619101339549043,4.0,0
404.7266706260019,seasonal,0.21733466902617238,1.0255029253980703,1.2428375944242427,12.0,0
401.7827154640945,routine,3.970171572230413,0.4353805806418104,4.4055521528722235,24.0,0
405.12754122204615,seasonal,0.2339737052452051,0.6396923088485589,0.873666014093764,12.0,0
405.3549340771465,seasonal,0.22418587837694304,0.6599100317467526,0.8840959101236956,12.0,0
405.3619921615086,emergency,0.15810761175237076,0.9736079806575129,1.1317155924098836,4.0,0
401.47903082545764,routine,4.2227366649314035,0.6396923088485589,4.862428973779963,24.0,0
405.6003577126148,emergency,0.42776981802063574,0.3190807107927397,0.7468505288133754,4.0,0
406.09764365141393,emergency,0.5481649431365554,0.3190807107927397,0.8672456539292951,4.0,0
405.82920896807553,emergency,0.5215155497133992,0.7177220910631077,1.2392376407765069,4.0,0
405.75446682313907,emergency,0.5152670216799606,0.7177220910631077,1.2329891127430683,4.0,0
405.6404282755703,emergency,0.4871156923498461,0.668926378609784,1.15604207095963,4.0,0
405.8873899413177,emergency,0.49578669037794043,0.7177220910631077,1.2135087814410481,4.0,0
402.0870125019305,routine,4.307997034367702,0.9736079806575129,5.281605015025215,24.0,0
402.01043620805854,routine,4.081826986396209,1.0255029253980703,5.107329911794279,24.0,0
405.9248717129474,emergency,0.6083768842013342,0.668926378609784,1.277303262811118,4.0,0
405.67930305649554,emergency,0.5169013549003694,1.0255029253980703,1.5424042802984397,4.0,0
402.6655985810558,routine,4.488579946018319,0.3190807107927397,4.807660656811059,24.0,0
406.2725512373549,emergency,0.4689054442813472,0.3513634158531591,0.8202688601345063,4.0,0
406.2866167741886,emergency,0.5647500742691705,0.3190807107927397,0.8838307850619102,4.0,0
405.91994916824365,emergency,0.5973878235597567,0.9736079806575129,1.5709958042172696,4.0,0
402.25281649989,routine,4.872526568884496,0.3513634158531591,5.223889984737655,24.0,0
406.3960969633314,emergency,0.5183806208858641,0.6659438790168433,1.1843244999027074,4.0,0
406.74298611637187,critical,0.08712791711872114,0.6659438790168433,0.7530717961355644,2.0,0
406.53287347636217,emergency,0.5410964632562809,0.9736079806575129,1.5147044439137938,4.0,0
406.5476610122716,emergency,0.5457022165551848,0.7177220910631077,1.2634243076182925,4.0,0
407.2640812060429,seasonal,0.027352302116071314,0.4353805806418104,0.4627328827578817,12.0,0
403.6659612100537,routine,3.727142781923078,0.6659438790168433,4.393086660939922,24.0,0
403.0078252886195,routine,4.25096220040183,1.0255029253980703,5.2764651257999,24.0,0
407.4502688230451,seasonal,0.6899408210820752,0.6599100317467526,1.3498508528288278,12.0,0
407.59554044583786,seasonal,0.6097567035549787,0.9736079806575129,1.5833646842124915,12.0,0
403.7805502398289,routine,4.536471234663679,0.668926378609784,5.205397613273464,24.0,0
405.03284139723326,routine,3.8804336013008083,0.668926378609784,4.549359979910593,24.0,0
404.15878439990735,routine,4.186900076271456,0.9736079806575129,5.160508056928969,24.0,0
408.97014595080714,seasonal,0.43921838368231647,0.6659438790168433,1.1051622626991597,12.0,0
409.2309288446912,emergency,0.0,0.7177220910631077,0.7177220910631077,4.0,0
406.3522944338546,routine,3.1055129848685397,0.6599100317467526,3.7654230166152924,24.0,0
407.731131697868,routine,2.4643787228661154,0.7177220910631077,3.182100813929223,24.0,0
406.7168379960386,routine,3.29644097038846,0.6659438790168433,3.962384849405303,24.0,0
406.36613325162506,routine,3.460560798130814,0.6396923088485589,4.100253106979373,24.0,0
407.2541808271917,routine,2.8920208071088496,0.6599100317467526,3.5519308388556023,24.0,0
410.33504114302605,seasonal,0.0023686528279540653,0.3513634158531591,0.3537320686811132,12.0,0
410.0848176242865,routine,0.598391648563279,0.6599100317467526,1.2583016803100315,24.0,0
412.54393119109125,seasonal,0.0,0.3513634158531591,0.3513634158531591,12.0,0
412.5031719886663,critical,0.0,0.4353805806418104,0.4353805806418104,2.0,0
412.74723392001863,critical,0.0,0.9736079806575129,0.9736079806575129,2.0,0
414.104378177883,emergency,0.0,0.3190807107927397,0.3190807107927397,4.0,0
414.76788518017804,critical,0.0,0.3513634158531591,0.3513634158531591,2.0,0
414.27320129597285,routine,0.0,1.0255029253980703,1.0255029253980703,24.0,0
414.57634545870707,critical,0.0,0.6599100317467526,0.6599100317467526,2.0,0
414.69444166186696,seasonal,0.0,0.7919122426127785,0.7919122426127785,12.0,0
415.1353482596374,routine,0.0,0.6599100317467526,0.6599100317467526,24.0,0
415.14730862612345,emergency,0.0,0.6599100317467526,0.6599100317467526,4.0,0
415.87820303720895,routine,0.0,0.668926378609784,0.668926378609784,24.0,0
415.7574179068804,routine,0.0,0.7919122426127785,0.7919122426127785,24.0,0
415.8658803814783,routine,0.0,0.6599100317467526,0.6599100317467526,24.0,0
415.7845885153601,emergency,0.0,0.6659438790168433,0.6659438790168433,4.0,0
416.9850043026898,emergency,0.0,0.3190807107927397,0.3190807107927397,4.0,0
416.99320465879333,routine,0.0,0.3513634158531591,0.3513634158531591,24.0,0
416.4410410038072,seasonal,0.0,0.6599100317467526,0.6599100317467526,12.0,0
416.5512597040255,emergency,0.0,1.0255029253980703,1.0255029253980703,4.0,0
416.32387328217624,routine,0.0,0.7919122426127785,0.7919122426127785,24.0,0
417.28397458869733,emergency,0.0,0.6396923088485589,0.6396923088485589,4.0,0
417.640930785237,emergency,0.0,0.3190807107927397,0.3190807107927397,4.0,0
417.56346073242105,emergency,0.0,0.3190807107927397,0.3190807107927397,4.0,0
417.23538767874095,emergency,0.0,0.6659438790168433,0.6659438790168433,4.0,0
416.8561347121167,critical,0.0,1.0255029253980703,1.0255029253980703,2.0,0
417.753996571177,routine,0.0,0.6659438790168433,0.6659438790168433,24.0,0
418.0000931205317,emergency,0.0,0.3513634158531591,0.3513634158531591,4.0,0
417.96674230295264,emergency,0.0,0.6659438790168433,0.6659438790168433,4.0,0
417.38714655393557,emergency,0.0,1.0255029253980703,1.0255029253980703,4.0,0
417.765408007398,emergency,0.0,0.6396923088485589,0.6396923088485589,4.0,0
417.76174586010666,emergency,0.0,0.7919122426127785,0.7919122426127785,4.0,0
417.5983680821348,seasonal,0.0,1.0255029253980703,1.0255029253980703,12.0,0
418.8924804224319,critical,0.0,0.3513634158531591,0.3513634158531591,2.0,0
418.68277654190075,emergency,0.0,0.7919122426127785,0.7919122426127785,4.0,0
418.8143014320797,seasonal,0.0,0.7177220910631077,0.7177220910631077,12.0,0
418.65270966893735,emergency,0.0,0.6396923088485589,0.6396923088485589,4.0,0
418.8605888316676,seasonal,0.0,0.3190807107927397,0.3190807107927397,12.0,0
418.6541273617374,routine,0.0,0.4353805806418104,0.4353805806418104,24.0,0
419.0339834619336,critical,0.0,0.6659438790168433,0.6659438790168433,2.0,0
418.4392326997775,routine,0.0,1.0255029253980703,1.0255029253980703,24.0,0
418.9058141048536,emergency,0.0,0.6659438790168433,0.6659438790168433,4.0,0
419.28270270157725,emergency,0.0,0.9736079806575129,0.9736079806575129,4.0,0
419.6497343824291,emergency,0.0,0.6659438790168433,0.6659438790168433,4.0,0
419.6609033289992,seasonal,0.0,0.3190807107927397,0.3190807107927397,12.0,0
420.26071686452076,emergency,0.0,0.4353805806418104,0.4353805806418104,4.0,0
420.0577822263723,emergency,0.0,0.4353805806418104,0.4353805806418104,4.0,0
419.74350986456795,routine,0.0,0.3190807107927397,0.3190807107927397,24.0,0
419.87664864212456,emergency,0.0,0.3190807107927397,0.3190807107927397,4.0,0
419.836988748428,routine,0.14713471313206128,0.4353805806418104,0.5825152937738717,24.0,0
420.12976824310186,emergency,0.0,0.6659438790168433,0.6659438790168433,4.0,0
420.14463277365843,seasonal,0.15062667866192214,1.0255029253980703,1.1761296040599925,12.0,0
420.2531505968771,seasonal,0.07686465921580066,0.4353805806418104,0.5122452398576111,12.0,0
420.58691415573566,critical,0.0,0.7919122426127785,0.7919122426127785,2.0,0
421.1472920714353,emergency,0.0,0.3513634158531591,0.3513634158531591,4.0,0
420.40509725585406,routine,0.38945132529408966,0.7177220910631077,1.1071734163571973,24.0,0
420.36283013786425,emergency,0.0,0.6659438790168433,0.6659438790168433,4.0,0
420.2354476443111,routine,0.1566097952119776,0.9736079806575129,1.1302177758694905,24.0,0
420.67300938395306,emergency,0.0,0.6659438790168433,0.6659438790168433,4.0,0
421.00309168267694,seasonal,0.3927356548153398,0.4353805806418104,0.8281162354571502,12.0,0
421.14637780130545,emergency,0.0,0.6659438790168433,0.6659438790168433,4.0,0
421.3175495959601,emergency,0.0,0.6659438790168433,0.6659438790168433,4.0,0
420.88983304873364,seasonal,0.4120605076856805,0.668926378609784,1.0809868862954644,12.0,0
421.69664065822263,emergency,0.0,0.4353805806418104,0.4353805806418104,4.0,0
421.46534170171486,seasonal,0.5841408463120956,0.3513634158531591,0.9355042621652547,12.0,0
421.09160471464367,seasonal,0.6798981397486159,0.4353805806418104,1.1152787203904264,12.0,0
421.4164347399876,seasonal,0.6138692524744442,0.3513634158531591,0.9652326683276033,12.0,0
421.44530898849496,emergency,0.0,1.0255029253980703,1.0255029253980703,4.0,0
421.93707778055375,emergency,0.0,0.3513634158531591,0.3513634158531591,4.0,0
422.2404485677226,seasonal,0.1077382746063904,0.6599100317467526,0.767648306353143,12.0,0
422.17801655369794,critical,0.0,0.6659438790168433,0.6659438790168433,2.0,0
422.6361720047116,emergency,0.0,0.6659438790168433,0.6659438790168433,4.0,0
422.65849894667093,emergency,0.0,0.4353805806418104,0.4353805806418104,4.0,0
422.4488174054326,emergency,0.0,0.6659438790168433,0.6659438790168433,4.0,0
422.4801364223218,seasonal,0.1000237220029021,0.668926378609784,0.7689501006126861,12.0,0
420.7959232652763,routine,2.07278900538995,0.6659438790168433,2.7387328844067933,24.0,0
422.11734542630114,emergency,0.0,1.0255029253980703,1.0255029253980703,4.0,0
422.9681424288989,seasonal,0.5172235375879382,0.3513634158531591,0.8685869534410973,12.0,0
423.1411715541403,emergency,0.0,0.3190807107927397,0.3190807107927397,4.0,0
422.63131658968763,seasonal,0.1495500520765063,0.6599100317467526,0.8094600838232588,12.0,0
423.17689973003803,emergency,0.0,0.6659438790168433,0.6659438790168433,4.0,0
422.9935072714992,emergency,0.0,0.6599100317467526,0.6599100317467526,4.0,0
422.96047997781807,critical,0.0,0.4353805806418104,0.4353805806418104,2.0,0
423.06939381279733,emergency,0.0,0.3513634158531591,0.3513634158531591,4.0,0
423.1619964811609,emergency,0.0,0.6659438790168433,0.6659438790168433,4.0,0
422.88188826032007,seasonal,0.3182671861010249,0.4353805806418104,0.7536477667428353,12.0,0
423.40533258547913,emergency,0.0,0.668926378609784,0.668926378609784,4.0,0
423.33546338027236,seasonal,0.6131124431856847,0.3190807107927397,0.9321931539784244,12.0,0
423.47598028115226,emergency,0.0,0.7919122426127785,0.7919122426127785,4.0,0
423.059691263878,seasonal,0.48318957119943207,0.7177220910631077,1.2009116622625398,12.0,0
423.99315484199474,critical,0.168740251651343,0.3190807107927397,0.4878209624440827,2.0,0
423.66225865315783,emergency,0.5665330732050506,0.3513634158531591,0.9178964890582098,4.0,0
423.62445168254703,seasonal,0.7186232431504891,0.3190807107927397,1.037703953943229,12.0,0
423.56005590418334,critical,0.02352253709176466,0.6396923088485589,0.6632148459403235,2.0,0
423.4835340987977,emergency,0.0640234507023365,0.7919122426127785,0.855935693315115,4.0,0
423.6727833578699,seasonal,0.6927317536620308,0.6599100317467526,1.3526417854087833,12.0,0
423.7380364926742,emergency,0.80164484495333,0.3513634158531591,1.153008260806489,4.0,0
423.45855096063565,emergency,0.0,1.0255029253980703,1.0255029253980703,4.0,0
423.50701388874006,emergency,0.7217403478526307,0.4353805806418104,1.1571209284944413,4.0,0
423.71358848118615,emergency,0.6525660344934181,0.4353805806418104,1.0879466151352286,4.0,0
423.6392367819425,critical,0.42776440223008194,0.7919122426127785,1.2196766448428604,2.0,0
424.1737395205618,seasonal,0.4369295515157319,0.6659438790168433,1.1028734305325751,12.0,0
423.83712641421846,emergency,0.789974057027905,0.7177220910631077,1.5076961480910127,4.0,0
424.0896194068578,seasonal,0.43963490320260235,0.6659438790168433,1.1055787822194456,12.0,0
424.83180046051785,critical,0.08050899084116736,0.3513634158531591,0.43187240669432647,2.0,0
424.69347353022096,seasonal,0.21542101679114012,0.6659438790168433,0.8813648958079834,12.0,0
424.1188807505349,emergency,0.6723460232364573,0.4353805806418104,1.1077266038782678,4.0,0
425.07519436351157,seasonal,0.14430990279504385,0.3513634158531591,0.49567331864820297,12.0,0
423.9860259341171,emergency,0.7677208504420037,0.7919122426127785,1.5596330930547821,4.0,0
423.837572329201,emergency,0.8072478049332403,0.9736079806575129,1.7808557855907532,4.0,0
423.84471108773596,emergency,0.8385233431985171,0.6599100317467526,1.4984333749452696,4.0,0
424.3677055755567,emergency,0.7368242252877621,0.6396923088485589,1.376516534136321,4.0,0
424.60858199181047,emergency,0.6116644429875464,0.7919122426127785,1.403576685600325,4.0,0
421.09639718232927,routine,3.9431185051720945,0.7919122426127785,4.735030747784873,24.0,0
425.2824832259462,critical,0.0827663234011311,0.7177220910631077,0.8004884144642388,2.0,0
425.01347155641366,emergency,0.638404590306834,0.6396923088485589,1.278096899155393,4.0,0
425.04194796861447,emergency,0.6275460270497888,0.6659438790168433,1.293489906066632,4.0,0
422.1866245410864,routine,3.283497073128558,0.4353805806418104,3.7188776537703685,24.0,0
423.0750638745187,routine,2.5745894018557465,0.6599100317467526,3.2344994336024993,24.0,0
425.45786651331287,emergency,0.4834745713340567,0.6659438790168433,1.1494184503509,4.0,0
424.9216903668637,emergency,0.6930629911353776,1.0255029253980703,1.718565916533448,4.0,0
423.7324011409612,routine,2.2419935186429143,0.3190807107927397,2.561074229435654,24.0,0
424.80019104506545,emergency,0.8070655437758774,0.7919122426127785,1.5989777863886558,4.0,0
425.476074647124,emergency,0.6145237723188757,0.7919122426127785,1.4064360149316542,4.0,0
425.1619530165297,emergency,0.5666465682817261,0.668926378609784,1.23557294689151,4.0,0
424.0801866217706,routine,2.2757927604374117,0.6599100317467526,2.9357027921841645,24.0,0
425.62494667411937,emergency,0.6482334412830255,1.0255029253980703,1.6737363666810958,4.0,0
425.6609629575362,emergency,0.9301491833603563,0.3513634158531591,1.2815125992135155,4.0,0
423.82329133238005,routine,2.4157884127002944,0.7919122426127785,3.207700655313073,24.0,0
425.86204774566545,emergency,0.7927962694032544,0.3513634158531591,1.1441596852564135,4.0,0
426.2914142629083,critical,0.08261005903153773,0.4353805806418104,0.5179906396733481,2.0,0
425.97271519928387,emergency,0.6983818718254042,0.6396923088485589,1.338074180673963,4.0,0
425.28809011321886,emergency,0.5373258952739661,0.9736079806575129,1.510933875931479,4.0,0
425.34718014490073,routine,1.2070401891095912,0.4353805806418104,1.6424207697514017,24.0,0
425.72942694455287,emergency,0.899385053205151,0.3513634158531591,1.2507484690583102,4.0,0
425.42970444073,routine,1.429225532781686,0.4353805806418104,1.8646061134234966,24.0,0
426.11954723667634,emergency,0.8814167964460466,0.3190807107927397,1.2004975072387865,4.0,0
426.07803121290993,emergency,0.7042929790092103,0.6659438790168433,1.3702368580260536,4.0,0
425.6381425997805,routine,1.9544103099859171,0.3513634158531591,2.3057737258390762,24.0,0
426.1919068592829,emergency,0.8500548158318679,0.6599100317467526,1.5099648475786205,4.0,0
426.2592794014551,emergency,1.2659692395826028,0.3190807107927397,1.5850499503753426,4.0,0
426.42722231501284,emergency,1.2648828469388036,0.4353805806418104,1.700263427580614,4.0,0
426.3022756113855,emergency,1.3242923637159265,0.3190807107927397,1.6433730745086663,4.0,0
426.4717940596559,emergency,1.2725441946876117,0.3513634158531591,1.6239076105407708,4.0,0
425.628878792369,routine,1.7900701733438495,0.7177220910631077,2.507792264406957,24.0,0
425.71357249882846,routine,2.0593563190992086,0.6659438790168433,2.725300198116052,24.0,0
426.87973970471506,seasonal,0.4016909365735728,0.7177220910631077,1.1194130276366805,12.0,0
426.1921297691917,emergency,1.0485208445788885,0.7177220910631077,1.7662429356419962,4.0,0
426.2060910844183,emergency,1.3020503540569166,0.7919122426127785,2.0939625966696953,4.0,0
426.84944350212515,emergency,1.2886323305848464,0.6599100317467526,1.948542362331599,4.0,0
426.58106959012326,emergency,1.359740080086965,0.668926378609784,2.028666458696749,4.0,0
428.0770868220079,seasonal,0.16342019885428272,0.3190807107927397,0.4825009096470224,12.0,0
425.8550696590721,routine,2.5229218679888845,0.6659438790168433,3.188865747005728,24.0,0
427.5843481676422,emergency,0.9843607815349174,0.3513634158531591,1.3357241973880765,4.0,0
426.715498508256,emergency,1.3034389510769415,0.6599100317467526,1.963348982823694,4.0,0
426.800829035246,emergency,1.2809391764967017,0.6396923088485589,1.9206314853452606,4.0,0
425.7872186766781,routine,2.2607058218585507,0.7919122426127785,3.0526180644713294,24.0,0
427.20256000976855,emergency,1.3063827845613787,0.6659438790168433,1.972326663578222,4.0,0
426.996223087779,emergency,1.1469737959303643,1.0255029253980703,2.172476721328435,4.0,0
427.09484427242245,emergency,1.2100678152230557,0.6599100317467526,1.8699778469698083,4.0,0
429.19706588695425,emergency,0.0,0.4353805806418104,0.4353805806418104,4.0,0
426.42185682464486,routine,2.1516044630957367,0.6599100317467526,2.8115144948424895,24.0,0
427.0680747743689,emergency,1.1204987581049295,1.0255029253980703,2.146001683503,4.0,0
428.0887881135367,emergency,0.6521109637955647,0.668926378609784,1.3210373424053485,4.0,0
428.7516157819102,seasonal,0.4537250696058095,0.7919122426127785,1.245637312218588,12.0,0
427.6437034569817,emergency,1.0715304924445945,1.0255029253980703,2.097033417842665,4.0,0
428.8668018839645,seasonal,0.4202541241861013,0.668926378609784,1.0891805027958852,12.0,0
428.80706571079133,seasonal,0.41410701481964907,0.9736079806575129,1.387714995477162,12.0,0
429.8512303598985,emergency,0.0,0.3190807107927397,0.3190807107927397,4.0,0
429.2140736585783,seasonal,0.7727695865636406,0.6599100317467526,1.4326796183103931,12.0,0
428.99986039924727,seasonal,0.7202347386017323,0.6396923088485589,1.3599270474502911,12.0,0
429.97064016250994,critical,0.0,0.6396923088485589,0.6396923088485589,2.0,0
430.0104204205349,seasonal,0.6506617694051329,0.6599100317467526,1.3105718011518854,12.0,0
428.9555802501505,seasonal,0.6331083294286373,1.0255029253980703,1.6586112548267076,12.0,0
430.3901815657243,emergency,0.0,0.3513634158531591,0.3513634158531591,4.0,0
429.74524632549503,seasonal,0.5962125498178921,0.4353805806418104,1.0315931304597026,12.0,0
430.8519749067103,critical,0.0,0.3190807107927397,0.3190807107927397,2.0,0
426.5301396464131,routine,4.754208892826682,0.4353805806418104,5.189589473468493,24.0,0
426.8390242252632,routine,4.624983259168403,0.3513634158531591,4.976346675021562,24.0,0
431.3312132303686,emergency,0.0,0.668926378609784,0.668926378609784,4.0,0
431.20879144913346,emergency,0.0,0.4353805806418104,0.4353805806418104,4.0,0
426.4254042175136,routine,4.638623982358354,0.6599100317467526,5.2985340141051065,24.0,0
430.3478999881017,seasonal,0.7018385060885066,0.668926378609784,1.3707648846982905,12.0,0
427.90373053632857,routine,4.131599033774535,0.3513634158531591,4.482962449627694,24.0,0
431.79119154433346,emergency,0.0,0.6599100317467526,0.6599100317467526,4.0,0
431.7463246431352,emergency,0.0,0.4353805806418104,0.4353805806418104,4.0,0
427.6840721916936,routine,4.253454053007147,0.668926378609784,4.922380431616931,24.0,0
427.9069706384738,routine,4.4699241663528255,0.4353805806418104,4.905304746994636,24.0,0
431.8634504565166,emergency,0.0,1.0255029253980703,1.0255029253980703,4.0,0
432.0107253000058,emergency,0.0,0.6599100317467526,0.6599100317467526,4.0,0
427.9206818292116,routine,4.604816265592433,0.6599100317467526,5.264726297339186,24.0,0
427.89739690204567,routine,4.089651332222672,0.9736079806575129,5.063259312880185,24.0,0
433.1282820688819,seasonal,0.004191085405750528,0.3513634158531591,0.35555450125890964,12.0,0
433.61560209882686,emergency,0.0,0.3513634158531591,0.3513634158531591,4.0,0
429.50632921196876,routine,3.9296941017013864,0.3190807107927397,4.248774812494126,24.0,0
428.8127571548203,routine,4.274855562181017,0.3513634158531591,4.626218978034176,24.0,0
428.4512896215948,routine,4.476035587457432,0.7177220910631077,5.193757678520539,24.0,0
429.4621216264737,routine,3.8722317672809368,0.6659438790168433,4.5381756462977805,24.0,0
433.83950887256884,seasonal,0.21927446564990305,0.4353805806418104,0.6546550462917134,12.0,0
430.58307663555263,routine,3.763213629285758,0.6659438790168433,4.429157508302602,24.0,0
433.5160366333356,routine,1.517682705642926,0.4353805806418104,1.9530632862847366,24.0,0
431.8790190674565,routine,2.8144517252783317,0.6659438790168433,3.480395604295175,24.0,0
432.4006463312261,routine,2.2951827385081742,0.6659438790168433,2.9611266175250175,24.0,0
431.58060365368675,routine,2.9050637071953815,0.6659438790168433,3.571007586212225,24.0,0
433.89955732151384,routine,1.1489591663016654,0.3190807107927397,1.4680398770944052,24.0,0
435.7062440539908,routine,0.0,0.6599100317467526,0.6599100317467526,24.0,0
435.00334428968375,emergency,0.0,0.9736079806575129,0.9736079806575129,4.0,0
436.4073081551997,routine,0.0,0.3190807107927397,0.3190807107927397,24.0,0
436.3285463881072,emergency,0.0,0.668926378609784,0.668926378609784,4.0,0
437.0123037452813,emergency,0.0,0.3190807107927397,0.3190807107927397,4.0,0
437.5297529736974,seasonal,0.0,0.3513634158531591,0.3513634158531591,12.0,0
436.92030798849294,emergency,0.0,0.6659438790168433,0.6659438790168433,4.0,0
437.48223006998273,emergency,0.0,0.3190807107927397,0.3190807107927397,4.0,0
437.59698113695197,emergency,0.0,0.6659438790168433,0.6659438790168433,4.0,0
437.7536173258432,emergency,0.0,0.7177220910631077,0.7177220910631077,4.0,0
437.7122547177627,critical,0.0,0.9736079806575129,0.9736079806575129,2.0,0
438.53740616039363,routine,0.0,0.6396923088485589,0.6396923088485589,24.0,0
437.66328025145754,routine,0.0,1.0255029253980703,1.0255029253980703,24.0,0
438.7098788938874,routine,0.0,0.6659438790168433,0.6659438790168433,24.0,0
439.61818651200934,seasonal,0.0,0.3190807107927397,0.3190807107927397,12.0,0
440.21104795995456,emergency,0.0,0.3190807107927397,0.3190807107927397,4.0,0
439.8917212382429,seasonal,0.0,0.6599100317467526,0.6599100317467526,12.0,0
440.479596692859,emergency,0.0,0.4353805806418104,0.4353805806418104,4.0,0
440.2100945766354,seasonal,0.0,0.668926378609784,0.668926378609784,12.0,0
440.7604698146282,seasonal,0.0,0.3190807107927397,0.3190807107927397,12.0,0
440.53637956541695,seasonal,0.0,0.4353805806418104,0.4353805806418104,12.0,0
440.29382761854106,emergency,0.0,0.6396923088485589,0.6396923088485589,4.0,0
440.2655731028994,emergency,0.0,0.9736079806575129,0.9736079806575129,4.0,0
440.93840735674445,emergency,0.0,0.6659438790168433,0.6659438790168433,4.0,0
440.3994261844483,seasonal,0.0,1.0255029253980703,1.0255029253980703,12.0,0
441.12393386692526,emergency,0.0,0.6396923088485589,0.6396923088485589,4.0,0
440.98427540990724,emergency,0.0,0.3513634158531591,0.3513634158531591,4.0,0
440.58534277484375,emergency,0.0,0.9736079806575129,0.9736079806575129,4.0,0
441.8256501232953,emergency,0.0,0.3190807107927397,0.3190807107927397,4.0,0
441.0046427098725,routine,0.0,0.6659438790168433,0.6659438790168433,24.0,0
441.68365777585285,emergency,0.0,0.7919122426127785,0.7919122426127785,4.0,0
441.5580747297211,emergency,0.0,0.7177220910631077,0.7177220910631077,4.0,0
441.9508941679701,emergency,0.0,0.4353805806418104,0.4353805806418104,4.0,0
441.87803685673896,critical,0.0,0.3513634158531591,0.3513634158531591,2.0,0
441.1950868029717,critical,0.0,1.0255029253980703,1.0255029253980703,2.0,0
441.87427333842265,emergency,0.0,0.4353805806418104,0.4353805806418104,4.0,0
441.40443651569666,seasonal,0.0,0.6659438790168433,0.6659438790168433,12.0,0
441.4002722969924,emergency,0.0,0.6396923088485589,0.6396923088485589,4.0,0
442.36688786811004,emergency,0.0,0.4353805806418104,0.4353805806418104,4.0,0
441.5371811275296,routine,0.0,0.6659438790168433,0.6659438790168433,24.0,0
442.11064593379973,emergency,0.0,0.6599100317467526,0.6599100317467526,4.0,0
442.3216882110205,routine,0.08047033001491855,0.4353805806418104,0.515850910656729,24.0,0
442.2195341820812,routine,0.0,0.6659438790168433,0.6659438790168433,24.0,0
442.46116802023187,critical,0.0,0.3190807107927397,0.3190807107927397,2.0,0
442.290863052086,routine,0.0,0.3513634158531591,0.3513634158531591,24.0,0
442.13195062401803,emergency,0.0,0.4353805806418104,0.4353805806418104,4.0,0
442.430463389824,emergency,0.0,0.3190807107927397,0.3190807107927397,4.0,0
442.20733032436993,routine,0.0,1.0255029253980703,1.0255029253980703,24.0,0
442.47442799900807,emergency,0.0,0.6396923088485589,0.6396923088485589,4.0,0
443.04906501574936,emergency,0.0,0.7919122426127785,0.7919122426127785,4.0,0
443.29244394381806,emergency,0.0,0.6659438790168433,0.6659438790168433,4.0,0
443.10713536714144,critical,0.0,0.7919122426127785,0.7919122426127785,2.0,0
443.2897349177918,emergency,0.0,0.7919122426127785,0.7919122426127785,4.0,0
442.82567123262066,seasonal,0.0985155286977033,0.9736079806575129,1.0721235093552162,12.0,0
443.27770097011876,emergency,0.0,0.668926378609784,0.668926378609784,4.0,0
443.0012783849765,seasonal,0.38241694354206857,0.668926378609784,1.0513433221518524,12.0,0
442.5637816286173,routine,1.1381669866733546,0.6599100317467526,1.7980770184201071,24.0,0
443.9488706610774,emergency,0.0,0.3513634158531591,0.3513634158531591,4.0,0
443.5239364088593,emergency,0.0,0.3190807107927397,0.3190807107927397,4.0,0
443.8287293257278,emergency,0.0,0.3190807107927397,0.3190807107927397,4.0,0
443.7635779260842,emergency,0.0,0.6599100317467526,0.6599100317467526,4.0,0
442.51025360542,routine,0.9906253122529165,0.6396923088485589,1.6303176211014754,24.0,0
443.81123734206756,emergency,0.0,0.6599100317467526,0.6599100317467526,4.0,0
443.67223460468006,emergency,0.0,0.668926378609784,0.668926378609784,4.0,0
443.6266232153446,emergency,0.0,0.9736079806575129,0.9736079806575129,4.0,0
443.8472349347625,seasonal,0.1962360133802008,0.6659438790168433,0.8621798923970441,12.0,0
442.62463729589376,routine,1.2215714333395908,0.6599100317467526,1.8814814650863434,24.0,0
442.5422845758389,routine,1.1488453668317788,0.9736079806575129,2.1224533474892917,24.0,0
444.351151457286,emergency,0.0,0.3513634158531591,0.3513634158531591,4.0,0
445.0754291046847,seasonal,0.1505918569221194,0.3513634158531591,0.5019552727752785,12.0,0
444.40942489947577,emergency,0.0,0.9736079806575129,0.9736079806575129,4.0,0
444.59778054769396,emergency,0.0,0.6599100317467526,0.6599100317467526,4.0,0
445.16552751163493,critical,0.0,0.6659438790168433,0.6659438790168433,2.0,0
444.8327840986949,seasonal,0.07232865393507382,0.6599100317467526,0.7322386856818264,12.0,0
445.0124876443515,seasonal,0.08787757317799105,0.3513634158531591,0.43924098903115016,12.0,0
445.01420146594216,emergency,0.0,1.0255029253980703,1.0255029253980703,4.0,0
442.84992298867803,routine,2.0831827159853447,0.668926378609784,2.7521090945951285,24.0,0
445.75933155949326,emergency,0.0,0.4353805806418104,0.4353805806418104,4.0,0
444.8665103590768,critical,0.0,0.9736079806575129,0.9736079806575129,2.0,0
445.7258505393649,emergency,0.0,0.6396923088485589,0.6396923088485589,4.0,0
446.1753681007695,emergency,0.0,0.4353805806418104,0.4353805806418104,4.0,0
445.8916206025811,emergency,0.0,0.4353805806418104,0.4353805806418104,4.0,0
445.36707931114734,emergency,0.0,0.7177220910631077,0.7177220910631077,4.0,0
443.48900395464915,routine,2.7162605891278417,0.4353805806418104,3.1516411697696523,24.0,0
445.7984247684345,emergency,0.0,0.9736079806575129,0.9736079806575129,4.0,0
445.4384831049418,seasonal,0.2508487862259585,0.6659438790168433,0.9167926652428018,12.0,0
443.3152041808376,routine,2.4774715647948824,0.7177220910631077,3.19519365585799,24.0,0
446.7137624696983,emergency,0.0,0.3513634158531591,0.3513634158531591,4.0,0
445.9945102005317,emergency,0.0,0.3190807107927397,0.3190807107927397,4.0,0
443.33563724368906,routine,2.664993452335125,0.6599100317467526,3.3249034840818776,24.0,0
446.35783218820535,emergency,0.0,0.6396923088485589,0.6396923088485589,4.0,0
446.4649649830449,emergency,0.0,0.7177220910631077,0.7177220910631077,4.0,0
445.9338864522679,critical,0.0,0.6659438790168433,0.6659438790168433,2.0,0
446.61869776594153,seasonal,0.11093678562434661,0.3513634158531591,0.4623002014775057,12.0,0
446.0869720065603,critical,0.0,0.7919122426127785,0.7919122426127785,2.0,0
446.84766148242767,emergency,0.0,0.6396923088485589,0.6396923088485589,4.0,0
446.47012634242884,emergency,0.0,0.6659438790168433,0.6659438790168433,4.0,0
447.02299721535104,emergency,0.0,0.3513634158531591,0.3513634158531591,4.0,0
446.30446476373754,emergency,0.0,0.7919122426127785,0.7919122426127785,4.0,0
443.5808100676112,routine,2.900931117084383,0.6659438790168433,3.5668749961012263,24.0,0
447.18515369176356,emergency,0.03678601362344125,0.3513634158531591,0.38814942947660036,4.0,0
443.9685621292849,routine,3.4816902983395153,0.4353805806418104,3.9170708789813258,24.0,0
447.28780974515115,emergency,0.0,0.3513634158531591,0.3513634158531591,4.0,0
446.74569072486963,seasonal,0.15327637026666707,0.6599100317467526,0.8131864020134196,12.0,0
447.27136516989697,emergency,0.0,0.3190807107927397,0.3190807107927397,4.0,0
443.8453247343977,routine,3.5506216788974143,0.668926378609784,4.219548057507199,24.0,0
443.58770789601044,routine,3.7374638969424154,0.7919122426127785,4.529376139555194,24.0,0
447.56744878934137,emergency,0.2435951122189408,0.3190807107927397,0.5626758230116805,4.0,0
447.12019484279,emergency,0.05898725616378897,0.7919122426127785,0.8508994987765675,4.0,0
447.2993791142554,emergency,0.09518265626292077,0.6599100317467526,0.7550926880096733,4.0,0
444.7005666386927,routine,3.285617327494606,0.3190807107927397,3.6046980382873457,24.0,0
447.5070743450265,emergency,0.20000119149443663,0.6599100317467526,0.8599112232411892,4.0,0
447.3731931864097,emergency,0.3015320638355661,0.3513634158531591,0.6528954796887252,4.0,0
447.168139284494,emergency,0.04505666718307566,0.7919122426127785,0.8369689097958541,4.0,0
447.98710274955295,emergency,0.1696398434687012,0.3190807107927397,0.4887205542614409,4.0,0
447.55595770238216,emergency,0.17947986927970305,0.7919122426127785,0.9713921118924815,4.0,0
448.2712859078202,seasonal,0.0530737946741624,0.3190807107927397,0.3721545054669021,12.0,0
447.47956605749266,seasonal,0.22893519594072131,0.4353805806418104,0.6643157765825317,12.0,0
447.7144519184261,emergency,0.23201987336278762,0.668926378609784,0.9009462519725716,4.0,0
448.557871869222,critical,0.06753510145659902,0.3190807107927397,0.3866158122493387,2.0,0
447.84762149022265,emergency,0.2660234972287867,0.4353805806418104,0.7014040778705971,4.0,0
448.77370437184794,emergency,0.11012895390564381,0.3190807107927397,0.4292096646983835,4.0,0
448.0265315267973,emergency,0.21600604019545244,0.4353805806418104,0.6513866208372628,4.0,0
448.8234780196058,emergency,0.0813845687707726,0.3190807107927397,0.4004652795635123,4.0,0
447.851894272094,emergency,0.2803319576979675,0.6599100317467526,0.94024198944472,4.0,0
445.1114333862493,routine,3.4063643904868286,0.6396923088485589,4.046056699335388,24.0,0
448.4641532695184,critical,0.04619121374128099,0.3513634158531591,0.3975546295944401,2.0,0
445.12156238507737,routine,3.8022559374317666,0.4353805806418104,4.237636518073577,24.0,0
448.16480506878105,emergency,0.08668970946712307,0.6659438790168433,0.7526335884839663,4.0,0
444.84504316317623,routine,3.6473328387132824,0.6659438790168433,4.313276717730126,24.0,0
448.4354197888309,emergency,0.026196108477620328,0.6599100317467526,0.6861061402243729,4.0,0
448.67726679441506,seasonal,0.20229329978309352,0.9736079806575129,1.1759012804406064,12.0,0
449.24212320826285,emergency,0.0,0.6659438790168433,0.6659438790168433,4.0,0
448.6459904224005,emergency,0.23573943692940702,0.3190807107927397,0.5548201477221467,4.0,0
445.37854281243943,routine,4.129590985715765,0.3513634158531591,4.480954401568924,24.0,0
449.38909442150134,emergency,0.0,0.6396923088485589,0.6396923088485589,4.0,0
448.6760915385885,seasonal,0.1603405001229703,0.6659438790168433,0.8262843791398136,12.0,0
445.2685523723316,routine,4.064387770820019,0.6396923088485589,4.704080079668579,24.0,0
449.58709192880997,emergency,0.0,0.3190807107927397,0.3190807107927397,4.0,0
449.7804971796838,emergency,0.009105103905596934,0.3190807107927397,0.32818581469833663,4.0,0
449.4869906752047,critical,0.0,0.6659438790168433,0.6659438790168433,2.0,0
450.0142150313727,emergency,0.0,0.4353805806418104,0.4353805806418104,4.0,0
449.95438020217404,emergency,0.0,0.6659438790168433,0.6659438790168433,4.0,0
449.2916191504745,emergency,0.0,0.9736079806575129,0.9736079806575129,4.0,0
449.70870297454263,emergency,0.0301739926449045,1.0255029253980703,1.0556769180429748,4.0,0
450.6094718771838,critical,0.0,0.4353805806418104,0.4353805806418104,2.0,0
445.7168435166704,routine,4.671495809457724,0.3513634158531591,5.022859225310883,24.0,0
450.11549229854165,emergency,0.0,0.6396923088485589,0.6396923088485589,4.0,0
450.1339915873498,emergency,0.0,0.6659438790168433,0.6659438790168433,4.0,0
450.59716819085287,seasonal,0.03440220358993429,0.3190807107927397,0.353482914382674,12.0,0
445.94899749249345,routine,5.019433295115391,0.3190807107927397,5.338514005908131,24.0,0
450.43627650119606,emergency,0.0,0.6396923088485589,0.6396923088485589,4.0,0
445.43057268376526,routine,4.687085599342936,0.6659438790168433,5.35302947835978,24.0,0
450.1666623354375,seasonal,0.007361326230977738,0.9736079806575129,0.9809693068884906,12.0,0
450.83963970952914,emergency,0.0,0.6396923088485589,0.6396923088485589,4.0,0
450.8862747460946,emergency,0.0,0.7919122426127785,0.7919122426127785,4.0,0
445.8288135079313,routine,4.95902524693588,0.668926378609784,5.6279516255456645,24.0,0
450.9569667025905,emergency,0.0,0.3190807107927397,0.3190807107927397,4.0,0
451.6272343330922,emergency,0.0,0.3190807107927397,0.3190807107927397,4.0,0
445.75278244832595,routine,4.805781326171825,0.9736079806575129,5.779389306829338,24.0,0
450.8832548124332,critical,0.0,1.0255029253980703,1.0255029253980703,2.0,0
447.7758368226588,routine,4.258340470457824,0.4353805806418104,4.693721051099635,24.0,0
451.32672533868924,emergency,0.0,1.0255029253980703,1.0255029253980703,4.0,0
451.28656274307997,emergency,0.0,0.668926378609784,0.668926378609784,4.0,0
446.40147081220704,routine,5.435339253675409,0.3513634158531591,5.786702669528568,24.0,0
451.3367535170971,emergency,0.009707292155610503,0.6599100317467526,0.6696173239023631,4.0,0
451.1802993045044,emergency,0.0,0.9736079806575129,0.9736079806575129,4.0,0
447.90719298446993,routine,4.2746736857879455,0.6599100317467526,4.934583717534698,24.0,0
448.26754945672315,routine,4.021783974111315,0.6396923088485589,4.661476282959875,24.0,0
452.3853248570259,emergency,0.0,0.6599100317467526,0.6599100317467526,4.0,0
452.3724773623876,critical,0.0,0.6659438790168433,0.6659438790168433,2.0,0
448.66771582042026,routine,4.203333476422756,0.4353805806418104,4.638714057064567,24.0,0
446.85480799804503,routine,5.001655049035094,1.0255029253980703,6.027157974433164,24.0,0
448.3082011565242,routine,4.194980727352004,0.6599100317467526,4.8548907590987564,24.0,0
453.2435086611879,emergency,0.0,0.3513634158531591,0.3513634158531591,4.0,0
452.8873988084142,seasonal,0.2569784162374731,0.3513634158531591,0.6083418320906322,12.0,0
452.7841595584354,emergency,0.0,0.7919122426127785,0.7919122426127785,4.0,0
453.43553395542915,emergency,0.0,0.3513634158531591,0.3513634158531591,4.0,0
453.212797682122,seasonal,0.002231320985174534,0.7177220910631077,0.7199534120482822,12.0,0
448.92960918254727,routine,4.572623924471657,0.4353805806418104,5.008004505113467,24.0,0
451.8433472978453,routine,2.7040374361106956,0.3190807107927397,3.0231181469034354,24.0,0
449.7494311728556,routine,4.337465015366206,0.3513634158531591,4.688828431219365,24.0,0
450.23809562819673,routine,3.8670991686295793,0.6659438790168433,4.533043047646423,24.0,0
453.7741383756167,critical,0.0,0.9736079806575129,0.9736079806575129,2.0,0
453.74294815628537,seasonal,0.009539782033471056,0.7919122426127785,0.8014520246462495,12.0,0
451.36186521734874,routine,2.8568102358956367,1.0255029253980703,3.882313161293707,24.0,0
452.05744273625487,routine,2.9291113794097328,0.3513634158531591,3.280474795262892,24.0,0
455.1633198175286,emergency,0.0,0.6659438790168433,0.6659438790168433,4.0,0
452.9941863633789,routine,2.2725229178994937,0.6599100317467526,2.9324329496462465,24.0,0
455.30254547104914,emergency,0.0,0.3190807107927397,0.3190807107927397,4.0,0
455.64233458069697,seasonal,0.004761219541308037,0.6599100317467526,0.6646712512880606,12.0,0
453.49824280998797,routine,2.0152525764856364,0.668926378609784,2.6841789550954203,24.0,0
455.6976446174528,emergency,0.0,0.6599100317467526,0.6599100317467526,4.0,0
454.53430502975556,routine,1.0434769252424303,0.9736079806575129,2.017084905899943,24.0,0
456.14559913863184,emergency,0.0,0.6659438790168433,0.6659438790168433,4.0,0
454.8115207625904,routine,1.0478664933266373,0.7919122426127785,1.8397787359394158,24.0,0
454.96929698995973,routine,1.285837495312478,0.9736079806575129,2.259445475969991,24.0,0
456.5313547513131,routine,0.0,0.4353805806418104,0.4353805806418104,24.0,0
458.7000591725393,routine,0.0,0.4353805806418104,0.4353805806418104,24.0,0
460.3176010041106,seasonal,0.0,0.4353805806418104,0.4353805806418104,12.0,0
461.6729150329926,routine,0.0,0.6396923088485589,0.6396923088485589,24.0,0
462.3006260253098,emergency,0.0,0.668926378609784,0.668926378609784,4.0,0
462.33188883964283,emergency,0.0,0.3513634158531591,0.3513634158531591,4.0,0
462.4070345316214,routine,0.0,0.7177220910631077,0.7177220910631077,24.0,0
462.4551878711421,emergency,0.0,0.6599100317467526,0.6599100317467526,4.0,0
462.40076866760364,emergency,0.0,0.3190807107927397,0.3190807107927397,4.0,0
462.35167134031775,routine,0.0,0.3190807107927397,0.3190807107927397,24.0,0
462.0129463377143,emergency,0.0,1.0255029253980703,1.0255029253980703,4.0,0
462.0667317645668,emergency,0.0,0.6659438790168433,0.6659438790168433,4.0,0
462.83178117858665,emergency,0.0,0.4353805806418104,0.4353805806418104,4.0,0
462.66330065189993,emergency,0.0,0.3513634158531591,0.3513634158531591,4.0,0
462.52250440996545,emergency,0.0,0.6659438790168433,0.6659438790168433,4.0,0
462.7721930109424,emergency,0.0,0.7919122426127785,0.7919122426127785,4.0,0
462.84311635759104,emergency,0.0,0.6396923088485589,0.6396923088485589,4.0,0
462.44472667785215,emergency,0.0,0.6599100317467526,0.6599100317467526,4.0,0
462.37986908191175,emergency,0.0,0.668926378609784,0.668926378609784,4.0,0
463.49414694647237,routine,0.0,0.3190807107927397,0.3190807107927397,24.0,0
462.9550478795173,routine,0.0,0.3190807107927397,0.3190807107927397,24.0,0
462.9844346728978,emergency,0.0,0.6599100317467526,0.6599100317467526,4.0,0
462.7968504341954,emergency,0.0,0.6599100317467526,0.6599100317467526,4.0,0
463.19994782882856,routine,0.0,0.6659438790168433,0.6659438790168433,24.0,0
462.9833164990296,emergency,0.0,0.6396923088485589,0.6396923088485589,4.0,0
463.0692115818784,emergency,0.6528756657819486,0.6396923088485589,1.2925679746305074,4.0,0
463.32708991905054,emergency,0.46775441745586477,0.7919122426127785,1.2596666600686433,4.0,0
463.44327319140893,critical,0.12786188308575674,0.3190807107927397,0.44694259387849644,2.0,0
463.19592480435176,emergency,0.5911581294344046,0.3513634158531591,0.9425215452875637,4.0,0
464.0870191377596,routine,0.0,0.6599100317467526,0.6599100317467526,24.0,0
463.6105110344989,routine,0.0,0.7919122426127785,0.7919122426127785,24.0,0
463.523775170662,emergency,0.5314641464810848,0.3513634158531591,0.8828275623342439,4.0,0
463.6861471608789,emergency,0.3922329546078913,0.6659438790168433,1.0581768336247346,4.0,0
463.9160918546012,critical,0.009781102064778224,0.3190807107927397,0.3288618128575179,2.0,0
464.2064931371015,emergency,0.03754875142817582,0.3513634158531591,0.38891216728133493,4.0,0
463.8701811791029,emergency,0.36780029673184345,0.668926378609784,1.0367266753416273,4.0,0
463.8652295638009,emergency,0.2481737582352821,0.3190807107927397,0.5672544690280218,4.0,0
464.8064776982614,emergency,0.0,0.4353805806418104,0.4353805806418104,4.0,0
464.6734262218108,routine,0.0,0.6659438790168433,0.6659438790168433,24.0,0
463.3622854191617,emergency,0.6733096075194567,0.7919122426127785,1.4652218501322352,4.0,0
464.67188796534117,emergency,0.0,0.7177220910631077,0.7177220910631077,4.0,0
464.7049741280517,emergency,0.0,0.6599100317467526,0.6599100317467526,4.0,0
465.3155720685831,emergency,0.0,0.6396923088485589,0.6396923088485589,4.0,0
465.54499688584144,emergency,0.0,0.3190807107927397,0.3190807107927397,4.0,0
465.8559302428303,emergency,0.0,0.3513634158531591,0.3513634158531591,4.0,0
465.4227126851446,emergency,0.0,0.4353805806418104,0.4353805806418104,4.0,0
465.54495256317335,emergency,0.0,0.6659438790168433,0.6659438790168433,4.0,0
465.7810461458248,emergency,0.0,0.3513634158531591,0.3513634158531591,4.0,0
465.2492672037484,emergency,0.0,0.7177220910631077,0.7177220910631077,4.0,0
465.74282070176105,routine,0.0,0.3190807107927397,0.3190807107927397,24.0,0
465.7144349515666,critical,0.0,0.6659438790168433,0.6659438790168433,2.0,0
465.57654822785696,critical,0.0,0.6599100317467526,0.6599100317467526,2.0,0
466.1230389841739,emergency,0.0,0.4353805806418104,0.4353805806418104,4.0,0
466.01290422753726,seasonal,0.0,0.6396923088485589,0.6396923088485589,12.0,0
466.2365267601077,emergency,0.0,0.6659438790168433,0.6659438790168433,4.0,0
466.288506579769,seasonal,0.0,0.3513634158531591,0.3513634158531591,12.0,0
465.82309592108504,routine,0.0,0.6659438790168433,0.6659438790168433,24.0,0
465.6584894288139,seasonal,0.0,0.6659438790168433,0.6659438790168433,12.0,0
466.3889871375252,emergency,0.22100811040974122,0.3190807107927397,0.5400888212024809,4.0,0
466.6985028985845,emergency,0.0656241516863929,0.3190807107927397,0.3847048624791326,4.0,0
466.13813010031646,emergency,0.0,0.3190807107927397,0.3190807107927397,4.0,0
465.93946842948907,emergency,0.0,0.668926378609784,0.668926378609784,4.0,0
466.2407286623662,emergency,0.0,0.9736079806575129,0.9736079806575129,4.0,0
466.3249537237557,seasonal,0.0,0.6396923088485589,0.6396923088485589,12.0,0
466.3690484792485,emergency,0.23972037100782018,0.3190807107927397,0.5588010818005599,4.0,0
466.2989814467231,routine,0.0,1.0255029253980703,1.0255029253980703,24.0,0
466.7008352912631,emergency,0.2178816852481873,0.3513634158531591,0.5692451011013464,4.0,0
466.33864742816866,critical,0.2064049331993374,0.6599100317467526,0.86631496494609,2.0,0
467.115282704443,routine,0.4019077864317069,0.3513634158531591,0.753271202284866,24.0,0
467.14990958249973,routine,0.45430015235780274,0.3190807107927397,0.7733808631505424,24.0,0
466.9808696094963,critical,0.08733496581351119,0.4353805806418104,0.5227155464553216,2.0,0
467.15756434251773,emergency,0.0,0.4353805806418104,0.4353805806418104,4.0,0
467.5028430418036,critical,0.0,0.4353805806418104,0.4353805806418104,2.0,0
467.76733462200747,emergency,0.0,0.4353805806418104,0.4353805806418104,4.0,0
467.3855090130075,emergency,0.0,0.3190807107927397,0.3190807107927397,4.0,0
466.5913342120604,routine,0.6434584302043618,0.9736079806575129,1.6170664108618746,24.0,0
467.53307783180156,routine,0.7889110682584146,0.3190807107927397,1.1079917790511544,24.0,0
467.36373647267425,emergency,0.0,0.6659438790168433,0.6659438790168433,4.0,0
467.29476428959555,routine,0.3421256362107101,0.6659438790168433,1.0080695152275534,24.0,0
466.8394013847796,routine,0.5349611878821747,0.9736079806575129,1.5085691685396876,24.0,0
467.8241779270102,critical,0.0,0.3513634158531591,0.3513634158531591,2.0,0
467.4887642669318,routine,0.7997493676389809,0.3513634158531591,1.15111278349214,24.0,0
467.9971920050467,critical,0.0,1.0255029253980703,1.0255029253980703,2.0,0
467.72110939265343,routine,0.840400804835781,0.4353805806418104,1.2757813854775915,24.0,0
468.6864487018416,emergency,0.0,0.3190807107927397,0.3190807107927397,4.0,0
468.66527112943413,emergency,0.0,0.3513634158531591,0.3513634158531591,4.0,0
468.3151962240905,routine,0.9688990716270496,0.3513634158531591,1.3202624874802087,24.0,0
468.8826532988471,emergency,0.0,0.6659438790168433,0.6659438790168433,4.0,0
468.91408225989306,emergency,0.0,0.3513634158531591,0.3513634158531591,4.0,0
468.06793126948367,routine,0.5109138142444749,1.0255029253980703,1.5364167396425452,24.0,0
468.78291636556975,critical,0.0,0.668926378609784,0.668926378609784,2.0,0
468.92082983265107,emergency,0.0,0.6396923088485589,0.6396923088485589,4.0,0
469.20604808542276,emergency,0.0,0.3190807107927397,0.3190807107927397,4.0,0
468.71845730147436,emergency,0.0,0.9736079806575129,0.9736079806575129,4.0,0
469.30185491301796,seasonal,0.05254754311118859,0.6659438790168433,0.7184914221280319,12.0,0
469.41366292360607,emergency,0.0,0.6659438790168433,0.6659438790168433,4.0,0
469.70373179558,emergency,0.0,0.4353805806418104,0.4353805806418104,4.0,0
468.3713336692335,routine,1.0246478350708799,0.3513634158531591,1.376011250924039,24.0,0
469.4831955058673,emergency,0.0,0.9736079806575129,0.9736079806575129,4.0,0
468.1289614700271,routine,0.9549918011757086,0.9736079806575129,1.9285997818332214,24.0,0
469.31101728202,emergency,0.0,0.6396923088485589,0.6396923088485589,4.0,0
469.7629133557876,emergency,0.020184641433047545,0.3513634158531591,0.37154805728620666,4.0,0
469.36399867714346,emergency,0.0,0.6659438790168433,0.6659438790168433,4.0,0
469.52003498938797,emergency,0.0,0.9736079806575129,0.9736079806575129,4.0,0
469.2371461624975,routine,1.4214404922717563,0.3513634158531591,1.7728039081249154,24.0,0
469.3465670809806,emergency,0.0,0.9736079806575129,0.9736079806575129,4.0,0
468.9844723696371,routine,0.8062607690045525,0.9736079806575129,1.7798687496620653,24.0,0
469.87267874527896,emergency,0.0,0.7919122426127785,0.7919122426127785,4.0,0
469.203076692233,routine,1.1040390578182837,0.4353805806418104,1.5394196384600942,24.0,0
469.88764923273095,emergency,0.5664164789195638,0.4353805806418104,1.0017970595613743,4.0,0
468.53821377013924,routine,1.182955314510707,0.9736079806575129,2.15656329516822,24.0,0
470.5633490674658,emergency,0.3960355991264919,0.4353805806418104,0.8314161797683023,4.0,0
469.9829893949964,emergency,0.5827116884733528,0.3190807107927397,0.9017923992660924,4.0,0
469.88868739570194,routine,1.0244196960512113,0.3513634158531591,1.3757831119043704,24.0,0
470.1546150643433,emergency,0.7209739997275051,0.3190807107927397,1.040054710520245,4.0,0
470.4642262472106,emergency,0.44536213226473365,0.6599100317467526,1.1052721640114862,4.0,0
470.03966977775247,critical,0.16530759765265657,0.668926378609784,0.8342339762624406,2.0,0
470.0434873931763,emergency,0.787198311324687,0.7919122426127785,1.5791105539374655,4.0,0
470.93872557282515,emergency,0.18453723860295668,0.6659438790168433,0.8504811176197999,4.0,0
470.8775541254047,emergency,0.11583850659292239,0.9736079806575129,1.0894464872504352,4.0,0
470.18370535382115,emergency,0.7145377423184414,0.6599100317467526,1.374447774065194,4.0,0
470.061293880701,routine,1.097984732533348,0.3513634158531591,1.4493481483865072,24.0,0
471.23562335197056,emergency,0.0,0.668926378609784,0.668926378609784,4.0,0
471.72192525774807,emergency,0.0,0.3513634158531591,0.3513634158531591,4.0,0
471.5942430147589,seasonal,0.10526764034153757,0.668926378609784,0.7741940189513216,12.0,0
471.766627475237,emergency,0.0,0.7177220910631077,0.7177220910631077,4.0,0
472.05269533607094,emergency,0.0,0.4353805806418104,0.4353805806418104,4.0,0
471.272319503457,seasonal,0.40812063734682624,0.9736079806575129,1.381728618004339,12.0,0
470.0071770291704,routine,1.0637274330737796,0.9736079806575129,2.0373354137312925,24.0,0
471.54799148275197,emergency,0.0,0.7919122426127785,0.7919122426127785,4.0,0
471.78695218498734,seasonal,0.08008898167196321,0.4353805806418104,0.5154695623137736,12.0,0
472.44003325901076,emergency,0.0,0.4353805806418104,0.4353805806418104,4.0,0
472.6203904585396,emergency,0.0,0.3513634158531591,0.3513634158531591,4.0,0
472.5300963168743,emergency,0.0,0.3190807107927397,0.3190807107927397,4.0,0
472.67431112947435,emergency,0.0,0.3513634158531591,0.3513634158531591,4.0,0
472.1677826796219,emergency,0.0,0.6659438790168433,0.6659438790168433,4.0,0
471.7096343574761,seasonal,0.14007244425016552,0.6659438790168433,0.8060163232670088,12.0,0
472.0918511742094,emergency,0.0,0.7919122426127785,0.7919122426127785,4.0,0
472.4931722506945,seasonal,0.6061663423502068,0.3190807107927397,0.9252470531429465,12.0,0
472.54700467314603,emergency,0.0,0.668926378609784,0.668926378609784,4.0,0
470.08375834857844,routine,2.094299853477935,1.0255029253980703,3.1198027788760054,24.0,0
470.52137290547256,routine,2.917513334568355,0.4353805806418104,3.3528939152101653,24.0,0
472.4513760716889,seasonal,0.40054420416731773,0.6599100317467526,1.0604542359140703,12.0,0
473.40878999359836,emergency,0.0,0.6659438790168433,0.6659438790168433,4.0,0
470.29809737953843,routine,3.091920913075114,0.668926378609784,3.760847291684898,24.0,0
473.4007006445421,emergency,0.0,0.3513634158531591,0.3513634158531591,4.0,0
473.34439196737446,critical,0.0,0.4353805806418104,0.4353805806418104,2.0,0
473.0104672619997,seasonal,0.3642335713709599,0.7919122426127785,1.1561458139837384,12.0,0
474.10180209389097,emergency,0.0,0.3513634158531591,0.3513634158531591,4.0,0
474.0971075055677,emergency,0.0,0.6599100317467526,0.6599100317467526,4.0,0
470.66691646187866,routine,3.0772579928449773,0.3190807107927397,3.396338703637717,24.0,0
473.94404056866205,seasonal,0.09293801815221059,0.6659438790168433,0.7588818971690539,12.0,0
473.94174518269705,emergency,0.0,0.3190807107927397,0.3190807107927397,4.0,0
474.3482921300549,seasonal,0.17404631132524173,0.3513634158531591,0.5254097271784008,12.0,0
473.9596645622713,emergency,0.0,0.6396923088485589,0.6396923088485589,4.0,0
474.3310793762244,emergency,0.0,0.7919122426127785,0.7919122426127785,4.0,0
473.8555657503124,emergency,0.0,0.7177220910631077,0.7177220910631077,4.0,0
474.30981161395755,emergency,0.0,0.9736079806575129,0.9736079806575129,4.0,0
474.64693290673137,emergency,0.0,0.6599100317467526,0.6599100317467526,4.0,0
474.28337142025174,emergency,0.0,0.7177220910631077,0.7177220910631077,4.0,0
470.8295245117987,routine,3.7516549822328784,0.7919122426127785,4.543567224845657,24.0,0
474.2072916158017,seasonal,0.3033688182229639,0.9736079806575129,1.2769767988804768,12.0,0
474.5100311013221,emergency,0.0,0.6659438790168433,0.6659438790168433,4.0,0
474.88547556425743,emergency,0.04755439767052394,0.3190807107927397,0.36663510846326364,4.0,0
471.07622804583536,routine,4.333146619536365,0.4353805806418104,4.768527200178175,24.0,0
474.65722254355995,emergency,0.0,0.7919122426127785,0.7919122426127785,4.0,0
475.1893070761251,emergency,0.0,0.668926378609784,0.668926378609784,4.0,0
474.6956839316384,emergency,0.0,0.668926378609784,0.668926378609784,4.0,0
474.44945547404916,emergency,0.0,0.9736079806575129,0.9736079806575129,4.0,0
474.8657908929131,emergency,0.0,0.4353805806418104,0.4353805806418104,4.0,0
475.1923239095576,emergency,0.0,0.7177220910631077,0.7177220910631077,4.0,0
475.88649966295867,emergency,0.04763765146344667,0.4353805806418104,0.4830182321052571,4.0,0
470.86992117662186,routine,4.193547869452175,0.6599100317467526,4.853457901198928,24.0,0
474.8925879239332,seasonal,0.0011181968256437358,0.9736079806575129,0.9747261774831566,12.0,0
475.71941358912994,emergency,0.029525016015099936,0.6659438790168433,0.6954688950319432,4.0,0
475.3159016240547,emergency,0.08341302016629015,0.9736079806575129,1.057021000823803,4.0,0
471.1720291683308,routine,4.244715388724956,0.668926378609784,4.91364176733474,24.0,0
475.6173280129151,emergency,0.09551688191680796,0.3513634158531591,0.44688029776996707,4.0,0
475.36146529645515,emergency,0.1583971078953823,0.6599100317467526,0.8183071396421349,4.0,0
471.2853232870082,routine,4.4266297909221635,0.6659438790168433,5.092573669939007,24.0,0
476.4975637411825,emergency,0.0,0.4353805806418104,0.4353805806418104,4.0,0
476.13297165662067,emergency,0.0,0.3190807107927397,0.3190807107927397,4.0,0
476.5206596481904,emergency,0.0,0.3190807107927397,0.3190807107927397,4.0,0
472.0285083349922,routine,4.459164969102233,0.6599100317467526,5.119075000848985,24.0,0
476.00828366175614,emergency,0.0,0.6599100317467526,0.6599100317467526,4.0,0
471.7656944287084,routine,4.450043760724043,0.6396923088485589,5.089736069572602,24.0,0
476.2574091732392,emergency,0.0,0.6599100317467526,0.6599100317467526,4.0,0
471.8789187530441,routine,4.366665204723631,0.7177220910631077,5.084387295786739,24.0,0
476.96209344682563,critical,0.0,0.7919122426127785,0.7919122426127785,2.0,0
476.91179713717736,critical,0.0,0.668926378609784,0.668926378609784,2.0,0
477.17258067732683,emergency,0.0,0.4353805806418104,0.4353805806418104,4.0,0
473.7044975759687,routine,3.7831579513684233,0.6396923088485589,4.422850260216983,24.0,0
476.74032421522867,seasonal,0.3777922391707875,0.6599100317467526,1.03770227091754,12.0,0
472.3487034253905,routine,4.911110105316936,0.7177220910631077,5.628832196380044,24.0,0
474.67036094664303,routine,3.425893430182896,0.6599100317467526,4.085803461929649,24.0,0
472.36785688732016,routine,5.020778155971584,1.0255029253980703,6.046281081369655,24.0,0
477.56532728752154,emergency,0.0,0.6599100317467526,0.6599100317467526,4.0,0
477.8624675883231,emergency,0.0,0.3513634158531591,0.3513634158531591,4.0,0
474.284715270611,routine,3.5271143473975712,0.7177220910631077,4.244836438460679,24.0,0
477.9625405385721,emergency,0.0,1.0255029253980703,1.0255029253980703,4.0,0
474.83383288633667,routine,3.348761214788226,0.668926378609784,4.01768759339801,24.0,0
476.3957870983329,routine,2.4117486945056044,0.7177220910631077,3.129470785568712,24.0,0
475.9187343750719,routine,2.8688806811390464,0.6599100317467526,3.528790712885799,24.0,0
477.46786675688946,routine,1.9484233793965018,0.3190807107927397,2.2675040901892416,24.0,0
475.4379461275623,routine,3.3301678721570056,1.0255029253980703,4.355670797555076,24.0,0
477.37977233248046,routine,2.0128618204209374,0.668926378609784,2.6817881990307213,24.0,0
479.92872412714075,emergency,0.0,0.4353805806418104,0.4353805806418104,4.0,0
477.4720343284342,routine,2.1410300439567322,0.668926378609784,2.809956422566516,24.0,0
478.4394695725071,routine,1.7307787896422724,0.6659438790168433,2.3967226686591157,24.0,0
477.9515333780092,routine,2.2072719750162264,0.6599100317467526,2.867182006762979,24.0,0
478.7204187737483,routine,1.4602805402437298,0.668926378609784,2.1292069188535137,24.0,0
478.8618454393114,routine,1.8584228275204282,0.668926378609784,2.527349206130212,24.0,0
479.32753174344265,routine,1.5690342354419613,0.9736079806575129,2.542642216099474,24.0,0
481.09898551099604,routine,0.21138430598296054,0.668926378609784,0.8803106845927445,24.0,0
480.35241168291157,routine,0.816143459551995,1.0255029253980703,1.8416463849500653,24.0,0
485.1146046180373,seasonal,0.0,0.3190807107927397,0.3190807107927397,12.0,0
485.5242062074088,emergency,0.0,0.3190807107927397,0.3190807107927397,4.0,0
485.8353159994042,seasonal,0.0,0.3190807107927397,0.3190807107927397,12.0,0
485.38380859626585,routine,0.0,0.9736079806575129,0.9736079806575129,24.0,0
485.9376580812977,routine,0.0,0.3190807107927397,0.3190807107927397,24.0,0
485.4172775315945,emergency,0.0,0.7177220910631077,0.7177220910631077,4.0,0
486.3353259661957,critical,0.0,0.6599100317467526,0.6599100317467526,2.0,0
486.53633647639407,emergency,0.0,0.3190807107927397,0.3190807107927397,4.0,0
487.01903958126934,routine,0.0,0.3513634158531591,0.3513634158531591,24.0,0
487.10135983865297,emergency,0.0,0.4353805806418104,0.4353805806418104,4.0,0
487.860724210589,seasonal,0.0,0.3513634158531591,0.3513634158531591,12.0,0
487.93795814513635,emergency,0.0,0.3190807107927397,0.3190807107927397,4.0,0
488.14738367008925,emergency,0.0,0.4353805806418104,0.4353805806418104,4.0,0
487.66408106804664,emergency,0.0,0.9736079806575129,0.9736079806575129,4.0,0
488.316790989477,emergency,0.0,0.4353805806418104,0.4353805806418104,4.0,0
487.49255633984274,emergency,0.0,0.6396923088485589,0.6396923088485589,4.0,0
488.2781625940459,emergency,0.0,0.6599100317467526,0.6599100317467526,4.0,0
487.2362833387145,emergency,0.0,0.9736079806575129,0.9736079806575129,4.0,0
488.6153224834701,emergency,0.0,0.6599100317467526,0.6599100317467526,4.0,0
488.7134438700244,routine,0.0,0.668926378609784,0.668926378609784,24.0,0
489.2461751171844,seasonal,0.0,0.3513634158531591,0.3513634158531591,12.0,0
489.16087503230284,routine,0.0,0.4353805806418104,0.4353805806418104,24.0,0
489.36006697141676,seasonal,0.0,0.3513634158531591,0.3513634158531591,12.0,0
488.7687490860955,seasonal,0.0,0.4353805806418104,0.4353805806418104,12.0,0
489.02354406284144,emergency,0.0,0.3513634158531591,0.3513634158531591,4.0,0
489.25404220029316,routine,0.0,0.6659438790168433,0.6659438790168433,24.0,0
488.41333786819473,critical,0.0,0.9736079806575129,0.9736079806575129,2.0,0
489.2298071115463,emergency,0.0,0.6599100317467526,0.6599100317467526,4.0,0
489.3391631107886,emergency,0.0,0.3190807107927397,0.3190807107927397,4.0,0
489.48858759195355,seasonal,0.0,0.7919122426127785,0.7919122426127785,12.0,0
490.08337901343697,seasonal,0.2404275947529868,0.3513634158531591,0.5917910106061459,12.0,0
489.89944759410525,critical,0.0,0.3190807107927397,0.3190807107927397,2.0,0
490.2478157443343,emergency,0.0,0.668926378609784,0.668926378609784,4.0,0
489.95345114056664,emergency,0.0,0.4353805806418104,0.4353805806418104,4.0,0
489.6865683196951,seasonal,0.5298382842442493,0.3190807107927397,0.848918995036989,12.0,0
490.3191954189116,emergency,0.0,0.4353805806418104,0.4353805806418104,4.0,0
489.6359589968685,seasonal,0.5720666933391385,0.3513634158531591,0.9234301091922976,12.0,0
490.3729955477714,emergency,0.0,0.6599100317467526,0.6599100317467526,4.0,0
490.57447845855813,emergency,0.0,0.6659438790168433,0.6659438790168433,4.0,0
490.2502776203765,emergency,0.0,0.6599100317467526,0.6599100317467526,4.0,0
489.9666747958599,routine,0.6390208239280355,0.7177220910631077,1.3567429149911432,24.0,0
490.24301310766145,emergency,0.0,1.0255029253980703,1.0255029253980703,4.0,0
489.8588424097347,routine,0.5437333382525935,0.668926378609784,1.2126597168623774,24.0,0
490.6859477882466,emergency,0.0,0.6659438790168433,0.6659438790168433,4.0,0
490.04827558171735,routine,0.8697048285735605,0.6659438790168433,1.5356487075904037,24.0,0
490.9061487944421,emergency,0.0,0.6659438790168433,0.6659438790168433,4.0,0
489.8648008455801,seasonal,0.4410176071620526,0.9736079806575129,1.4146255878195655,12.0,0
491.01464425348314,emergency,0.0,0.7177220910631077,0.7177220910631077,4.0,0
490.9858742801247,emergency,0.0,0.3513634158531591,0.3513634158531591,4.0,0
490.82171302807916,emergency,0.0,0.6599100317467526,0.6599100317467526,4.0,0
491.34674928323307,emergency,0.10712935776996346,0.3190807107927397,0.42621006856270316,4.0,0
490.9804071448924,emergency,0.0,0.3190807107927397,0.3190807107927397,4.0,0
491.65881577520025,emergency,0.024204713296626323,0.3513634158531591,0.37556812914978543,4.0,0
491.2851132771523,emergency,0.0,0.6659438790168433,0.6659438790168433,4.0,0
490.5110650968707,emergency,0.0,1.0255029253980703,1.0255029253980703,4.0,0
490.1387974788533,routine,1.1500333326541181,0.4353805806418104,1.5854139132959286,24.0,0
491.5015448699701,emergency,0.13957172899301895,0.4353805806418104,0.5749523096348294,4.0,0
491.978203260124,emergency,0.0,0.3513634158531591,0.3513634158531591,4.0,0
491.40836924619515,seasonal,0.48029342987433665,0.3513634158531591,0.8316568457274958,12.0,0
491.3519700592807,seasonal,0.35927337830707984,0.668926378609784,1.0281997569168637,12.0,0
492.1717948606876,seasonal,0.08470160682583128,0.4353805806418104,0.5200821874676417,12.0,0
492.627715717254,emergency,0.0,0.3190807107927397,0.3190807107927397,4.0,0
492.16369627344255,emergency,0.0,0.6396923088485589,0.6396923088485589,4.0,0
491.56394016027235,seasonal,0.6234734258935646,0.4353805806418104,1.058854006535375,12.0,0
492.4124572000788,emergency,0.0,0.4353805806418104,0.4353805806418104,4.0,0
491.9729834981995,emergency,0.0,1.0255029253980703,1.0255029253980703,4.0,0
492.7927526644507,critical,0.0,0.6396923088485589,0.6396923088485589,2.0,0
491.76187831500505,seasonal,0.48106937532588745,0.6659438790168433,1.1470132543427307,12.0,0
492.44127780771,critical,0.0,0.6599100317467526,0.6599100317467526,2.0,0
490.3166027052639,routine,2.1214524379931845,0.668926378609784,2.7903788166029684,24.0,0
493.10619220839135,emergency,0.0,0.6599100317467526,0.6599100317467526,4.0,0
493.1038297560811,emergency,0.0,0.3190807107927397,0.3190807107927397,4.0,0
493.39897724720066,emergency,0.0,0.3513634158531591,0.3513634158531591,4.0,0
493.53956242682966,emergency,0.0,0.3190807107927397,0.3190807107927397,4.0,0
493.30103305021646,emergency,0.0,0.7177220910631077,0.7177220910631077,4.0,0
492.6805437596049,seasonal,0.5280363832614512,0.3190807107927397,0.8471170940541909,12.0,0
493.10143378174405,emergency,0.0,0.4353805806418104,0.4353805806418104,4.0,0
492.5833689884629,seasonal,0.34968564845434,0.9736079806575129,1.3232936291118529,12.0,0
493.0659212009508,emergency,0.0,1.0255029253980703,1.0255029253980703,4.0,0
493.2679790107577,emergency,0.0,0.7919122426127785,0.7919122426127785,4.0,0
492.81906316686906,emergency,0.0,0.9736079806575129,0.9736079806575129,4.0,0
493.7376316669576,emergency,0.0,0.7177220910631077,0.7177220910631077,4.0,0
493.7504683575384,emergency,0.05806402344205708,0.4353805806418104,0.4934446040838675,4.0,0
493.55600961397414,emergency,0.09967220966075274,0.3513634158531591,0.45103562551391185,4.0,0
492.90727952108955,seasonal,0.44774134990365155,0.6396923088485589,1.0874336587522104,12.0,0
490.3841041452646,routine,3.0459795596585764,0.668926378609784,3.7149059382683602,24.0,0
493.25295914231276,emergency,0.0,1.0255029253980703,1.0255029253980703,4.0,0
493.9167061344171,emergency,0.0,0.7177220910631077,0.7177220910631077,4.0,0
491.0828507004544,routine,3.308549004734175,0.668926378609784,3.977475383343959,24.0,0
494.12235653589687,emergency,0.28544028221193685,0.3513634158531591,0.636803698065096,4.0,0
493.70812512460094,seasonal,0.04633261930240451,0.6396923088485589,0.6860249281509634,12.0,0
491.3708560878153,routine,3.4947624341039045,0.3513634158531591,3.8461258499570636,24.0,0
490.4335738960845,routine,3.858277779566208,0.4353805806418104,4.293658360208019,24.0,0
494.0802784259266,emergency,0.28803379996145395,0.668926378609784,0.9569601785712379,4.0,0
494.2832485208132,emergency,0.14282170651136994,0.7177220910631077,0.8605437975744776,4.0,0
494.4134399518228,emergency,0.20458782797419417,0.6396923088485589,0.844280136822753,4.0,0
493.92223092660714,emergency,0.22526751848522508,0.9736079806575129,1.198875499142738,4.0,0
494.7169870012774,emergency,0.0,0.4353805806418104,0.4353805806418104,4.0,0
495.0889103448275,critical,0.0,0.668926378609784,0.668926378609784,2.0,0
495.3413392664256,emergency,0.0,0.3190807107927397,0.3190807107927397,4.0,0
495.50685745259034,seasonal,0.16855725588510495,0.3190807107927397,0.48763796667784465,12.0,0
495.05587309284317,seasonal,0.2933033921038941,0.668926378609784,0.9622297707136781,12.0,0
491.4435573072313,routine,3.946834672506384,0.3513634158531591,4.298198088359543,24.0,0
491.33990901762144,routine,3.501646229346136,0.668926378609784,4.17057260795592,24.0,0
495.41859659082616,emergency,0.0,0.4353805806418104,0.4353805806418104,4.0,0
495.00046571152035,emergency,0.0,0.6659438790168433,0.6659438790168433,4.0,0
495.1979726830172,emergency,0.0,0.7177220910631077,0.7177220910631077,4.0,0
495.0302559903151,critical,0.0,0.6659438790168433,0.6659438790168433,2.0,0
495.03293363978844,emergency,0.039200882239754264,0.6599100317467526,0.6991109139865068,4.0,0
495.87657850964393,seasonal,0.06699647643381468,0.6599100317467526,0.7269065081805672,12.0,0
495.914340764315,critical,0.0,0.6599100317467526,0.6599100317467526,2.0,0
495.9430947350045,emergency,0.0,0.3513634158531591,0.3513634158531591,4.0,0
496.4629451546225,emergency,0.03910147264889474,0.3190807107927397,0.35818218344163444,4.0,0
495.9748850892979,emergency,0.0,0.7919122426127785,0.7919122426127785,4.0,0
491.53365421926543,routine,4.215368029411252,0.6659438790168433,4.881311908428096,24.0,0
496.1485951136919,emergency,0.0,0.7919122426127785,0.7919122426127785,4.0,0
495.81246378231737,emergency,0.0,0.6659438790168433,0.6659438790168433,4.0,0
495.8867701812029,emergency,0.0,0.6659438790168433,0.6659438790168433,4.0,0
491.56148853181645,routine,4.307219690230625,0.6599100317467526,4.967129721977377,24.0,0
496.3278119082908,emergency,0.10498637248196019,0.6599100317467526,0.7648964042287127,4.0,0
496.7774925572509,seasonal,0.007049734832548893,0.3190807107927397,0.3261304456252886,12.0,0
496.519503175645,emergency,0.0377101828545392,0.3513634158531591,0.3890735987076983,4.0,0
495.92321510825377,seasonal,0.7170452447164166,0.3190807107927397,1.0361259555091564,12.0,0
496.0316609527637,emergency,0.08283008285934557,1.0255029253980703,1.1083330082574159,4.0,0
496.9336684433934,emergency,0.08662682136031208,0.4353805806418104,0.5220074020021225,4.0,0
496.9211678379486,emergency,0.05109460446414005,0.3513634158531591,0.40245802031729916,4.0,0
496.5231957574866,emergency,0.32423725377390156,1.0255029253980703,1.3497401791719719,4.0,0
496.7814033898136,emergency,0.12000765032234995,1.0255029253980703,1.1455105757204203,4.0,0
496.90954784219906,seasonal,0.38515321104483746,0.6659438790168433,1.0510970900616807,12.0,0
496.2493420945018,emergency,0.09297366066743962,0.9736079806575129,1.0665816413249525,4.0,0
497.33762592974745,emergency,0.024443533120916072,0.3513634158531591,0.3758069489740752,4.0,0
496.5410122348813,emergency,0.35040240731029826,0.4353805806418104,0.7857829879521087,4.0,0
497.39373823101516,emergency,0.12280346271091958,0.4353805806418104,0.55818404335273,4.0,0
495.9270348310651,seasonal,0.7952583669038518,0.7919122426127785,1.5871706095166302,12.0,0
497.418794132364,emergency,0.13284455881563417,0.6599100317467526,0.7927545905623867,4.0,0
496.14238356590994,seasonal,0.599404030874723,0.9736079806575129,1.573012011532236,12.0,0
497.56085881005606,emergency,0.010979322001333003,0.4353805806418104,0.4463599026431434,4.0,0
497.36413512405767,emergency,0.07721084186670168,1.0255029253980703,1.102713767264772,4.0,0
497.78554922494635,emergency,0.0,0.4353805806418104,0.4353805806418104,4.0,0
497.8215107788259,emergency,0.0,0.7919122426127785,0.7919122426127785,4.0,0
497.08436700228447,emergency,0.27603495874041073,0.7919122426127785,1.0679472013531892,4.0,0
497.96948901040827,critical,0.0,0.6396923088485589,0.6396923088485589,2.0,0
497.40213223531237,seasonal,0.1347048600118228,0.668926378609784,0.8036312386216068,12.0,0
497.45842441780724,seasonal,0.18316770931954807,0.7177220910631077,0.9008898003826558,12.0,0
497.5760341102947,seasonal,0.2828034075859591,0.4353805806418104,0.7181839882277695,12.0,0
491.78309596404677,routine,6.528242666556594,0.6599100317467526,7.188152698303346,24.0,0
498.0888275576292,critical,0.24866829174578697,0.668926378609784,0.917594670355571,2.0,0
498.99207324895514,emergency,0.0,0.3190807107927397,0.3190807107927397,4.0,0
498.75027071948966,emergency,0.0,0.6396923088485589,0.6396923088485589,4.0,0
499.1955239794704,emergency,0.0,0.3190807107927397,0.3190807107927397,4.0,0
491.9791502032527,routine,6.590118978355292,0.7919122426127785,7.382031220968071,24.0,0
499.01906225994924,seasonal,0.08349086835619346,0.3190807107927397,0.40257157914893316,12.0,0
499.63971891705387,critical,0.0,0.3513634158531591,0.3513634158531591,2.0,0
498.9497702922791,critical,0.0,0.7177220910631077,0.7177220910631077,2.0,0
498.81056570170483,seasonal,0.06792286891817412,0.7177220910631077,0.7856449599812818,12.0,0
499.33533373282,emergency,0.0,0.6599100317467526,0.6599100317467526,4.0,0
492.2931797201641,routine,7.28998156825952,0.6396923088485589,7.92967387710808,24.0,0
499.2295354092752,seasonal,0.23032699255389844,1.0255029253980703,1.2558299179519687,12.0,0
492.28070081358436,routine,7.269141485097009,0.6659438790168433,7.935085364113853,24.0,0
499.5133936313855,emergency,0.0,1.0255029253980703,1.0255029253980703,4.0,0
500.2129676499401,seasonal,0.312756034802419,0.4353805806418104,0.7481366154442294,12.0,0
499.61021605373026,seasonal,0.5820859596985315,0.7919122426127785,1.37399820231131,12.0,0
500.09701676176826,emergency,0.0,0.6659438790168433,0.6659438790168433,4.0,0
500.0454997804462,emergency,0.0,0.7919122426127785,0.7919122426127785,4.0,0
500.7640567860986,emergency,0.0,0.6659438790168433,0.6659438790168433,4.0,0
492.9741491487081,routine,7.700336313703474,0.4353805806418104,8.135716894345284,24.0,0
500.4858735533231,emergency,0.0,0.9736079806575129,0.9736079806575129,4.0,0
500.17050863565896,emergency,0.0,1.0255029253980703,1.0255029253980703,4.0,0
493.0694649013972,routine,7.785996002830018,0.6396923088485589,8.425688311678577,24.0,0
501.07533142525324,critical,0.0,0.7919122426127785,0.7919122426127785,2.0,0
501.0478635680467,emergency,0.0,0.6396923088485589,0.6396923088485589,4.0,0
493.83693911183644,routine,7.384143142708069,0.3513634158531591,7.735506558561228,24.0,0
493.98455717699045,routine,7.432621635781572,0.6659438790168433,8.098565514798416,24.0,0
501.56411882712774,emergency,0.0,0.9736079806575129,0.9736079806575129,4.0,0
493.28391147665997,routine,7.861203436084736,0.9736079806575129,8.834811416742248,24.0,0
495.1623369153195,routine,6.986321010528343,0.6396923088485589,7.626013319376902,24.0,0
501.91544143921385,emergency,0.0,0.7919122426127785,0.7919122426127785,4.0,0
501.68260007763394,seasonal,0.00400615034357088,0.7919122426127785,0.7959183929563494,12.0,0
501.74189884286596,emergency,0.0,0.6599100317467526,0.6599100317467526,4.0,0
494.8753191628263,routine,6.846300969106835,0.7177220910631077,7.5640230601699425,24.0,0
502.31103309647136,emergency,0.0,0.7177220910631077,0.7177220910631077,4.0,0
501.96900196773237,emergency,0.0,0.668926378609784,0.668926378609784,4.0,0
502.47459167160656,emergency,0.0,0.7919122426127785,0.7919122426127785,4.0,0
502.78839396211214,emergency,0.0,0.3190807107927397,0.3190807107927397,4.0,0
502.2267396847629,emergency,0.0,1.0255029253980703,1.0255029253980703,4.0,0
503.1946468836339,emergency,0.0,0.3190807107927397,0.3190807107927397,4.0,0
502.7576253252627,critical,0.0,0.4353805806418104,0.4353805806418104,2.0,0
503.0909194954495,seasonal,0.13765236774082723,0.4353805806418104,0.5730329483826376,12.0,0
502.4805397660289,emergency,0.0,0.6599100317467526,0.6599100317467526,4.0,0
502.79803581302303,emergency,0.0,0.7177220910631077,0.7177220910631077,4.0,0
502.2650583284609,seasonal,0.11660251260121868,0.6659438790168433,0.7825463916180619,12.0,0
495.1995450228623,routine,8.314096392143142,0.3513634158531591,8.665459807996301,24.0,0
502.72372413199867,emergency,0.0,0.4353805806418104,0.4353805806418104,4.0,0
503.4719613797769,critical,0.06326194201352564,0.3513634158531591,0.41462535786668475,2.0,0
503.25177274219925,emergency,0.0,0.3190807107927397,0.3190807107927397,4.0,0
502.6409837584089,seasonal,0.25530629908718083,0.9736079806575129,1.2289142797446937,12.0,0
503.4608907938383,emergency,0.0,0.6659438790168433,0.6659438790168433,4.0,0
496.9438102870376,routine,6.785655947163036,0.3190807107927397,7.104736657955776,24.0,0
503.7378925392072,emergency,0.0,0.3513634158531591,0.3513634158531591,4.0,0
496.31491622857607,routine,7.309962549334955,0.4353805806418104,7.745343129976765,24.0,0
503.17812629160903,emergency,0.0,0.4353805806418104,0.4353805806418104,4.0,0
502.9375842782378,emergency,0.0,1.0255029253980703,1.0255029253980703,4.0,0
503.6691357428958,emergency,0.0,0.668926378609784,0.668926378609784,4.0,0
503.9034086767049,emergency,0.0,0.3190807107927397,0.3190807107927397,4.0,0
495.36640308515103,routine,8.162300107650537,1.0255029253980703,9.187803033048608,24.0,0
504.2946089448851,emergency,0.0,0.4353805806418104,0.4353805806418104,4.0,0
504.33140618337416,seasonal,0.051507673591459024,0.6396923088485589,0.6911999824400179,12.0,0
497.1599408108542,routine,7.365073027672395,0.3190807107927397,7.684153738465135,24.0,0
496.9757517525584,routine,7.333354154863343,0.6659438790168433,7.999298033880187,24.0,0
497.1813220493201,routine,7.472969133217191,0.668926378609784,8.141895511826975,24.0,0
497.2159408163906,routine,7.635650274406316,0.6659438790168433,8.30159415342316,24.0,0
497.552678703071,routine,7.942268510711756,0.4353805806418104,8.377649091353566,24.0,0
498.85470674921095,routine,7.03994893181607,0.3190807107927397,7.35902964260881,24.0,0
497.2927309426727,routine,7.685544952525049,0.6599100317467526,8.345454984271802,24.0,0
505.8834082855581,emergency,0.0,0.4353805806418104,0.4353805806418104,4.0,0
498.4650888792201,routine,7.2374169343164,0.3513634158531591,7.588780350169559,24.0,0
498.92659153520736,routine,7.1105159205362725,0.7177220910631077,7.82823801159938,24.0,0
498.9486656614128,routine,7.321136893209257,0.4353805806418104,7.756517473851067,24.0,0
499.21969280233077,routine,7.680248858308062,0.3190807107927397,7.9993295691008015,24.0,0
506.2388421270983,emergency,0.0,0.9736079806575129,0.9736079806575129,4.0,0
499.70332779975115,routine,7.243372145455339,0.3513634158531591,7.594735561308498,24.0,0
498.99736987759076,routine,7.564330709482363,0.3513634158531591,7.915694125335522,24.0,0
500.0342118336938,routine,6.970296268293453,0.7919122426127785,7.762208510906231,24.0,0
506.9358885760079,emergency,0.0,0.4353805806418104,0.4353805806418104,4.0,0
501.02085964622586,routine,6.618688074187446,0.4353805806418104,7.054068654829257,24.0,0
500.55179051408413,routine,6.766434854193221,0.4353805806418104,7.201815434835032,24.0,0
507.6580870337042,critical,0.0,0.7177220910631077,0.7177220910631077,2.0,0
508.38977991364357,emergency,0.0,0.4353805806418104,0.4353805806418104,4.0,0
501.07731201602047,routine,6.6192726978174505,0.7177220910631077,7.336994788880558,24.0,0
502.15360970640916,routine,6.041576566918138,0.668926378609784,6.710502945527923,24.0,0
502.74766842219543,routine,5.452725561736827,0.6659438790168433,6.118669440753671,24.0,0
501.7285821300349,routine,6.420666864493626,0.3513634158531591,6.772030280346785,24.0,0
508.80418447063397,emergency,0.0,0.7177220910631077,0.7177220910631077,4.0,0
505.5644970023897,routine,3.409822931376482,0.3190807107927397,3.7289036421692217,24.0,0
503.9837155380293,routine,4.652139268653855,0.7919122426127785,5.4440515112666334,24.0,0
507.6632801361042,routine,1.456249403282925,0.3190807107927397,1.7753301140756648,24.0,0
509.994040046472,routine,0.0,0.4353805806418104,0.4353805806418104,24.0,0
509.7572935864677,routine,0.0,0.3513634158531591,0.3513634158531591,24.0,0
510.0942159194824,routine,0.0,0.4353805806418104,0.4353805806418104,24.0,0
509.68800775488154,emergency,0.0,0.7919122426127785,0.7919122426127785,4.0,0
510.3089094657266,critical,0.0,0.3190807107927397,0.3190807107927397,2.0,0
510.424863334835,emergency,0.0,0.6659438790168433,0.6659438790168433,4.0,0
509.97785300688395,emergency,0.0,1.0255029253980703,1.0255029253980703,4.0,0
510.76570621716104,routine,0.0,0.3513634158531591,0.3513634158531591,24.0,0
509.94467179511,critical,0.0,0.6396923088485589,0.6396923088485589,2.0,0
510.827636867562,routine,0.0,0.668926378609784,0.668926378609784,24.0,0
511.04596498623107,emergency,0.0,0.6396923088485589,0.6396923088485589,4.0,0
510.91951867376434,emergency,0.0,0.7177220910631077,0.7177220910631077,4.0,0
511.7963344803467,critical,0.0,0.3513634158531591,0.3513634158531591,2.0,0
511.11935111872856,emergency,0.0,0.7919122426127785,0.7919122426127785,4.0,0
511.5317843553578,emergency,0.0,0.6659438790168433,0.6659438790168433,4.0,0
511.4662791528347,emergency,0.0,0.4353805806418104,0.4353805806418104,4.0,0
511.3083839914268,emergency,0.0,0.7177220910631077,0.7177220910631077,4.0,0
511.3906657374913,critical,0.0,0.6659438790168433,0.6659438790168433,2.0,0
511.93134478989236,routine,0.0,0.3513634158531591,0.3513634158531591,24.0,0
512.0311330962093,emergency,0.0,0.3190807107927397,0.3190807107927397,4.0,0
511.8218015527204,emergency,0.0,1.0255029253980703,1.0255029253980703,4.0,0
511.7837453257963,critical,0.0,0.6396923088485589,0.6396923088485589,2.0,0
511.83552786413395,emergency,0.0,0.668926378609784,0.668926378609784,4.0,0
511.67813386657355,routine,0.0,0.7177220910631077,0.7177220910631077,24.0,0
511.6197425975144,emergency,0.0,0.6659438790168433,0.6659438790168433,4.0,0
511.5710053915196,routine,0.0,0.9736079806575129,0.9736079806575129,24.0,0
512.2010903005387,emergency,0.0,0.668926378609784,0.668926378609784,4.0,0
512.7275253488987,routine,0.0,0.3513634158531591,0.3513634158531591,24.0,0
512.4859382863733,emergency,0.0,0.3513634158531591,0.3513634158531591,4.0,0
512.3149114712237,routine,0.0,0.9736079806575129,0.9736079806575129,24.0,0
512.7816789588778,emergency,0.11028508216963928,0.3190807107927397,0.429365792962379,4.0,0
512.560881799103,emergency,0.0,0.9736079806575129,0.9736079806575129,4.0,0
512.673432614354,emergency,0.0,0.6659438790168433,0.6659438790168433,4.0,0
512.6498665580816,seasonal,0.0,0.6599100317467526,0.6599100317467526,12.0,0
512.1317621113483,emergency,0.0,0.9736079806575129,0.9736079806575129,4.0,0
512.8131048161338,emergency,0.0862501148536694,0.4353805806418104,0.5216306954954798,4.0,0
512.740720688537,routine,0.0,0.7177220910631077,0.7177220910631077,24.0,0
513.1157622606125,emergency,0.0,0.6599100317467526,0.6599100317467526,4.0,0
513.0135710781298,emergency,0.0,0.6396923088485589,0.6396923088485589,4.0,0
512.8275628536613,seasonal,0.44931279699312654,0.4353805806418104,0.8846933776349369,12.0,0
513.9702823144243,critical,0.0,0.3513634158531591,0.3513634158531591,2.0,0
513.27151668058,routine,0.26466396692967464,0.4353805806418104,0.700044547571485,24.0,0
513.7719000279567,emergency,0.0,0.6599100317467526,0.6599100317467526,4.0,0
513.5563824346267,routine,0.0,0.6659438790168433,0.6659438790168433,24.0,0
514.2216724595675,emergency,0.0,0.4353805806418104,0.4353805806418104,4.0,0
513.7710367498162,emergency,0.0,0.668926378609784,0.668926378609784,4.0,0
513.9911045130136,emergency,0.0,0.7177220910631077,0.7177220910631077,4.0,0
513.60942716196,emergency,0.0,0.6396923088485589,0.6396923088485589,4.0,0
513.8659582501975,emergency,0.0,1.0255029253980703,1.0255029253980703,4.0,0
514.6622882630611,emergency,0.0,0.3190807107927397,0.3190807107927397,4.0,0
514.0780780655424,seasonal,0.1544400888308246,0.4353805806418104,0.589820669472635,12.0,0
514.1328209590623,emergency,0.0,0.7177220910631077,0.7177220910631077,4.0,0
514.496873572825,seasonal,0.19005732294624522,0.4353805806418104,0.6254379035880556,12.0,0
514.5695711819046,emergency,0.0,0.6396923088485589,0.6396923088485589,4.0,0
514.2772981454691,seasonal,0.06679981010620395,0.7919122426127785,0.8587120527189824,12.0,0
514.4663297400334,critical,0.0,0.3513634158531591,0.3513634158531591,2.0,0
513.7403688972435,emergency,0.0,1.0255029253980703,1.0255029253980703,4.0,0
514.0693573607257,seasonal,0.025343665926698122,1.0255029253980703,1.0508465913247684,12.0,0
514.5188925495822,emergency,0.0,0.3513634158531591,0.3513634158531591,4.0,0
514.4295755603823,emergency,0.0,0.4353805806418104,0.4353805806418104,4.0,0
514.8047128347811,emergency,0.0,0.7919122426127785,0.7919122426127785,4.0,0
515.0026129393885,emergency,0.06571361893963967,0.6659438790168433,0.7316574979564829,4.0,0
514.8055169121837,critical,0.01622764469630056,0.6599100317467526,0.6761376764430531,2.0,0
515.5676902307565,seasonal,0.029159828415686206,0.3190807107927397,0.3482405392084259,12.0,0
514.9246883803306,seasonal,0.23859770555600335,0.4353805806418104,0.6739782861978137,12.0,0
515.3334410499775,emergency,0.10978767276378676,0.4353805806418104,0.5451682534055972,4.0,0
515.0308412701901,seasonal,0.17728905959847907,0.6599100317467526,0.8371990913452316,12.0,0
515.0100505221269,emergency,0.2571724180862702,0.3513634158531591,0.6085358339394293,4.0,0
515.843068305247,critical,0.030410134523322085,0.3190807107927397,0.3494908453160618,2.0,0
515.007142680196,emergency,0.162758187801046,0.6396923088485589,0.8024504966496049,4.0,0
515.3466992095557,emergency,0.12555517331622923,0.7919122426127785,0.9174674159290077,4.0,0
515.174986201689,emergency,0.1784090192174972,0.668926378609784,0.8473353978272812,4.0,0
515.5914030137538,emergency,0.06070166543338473,0.6396923088485589,0.7003939742819436,4.0,0
515.6178586371336,emergency,0.22321081674465404,0.6659438790168433,0.8891546957614973,4.0,0
515.3665555884936,emergency,0.13180386363956131,0.9736079806575129,1.1054118442970742,4.0,0
514.7534156069481,seasonal,0.1787106452183025,1.0255029253980703,1.2042135706163728,12.0,0
515.704983852,seasonal,0.02648336150355135,0.6396923088485589,0.6661756703521102,12.0,0
516.1646921617279,emergency,0.07402525066879662,0.3190807107927397,0.3931059614615363,4.0,0
516.265673581759,critical,0.1000673511603054,0.3190807107927397,0.4191480619530451,2.0,0
515.9270663393335,emergency,0.2755362996169879,0.3513634158531591,0.626899715470147,4.0,0
513.7553249214617,routine,2.20477961628319,0.6659438790168433,2.8707234953000333,24.0,0
515.4997540214865,emergency,0.08181232875131172,0.7919122426127785,0.8737245713640902,4.0,0
513.6328132899707,routine,2.23881855600996,0.3190807107927397,2.5578992668027,24.0,0
515.8968865596654,emergency,0.1351019283478081,0.6396923088485589,0.774794237196367,4.0,0
515.8053792081375,emergency,0.07061097904613689,0.7919122426127785,0.8625232216589154,4.0,0
516.1763472257229,emergency,0.24955422241987435,0.3190807107927397,0.568634933212614,4.0,0
514.5607547033225,routine,2.1037739156849966,0.3190807107927397,2.4228546264777364,24.0,0
516.5695301339458,emergency,0.03733685115207663,0.668926378609784,0.7062632297618606,4.0,0
516.6361154695151,emergency,0.30296807357296984,0.3190807107927397,0.6220487843657095,4.0,0
513.9713261241369,routine,2.5616187972328817,0.668926378609784,3.2305451758426655,24.0,0
516.9238940826336,seasonal,0.34721918157958953,0.3190807107927397,0.6662998923723292,12.0,0
516.6765481661547,emergency,0.3767680847935253,0.7919122426127785,1.1686803274063038,4.0,0
516.871927739442,emergency,0.2761658856519489,0.3190807107927397,0.5952465964446886,4.0,0
516.629534010206,emergency,0.2668644209082913,0.9736079806575129,1.2404724015658042,4.0,0
517.2132786677103,critical,0.03644299070595025,0.7177220910631077,0.7541650817690579,2.0,0
516.5783836651958,emergency,0.2484092555615689,0.7177220910631077,0.9661313466246766,4.0,0
516.3059466448282,routine,1.4138554348983234,0.4353805806418104,1.849236015540134,24.0,0
516.557388562457,seasonal,0.023049339751651132,0.9736079806575129,0.996657320409164,12.0,0
516.9711494746264,seasonal,0.3343982968307273,0.668926378609784,1.0033246754405112,12.0,0
516.6318448249634,emergency,0.26936693791503785,0.9736079806575129,1.2429749185725507,4.0,0
517.0878702184912,emergency,0.10786093816841458,0.6396923088485589,0.7475532470169735,4.0,0
515.573725289576,routine,1.9509088524940807,0.6599100317467526,2.6108188842408335,24.0,0
518.2406816713606,critical,0.0,0.3513634158531591,0.3513634158531591,2.0,0
515.8778763038567,routine,1.6520184701373637,0.6659438790168433,2.317962349154207,24.0,0
518.0478921427598,emergency,0.0,0.3513634158531591,0.3513634158531591,4.0,0
517.6794876469351,critical,0.0,0.9736079806575129,0.9736079806575129,2.0,0
518.800375681558,emergency,0.0,0.6396923088485589,0.6396923088485589,4.0,0
518.9948607596826,critical,0.0,0.3190807107927397,0.3190807107927397,2.0,0
519.1500049478093,seasonal,0.00366209767980763,0.4353805806418104,0.43904267832161803,12.0,0
518.0247302491406,seasonal,0.4550735245150008,0.6599100317467526,1.1149835562617534,12.0,0
518.9807022346874,emergency,0.0,0.4353805806418104,0.4353805806418104,4.0,0
516.8274504004966,routine,2.0354427261449928,0.668926378609784,2.7043691047547767,24.0,0
518.6411972394825,emergency,0.0,0.7919122426127785,0.7919122426127785,4.0,0
517.752039756709,seasonal,0.5807821308640086,1.0255029253980703,1.606285056262079,12.0,0
519.3293635872294,emergency,0.0,0.668926378609784,0.668926378609784,4.0,0
516.5862267986125,routine,2.258015186053626,0.6659438790168433,2.9239590650704694,24.0,0
518.6729673224237,routine,0.6898405615116872,0.6599100317467526,1.3497505932584397,24.0,0
519.2311044802007,emergency,0.0,0.4353805806418104,0.4353805806418104,4.0,0
519.6072571016635,emergency,0.0,0.4353805806418104,0.4353805806418104,4.0,0
519.7025926926508,emergency,0.0,0.6396923088485589,0.6396923088485589,4.0,0
519.1475566029679,emergency,0.0,0.6659438790168433,0.6659438790168433,4.0,0
516.9351886937094,routine,1.976877330114462,0.9736079806575129,2.950485310771975,24.0,0
519.605091340714,emergency,0.0,0.6659438790168433,0.6659438790168433,4.0,0
520.0365830283957,emergency,0.0,0.6659438790168433,0.6659438790168433,4.0,0
519.8255202642954,emergency,0.0,0.3513634158531591,0.3513634158531591,4.0,0
520.1417420939313,emergency,0.0,0.668926378609784,0.668926378609784,4.0,0
520.1996977520799,emergency,0.0,0.7919122426127785,0.7919122426127785,4.0,0
520.3091471815245,emergency,0.21974034631739414,0.3513634158531591,0.5711037621705533,4.0,0
520.2624136301653,critical,0.0,0.3513634158531591,0.3513634158531591,2.0,0
519.1500765425184,routine,1.4553298665259717,0.3190807107927397,1.7744105773187115,24.0,0
520.0255823729086,emergency,0.0,0.6659438790168433,0.6659438790168433,4.0,0
520.1473252156412,emergency,0.0,0.668926378609784,0.668926378609784,4.0,0
519.3919872834074,routine,1.3686790517251666,0.3190807107927397,1.6877597625179064,24.0,0
519.9461039021692,seasonal,0.48028830291627855,0.7177220910631077,1.1980103939793862,12.0,0
519.5899292975304,seasonal,0.8140529181375769,0.3190807107927397,1.1331336289303167,12.0,0
520.4490103924422,emergency,0.15790378831741236,0.6659438790168433,0.8238476673342556,4.0,0
520.2925208758775,emergency,0.17185147222767228,0.7177220910631077,0.88957356329078,4.0,0
520.00635807241,emergency,0.0,1.0255029253980703,1.0255029253980703,4.0,0
520.2469874267827,seasonal,0.2526454342643092,0.668926378609784,0.9215718128740932,12.0,0
520.6970812334334,emergency,0.29265520312253557,0.3190807107927397,0.6117359139152753,4.0,0
519.3135827513472,routine,1.3666441494968922,0.6599100317467526,2.026554181243645,24.0,0
520.4975925822142,emergency,0.4280242641922314,0.3513634158531591,0.7793876800453905,4.0,0
521.0830917451481,seasonal,0.11801874127752399,0.668926378609784,0.786945119887308,12.0,0
520.7589333398894,emergency,0.2694330918227479,0.4353805806418104,0.7048136724645583,4.0,0
520.8661095147539,emergency,0.37901408872880893,0.668926378609784,1.0479404673385928,4.0,0
521.6012502075824,emergency,0.15009613734321192,0.6599100317467526,0.8100061690899645,4.0,0
521.6828818127925,emergency,0.21609448987260294,0.3513634158531591,0.567457905725762,4.0,0
520.6982160704845,emergency,0.29464435218631024,1.0255029253980703,1.3201472775843806,4.0,0
519.5980484489208,routine,2.3338665906485403,0.3190807107927397,2.65294730144128,24.0,0
521.6589050696326,seasonal,0.1337749422559682,0.668926378609784,0.8027013208657522,12.0,0
521.480048000666,emergency,0.13756309922530363,0.9736079806575129,1.1111710798828165,4.0,0
521.8189715166154,emergency,0.31354663960098605,0.3190807107927397,0.6326273503937258,4.0,0
521.4582524264538,emergency,0.1399807130813997,0.668926378609784,0.8089070916911837,4.0,0
521.1664451345043,emergency,0.37626124830967456,0.6659438790168433,1.0422051273265178,4.0,0
522.1927589741609,seasonal,0.10628616805342972,0.3190807107927397,0.4253668788461694,12.0,0
521.5894037066026,emergency,0.06855042369750208,0.6599100317467526,0.7284604554442546,4.0,0
520.2701534540863,routine,1.879970256896513,0.3513634158531591,2.231333672749672,24.0,0
521.9843415821512,critical,0.05833941163916734,0.7177220910631077,0.776061502702275,2.0,0
521.7578471135505,critical,0.12721395335029229,0.3513634158531591,0.4785773692034514,2.0,0
521.7690412357193,emergency,0.34150536581626056,0.3190807107927397,0.6605860766090003,4.0,0
520.9058808629252,emergency,0.4697422446604378,1.0255029253980703,1.495245170058508,4.0,0
521.7357499221897,seasonal,0.17873464379078996,0.7919122426127785,0.9706468864035684,12.0,0
521.8805450506087,emergency,0.36078232523323095,0.3513634158531591,0.7121457410863901,4.0,0
519.5445806563225,routine,2.3812428548761773,0.6599100317467526,3.04115288662293,24.0,0
522.041942846082,emergency,0.41723057251044793,0.3513634158531591,0.768593988363607,4.0,0
522.9923348045944,critical,0.10691880601177672,0.6599100317467526,0.7668288377585293,2.0,0
522.2258792486717,emergency,0.5393390530051647,0.7919122426127785,1.3312512956179432,4.0,0
523.0548593617859,critical,0.15901798210359175,0.6396923088485589,0.7987102909521506,2.0,0
520.3769195963779,routine,2.3873116669361707,0.6599100317467526,3.0472216986829235,24.0,0
522.4953178330754,emergency,0.8023092466361277,0.6599100317467526,1.4622192783828802,4.0,0
522.7183230757006,emergency,0.603244532841245,0.6599100317467526,1.2631545645879976,4.0,0
522.7340869893361,emergency,0.5900752283840802,0.6599100317467526,1.2499852601308328,4.0,0
520.5038311463423,routine,2.804227589613788,0.3513634158531591,3.155591005466947,24.0,0
522.3063746939732,emergency,0.5309810174694576,0.7919122426127785,1.322893260082236,4.0,0
522.5684195214046,emergency,0.7421217306701919,0.6599100317467526,1.4020317624169445,4.0,0
522.9380439167542,emergency,0.5364426084246361,0.3190807107927397,0.8555233192173758,4.0,0
523.0586511615734,seasonal,0.24660056332868407,0.6599100317467526,0.9065105950754366,12.0,0
523.26795980288,emergency,0.4894413033748606,0.6599100317467526,1.1493513351216131,4.0,0
522.332074681497,routine,1.4499446827992415,0.6599100317467526,2.1098547145459943,24.0,0
523.4057089271162,emergency,0.39126549414129386,0.4353805806418104,0.8266460747831043,4.0,0
523.1538295052903,emergency,0.46362937695027995,0.9736079806575129,1.4372373576077928,4.0,0
522.7439525820741,emergency,0.6199031386786373,0.7177220910631077,1.337625229741745,4.0,0
521.431373394166,routine,2.061096735132537,0.6599100317467526,2.72100676687929,24.0,0
521.9008247459265,routine,1.8552516125103011,0.3190807107927397,2.174332323303041,24.0,0
520.5380892005701,routine,2.8488289241837492,0.7919122426127785,3.640741166796528,24.0,0
523.0796017455791,emergency,0.4773190404905563,0.7919122426127785,1.2692312831033348,4.0,0
523.1927188318497,emergency,0.5294704035429731,0.7919122426127785,1.3213826461557516,4.0,0
523.1810185196209,emergency,0.45092780607831173,0.7919122426127785,1.2428400486910902,4.0,0
523.8983468278319,seasonal,0.8510178745126495,0.3190807107927397,1.1700985853053893,12.0,0
523.5566343691876,emergency,0.9660095389298249,0.3190807107927397,1.2850902497225647,4.0,0
523.5567631190414,emergency,0.9771699871324699,0.3513634158531591,1.328533402985629,4.0,0
522.4987797743436,routine,2.9067815254409197,0.3513634158531591,3.258144941294079,24.0,0
524.6870836872229,emergency,0.28983579517853286,0.7919122426127785,1.0817480377913113,4.0,0
525.0640088790271,emergency,0.14631429994801692,0.3190807107927397,0.4653950107407566,4.0,0
524.915497442529,critical,0.037581345935677746,0.6599100317467526,0.6974913776824303,2.0,0
524.6578260922823,emergency,0.18983846401465598,0.4353805806418104,0.6252190446564664,4.0,0
524.018084088649,emergency,0.5708135332610027,0.7919122426127785,1.3627257758737812,4.0,0
522.3404718929631,routine,2.719023738080864,0.668926378609784,3.387950116690648,24.0,0
524.3851186580622,emergency,0.39738588408363285,1.0255029253980703,1.4228888094817032,4.0,0
525.1998870922896,emergency,0.1428520114038747,0.7177220910631077,0.8605741024669824,4.0,0
524.5131709573915,emergency,0.3315841433412743,0.9736079806575129,1.3051921239987871,4.0,0
524.3149973338756,seasonal,0.546378279410078,0.9736079806575129,1.5199862600675909,12.0,0
525.4923318372588,emergency,0.13121014209491477,0.7177220910631077,0.8489322331580225,4.0,0
524.8371628382679,emergency,0.29134743329939283,0.9736079806575129,1.2649554139569057,4.0,0
522.4295778248435,routine,2.720863026157531,1.0255029253980703,3.7463659515556014,24.0,0
524.9276971538113,emergency,0.26898686464642196,0.6659438790168433,0.9349307436632652,4.0,0
524.7869387666443,emergency,0.20777236713036018,0.9736079806575129,1.181380347787873,4.0,0
525.5310503044686,emergency,0.13186423710055806,0.4353805806418104,0.5672448177423685,4.0,0
523.1912542223192,routine,2.2157803194587586,0.7177220910631077,2.933502410521866,24.0,0
523.6336148347244,routine,2.1995767746043384,0.6396923088485589,2.8392690834528973,24.0,0
525.667926320615,emergency,0.33392533465701035,0.6396923088485589,0.9736176435055692,4.0,0
523.4916629525787,routine,2.057582505444998,0.6659438790168433,2.723526384461841,24.0,0
525.5394308390895,critical,0.014153302540307777,0.6599100317467526,0.6740633342870603,2.0,0
525.823854671618,emergency,0.609050745198715,0.3513634158531591,0.9604141610518742,4.0,0
525.9731055372935,emergency,0.574826933297345,0.7177220910631077,1.2925490243604527,4.0,0
526.0632512896578,seasonal,0.6016744784878938,0.4353805806418104,1.0370550591297043,12.0,0
525.7330152194259,emergency,0.4437361566215259,0.7177220910631077,1.1614582476846336,4.0,0
524.2354302705745,routine,2.920813419178671,0.3190807107927397,3.239894129971411,24.0,0
525.9607568495938,emergency,0.5346799549171237,0.3190807107927397,0.8537606657098634,4.0,0
526.5426082771404,seasonal,0.43330814437263143,0.6659438790168433,1.0992520233894747,12.0,0
526.3854263917444,emergency,0.20541275337961906,0.9736079806575129,1.179020734037132,4.0,0
525.9101617910945,seasonal,0.45967867749698144,0.6599100317467526,1.119588709243734,12.0,0
527.1155766485809,emergency,0.0,0.3190807107927397,0.3190807107927397,4.0,0
526.6261446870286,emergency,0.17160904425622903,0.4353805806418104,0.6069896248980394,4.0,0
526.1353901677844,emergency,0.4172372854873174,0.9736079806575129,1.3908452661448303,4.0,0
526.7306089632802,emergency,0.15192739680742307,0.6599100317467526,0.8118374285541756,4.0,0
526.5217148213848,emergency,0.26594589847263705,0.668926378609784,0.934872277082421,4.0,0
525.1610936811734,routine,2.266015765421457,1.0255029253980703,3.2915186908195277,24.0,0
524.9712710606883,routine,2.432013994400563,0.4353805806418104,2.8673945750423737,24.0,0
525.1910576568154,routine,2.3092897574713334,0.3190807107927397,2.628370468264073,24.0,0
527.2550509359843,emergency,0.0,1.0255029253980703,1.0255029253980703,4.0,0
525.5454950994986,routine,2.4491027888296912,0.6659438790168433,3.1150466678465345,24.0,0
525.677289126305,routine,2.528322710355951,0.6659438790168433,3.1942665893727944,24.0,0
528.2496459179323,seasonal,0.03565717845458494,0.6659438790168433,0.7016010574714282,12.0,0
526.0339653142399,routine,2.378501003898805,0.6659438790168433,3.044444882915648,24.0,0
527.7678989558339,routine,1.315895982595066,0.3190807107927397,1.6349766933878058,24.0,0
526.4656370649366,routine,2.5918359498107293,0.6599100317467526,3.251745981557482,24.0,0
526.6475587504733,routine,2.4345331440202926,0.6396923088485589,3.0742254528688515,24.0,0
528.1558513452526,routine,1.8121116896443255,0.6396923088485589,2.4518039984928843,24.0,0
530.3689614915279,routine,0.0,0.6599100317467526,0.6599100317467526,24.0,0
531.6433440771456,seasonal,0.0,1.0255029253980703,1.0255029253980703,12.0,0
532.042687722911,routine,0.0,0.3190807107927397,0.3190807107927397,24.0,0
532.9961420976529,routine,0.0,0.668926378609784,0.668926378609784,24.0,0
533.8742411607057,emergency,0.0,0.3190807107927397,0.3190807107927397,4.0,0
532.8431165762196,seasonal,0.0,1.0255029253980703,1.0255029253980703,12.0,0
534.1208263709639,emergency,0.0,0.3513634158531591,0.3513634158531591,4.0,0
533.4633111210474,routine,0.0,0.7919122426127785,0.7919122426127785,24.0,0
533.8661414790843,seasonal,0.0,0.6659438790168433,0.6659438790168433,12.0,0
534.0773571265254,routine,0.0,0.6659438790168433,0.6659438790168433,24.0,0
534.2348965120897,routine,0.14370546044108323,0.7177220910631077,0.8614275515041909,24.0,0
534.0437121001927,routine,0.0,0.9736079806575129,0.9736079806575129,24.0,0
533.9603927130098,routine,0.0,0.6599100317467526,0.6599100317467526,24.0,0
534.7324449310952,emergency,0.0,0.3190807107927397,0.3190807107927397,4.0,0
534.5368809105211,emergency,0.0,0.7919122426127785,0.7919122426127785,4.0,0
534.9150702861178,emergency,0.0,0.6659438790168433,0.6659438790168433,4.0,0
534.456578599418,emergency,0.0,0.7177220910631077,0.7177220910631077,4.0,0
535.3237021455468,emergency,0.0,0.3190807107927397,0.3190807107927397,4.0,0
534.9067253246286,seasonal,0.026629183804288914,0.4353805806418104,0.4620097644460993,12.0,0
535.2155440254483,emergency,0.0,0.3513634158531591,0.3513634158531591,4.0,0
534.7460530916634,routine,0.5179720427622669,0.7177220910631077,1.2356941338253746,24.0,0
535.1969298488895,emergency,0.0,0.6599100317467526,0.6599100317467526,4.0,0
535.8645248154724,emergency,0.0,0.3513634158531591,0.3513634158531591,4.0,0
535.4599610368793,emergency,0.0,0.9736079806575129,0.9736079806575129,4.0,0
535.387883440506,emergency,0.0,0.6396923088485589,0.6396923088485589,4.0,0
536.579809820039,emergency,0.0,0.3190807107927397,0.3190807107927397,4.0,0
535.9115181836593,seasonal,0.0,0.3513634158531591,0.3513634158531591,12.0,0
535.8093686416423,routine,0.0,0.7177220910631077,0.7177220910631077,24.0,0
536.7507352948406,routine,0.0,0.4353805806418104,0.4353805806418104,24.0,0
536.0902369244528,emergency,0.0,0.6396923088485589,0.6396923088485589,4.0,0
536.535988769199,routine,0.0,0.3513634158531591,0.3513634158531591,24.0,0
536.603032064055,emergency,0.0,0.7919122426127785,0.7919122426127785,4.0,0
536.5946642442111,routine,0.0,0.6599100317467526,0.6599100317467526,24.0,0
536.9285366534062,routine,0.0,0.668926378609784,0.668926378609784,24.0,0
536.421737300586,routine,0.0,1.0255029253980703,1.0255029253980703,24.0,0
537.7285236560009,emergency,0.0,0.3513634158531591,0.3513634158531591,4.0,0
537.2485105792597,emergency,0.0,0.6659438790168433,0.6659438790168433,4.0,0
537.4760978972943,seasonal,0.1364310787098475,0.4353805806418104,0.5718116593516579,12.0,0
537.3167299980547,critical,0.0,0.7177220910631077,0.7177220910631077,2.0,0
537.8149781916296,critical,0.0,0.9736079806575129,0.9736079806575129,2.0,0
537.8614228340532,emergency,0.0,0.4353805806418104,0.4353805806418104,4.0,0
538.1589079535024,emergency,0.0,0.4353805806418104,0.4353805806418104,4.0,0
537.7833390998923,seasonal,0.04823164507274669,0.668926378609784,0.7171580236825307,12.0,0
537.5163336665455,seasonal,0.11583376825171854,0.9736079806575129,1.0894417489092314,12.0,0
537.0817014936271,routine,1.0454979549534755,1.0255029253980703,2.071000880351546,24.0,0
537.0856257164966,routine,1.2520215272162432,1.0255029253980703,2.2775244526143137,24.0,0
538.5928036704231,seasonal,0.25757129725411687,0.6599100317467526,0.9174813290008694,12.0,0
538.1925720539757,seasonal,0.08630924129613504,0.7177220910631077,0.8040313323592427,12.0,0
539.0335840181871,emergency,0.0,0.668926378609784,0.668926378609784,4.0,0
539.3675901360457,critical,0.0,0.3513634158531591,0.3513634158531591,2.0,0
537.6191812706088,routine,0.7359617138458816,1.0255029253980703,1.761464639243952,24.0,0
538.8330718934801,seasonal,0.9170769676126156,0.3190807107927397,1.2361576784053554,12.0,0
539.3740496851241,emergency,0.0,0.3190807107927397,0.3190807107927397,4.0,0
539.0781715230074,critical,0.0,0.668926378609784,0.668926378609784,2.0,0
538.9347422442137,seasonal,1.2400580060585753,0.3190807107927397,1.559138716851315,12.0,0
538.8826752782536,seasonal,1.0257217632581614,0.668926378609784,1.6946481418679453,12.0,0
540.309134507805,critical,0.0,0.4353805806418104,0.4353805806418104,2.0,0
538.1993920899333,routine,2.1482416576130845,0.4353805806418104,2.583622238254895,24.0,0
539.4727121233242,emergency,0.0,0.7919122426127785,0.7919122426127785,4.0,0
538.8284037931714,seasonal,0.9204984928684325,0.7177220910631077,1.6382205839315402,12.0,0
538.3850321770253,routine,2.3896847291013046,0.3190807107927397,2.7087654398940444,24.0,0
540.178290495445,critical,0.0,0.3190807107927397,0.3190807107927397,2.0,0
540.4079749588527,seasonal,0.2926631595158824,0.3190807107927397,0.6117438703086221,12.0,0
540.9051756990309,emergency,0.0,0.6659438790168433,0.6659438790168433,4.0,0
541.091461144676,emergency,0.0,0.3190807107927397,0.3190807107927397,4.0,0
539.9894541309355,seasonal,0.3338389716795973,1.0255029253980703,1.3593418970776676,12.0,0
540.8847500109896,emergency,0.0,0.7177220910631077,0.7177220910631077,4.0,0
538.8029163732369,routine,2.468809301148781,0.3190807107927397,2.7878900119415206,24.0,0
541.7498431414654,emergency,0.0,0.6599100317467526,0.6599100317467526,4.0,0
538.8144377639873,routine,2.746839682816926,1.0255029253980703,3.7723426082149967,24.0,0
541.8813937226805,seasonal,0.04325269639343787,0.4353805806418104,0.4786332770352483,12.0,0
541.3134218808539,seasonal,0.05772797850193001,0.7919122426127785,0.8496402211147085,12.0,0
541.3076968746832,emergency,0.0,0.7919122426127785,0.7919122426127785,4.0,0
541.9290705855028,seasonal,0.475689885310544,0.3190807107927397,0.7947705961032837,12.0,0
538.9031856523716,routine,2.6826588847451376,0.6659438790168433,3.348602763761981,24.0,0
538.9097304777493,routine,2.7912310880792575,1.0255029253980703,3.816734013477328,24.0,0
542.053200798515,emergency,0.0,0.6659438790168433,0.6659438790168433,4.0,0
541.7834320524215,emergency,0.0,0.9736079806575129,0.9736079806575129,4.0,0
541.9253571357323,emergency,0.0,0.9736079806575129,0.9736079806575129,4.0,0
542.4896241085637,emergency,0.0,0.6659438790168433,0.6659438790168433,4.0,0
542.1498126891972,emergency,0.0,0.7177220910631077,0.7177220910631077,4.0,0
542.6727447038584,critical,0.0,0.6599100317467526,0.6599100317467526,2.0,0
543.1435166298766,emergency,0.0,0.668926378609784,0.668926378609784,4.0,0
543.3474171197495,emergency,0.0,0.4353805806418104,0.4353805806418104,4.0,0
540.303588570148,routine,3.2695468707883037,0.3190807107927397,3.5886275815810436,24.0,0
539.7131846159912,routine,3.583139183896037,0.6599100317467526,4.24304921564279,24.0,0
543.0616572610527,emergency,0.0,0.7177220910631077,0.7177220910631077,4.0,0
539.3308519299535,routine,3.936240392262448,0.668926378609784,4.605166770872232,24.0,0
542.7746784385307,emergency,0.0,0.9736079806575129,0.9736079806575129,4.0,0
542.2153080820643,seasonal,0.6338327598938349,0.7177220910631077,1.3515548509569426,12.0,0
543.4020645332893,emergency,0.0,0.4353805806418104,0.4353805806418104,4.0,0
543.7111294838107,emergency,0.0,0.7177220910631077,0.7177220910631077,4.0,0
540.1460261185439,routine,3.3291301018180093,0.9736079806575129,4.302738082475522,24.0,0
539.321372848072,routine,3.9124465397210315,0.7919122426127785,4.70435878233381,24.0,0
543.5019881204718,seasonal,0.02536961994576359,1.0255029253980703,1.050872545343834,12.0,0
543.8697453987999,emergency,0.0,0.6659438790168433,0.6659438790168433,4.0,0
544.0817369495696,emergency,0.0,0.3190807107927397,0.3190807107927397,4.0,0
543.86675630321,seasonal,0.8919674797919015,0.3513634158531591,1.2433308956450606,12.0,0
544.707646778737,emergency,0.0,0.3513634158531591,0.3513634158531591,4.0,0
544.2294240871238,emergency,0.0,0.9736079806575129,0.9736079806575129,4.0,0
544.7432605133739,seasonal,0.08049917864673262,0.6659438790168433,0.7464430576635759,12.0,0
543.6486114021827,seasonal,0.9654208780331146,0.7177220910631077,1.6831429690962223,12.0,0
544.2227642290281,critical,0.0,0.668926378609784,0.668926378609784,2.0,0
544.7159002452954,emergency,0.0,0.9736079806575129,0.9736079806575129,4.0,0
545.4641079871581,critical,0.0,0.3190807107927397,0.3190807107927397,2.0,0
543.7039775994456,seasonal,0.9473413842915761,0.668926378609784,1.61626776290136,12.0,0
541.6337227030257,routine,3.7203129127650527,0.4353805806418104,4.155693493406863,24.0,0
545.1834410053569,seasonal,0.0643389412889519,0.7919122426127785,0.8562511839017304,12.0,0
540.8283195442415,routine,4.4292303649967835,0.7919122426127785,5.221142607609562,24.0,0
545.8003786874857,emergency,0.0,0.6599100317467526,0.6599100317467526,4.0,0
545.785907539755,seasonal,0.3171421740759115,0.6396923088485589,0.9568344829244704,12.0,0
545.6092464992247,seasonal,0.15403951574853636,0.668926378609784,0.8229658943583203,12.0,0
541.6591991206718,routine,4.4701707256397185,0.9736079806575129,5.443778706297231,24.0,0
546.2904616851627,emergency,0.0,0.3190807107927397,0.3190807107927397,4.0,0
546.3417408916514,emergency,0.0,0.3513634158531591,0.3513634158531591,4.0,0
546.863898675675,emergency,0.0,0.7177220910631077,0.7177220910631077,4.0,0
546.5259143436975,emergency,0.0,0.4353805806418104,0.4353805806418104,4.0,0
546.6630707363248,emergency,0.0,0.7919122426127785,0.7919122426127785,4.0,0
546.8744780692364,emergency,0.0,0.7177220910631077,0.7177220910631077,4.0,0
546.6557345197807,seasonal,0.04534944394345075,0.7919122426127785,0.8372616865562292,12.0,0
546.9793955687468,seasonal,0.00881639958561209,0.6659438790168433,0.6747602786024554,12.0,0
546.2729905361917,emergency,0.0,0.9736079806575129,0.9736079806575129,4.0,0
541.8839054972859,routine,5.131848543548131,0.3190807107927397,5.4509292543408705,24.0,0
542.7990639543649,routine,4.766851897168635,0.3190807107927397,5.085932607961375,24.0,0
547.4511680919506,critical,0.0,0.6659438790168433,0.6659438790168433,2.0,0
542.3908606944665,routine,4.74205666697037,0.7177220910631077,5.459778758033478,24.0,0
547.5846510870699,critical,0.0,0.6396923088485589,0.6396923088485589,2.0,0
547.2598755921805,emergency,0.0,0.668926378609784,0.668926378609784,4.0,0
547.3601632031279,emergency,0.0,0.6659438790168433,0.6659438790168433,4.0,0
548.1895857759046,emergency,0.0,0.4353805806418104,0.4353805806418104,4.0,0
547.895346524024,emergency,0.0,0.7919122426127785,0.7919122426127785,4.0,0
542.396893300227,routine,5.066914053289338,0.7919122426127785,5.858826295902117,24.0,0
547.8018321580075,emergency,0.0,0.6599100317467526,0.6599100317467526,4.0,0
543.6932392155729,routine,4.158534815753455,0.6659438790168433,4.824478694770299,24.0,0
548.5838392100205,emergency,0.0,0.4353805806418104,0.4353805806418104,4.0,0
543.7209455974753,routine,4.917443767240229,0.4353805806418104,5.35282434788204,24.0,0
547.592643041779,emergency,0.0,0.9736079806575129,0.9736079806575129,4.0,0
548.5353296965949,emergency,0.0,0.3513634158531591,0.3513634158531591,4.0,0
547.9899392000682,seasonal,0.6222850056444713,0.3513634158531591,0.9736484214976304,12.0,0
548.2022713698519,critical,0.0,0.6599100317467526,0.6599100317467526,2.0,0
544.4451629212938,routine,4.436179414079334,0.6396923088485589,5.075871722927893,24.0,0
543.9656924293007,routine,4.742341030942043,0.6396923088485589,5.382033339790603,24.0,0
549.3439113683178,emergency,0.0,0.3190807107927397,0.3190807107927397,4.0,0
549.1436354241762,emergency,0.0,0.6599100317467526,0.6599100317467526,4.0,0
548.8462561668031,emergency,0.0,0.668926378609784,0.668926378609784,4.0,0
548.7196225636528,emergency,0.0,0.6396923088485589,0.6396923088485589,4.0,0
549.0004207569687,emergency,0.0,0.668926378609784,0.668926378609784,4.0,0
544.9354496863152,routine,4.104979327237061,0.6599100317467526,4.7648893589838135,24.0,0
545.4504029612135,routine,4.149812978170303,0.3513634158531591,4.501176394023462,24.0,0
545.535051619498,routine,4.1465931486508225,0.6396923088485589,4.786285457499382,24.0,0
550.1480126453203,emergency,0.0,0.6599100317467526,0.6599100317467526,4.0,0
545.1302707888184,routine,4.312661617518074,0.6659438790168433,4.978605496534918,24.0,0
549.6428208811678,emergency,0.0,0.668926378609784,0.668926378609784,4.0,0
549.8437544006945,seasonal,0.1119868087840814,0.7919122426127785,0.9038990513968599,12.0,0
550.3061264025447,emergency,0.0,0.6659438790168433,0.6659438790168433,4.0,0
545.6795602301648,routine,4.6412938274932,0.6396923088485589,5.28098613634176,24.0,0
550.1887908038143,emergency,0.0,0.668926378609784,0.668926378609784,4.0,0
549.9941692930331,emergency,0.0,0.7177220910631077,0.7177220910631077,4.0,0
550.6209157912623,emergency,0.0,0.3513634158531591,0.3513634158531591,4.0,0
545.7042670902844,routine,5.056001382493605,0.3513634158531591,5.407364798346764,24.0,0
550.9201697547271,emergency,0.0,0.3513634158531591,0.3513634158531591,4.0,0
550.5591795956507,emergency,0.0,0.7919122426127785,0.7919122426127785,4.0,0
551.0919560009545,emergency,0.0,0.3190807107927397,0.3190807107927397,4.0,0
546.2452846918192,routine,4.79661270867723,0.7919122426127785,5.588524951290009,24.0,0
550.2536549737367,seasonal,0.04884276217376282,1.0255029253980703,1.0743456875718331,12.0,0
550.9308613404853,emergency,0.0,0.3513634158531591,0.3513634158531591,4.0,0
546.3802949754343,routine,4.778740246235998,0.6599100317467526,5.438650277982751,24.0,0
551.1871991279794,seasonal,0.24258383006360873,0.6659438790168433,0.908527709080452,12.0,0
546.7614634123847,routine,5.447036257942841,0.4353805806418104,5.882416838584652,24.0,0
546.5406671776108,routine,5.036275201498938,0.9736079806575129,6.009883182156451,24.0,0
546.6124825906278,routine,5.185544952187115,0.6599100317467526,5.845454983933868,24.0,0
546.8547500277467,routine,5.603843808223928,0.6599100317467526,6.263753839970681,24.0,0
553.0160146773113,seasonal,0.2056401156528409,0.3513634158531591,0.557003531506,12.0,0
546.9503688987443,routine,5.597205255720041,0.9736079806575129,6.570813236377554,24.0,0
547.2568806948981,routine,5.658417477863054,0.668926378609784,6.327343856472838,24.0,0
547.4321271595031,routine,5.815204165143655,0.6659438790168433,6.4811480441604985,24.0,0
553.9022018166728,emergency,0.0,0.7177220910631077,0.7177220910631077,4.0,0
549.7671635890101,routine,4.068998918573811,0.7919122426127785,4.86091116118659,24.0,0
550.4377988790511,routine,3.5723012657006166,0.9736079806575129,4.545909246358129,24.0,0
548.5779233446733,routine,5.234453826984463,0.668926378609784,5.903380205594248,24.0,0
553.9533323161364,emergency,0.0,0.7919122426127785,0.7919122426127785,4.0,0
554.3177645579088,emergency,0.0,0.3513634158531591,0.3513634158531591,4.0,0
553.2307059972779,routine,1.4748284657931663,0.4353805806418104,1.9102090464349768,24.0,0
554.625744123075,emergency,0.0,0.3513634158531591,0.3513634158531591,4.0,0
551.025206912794,routine,3.4291514980182,0.6599100317467526,4.089061529764953,24.0,0
552.7900686858701,routine,1.6756041953437943,1.0255029253980703,2.701107120741865,24.0,0
555.1597194076634,seasonal,0.3167624577249626,0.3190807107927397,0.6358431685177023,12.0,0
553.9746017357674,routine,1.1749956201495024,0.6659438790168433,1.8409394991663457,24.0,0
555.232906723552,routine,0.3549120164659598,0.7919122426127785,1.1468242590787383,24.0,0
556.0840985673086,critical,0.0,0.3190807107927397,0.3190807107927397,2.0,0
556.465584447785,routine,0.0,0.4353805806418104,0.4353805806418104,24.0,0
557.6662672258079,seasonal,0.0,0.3513634158531591,0.3513634158531591,12.0,0
557.157575357277,seasonal,0.0,0.7177220910631077,0.7177220910631077,12.0,0
558.2216135868364,seasonal,0.0,0.6659438790168433,0.6659438790168433,12.0,0
558.0884054332479,seasonal,0.0,0.7919122426127785,0.7919122426127785,12.0,0
558.0584116666022,routine,0.0,0.7177220910631077,0.7177220910631077,24.0,0
559.2398725207782,emergency,0.0,0.4353805806418104,0.4353805806418104,4.0,0
558.5762590520055,seasonal,0.0,0.9736079806575129,0.9736079806575129,12.0,0
558.4025216493691,routine,0.0,0.6599100317467526,0.6599100317467526,24.0,0
559.3293731596341,routine,0.0,0.6599100317467526,0.6599100317467526,24.0,0
559.1255086737008,seasonal,0.0,1.0255029253980703,1.0255029253980703,12.0,0
560.5367053190358,seasonal,0.0,0.3190807107927397,0.3190807107927397,12.0,0
560.5307231194614,emergency,0.0,0.6599100317467526,0.6599100317467526,4.0,0
560.1936583486064,emergency,0.0,0.7177220910631077,0.7177220910631077,4.0,0
560.3727767356772,emergency,0.0,0.668926378609784,0.668926378609784,4.0,0
560.6794389723342,seasonal,0.0,0.6396923088485589,0.6396923088485589,12.0,0
560.4292018940421,emergency,0.0,0.3190807107927397,0.3190807107927397,4.0,0
560.2346229753589,emergency,0.0,0.4353805806418104,0.4353805806418104,4.0,0
560.4765142091884,routine,0.0,0.6599100317467526,0.6599100317467526,24.0,0
560.4967611747785,routine,0.0,0.668926378609784,0.668926378609784,24.0,0
560.8177862947156,emergency,0.0,0.6659438790168433,0.6659438790168433,4.0,0
560.7234506958583,routine,0.4106105934441757,0.3190807107927397,0.7296913042369154,24.0,0
560.4951196745225,emergency,0.0,0.6659438790168433,0.6659438790168433,4.0,0
560.7030719236953,seasonal,0.0,1.0255029253980703,1.0255029253980703,12.0,0
560.8812521624386,emergency,0.0,0.7177220910631077,0.7177220910631077,4.0,0
560.9003799810098,routine,0.4201062350095981,0.6659438790168433,1.0860501140264414,24.0,0
560.8784173000607,critical,0.0,0.4353805806418104,0.4353805806418104,2.0,0
561.261930575803,emergency,0.0,0.6599100317467526,0.6599100317467526,4.0,0
560.735389228971,emergency,0.0,1.0255029253980703,1.0255029253980703,4.0,0
561.7501017292396,emergency,0.0824393078215735,0.4353805806418104,0.5178198884633839,4.0,0
561.0289058058787,emergency,0.0,0.668926378609784,0.668926378609784,4.0,0
561.4167044136536,emergency,0.0,0.9736079806575129,0.9736079806575129,4.0,0
561.5136336336706,routine,0.06811066961699908,0.6396923088485589,0.707802978465558,24.0,0
561.4831484044485,emergency,0.0,0.4353805806418104,0.4353805806418104,4.0,0
560.9728354888555,emergency,0.0,1.0255029253980703,1.0255029253980703,4.0,0
561.3089520135289,emergency,0.0,0.9736079806575129,0.9736079806575129,4.0,0
562.0917417829169,critical,0.0,0.3513634158531591,0.3513634158531591,2.0,0
561.5174045256208,emergency,0.2831866850863207,0.7177220910631077,1.0009087761494284,4.0,0
562.5046919265947,seasonal,0.049870569627159966,0.4353805806418104,0.48525115026897037,12.0,0
561.7353524271789,emergency,0.09095300820467855,1.0255029253980703,1.1164559336027489,4.0,0
562.0271241877323,emergency,0.0,0.7919122426127785,0.7919122426127785,4.0,0
561.5242601676658,routine,0.46730553273653186,0.668926378609784,1.1362319113463157,24.0,0
562.1389144219967,seasonal,0.14510398443360373,0.6599100317467526,0.8050140161803563,12.0,0
562.3250887610118,critical,0.21365627849854718,0.3513634158531591,0.5650196943517063,2.0,0
563.1899411121041,emergency,0.0,0.3190807107927397,0.3190807107927397,4.0,0
561.8579614968337,routine,0.43578323508063477,0.6396923088485589,1.0754755439291936,24.0,0
562.3048142890177,critical,0.11293482523592502,0.6659438790168433,0.7788787042527683,2.0,0
562.5470041512523,routine,0.05595796258330665,0.4353805806418104,0.49133854322511705,24.0,0
562.3223023891625,emergency,0.251410064646052,0.6659438790168433,0.9173539436628952,4.0,0
562.3811965122151,emergency,0.2786338400838986,0.3513634158531591,0.6299972559370577,4.0,0
562.4444301852989,seasonal,0.0889623355421918,0.7919122426127785,0.8808745781549703,12.0,0
562.6761784828949,emergency,0.2501334250174523,0.9736079806575129,1.2237414056749651,4.0,0
563.3764672470265,emergency,0.0,0.7177220910631077,0.7177220910631077,4.0,0
563.5539725478136,emergency,0.0,0.6659438790168433,0.6659438790168433,4.0,0
562.9245083741276,seasonal,0.6799062712818795,0.7177220910631077,1.3976283623449872,12.0,0
562.8199312800481,emergency,0.11886080263286658,1.0255029253980703,1.1443637280309369,4.0,0
562.7743772125533,seasonal,0.5266475606895256,0.6396923088485589,1.1663398695380844,12.0,0
563.9281222146576,emergency,0.0,0.3190807107927397,0.3190807107927397,4.0,0
564.2912486543795,critical,0.0,0.4353805806418104,0.4353805806418104,2.0,0
563.191111222442,routine,1.171218535624348,0.3190807107927397,1.4902992464170879,24.0,0
562.6302502125083,routine,1.1844463878571787,0.6396923088485589,1.8241386967057376,24.0,0
562.9132402100032,routine,1.3485716644941022,0.6396923088485589,1.988263973342661,24.0,0
562.692847748962,routine,1.2997824586090019,0.6659438790168433,1.9657263376258451,24.0,0
563.6820835375463,critical,0.0,1.0255029253980703,1.0255029253980703,2.0,0
564.4300806241192,seasonal,0.03301274495186135,0.668926378609784,0.7019391235616453,12.0,0
564.9543499341646,emergency,0.0,0.3513634158531591,0.3513634158531591,4.0,0
564.2309683549788,critical,0.0,0.6659438790168433,0.6659438790168433,2.0,0
564.5490264786745,emergency,0.0,0.3190807107927397,0.3190807107927397,4.0,0
565.13531208564,emergency,0.0,0.3190807107927397,0.3190807107927397,4.0,0
564.2731004730018,routine,1.0670529888716374,0.3190807107927397,1.3861336996643772,24.0,0
564.6387141484703,emergency,0.0,1.0255029253980703,1.0255029253980703,4.0,0
564.4760867230384,routine,0.9591412209558712,0.6599100317467526,1.6190512527026237,24.0,0
565.6162609265434,emergency,0.0,0.3513634158531591,0.3513634158531591,4.0,0
564.7598754252474,seasonal,0.3196103677071278,0.3513634158531591,0.6709737835602869,12.0,0
564.0827219591184,routine,1.0899625903805372,1.0255029253980703,2.1154655157786078,24.0,0
565.521537512994,seasonal,0.09003598053141104,0.4353805806418104,0.5254165611732214,12.0,0
565.634796503148,seasonal,0.6266584930642694,0.3513634158531591,0.9780219089174285,12.0,0
565.5659647372538,emergency,0.0,0.7177220910631077,0.7177220910631077,4.0,0
565.5614700094476,seasonal,0.22948769158540472,0.3190807107927397,0.5485684023781444,12.0,0
565.5435057059269,seasonal,0.09926653800960139,0.7177220910631077,0.8169886290727091,12.0,0
566.1717570892534,seasonal,0.6015932044339252,0.3190807107927397,0.9206739152266649,12.0,0
566.3198299286119,critical,0.0,0.6396923088485589,0.6396923088485589,2.0,0
566.1077079378803,seasonal,0.600585141363922,0.4353805806418104,1.0359657220057326,12.0,0
566.5286991816798,seasonal,0.41332987723330916,0.3513634158531591,0.7646932930864683,12.0,0
566.1643279699055,routine,1.3137498463659085,0.6659438790168433,1.9796937253827518,24.0,0
566.7862730623267,critical,0.0,1.0255029253980703,1.0255029253980703,2.0,0
567.5404228088761,seasonal,0.17065257979925263,0.3513634158531591,0.5220159956524117,12.0,0
565.4226452049186,routine,1.9573289519557875,0.7919122426127785,2.749241194568566,24.0,0
566.9269021697902,seasonal,0.14477337119899403,0.9736079806575129,1.1183813518565069,12.0,0
566.920107405048,critical,0.0,1.0255029253980703,1.0255029253980703,2.0,0
564.7250860869077,routine,2.582344828140549,1.0255029253980703,3.6078477535386195,24.0,0
567.9464930549618,critical,0.0,0.3190807107927397,0.3190807107927397,2.0,0
567.3003555177859,critical,0.0,0.7177220910631077,0.7177220910631077,2.0,0
567.9453672118016,emergency,0.0,0.4353805806418104,0.4353805806418104,4.0,0
568.1093453149285,critical,0.0,0.6599100317467526,0.6599100317467526,2.0,0
567.861876196012,critical,0.0,0.6599100317467526,0.6599100317467526,2.0,0
568.113256343788,seasonal,0.2787609190039575,0.7919122426127785,1.070673161616736,12.0,0
568.5627083569932,critical,0.0,0.4353805806418104,0.4353805806418104,2.0,0
567.7672672431097,seasonal,0.6208016891550869,0.6396923088485589,1.2604939980036458,12.0,0
568.5735594777638,seasonal,0.31754331217905474,0.3513634158531591,0.6689067280322138,12.0,0
568.5066921582847,seasonal,0.2603795301796481,0.7919122426127785,1.0522917727924266,12.0,0
568.8019084446873,seasonal,0.2667496125289972,0.7919122426127785,1.0586618551417757,12.0,0
566.1882309981601,routine,2.9863214994697955,0.6659438790168433,3.652265378486639,24.0,0
569.9115863835286,emergency,0.0,0.3190807107927397,0.3190807107927397,4.0,0
569.9594526324996,critical,0.0,0.3513634158531591,0.3513634158531591,2.0,0
566.2285697695556,routine,3.117913347488752,0.4353805806418104,3.5532939281305627,24.0,0
570.1639115683234,seasonal,0.238083717907557,0.6659438790168433,0.9040275969244003,12.0,0
570.0662580243564,seasonal,0.3020863106944489,0.3190807107927397,0.6211670214871886,12.0,0
569.3983419484188,seasonal,0.61197966376983,1.0255029253980703,1.6374825891679003,12.0,0
570.4656194658485,critical,0.0,0.7177220910631077,0.7177220910631077,2.0,0
569.9205235777769,emergency,0.0,0.9736079806575129,0.9736079806575129,4.0,0
566.2326344172097,routine,4.223145258461841,0.668926378609784,4.892071637071625,24.0,0
570.8369641634138,emergency,0.0,0.6396923088485589,0.6396923088485589,4.0,0
566.4500691248095,routine,4.0925403155472395,0.7919122426127785,4.884452558160018,24.0,0
570.5895198253024,seasonal,0.5465500676194779,0.6599100317467526,1.2064600993662304,12.0,0
571.1831136710101,critical,0.0,0.3190807107927397,0.3190807107927397,2.0,0
566.4884436352758,routine,4.07851641501361,0.7919122426127785,4.870428657626388,24.0,0
571.1731495294636,emergency,0.0,0.7177220910631077,0.7177220910631077,4.0,0
570.7240435697505,seasonal,0.9870704663868537,0.668926378609784,1.6559968449966376,12.0,0
571.324428754923,emergency,0.0,0.668926378609784,0.668926378609784,4.0,0
566.5535868850161,routine,5.407121673948382,0.6599100317467526,6.067031705695134,24.0,0
571.767782102536,critical,0.0,0.668926378609784,0.668926378609784,2.0,0
572.0777288575391,emergency,0.0,0.3190807107927397,0.3190807107927397,4.0,0
571.1047313743132,emergency,0.0,0.9736079806575129,0.9736079806575129,4.0,0
571.4545250731414,emergency,0.0,0.9736079806575129,0.9736079806575129,4.0,0
571.5657715667162,seasonal,0.36882412468560233,0.6599100317467526,1.0287341564323549,12.0,0
567.8197040969967,routine,4.621567351066915,0.4353805806418104,5.056947931708725,24.0,0
571.8815355936808,critical,0.0,0.6396923088485589,0.6396923088485589,2.0,0
567.0332854713246,routine,5.146159542433111,0.6659438790168433,5.8121034214499545,24.0,0
567.63113518204,routine,4.76296898260739,0.6599100317467526,5.422879014354143,24.0,0
572.6992592215039,critical,0.0,0.6599100317467526,0.6599100317467526,2.0,0
568.2235605409405,routine,5.031456385782121,0.4353805806418104,5.466836966423932,24.0,0
573.1131000190221,emergency,0.0,0.7919122426127785,0.7919122426127785,4.0,0
568.8772404389924,routine,4.6718619421693575,0.3190807107927397,4.990942652962097,24.0,0
568.7418559313313,routine,4.800431574947538,0.3190807107927397,5.119512285740278,24.0,0
572.7791847681686,emergency,0.0,0.9736079806575129,0.9736079806575129,4.0,0
572.5528617536016,seasonal,0.18135118814484485,1.0255029253980703,1.2068541135429152,12.0,0
573.0532214901996,critical,0.0,0.6396923088485589,0.6396923088485589,2.0,0
573.7938247189161,critical,0.0,0.3190807107927397,0.3190807107927397,2.0,0
573.5730138327248,seasonal,0.0910585292349424,0.7919122426127785,0.8829707718477209,12.0,0
573.7163563837416,seasonal,0.4216377309030577,0.4353805806418104,0.8570183115448681,12.0,0
568.1858939465243,routine,4.9651817943286005,0.6659438790168433,5.631125673345444,24.0,0
572.9185711147004,emergency,0.0,0.9736079806575129,0.9736079806575129,4.0,0
574.0779678369383,emergency,0.0,0.4353805806418104,0.4353805806418104,4.0,0
574.4148992497369,seasonal,0.009797444078458284,0.6396923088485589,0.6494897529270172,12.0,0
568.8795658520781,routine,5.70024905238688,0.6599100317467526,6.360159084133633,24.0,0
568.9108385672607,routine,5.738316645993677,0.3513634158531591,6.0896800618468365,24.0,0
569.7988029070816,routine,5.337390967990018,0.4353805806418104,5.7727715486318285,24.0,0
569.2994734360204,routine,5.631028887037132,0.7177220910631077,6.34875097810024,24.0,0
570.2888957048806,routine,5.670750713150369,0.3190807107927397,5.989831423943109,24.0,0
569.8732097782264,routine,5.320591664879771,0.9736079806575129,6.294199645537284,24.0,0
569.9647809983036,routine,5.236519347320268,0.668926378609784,5.905445725930052,24.0,0
570.2370509226173,routine,5.627060702349354,0.6599100317467526,6.286970734096107,24.0,0
575.7144959669228,seasonal,0.12005418039188953,0.9736079806575129,1.0936621610494024,12.0,0
576.4185747554743,critical,0.0,0.6659438790168433,0.6659438790168433,2.0,0
570.3868292770799,routine,6.0674007503313305,0.6659438790168433,6.733344629348174,24.0,0
570.7169031166462,routine,6.305218203774302,0.3190807107927397,6.624298914567042,24.0,0
576.568702414113,seasonal,0.2857375450754489,0.6599100317467526,0.9456475768222015,12.0,0
572.2062341417329,routine,4.853953264408574,0.4353805806418104,5.289333845050384,24.0,0
572.6185227879055,routine,4.61260609131125,0.6599100317467526,5.272516123058002,24.0,0
572.9024638632061,routine,4.679223082324256,0.6599100317467526,5.339133114071009,24.0,0
575.1794116478277,routine,2.9731619287714466,0.6396923088485589,3.6128542376200055,24.0,0
573.9462274169496,routine,3.9412975460858206,0.4353805806418104,4.376678126727631,24.0,0
576.8562769932628,routine,1.3647701178749685,0.6659438790168433,2.0307139968918118,24.0,0
573.2137290869849,routine,4.5183270481959426,0.6659438790168433,5.184270927212786,24.0,0
577.3950144297817,routine,0.8885947266140874,0.3190807107927397,1.2076754374068273,24.0,0
578.9482272502379,emergency,0.0,0.9736079806575129,0.9736079806575129,4.0,0
579.2160070629888,emergency,0.0,0.6659438790168433,0.6659438790168433,4.0,0
579.0149818176502,routine,0.0,0.7919122426127785,0.7919122426127785,24.0,0
580.462879274893,emergency,0.0,0.4353805806418104,0.4353805806418104,4.0,0
580.2667921153056,emergency,0.0,0.6396923088485589,0.6396923088485589,4.0,0
580.6415531273908,routine,0.0,0.6396923088485589,0.6396923088485589,24.0,0
580.4444570362455,routine,0.0,0.6599100317467526,0.6599100317467526,24.0,0
580.8221124048476,emergency,0.0,0.3513634158531591,0.3513634158531591,4.0,0
580.2638337025089,emergency,0.0,1.0255029253980703,1.0255029253980703,4.0,0
581.1137199885758,routine,0.0,0.3513634158531591,0.3513634158531591,24.0,0
581.1597440269172,seasonal,0.0,0.4353805806418104,0.4353805806418104,12.0,0
581.1591250715646,emergency,0.0,0.4353805806418104,0.4353805806418104,4.0,0
581.7216618842145,critical,0.0,0.4353805806418104,0.4353805806418104,2.0,0
582.6016814056212,routine,0.0,0.6599100317467526,0.6599100317467526,24.0,0
582.6477518967723,routine,0.0,0.7177220910631077,0.7177220910631077,24.0,0
583.10547343115,seasonal,0.0,0.7177220910631077,0.7177220910631077,12.0,0
584.2613100043452,emergency,0.0,0.4353805806418104,0.4353805806418104,4.0,0
584.0047434202382,routine,0.0,0.6659438790168433,0.6659438790168433,24.0,0
584.2114003524468,seasonal,0.0,0.3513634158531591,0.3513634158531591,12.0,0
583.8086013719483,critical,0.0,0.6599100317467526,0.6599100317467526,2.0,0
584.0760722323248,routine,0.0,1.0255029253980703,1.0255029253980703,24.0,0
583.9548972678359,routine,0.0,1.0255029253980703,1.0255029253980703,24.0,0
584.4443721049505,emergency,0.0,0.6659438790168433,0.6659438790168433,4.0,0
584.1875179404773,routine,0.0,0.6599100317467526,0.6599100317467526,24.0,0
584.4070985229456,emergency,0.0,0.6396923088485589,0.6396923088485589,4.0,0
584.5750102194384,emergency,0.0,0.6396923088485589,0.6396923088485589,4.0,0
584.1598594315119,seasonal,0.0,1.0255029253980703,1.0255029253980703,12.0,0
584.7892413125652,emergency,0.0,0.668926378609784,0.668926378609784,4.0,0
584.8903769445437,emergency,0.0,0.4353805806418104,0.4353805806418104,4.0,0
584.9958092280564,routine,0.06714263199410198,0.6599100317467526,0.7270526637408545,24.0,0
585.0053279932187,emergency,0.0,0.3513634158531591,0.3513634158531591,4.0,0
584.7481070567111,emergency,0.0,0.668926378609784,0.668926378609784,4.0,0
585.77929797006,critical,0.0,0.4353805806418104,0.4353805806418104,2.0,0
585.5041567286736,routine,0.24348158943803355,0.6659438790168433,0.9094254684548768,24.0,0
585.9203478504672,routine,0.0,0.6659438790168433,0.6659438790168433,24.0,0
586.2233150587857,critical,0.0,0.4353805806418104,0.4353805806418104,2.0,0
585.3733798488942,routine,0.23027522675624823,0.9736079806575129,1.203883207413761,24.0,0
585.1077080293542,seasonal,0.43665647669638474,0.6599100317467526,1.0965665084431373,12.0,0
586.330985314282,critical,0.0,0.668926378609784,0.668926378609784,2.0,0
585.6578483760755,emergency,0.0,1.0255029253980703,1.0255029253980703,4.0,0
585.7978026775713,critical,0.0,0.6659438790168433,0.6659438790168433,2.0,0
586.4357393431354,emergency,0.0,0.6599100317467526,0.6599100317467526,4.0,0
586.4121801863955,emergency,0.0,0.668926378609784,0.668926378609784,4.0,0
586.692754060621,emergency,0.0,0.7919122426127785,0.7919122426127785,4.0,0
586.5535998482502,routine,0.0,0.668926378609784,0.668926378609784,24.0,0
586.493230798819,routine,0.0,0.7177220910631077,0.7177220910631077,24.0,0
586.2196031195991,routine,0.0,0.7177220910631077,0.7177220910631077,24.0,0
586.3575583671811,emergency,0.0,0.6599100317467526,0.6599100317467526,4.0,0
586.6701263281296,emergency,0.0,0.3513634158531591,0.3513634158531591,4.0,0
587.1112237213109,emergency,0.0,0.7177220910631077,0.7177220910631077,4.0,0
586.9961369525844,critical,0.0,0.6659438790168433,0.6659438790168433,2.0,0
587.4381550105966,emergency,0.05067178458898525,0.6599100317467526,0.7105818163357378,4.0,0
586.6106524457996,seasonal,0.7854437216341239,0.4353805806418104,1.2208243022759344,12.0,0
587.3565574434535,emergency,0.0,0.6599100317467526,0.6599100317467526,4.0,0
586.6633814695322,seasonal,0.7734638092980504,0.4353805806418104,1.2088443899398609,12.0,0
587.233380970767,emergency,0.0,0.6396923088485589,0.6396923088485589,4.0,0
587.6309538963625,emergency,0.0,0.7919122426127785,0.7919122426127785,4.0,0
587.6942753267516,emergency,0.0,0.6396923088485589,0.6396923088485589,4.0,0
586.9712337371642,emergency,0.0,0.9736079806575129,0.9736079806575129,4.0,0
588.0463466836574,seasonal,0.06963865171223915,0.4353805806418104,0.5050192323540496,12.0,0
587.9297345809392,emergency,0.0,0.6659438790168433,0.6659438790168433,4.0,0
587.3771952973759,emergency,0.0,0.6659438790168433,0.6659438790168433,4.0,0
587.1870599732246,emergency,0.0,1.0255029253980703,1.0255029253980703,4.0,0
588.0273718879356,emergency,0.0,0.6659438790168433,0.6659438790168433,4.0,0
586.8220608608943,routine,1.3521834566341795,0.4353805806418104,1.78756403727599,24.0,0
586.7930814004088,routine,1.3653345576798301,0.3513634158531591,1.7166979735329893,24.0,0
586.9624022661314,seasonal,0.5363080608593691,1.0255029253980703,1.5618109862574394,12.0,0
587.3677550413025,seasonal,0.20459188129188988,0.9736079806575129,1.1781998619494027,12.0,0
588.2606947930042,emergency,0.10155217452336274,0.3513634158531591,0.45291559037652185,4.0,0
588.3686682186003,emergency,0.25166593862581976,0.6659438790168433,0.917609817642663,4.0,0
588.0935694040337,emergency,0.0021316193990514876,0.6599100317467526,0.662041651145804,4.0,0
588.4388443715436,critical,0.07369119447434969,0.3513634158531591,0.4250546103275088,2.0,0
588.023290784673,emergency,0.0,0.668926378609784,0.668926378609784,4.0,0
588.4796229006122,emergency,0.2966192859058765,0.3190807107927397,0.6156999966986162,4.0,0
588.2443893130744,seasonal,0.5498419195369024,0.3513634158531591,0.9012053353900615,12.0,0
588.2142743320672,critical,0.0,1.0255029253980703,1.0255029253980703,2.0,0
588.8090311778914,emergency,0.12062842498187365,0.6659438790168433,0.7865723039987169,4.0,0
589.3823967559534,critical,0.0,0.6396923088485589,0.6396923088485589,2.0,0
588.6362361524992,seasonal,0.2913294303572229,1.0255029253980703,1.3168323557552932,12.0,0
588.7281667390564,emergency,0.11053782149883773,1.0255029253980703,1.136040746896908,4.0,0
588.9832023849764,seasonal,0.6918477848164457,0.7177220910631077,1.4095698758795534,12.0,0
589.8794075738161,emergency,0.0,0.7919122426127785,0.7919122426127785,4.0,0
589.53565655694,critical,0.0,0.4353805806418104,0.4353805806418104,2.0,0
588.9350531025973,seasonal,0.6812571220441441,0.4353805806418104,1.1166377026859546,12.0,0
588.7891351433211,seasonal,0.48778955263685475,0.9736079806575129,1.4613975332943676,12.0,0
589.8433232950795,emergency,0.0,0.6599100317467526,0.6599100317467526,4.0,0
590.0025240704639,critical,0.0,0.3513634158531591,0.3513634158531591,2.0,0
589.1837057572257,seasonal,0.5768783165341347,0.6396923088485589,1.2165706253826936,12.0,0
590.5504961881282,emergency,0.0,0.3190807107927397,0.3190807107927397,4.0,0
586.8871033985133,routine,2.8905262777008147,0.9736079806575129,3.8641342583583276,24.0,0
589.8527365849179,seasonal,0.5864772188953111,0.6659438790168433,1.2524210979121544,12.0,0
590.3251274985603,emergency,0.0,0.9736079806575129,0.9736079806575129,4.0,0
589.9483868463142,seasonal,0.7353609065627325,0.6599100317467526,1.395270938309485,12.0,0
591.483390355676,critical,0.0,0.3190807107927397,0.3190807107927397,2.0,0
590.5612598304373,emergency,0.0,0.6659438790168433,0.6659438790168433,4.0,0
591.3319570314965,seasonal,0.03133674134198827,0.4353805806418104,0.46671732198379867,12.0,0
591.0573963484044,emergency,0.0,0.3190807107927397,0.3190807107927397,4.0,0
590.5033865289818,seasonal,0.7621920925820405,0.668926378609784,1.4311184711918243,12.0,0
591.3282387045192,emergency,0.0,0.6599100317467526,0.6599100317467526,4.0,0
591.1293425721273,critical,0.0,0.6599100317467526,0.6599100317467526,2.0,0
591.9208904865221,emergency,0.0,0.3513634158531591,0.3513634158531591,4.0,0
591.6420903787865,critical,0.0,0.6599100317467526,0.6599100317467526,2.0,0
587.037374019441,routine,4.560120957146296,0.6659438790168433,5.22606483616314,24.0,0
591.9392948652296,emergency,0.0,0.3190807107927397,0.3190807107927397,4.0,0
591.2445864532775,critical,0.0,0.7919122426127785,0.7919122426127785,2.0,0
591.8476472522383,emergency,0.0,0.6599100317467526,0.6599100317467526,4.0,0
591.5671652993597,emergency,0.0,0.6659438790168433,0.6659438790168433,4.0,0
592.0308175975014,critical,0.377580680603387,0.3513634158531591,0.7289440964565461,2.0,0
591.8136655882867,emergency,0.0,0.9736079806575129,0.9736079806575129,4.0,0
592.1060716085295,emergency,0.34116759308722067,0.3513634158531591,0.6925310089403798,4.0,0
586.9394795734072,routine,4.473612313958256,0.7919122426127785,5.265524556571035,24.0,0
591.697829936006,emergency,0.0,0.6659438790168433,0.6659438790168433,4.0,0
587.241183570869,routine,4.61748828037048,0.6599100317467526,5.277398312117233,24.0,0
592.1932203191215,seasonal,0.057973207412715055,0.3513634158531591,0.40933662326587417,12.0,0
591.7592640710433,emergency,0.0,1.0255029253980703,1.0255029253980703,4.0,0
592.0195887114287,critical,0.1922787679046678,0.7919122426127785,0.9841910105174463,2.0,0
591.9879573076664,emergency,0.0,0.7919122426127785,0.7919122426127785,4.0,0
592.5296885072534,seasonal,0.26447032652004054,0.6599100317467526,0.9243803582667931,12.0,0
587.5267446997295,routine,4.615737417455648,0.668926378609784,5.284663796065432,24.0,0
592.1273255159099,emergency,0.55602678813284,0.6659438790168433,1.2219706671496833,4.0,0
587.659930789375,routine,4.805682777286961,0.6659438790168433,5.471626656303805,24.0,0
592.5502007979143,emergency,0.7770342204798908,0.3513634158531591,1.12839763633305,4.0,0
592.7469735454312,emergency,0.6698210401264078,0.3513634158531591,1.0211844559795669,4.0,0
592.4291813297831,emergency,0.8460098596693797,0.3190807107927397,1.1650905704621195,4.0,0
592.3693090119726,emergency,0.8120767482971587,0.7919122426127785,1.6039889909099372,4.0,0
592.2002152475245,emergency,0.9658895289846896,0.3513634158531591,1.3172529448378487,4.0,0
593.4679598759453,critical,0.05703200844982348,0.3513634158531591,0.4083954243029826,2.0,0
592.505274472887,emergency,0.8176882699484622,0.6659438790168433,1.4836321489653055,4.0,0
592.6421273898491,seasonal,0.6098724322806675,0.9736079806575129,1.5834804129381803,12.0,0
593.6410989710961,critical,0.195616863035184,0.3190807107927397,0.5146975738279237,2.0,0
592.1987848268614,emergency,0.8485079824143895,0.7177220910631077,1.5662300734774972,4.0,0
588.2856309478653,routine,5.32675972133768,0.6599100317467526,5.986669753084433,24.0,0
587.8964025557732,routine,5.681631657317439,0.3190807107927397,6.000712368110179,24.0,0
592.5909184383728,emergency,0.774598494227007,1.0255029253980703,1.8001014196250773,4.0,0
592.9878016427676,emergency,1.2035238093912994,0.3513634158531591,1.5548872252444585,4.0,0
592.831492240045,emergency,0.7072104505941752,0.6396923088485589,1.346902759442734,4.0,0
592.8358903940108,emergency,0.7348026402584082,0.6599100317467526,1.3947126720051608,4.0,0
592.9312620345877,emergency,1.095292815153357,0.668926378609784,1.7642191937631408,4.0,0
593.4408408897461,seasonal,0.11923263555695485,0.9736079806575129,1.0928406162144677,12.0,0
593.1918016269669,critical,0.029076554004973332,1.0255029253980703,1.0545794794030436,2.0,0
593.603107133273,critical,0.06331191497395139,0.6659438790168433,0.7292557939907947,2.0,0
593.8190764389518,seasonal,0.2685096723985225,0.6659438790168433,0.9344535514153658,12.0,0
593.2747197681227,emergency,1.3470806445891412,0.4353805806418104,1.7824612252309517,4.0,0
593.013821617329,emergency,1.2806807008424812,0.6599100317467526,1.9405907325892338,4.0,0
593.873405569492,seasonal,0.2489981791208038,0.6396923088485589,0.8886904879693627,12.0,0
594.1333347207534,seasonal,0.15998292876633968,0.7919122426127785,0.9518951713791182,12.0,0
594.6400529223669,critical,0.09451781807410953,0.6599100317467526,0.7544278498208621,2.0,0
593.7866320030158,emergency,1.056896552657804,0.9736079806575129,2.030504533315317,4.0,0
594.1150281101584,emergency,0.9963494840631029,0.6396923088485589,1.6360417929116617,4.0,0
594.7748958868659,emergency,0.644414760519112,0.3190807107927397,0.9634954713118516,4.0,0
594.591417442345,emergency,0.7720351677052122,0.4353805806418104,1.2074157483470227,4.0,0
589.7338977159084,routine,5.409950375430753,0.4353805806418104,5.845330956072564,24.0,0
589.4277156359884,routine,5.520998496933089,0.6599100317467526,6.180908528679842,24.0,0
593.7413601498473,emergency,1.0174484344372559,0.668926378609784,1.6863748130470397,4.0,0
590.0695837442976,routine,5.12544581832276,0.6396923088485589,5.765138127171319,24.0,0
593.2440734895115,emergency,1.1602622412514165,1.0255029253980703,2.185765166649487,4.0,0
593.749584938357,emergency,1.016833197043752,0.6599100317467526,1.6767432287905046,4.0,0
593.9081477853314,emergency,1.1307987455826378,0.7177220910631077,1.8485208366457455,4.0,0
594.8569210904869,emergency,0.7248969311690416,0.6396923088485589,1.3645892400176005,4.0,0
594.1852054096088,emergency,1.044453682752419,0.9736079806575129,2.0180616634099318,4.0,0
595.8081935303842,seasonal,0.05751230989255873,0.3513634158531591,0.40887572574571784,12.0,0
594.8483257115463,emergency,0.6695371309335769,0.3190807107927397,0.9886178417263166,4.0,0
595.5560436986918,seasonal,0.02182874615118635,1.0255029253980703,1.0473316715492567,12.0,0
594.4726443383635,emergency,0.885336385388996,0.7177220910631077,1.6030584764521036,4.0,0
595.7055270231195,critical,0.1698427527868489,0.6659438790168433,0.8357866318036922,2.0,0
595.4179168058888,emergency,1.1490367555328476,0.3190807107927397,1.4681174663255874,4.0,0
591.2632589704249,routine,5.346314770897493,0.3190807107927397,5.665395481690233,24.0,0
590.0703761468374,routine,6.0023368290494545,0.7177220910631077,6.720058920112562,24.0,0
594.9186791306292,emergency,0.7451821694411365,0.9736079806575129,1.7187901500986493,4.0,0
595.0297608000957,emergency,1.3167347739815796,0.4353805806418104,1.75211535462339,4.0,0
595.0290662406778,emergency,0.9924515441955464,0.6599100317467526,1.652361575942299,4.0,0
596.0207560894582,emergency,0.8541091928659625,0.3513634158531591,1.2054726087191217,4.0,0
595.4485787041724,emergency,1.1321406236259008,0.668926378609784,1.8010670022356847,4.0,0
595.672794931299,emergency,0.9563736883552565,0.3190807107927397,1.2754543991479963,4.0,0
595.758409713759,emergency,0.9735408391969713,0.6599100317467526,1.6334508709437239,4.0,0
591.3059365947503,routine,5.333119539182235,0.7919122426127785,6.1250317817950135,24.0,0
595.0358692072093,emergency,1.392595910532691,0.668926378609784,2.061522289142475,4.0,0
595.2153381519367,emergency,1.3365114768653257,0.9736079806575129,2.3101194575228385,4.0,0
590.1485229810238,routine,6.177851533871376,0.6599100317467526,6.837761565618129,24.0,0
595.8147867206238,emergency,1.0018271441592788,0.7919122426127785,1.7937393867720572,4.0,0
591.4839341719635,routine,5.744343576221809,0.3190807107927397,6.0634242870145485,24.0,0
590.2207932189762,routine,6.379123126352738,0.7177220910631077,7.096845217415845,24.0,0
597.4896764895295,seasonal,0.20004245263544362,0.4353805806418104,0.635423033277254,12.0,0
596.9599731928448,critical,0.12631326736755,0.6599100317467526,0.7862232991143026,2.0,0
596.9482098839051,emergency,0.5605010639897046,0.6599100317467526,1.2204110957364571,4.0,0
596.7559149052445,seasonal,0.3834384484483735,0.668926378609784,1.0523648270581574,12.0,0
595.9694776916551,emergency,0.889540782414656,0.9736079806575129,1.8631487630721688,4.0,0
596.3443975194525,emergency,0.8514413124746625,0.7919122426127785,1.643353555087441,4.0,0
591.4840022824253,routine,6.227084025504951,0.6659438790168433,6.893027904521794,24.0,0
597.351359715646,emergency,0.5337597904887161,0.4353805806418104,0.9691403711305265,4.0,0
597.1257978059657,emergency,0.6610601428384371,0.6659438790168433,1.3270040218552803,4.0,0
596.8992043574913,emergency,0.4733019437761641,0.7919122426127785,1.2652141863889426,4.0,0
597.2571353480048,emergency,0.6098398798859535,0.4353805806418104,1.045220460527764,4.0,0
597.4337246401151,emergency,0.4663222349381613,0.9736079806575129,1.4399302155956741,4.0,0
597.9520469610544,seasonal,0.11947764865499266,0.6659438790168433,0.7854215276718359,12.0,0
592.0368278837908,routine,6.395593483722678,0.3190807107927397,6.714674194515418,24.0,0
597.6785506211877,emergency,0.3678671703243026,0.3513634158531591,0.7192305861774617,4.0,0
598.3869254591127,emergency,0.0,0.7177220910631077,0.7177220910631077,4.0,0
597.570551385668,emergency,0.41374653581010534,0.6599100317467526,1.073656567556858,4.0,0
598.0420189062438,emergency,0.07137236548066994,0.7919122426127785,0.8632846080934484,4.0,0
597.0537766090172,emergency,0.6280117182603817,0.9736079806575129,1.6016196989178946,4.0,0
592.4483979514342,routine,6.413711819246828,0.3190807107927397,6.732792530039568,24.0,0
597.7280614263323,emergency,0.342724743219037,0.7919122426127785,1.1346369858318155,4.0,0
591.5063414622958,routine,6.863576558308409,0.6599100317467526,7.523486590055162,24.0,0
598.84563475678,emergency,0.0,0.6599100317467526,0.6599100317467526,4.0,0
598.8821856208771,emergency,0.13279131727404092,0.6659438790168433,0.7987351962908842,4.0,0
593.0648127827367,routine,6.4909724932413155,0.3190807107927397,6.810053204034055,24.0,0
592.58692073118,routine,6.530442190976487,0.6659438790168433,7.196386069993331,24.0,0
598.6898517608721,seasonal,0.005759897476650622,1.0255029253980703,1.031262822874721,12.0,0
599.2143035861538,emergency,0.0,0.6599100317467526,0.6599100317467526,4.0,0
599.1330001971847,critical,0.0,0.7177220910631077,0.7177220910631077,2.0,0
592.7464383063148,routine,6.590286753037731,0.4353805806418104,7.025667333679541,24.0,0
592.836522402277,routine,6.719132261515028,0.4353805806418104,7.154512842156839,24.0,0
599.7218425390945,emergency,0.0,0.6599100317467526,0.6599100317467526,4.0,0
600.0306255626433,emergency,0.0,0.7177220910631077,0.7177220910631077,4.0,0
599.6685913270112,emergency,0.0,0.7919122426127785,0.7919122426127785,4.0,0
600.579021148948,emergency,0.0,0.3190807107927397,0.3190807107927397,4.0,0
593.9236357031425,routine,6.614859789918569,0.6599100317467526,7.274769821665322,24.0,0
599.9273493472429,emergency,0.0,0.7919122426127785,0.7919122426127785,4.0,0
593.1823734724379,routine,7.008863960660847,0.7177220910631077,7.726586051723954,24.0,0
594.1089198039822,routine,6.436649157713418,0.9736079806575129,7.410257138370931,24.0,0
600.3632735367038,emergency,0.0,0.7177220910631077,0.7177220910631077,4.0,0
593.5322239877909,routine,6.858470660530429,0.7177220910631077,7.576192751593537,24.0,0
600.4622181957131,emergency,0.0,0.6659438790168433,0.6659438790168433,4.0,0
600.481142785023,emergency,0.0,0.7177220910631077,0.7177220910631077,4.0,0
593.8204611175677,routine,6.707375706698826,0.9736079806575129,7.680983687356339,24.0,0
594.132184555802,routine,6.754311287019732,0.4353805806418104,7.1896918676615424,24.0,0
594.8055159119095,routine,7.314532838785226,0.3190807107927397,7.633613549577966,24.0,0
594.4666145523901,routine,7.444075630717862,0.4353805806418104,7.879456211359672,24.0,0
594.3978515632598,routine,6.979679096198197,0.6599100317467526,7.63958912794495,24.0,0
602.619847724843,emergency,0.0,0.4353805806418104,0.4353805806418104,4.0,0
594.5185177949236,routine,7.467543046195715,0.6599100317467526,8.127453077942468,24.0,0
602.2757062493652,emergency,0.0,0.6599100317467526,0.6599100317467526,4.0,0
595.2119140269702,routine,7.407492754383156,0.3190807107927397,7.726573465175896,24.0,0
594.942529520498,routine,7.617345033743163,0.668926378609784,8.286271412352948,24.0,0
602.4709369914615,emergency,0.0,0.6599100317467526,0.6599100317467526,4.0,0
594.8984775166167,routine,7.231240635428662,1.0255029253980703,8.256743560826733,24.0,0
595.7487037253112,routine,7.6138346530914305,0.7919122426127785,8.405746895704208,24.0,0
595.7952876914343,routine,7.6221187686006715,0.9736079806575129,8.595726749258183,24.0,0
595.6438306160495,routine,7.68535819503245,0.7177220910631077,8.403080286095557,24.0,0
599.9764179402731,routine,4.3690543997594204,0.3190807107927397,4.68813511055216,24.0,0
596.5563766837001,routine,7.3935531705517405,0.6599100317467526,8.053463202298493,24.0,0
599.4246350182868,routine,4.565339186719029,0.7177220910631077,5.283061277782137,24.0,0
596.4692522483472,routine,7.452225844025293,0.7919122426127785,8.24413808663807,24.0,0
604.3765232952815,critical,0.0,0.6599100317467526,0.6599100317467526,2.0,0
602.5651642702929,routine,2.4233147910077832,0.4353805806418104,2.8586953716495938,24.0,0
605.2490881790804,routine,0.0,0.3513634158531591,0.3513634158531591,24.0,0
605.1559248896125,seasonal,0.0,0.6659438790168433,0.6659438790168433,12.0,0
605.7812889276732,seasonal,0.0,0.3513634158531591,0.3513634158531591,12.0,0
605.760902271739,routine,0.0,0.7177220910631077,0.7177220910631077,24.0,0
606.6204185676855,emergency,0.0,0.7919122426127785,0.7919122426127785,4.0,0
606.5882296671243,routine,0.0,0.668926378609784,0.668926378609784,24.0,0
606.8536757377253,routine,0.0,1.0255029253980703,1.0255029253980703,24.0,0
607.9075009461826,seasonal,0.0,0.7919122426127785,0.7919122426127785,12.0,0
607.8984958096703,critical,0.0,0.7919122426127785,0.7919122426127785,2.0,0
607.8748602715109,emergency,0.0,0.3513634158531591,0.3513634158531591,4.0,0
607.6713150072084,seasonal,0.0,0.6599100317467526,0.6599100317467526,12.0,0
607.9730420453794,seasonal,0.0,0.3190807107927397,0.3190807107927397,12.0,0
608.1605724054,critical,0.0,0.7177220910631077,0.7177220910631077,2.0,0
608.0763312125475,critical,0.0,1.0255029253980703,1.0255029253980703,2.0,0
607.7245108197706,seasonal,0.0,0.7919122426127785,0.7919122426127785,12.0,0
608.0441889483184,seasonal,0.0,0.7919122426127785,0.7919122426127785,12.0,0
608.2125206807856,seasonal,0.08238099496543327,0.668926378609784,0.7513073735752173,12.0,0
608.7724451286946,emergency,0.0,0.3190807107927397,0.3190807107927397,4.0,0
608.2971969146953,emergency,0.0,1.0255029253980703,1.0255029253980703,4.0,0
609.2123151341233,emergency,0.0,0.3513634158531591,0.3513634158531591,4.0,0
608.2949325954135,emergency,0.0,1.0255029253980703,1.0255029253980703,4.0,0
608.6947805043562,emergency,0.0,0.6659438790168433,0.6659438790168433,4.0,0
608.5707227605052,emergency,0.0,1.0255029253980703,1.0255029253980703,4.0,0
608.2329165189963,routine,0.7638946988317912,0.4353805806418104,1.1992752794736017,24.0,0
609.0582331519978,critical,0.0,0.668926378609784,0.668926378609784,2.0,0
609.1689805427383,emergency,0.0,0.6599100317467526,0.6599100317467526,4.0,0
609.3561838968117,emergency,0.0,0.4353805806418104,0.4353805806418104,4.0,0
609.4043809385137,emergency,0.0,0.6659438790168433,0.6659438790168433,4.0,0
609.1082375064524,emergency,0.0,0.9736079806575129,0.9736079806575129,4.0,0
609.7080293185511,seasonal,0.03570413169643416,0.6396923088485589,0.675396440544993,12.0,0
609.7126374391806,seasonal,0.2002561828466014,0.4353805806418104,0.6356367634884118,12.0,0
608.6908672065655,routine,0.773470449625961,0.6659438790168433,1.4394143286428043,24.0,0
608.2372764088933,routine,1.0677710514963792,1.0255029253980703,2.0932739768944497,24.0,0
609.4989095021062,emergency,0.0,0.7919122426127785,0.7919122426127785,4.0,0
609.1451389510353,routine,0.8902728664172628,0.6396923088485589,1.5299651752658217,24.0,0
608.3435654365235,routine,1.1025199248293802,0.6659438790168433,1.7684638038462235,24.0,0
609.333895174335,critical,0.0,0.7919122426127785,0.7919122426127785,2.0,0
609.9158783115702,emergency,0.0,0.6599100317467526,0.6599100317467526,4.0,0
610.0253065963159,emergency,0.0,1.0255029253980703,1.0255029253980703,4.0,0
610.7424604550529,emergency,0.0,0.3190807107927397,0.3190807107927397,4.0,0
610.4260437958565,routine,0.6836295521372904,0.3513634158531591,1.0349929679904495,24.0,0
610.4520821294013,seasonal,0.022733073372933177,0.3513634158531591,0.3740964892260923,12.0,0
610.724880427652,emergency,0.0,0.4353805806418104,0.4353805806418104,4.0,0
610.3152482459994,emergency,0.0,0.6659438790168433,0.6659438790168433,4.0,0
610.6358895849112,critical,0.0,0.6396923088485589,0.6396923088485589,2.0,0
610.3248772689768,routine,0.6847361326784949,0.6659438790168433,1.3506800116953381,24.0,0
610.5137869217943,emergency,0.0,0.9736079806575129,0.9736079806575129,4.0,0
611.1385897282206,emergency,0.0,0.3190807107927397,0.3190807107927397,4.0,0
611.0606945292739,seasonal,0.006165509130823921,0.668926378609784,0.6750918877406079,12.0,0
611.2965543403559,emergency,0.0,0.7177220910631077,0.7177220910631077,4.0,0
610.9505434702692,critical,0.0,0.668926378609784,0.668926378609784,2.0,0
611.3457016446214,seasonal,0.08802371299520928,0.668926378609784,0.7569500916049933,12.0,0
611.2219710275987,emergency,0.0,0.7177220910631077,0.7177220910631077,4.0,0
610.4103291967014,routine,0.61283632598645,0.9736079806575129,1.5864443066439629,24.0,0
611.6258273493686,critical,0.0,0.7919122426127785,0.7919122426127785,2.0,0
611.9563411368644,emergency,0.0,0.3190807107927397,0.3190807107927397,4.0,0
611.8238683694731,seasonal,0.29824832152837644,0.668926378609784,0.9671747001381604,12.0,0
610.6524584301097,routine,0.6332614610498695,0.9736079806575129,1.6068694417073823,24.0,0
612.3929303234715,emergency,0.0,0.6599100317467526,0.6599100317467526,4.0,0
612.401808397962,emergency,0.0,0.4353805806418104,0.4353805806418104,4.0,0
612.5161324685831,seasonal,0.510556964850025,0.3190807107927397,0.8296376756427647,12.0,0
610.6606981603659,routine,1.4756915950997609,0.7919122426127785,2.2676038377125396,24.0,0
612.4187717505151,seasonal,0.49748766863763194,0.6396923088485589,1.1371799774861908,12.0,0
612.8584159228848,critical,0.0,0.6396923088485589,0.6396923088485589,2.0,0
612.7910829808072,emergency,0.0,0.6659438790168433,0.6659438790168433,4.0,0
612.350844016314,seasonal,0.17365697091622678,0.6599100317467526,0.8335670026629793,12.0,0
612.4123112387094,seasonal,0.38969863658837767,0.6599100317467526,1.0496086683351302,12.0,0
612.7578196972477,emergency,0.0,0.4353805806418104,0.4353805806418104,4.0,0
612.7455846133364,emergency,0.0,0.668926378609784,0.668926378609784,4.0,0
612.9548295644248,critical,0.0,0.4353805806418104,0.4353805806418104,2.0,0
613.0700815691616,emergency,0.0,0.3190807107927397,0.3190807107927397,4.0,0
613.293788969838,emergency,0.0,0.7177220910631077,0.7177220910631077,4.0,0
613.0035121411172,seasonal,0.573052953241131,0.4353805806418104,1.0084335338829415,12.0,0
613.2691194499204,seasonal,0.3724299337862931,0.3190807107927397,0.6915106445790328,12.0,0
614.596046080982,emergency,0.0,0.3513634158531591,0.3513634158531591,4.0,0
614.0223244539249,emergency,0.0,0.668926378609784,0.668926378609784,4.0,0
611.4252010358966,routine,2.999123686740859,0.3190807107927397,3.3182043975335986,24.0,0
613.8391096287669,seasonal,0.3698577851303071,0.6396923088485589,1.009550093978866,12.0,0
614.4472245734836,emergency,0.0,0.6659438790168433,0.6659438790168433,4.0,0
613.7771824145568,emergency,0.0,0.7919122426127785,0.7919122426127785,4.0,0
613.635967577689,seasonal,0.39337103528066564,1.0255029253980703,1.418873960678736,12.0,0
610.9982855926386,routine,3.275507847971994,0.668926378609784,3.944434226581778,24.0,0
611.25802389705,routine,3.133093130233874,1.0255029253980703,4.158596055631945,24.0,0
614.9355063135188,critical,0.0,0.6599100317467526,0.6599100317467526,2.0,0
611.4778584883242,routine,3.5227637738087196,0.3190807107927397,3.8418444846014594,24.0,0
614.4810084019695,seasonal,0.37100599534119283,0.7177220910631077,1.0887280864043005,12.0,0
612.2426921675708,routine,3.5169885206121307,0.3513634158531591,3.86835193646529,24.0,0
615.5260463811533,emergency,0.0,0.7919122426127785,0.7919122426127785,4.0,0
615.5689814705099,emergency,0.0,0.9736079806575129,0.9736079806575129,4.0,0
611.8602139057607,routine,3.7167295488966374,0.668926378609784,4.385655927506422,24.0,0
612.7104183401922,routine,3.4199005195796417,0.3190807107927397,3.7389812303723815,24.0,0
616.1648920576794,emergency,0.0,0.6659438790168433,0.6659438790168433,4.0,0
613.3913441062383,routine,2.906781839691348,0.6659438790168433,3.5727257187081913,24.0,0
615.7442269758131,emergency,0.0,1.0255029253980703,1.0255029253980703,4.0,0
612.2764426516464,routine,3.618311773887058,0.9736079806575129,4.591919754544571,24.0,0
613.4536439144093,routine,2.930280391184624,0.3190807107927397,3.249361101977364,24.0,0
616.1815757091161,critical,0.0,0.6396923088485589,0.6396923088485589,2.0,0
612.4183798293359,routine,3.6057323798653442,1.0255029253980703,4.631235305263415,24.0,0
616.8266345113673,critical,0.0,0.6659438790168433,0.6659438790168433,2.0,0
616.6320768025242,critical,0.0,0.7919122426127785,0.7919122426127785,2.0,0
614.0256167619974,routine,3.0310324663806796,0.7177220910631077,3.748754557443787,24.0,0
617.7556205965362,emergency,0.0,0.3190807107927397,0.3190807107927397,4.0,0
617.2679050254548,emergency,0.0,0.3190807107927397,0.3190807107927397,4.0,0
617.8365942328854,emergency,0.0,0.3190807107927397,0.3190807107927397,4.0,0
617.4219550866222,seasonal,0.07509270981017835,0.3513634158531591,0.42645612566333746,12.0,0
617.8061568503775,critical,0.0,0.4353805806418104,0.4353805806418104,2.0,0
614.5954946525687,routine,3.535256451848227,0.3513634158531591,3.886619867701386,24.0,0
617.6972322783686,seasonal,0.26165491643632777,0.3190807107927397,0.5807356272290675,12.0,0
617.6320924405491,seasonal,0.2782657363927683,0.3190807107927397,0.597346447185508,12.0,0
617.4265075039145,critical,0.0,0.7177220910631077,0.7177220910631077,2.0,0
617.4066800895762,seasonal,0.019693129093070638,0.6659438790168433,0.6856370081099139,12.0,0
617.8766852196545,critical,0.0,0.4353805806418104,0.4353805806418104,2.0,0
618.3111231947308,emergency,0.0,0.3513634158531591,0.3513634158531591,4.0,0
618.937668667104,critical,0.0,0.3190807107927397,0.3190807107927397,2.0,0
618.8323501458775,emergency,0.0,0.3513634158531591,0.3513634158531591,4.0,0
614.7690854425304,routine,4.2601329766589515,0.4353805806418104,4.695513557300762,24.0,0
619.180685501304,critical,0.0,0.3190807107927397,0.3190807107927397,2.0,0
614.5578110436405,routine,3.5025813513586854,0.9736079806575129,4.476189332016198,24.0,0
618.6182988520998,seasonal,0.0414617330263809,0.3513634158531591,0.39282514887954,12.0,0
619.1048072908131,seasonal,0.028220846125918797,0.3190807107927397,0.3473015569186585,12.0,0
618.9942792747761,emergency,0.0,0.7919122426127785,0.7919122426127785,4.0,0
615.1040613900897,routine,4.1062968144340175,0.6599100317467526,4.76620684618077,24.0,0
619.3012397027702,emergency,0.0,0.3513634158531591,0.3513634158531591,4.0,0
618.7137903661956,emergency,0.0,0.668926378609784,0.668926378609784,4.0,0
618.8094832591862,emergency,0.0,0.6599100317467526,0.6599100317467526,4.0,0
619.6283806607457,emergency,0.0,0.3190807107927397,0.3190807107927397,4.0,0
620.0710912624569,emergency,0.0,0.3513634158531591,0.3513634158531591,4.0,0
619.4323251479045,seasonal,0.7647417064080173,0.3190807107927397,1.0838224172007571,12.0,0
619.2758395796832,emergency,0.0,1.0255029253980703,1.0255029253980703,4.0,0
615.6423113255745,routine,3.666954112323424,0.668926378609784,4.335880490933208,24.0,0
619.1656139822242,emergency,0.0,0.7919122426127785,0.7919122426127785,4.0,0
619.3542792886931,seasonal,0.08429665044263857,0.6659438790168433,0.7502405294594818,12.0,0
619.5948930943828,emergency,0.0,0.668926378609784,0.668926378609784,4.0,0
619.5583499076678,emergency,0.0,0.7177220910631077,0.7177220910631077,4.0,0
619.6985657154686,seasonal,0.7034124129700103,0.6659438790168433,1.3693562919868536,12.0,0
620.0801675597528,emergency,0.0,0.7919122426127785,0.7919122426127785,4.0,0
620.7919772608467,emergency,0.0,0.3190807107927397,0.3190807107927397,4.0,0
615.7319686053282,routine,4.795743861531605,0.6396923088485589,5.435436170380164,24.0,0
619.670066790895,seasonal,0.7072038306104105,0.7177220910631077,1.4249259216735182,12.0,0
620.0926572926916,critical,0.0,0.668926378609784,0.668926378609784,2.0,0
620.1246085586616,seasonal,0.29383725644333936,0.7919122426127785,1.0857494990561178,12.0,0
621.3190672677205,critical,0.0,0.6599100317467526,0.6599100317467526,2.0,0
621.1565864902824,critical,0.0,0.6599100317467526,0.6599100317467526,2.0,0
616.600460868881,routine,4.6479526535013065,0.4353805806418104,5.083333234143117,24.0,0
616.2661289755713,routine,4.903206088387265,0.6659438790168433,5.569149967404108,24.0,0
616.7015766418505,routine,4.6042294989448465,0.6659438790168433,5.27017337796169,24.0,0
621.454966764499,emergency,0.0,0.3513634158531591,0.3513634158531591,4.0,0
617.5365181638904,routine,4.54724863184731,0.4353805806418104,4.982629212489121,24.0,0
621.7897526935506,emergency,0.0,0.6659438790168433,0.6659438790168433,4.0,0
617.5801375741976,routine,4.855656771451095,0.4353805806418104,5.291037352092905,24.0,0
621.3299417449631,seasonal,0.4121255038638765,0.668926378609784,1.0810518824736604,12.0,0
622.1346040988327,emergency,0.0,0.6599100317467526,0.6599100317467526,4.0,0
616.9802551407334,routine,5.096432812225885,0.9736079806575129,6.070040792883398,24.0,0
618.3658919495981,routine,4.566194073366546,0.7919122426127785,5.358106315979325,24.0,0
618.4962094035831,routine,4.52782474762364,0.6396923088485589,5.1675170564721995,24.0,0
622.8785806625258,emergency,0.0,0.7177220910631077,0.7177220910631077,4.0,0
618.5002872844216,routine,4.5810002712780715,0.7177220910631077,5.298722362341179,24.0,0
618.9661794093362,routine,4.806684780848968,0.4353805806418104,5.242065361490779,24.0,0
618.812321405595,routine,4.753090171535632,0.6599100317467526,5.413000203282385,24.0,0
619.0230744515349,routine,4.753280832051701,0.6659438790168433,5.419224711068544,24.0,0
619.1010225186255,routine,5.198799618573389,0.4353805806418104,5.6341801992152,24.0,0
619.6799742104856,routine,4.759896427892613,0.3190807107927397,5.078977138685353,24.0,0
619.7927425773966,routine,5.041641353392947,0.7177220910631077,5.759363444456055,24.0,0
619.6219384180032,routine,4.808971457224175,1.0255029253980703,5.834474382622245,24.0,0
620.5186897191209,routine,5.017034563384414,0.6659438790168433,5.682978442401257,24.0,0
619.878189308759,routine,5.440889880281588,1.0255029253980703,6.466392805679659,24.0,0
619.8616331860846,routine,5.190154853637978,1.0255029253980703,6.215657779036048,24.0,0
622.2710929609254,routine,3.9020737077969443,0.4353805806418104,4.337454288438755,24.0,0
621.9845042914876,routine,4.055093345367823,0.6396923088485589,4.694785654216382,24.0,0
626.327574195914,emergency,0.0,0.7177220910631077,0.7177220910631077,4.0,0
620.7526296849118,routine,5.204064285460618,0.6396923088485589,5.843756594309177,24.0,0
622.869094921147,routine,3.6942824219559043,0.3513634158531591,4.045645837809063,24.0,0
624.1200385421619,routine,3.262602045884023,0.4353805806418104,3.6979826265258335,24.0,0
626.7783662086882,routine,0.7999568286004433,0.3190807107927397,1.119037539393183,24.0,0
625.1845857708889,routine,2.2677021710413783,0.6396923088485589,2.907394479889937,24.0,0
626.5373481716834,routine,0.9572775670606006,0.3190807107927397,1.2763582778533404,24.0,0
622.9601783104321,routine,4.072328578596171,0.6599100317467526,4.7322386103429235,24.0,0
628.0406245528792,routine,0.03146203616972798,0.3190807107927397,0.3505427469624677,24.0,0
628.0067104232504,seasonal,0.0,0.3513634158531591,0.3513634158531591,12.0,0
628.4116839650319,routine,0.11354767215573247,0.3513634158531591,0.4649110880088916,24.0,0
628.4326711051285,routine,0.47579886630194324,0.6599100317467526,1.1357088980486958,24.0,0
628.9724502008153,emergency,0.0,0.6659438790168433,0.6659438790168433,4.0,0
629.857572904664,seasonal,0.0,0.6599100317467526,0.6599100317467526,12.0,0
629.7049518023986,routine,0.0,0.6659438790168433,0.6659438790168433,24.0,0
629.6368659991615,emergency,0.0,0.6659438790168433,0.6659438790168433,4.0,0
630.7222699427737,emergency,0.0,0.3513634158531591,0.3513634158531591,4.0,0
630.9994549921394,emergency,0.0,0.6599100317467526,0.6599100317467526,4.0,0
630.7516434400359,emergency,0.0,0.6599100317467526,0.6599100317467526,4.0,0
631.1634910256611,routine,0.0,0.7177220910631077,0.7177220910631077,24.0,0
631.4811109897004,emergency,0.0,0.6599100317467526,0.6599100317467526,4.0,0
631.6711449242355,routine,0.0,0.4353805806418104,0.4353805806418104,24.0,0
632.0152133087189,emergency,0.0,0.7919122426127785,0.7919122426127785,4.0,0
632.3717624276001,emergency,0.0,0.4353805806418104,0.4353805806418104,4.0,0
632.5452582764649,emergency,0.0,0.6599100317467526,0.6599100317467526,4.0,0
632.8626793097939,emergency,0.0,0.3190807107927397,0.3190807107927397,4.0,0
632.3623488657663,seasonal,0.0,0.6599100317467526,0.6599100317467526,12.0,0
633.3828092859147,routine,0.0,0.3190807107927397,0.3190807107927397,24.0,0
633.0894253081086,emergency,0.0,0.6396923088485589,0.6396923088485589,4.0,0
633.4890292338578,routine,0.0,0.4353805806418104,0.4353805806418104,24.0,0
632.6664726149424,routine,0.0,1.0255029253980703,1.0255029253980703,24.0,0
633.8922064115123,emergency,0.0,0.4353805806418104,0.4353805806418104,4.0,0
634.1176951325725,emergency,0.0,0.3513634158531591,0.3513634158531591,4.0,0
633.5408879022151,emergency,0.0,0.6599100317467526,0.6599100317467526,4.0,0
633.7219736593064,routine,0.0,0.6659438790168433,0.6659438790168433,24.0,0
634.2505879531419,emergency,0.0,0.6599100317467526,0.6599100317467526,4.0,0
634.1425082912697,routine,0.15003266616497513,0.4353805806418104,0.5854132468067855,24.0,0
633.6252933059552,routine,0.0,0.9736079806575129,0.9736079806575129,24.0,0
633.8154209090002,routine,0.0,0.6396923088485589,0.6396923088485589,24.0,0
634.7083836002881,routine,0.0,0.3190807107927397,0.3190807107927397,24.0,0
634.623436148559,routine,0.0,0.3513634158531591,0.3513634158531591,24.0,0
634.6994864073863,emergency,0.0,0.7177220910631077,0.7177220910631077,4.0,0
635.114922667635,emergency,0.0,0.4353805806418104,0.4353805806418104,4.0,0
635.2196395840283,emergency,0.0,0.3513634158531591,0.3513634158531591,4.0,0
634.7057757541495,emergency,0.0,0.3513634158531591,0.3513634158531591,4.0,0
634.7338531886733,critical,0.0,0.7919122426127785,0.7919122426127785,2.0,0
634.7676302207122,routine,0.10153413374439424,0.4353805806418104,0.5369147143862046,24.0,0
635.3807212374561,emergency,0.0,0.4353805806418104,0.4353805806418104,4.0,0
634.8920831061922,seasonal,0.6521341067544881,0.6659438790168433,1.3180779857713314,12.0,0
635.4349789576719,emergency,0.0,0.6396923088485589,0.6396923088485589,4.0,0
635.4757131129558,seasonal,0.35489325360128987,0.4353805806418104,0.7902738342431003,12.0,0
635.4779736226257,emergency,0.0,0.3190807107927397,0.3190807107927397,4.0,0
635.1551780916266,emergency,0.0,0.668926378609784,0.668926378609784,4.0,0
635.5125719306469,emergency,0.0,0.6659438790168433,0.6659438790168433,4.0,0
635.5534769389786,emergency,0.0,0.7177220910631077,0.7177220910631077,4.0,0
635.0269480335646,seasonal,0.7250592269020899,0.7177220910631077,1.4427813179651976,12.0,0
635.1382705793073,emergency,0.0,0.9736079806575129,0.9736079806575129,4.0,0
635.7138401924416,critical,0.0,0.3513634158531591,0.3513634158531591,2.0,0
635.3085820123387,emergency,0.0,0.6599100317467526,0.6599100317467526,4.0,0
635.2821928668287,seasonal,0.5053303040833725,0.7177220910631077,1.2230523951464802,12.0,0
635.8141818928253,emergency,0.0,0.9736079806575129,0.9736079806575129,4.0,0
635.8151817888279,emergency,0.0,0.668926378609784,0.668926378609784,4.0,0
635.0245031265996,seasonal,0.6263910692101717,0.6659438790168433,1.292334948227015,12.0,0
635.9117948403601,critical,0.21874765831375953,0.7919122426127785,1.010659900926538,2.0,0
635.6537909829756,seasonal,0.9330584008265532,0.4353805806418104,1.3684389814683637,12.0,0
635.4288086602576,seasonal,0.3985346665419911,0.6659438790168433,1.0644785455588344,12.0,0
635.9296288486106,emergency,0.6115820126004792,0.3190807107927397,0.9306627233932189,4.0,0
635.8470885656545,emergency,0.32523972000399226,0.6599100317467526,0.9851497517507448,4.0,0
636.0462139630561,emergency,0.5416296515253407,0.7919122426127785,1.3335418941381192,4.0,0
636.5015592737444,seasonal,0.7155214599505371,0.3190807107927397,1.0346021707432769,12.0,0
636.3163335064079,emergency,0.6987328905385084,0.3513634158531591,1.0500963063916675,4.0,0
636.2343861799106,critical,0.10280445954117567,0.6396923088485589,0.7424967683897346,2.0,0
636.0512363232666,emergency,0.8900401960338513,0.7919122426127785,1.6819524386466298,4.0,0
636.6751761821296,emergency,0.429197392799324,0.3513634158531591,0.7805608086524831,4.0,0
636.2373592578766,seasonal,0.5980075594660548,0.9736079806575129,1.5716155401235676,12.0,0
636.3401098714471,critical,0.004962322734286317,1.0255029253980703,1.0304652481323566,2.0,0
636.241468449971,seasonal,0.7730548723964148,0.7919122426127785,1.5649671150091933,12.0,0
637.2161435002257,emergency,0.0,0.3190807107927397,0.3190807107927397,4.0,0
636.950719742989,seasonal,0.6613670964557059,0.3190807107927397,0.9804478072484456,12.0,0
635.082822792289,routine,2.6983991305371546,0.4353805806418104,3.133779711178965,24.0,0
637.439844722321,critical,0.0,0.6599100317467526,0.6599100317467526,2.0,0
636.6031341020869,seasonal,0.7930049183136134,1.0255029253980703,1.8185078437116837,12.0,0
637.9773502721765,emergency,0.0,0.6599100317467526,0.6599100317467526,4.0,0
637.2538490651377,seasonal,0.5074750120924136,0.6659438790168433,1.173418891109257,12.0,0
638.4257700186905,emergency,0.0,0.6659438790168433,0.6659438790168433,4.0,0
637.8614426363262,emergency,0.0,0.7177220910631077,0.7177220910631077,4.0,0
638.0030819731838,seasonal,0.3301100863494639,0.6659438790168433,0.9960539653663072,12.0,0
638.354598824315,emergency,0.0,0.7177220910631077,0.7177220910631077,4.0,0
638.7587117441983,critical,0.0,0.3190807107927397,0.3190807107927397,2.0,0
638.5069611344569,emergency,0.0,0.4353805806418104,0.4353805806418104,4.0,0
638.0972634580145,emergency,0.0,1.0255029253980703,1.0255029253980703,4.0,0
638.6552051473293,seasonal,0.07719700221082348,0.4353805806418104,0.5125775828526339,12.0,0
638.783143706933,seasonal,0.07346829880509631,0.668926378609784,0.7423946774148803,12.0,0
638.8495451374118,emergency,0.0,0.4353805806418104,0.4353805806418104,4.0,0
638.5226479778433,emergency,0.0,0.9736079806575129,0.9736079806575129,4.0,0
638.7846221702379,emergency,0.0,0.6599100317467526,0.6599100317467526,4.0,0
635.2425749229369,routine,3.7538765558019804,0.6599100317467526,4.413786587548733,24.0,0
638.4444650778449,emergency,0.0,0.7177220910631077,0.7177220910631077,4.0,0
639.2655261802552,emergency,0.0,0.3190807107927397,0.3190807107927397,4.0,0
635.2693238365813,routine,3.845229258795257,0.6599100317467526,4.50513929054201,24.0,0
639.429935525223,emergency,0.0,0.3513634158531591,0.3513634158531591,4.0,0
638.9551911001228,emergency,0.0,0.7177220910631077,0.7177220910631077,4.0,0
639.1940273326245,seasonal,0.16080590248066073,0.6599100317467526,0.8207159342274133,12.0,0
639.3816148161968,seasonal,0.25740031189207,0.4353805806418104,0.6927808925338804,12.0,0
635.3903562115818,routine,4.440488618375298,0.6659438790168433,5.106432497392142,24.0,0
639.8835187542992,emergency,0.0,0.668926378609784,0.668926378609784,4.0,0
640.7051815209633,emergency,0.0,0.3190807107927397,0.3190807107927397,4.0,0
635.5150317210329,routine,4.80758747021855,0.7919122426127785,5.599499712831329,24.0,0
640.4060474503749,seasonal,0.017574785749729926,0.3513634158531591,0.36893820160288904,12.0,0
640.2882970896007,seasonal,0.006964527940226617,0.6659438790168433,0.6729084069570699,12.0,0
640.7551231129362,emergency,0.0,0.4353805806418104,0.4353805806418104,4.0,0
640.9580109270166,emergency,0.0,0.3190807107927397,0.3190807107927397,4.0,0
640.4962884544517,emergency,0.0,0.9736079806575129,0.9736079806575129,4.0,0
635.9233175601423,routine,4.605100038496516,0.6599100317467526,5.265010070243269,24.0,0
640.6725061205593,emergency,0.0,0.3513634158531591,0.3513634158531591,4.0,0
641.0395775454863,emergency,0.0,0.6659438790168433,0.6659438790168433,4.0,0
636.5443139785807,routine,4.596247702227174,0.7177220910631077,5.313969793290282,24.0,0
640.8626306164709,emergency,0.0,0.6659438790168433,0.6659438790168433,4.0,0
641.1260402572375,emergency,0.0,0.4353805806418104,0.4353805806418104,4.0,0
641.4131767437302,emergency,0.0,0.6659438790168433,0.6659438790168433,4.0,0
641.5301295876459,emergency,0.0,0.6396923088485589,0.6396923088485589,4.0,0
641.2305343625387,emergency,0.0,0.4353805806418104,0.4353805806418104,4.0,0
641.5025088394755,emergency,0.0,0.7919122426127785,0.7919122426127785,4.0,0
641.2844173980836,emergency,0.0,0.7177220910631077,0.7177220910631077,4.0,0
641.1172808102737,emergency,0.0,0.6599100317467526,0.6599100317467526,4.0,0
641.7503639352879,emergency,0.2685197374132713,0.3513634158531591,0.6198831532664304,4.0,0
641.5004945826896,emergency,0.0,0.7919122426127785,0.7919122426127785,4.0,0
636.9592620049965,routine,4.999625722072096,0.3190807107927397,5.318706432864836,24.0,0
641.5811519807226,seasonal,0.2719895673805013,0.3513634158531591,0.6233529832336604,12.0,0
641.3769153668496,seasonal,0.0545527757109312,0.668926378609784,0.7234791543207152,12.0,0
636.9017538207656,routine,4.6731987817539675,0.9736079806575129,5.64680676241148,24.0,0
641.5569874353635,emergency,0.12008064569579346,0.3190807107927397,0.43916135648853316,4.0,0
641.5994033828675,emergency,0.24493764249666583,0.9736079806575129,1.2185456231541787,4.0,0
642.0290389382629,emergency,0.25995324274538234,0.668926378609784,0.9288796213551663,4.0,0
641.6343320473517,seasonal,0.29356027380197247,0.6396923088485589,0.9332525826505313,12.0,0
637.2816045490531,routine,5.22514215981289,0.3190807107927397,5.54422287060563,24.0,0
642.0467471061366,emergency,0.2941123774752441,0.668926378609784,0.9630387560850281,4.0,0
642.0024973558862,seasonal,0.2954112659169823,0.3513634158531591,0.6467746817701414,12.0,0
642.0096842054362,emergency,0.1260592172845918,0.6659438790168433,0.7920030963014351,4.0,0
642.6701722886902,emergency,0.29997478966981816,0.3513634158531591,0.6513382055229773,4.0,0
642.3057689923866,emergency,0.5455368748934006,0.3190807107927397,0.8646175856861403,4.0,0
642.0802793242481,emergency,0.3405619706594507,0.4353805806418104,0.7759425513012611,4.0,0
643.2468806722068,seasonal,0.07702030862162701,0.3190807107927397,0.3961010194143667,12.0,0
642.744054240135,emergency,0.310096256207089,0.3513634158531591,0.6614596720602481,4.0,0
643.063972005302,seasonal,0.06853137300072376,0.3513634158531591,0.41989478885388287,12.0,0
642.1240707697449,emergency,0.6231124296066355,0.4353805806418104,1.058493010248446,4.0,0
637.3357653181387,routine,5.832692675902081,0.6659438790168433,6.4986365549189244,24.0,0
642.4906560580157,emergency,0.4280146474513913,0.6659438790168433,1.0939585264682345,4.0,0
642.8149825965271,critical,0.020396624569798405,0.9736079806575129,0.9940046052273113,2.0,0
642.9241482958244,seasonal,0.18465501880177726,0.6396923088485589,0.8243473276503361,12.0,0
642.5114645112174,emergency,0.4468956534544759,0.6659438790168433,1.1128395324713192,4.0,0
643.3762099775877,emergency,0.20881846582415164,0.6659438790168433,0.8747623448409949,4.0,0
643.3251541121198,seasonal,0.28299365555790246,0.7177220910631077,1.0007157466210101,12.0,0
643.0290232180496,critical,0.013245737245597411,0.7919122426127785,0.8051579798583759,2.0,0
643.1204206930389,emergency,0.20456265863083445,0.7919122426127785,0.9964749012436129,4.0,0
642.4073364143123,emergency,0.5077031371376961,0.7919122426127785,1.2996153797504746,4.0,0
642.7910173333414,emergency,0.31120107515585005,0.9736079806575129,1.284809055813363,4.0,0
643.6232718174466,seasonal,0.05678019267406853,0.6599100317467526,0.7166902244208211,12.0,0
643.842702955058,seasonal,0.027425610394288924,0.6659438790168433,0.6933694894111322,12.0,0
643.2634431763264,emergency,0.17496568079150165,1.0255029253980703,1.200468606189572,4.0,0
644.7895969738549,emergency,0.0,0.6599100317467526,0.6599100317467526,4.0,0
637.6048781458289,routine,6.9026981217093635,1.0255029253980703,7.928201047107434,24.0,0
638.4762616705841,routine,6.402567368504265,0.6396923088485589,7.042259677352824,24.0,0
638.8157460371891,routine,6.141768220994663,0.3513634158531591,6.4931316368478225,24.0,0
638.1685636207259,routine,6.43254091361473,0.9736079806575129,7.406148894272243,24.0,0
644.625405040111,emergency,0.0,0.6599100317467526,0.6599100317467526,4.0,0
643.8602212143319,seasonal,0.4780164268114504,1.0255029253980703,1.5035193522095207,12.0,0
639.9537833858143,routine,5.6251028381349215,0.6396923088485589,6.264795146983481,24.0,0
645.4979529210559,critical,0.0,0.7919122426127785,0.7919122426127785,2.0,0
638.9166780485252,routine,6.617458395904237,0.7177220910631077,7.335180486967344,24.0,0
640.3397980269773,routine,5.895106616390763,0.4353805806418104,6.330487197032573,24.0,0
645.4328940627151,emergency,0.0,0.7919122426127785,0.7919122426127785,4.0,0
640.7188449218198,routine,6.0420261642303785,0.4353805806418104,6.477406744872189,24.0,0
646.137021578013,emergency,0.0,0.9736079806575129,0.9736079806575129,4.0,0
645.81628647678,critical,0.0,1.0255029253980703,1.0255029253980703,2.0,0
646.5280358211298,emergency,0.0,0.3190807107927397,0.3190807107927397,4.0,0
640.4181164210954,routine,6.035083111534959,0.668926378609784,6.704009490144744,24.0,0
646.1109740366361,emergency,0.0,1.0255029253980703,1.0255029253980703,4.0,0
640.598129113242,routine,5.895331810712037,0.7177220910631077,6.613053901775144,24.0,0
646.7490387633866,emergency,0.0,0.4353805806418104,0.4353805806418104,4.0,0
647.0183735178828,critical,0.0,0.7177220910631077,0.7177220910631077,2.0,0
646.8063853763013,critical,0.0,0.6599100317467526,0.6599100317467526,2.0,0
640.7944071404822,routine,6.094878987838115,0.668926378609784,6.763805366447899,24.0,0
647.2552779743603,emergency,0.0,0.4353805806418104,0.4353805806418104,4.0,0
647.0069174891277,emergency,0.0,0.7919122426127785,0.7919122426127785,4.0,0
640.6572882778073,routine,5.912507556877358,0.9736079806575129,6.886115537534871,24.0,0
641.1712471446995,routine,5.869702766954106,0.6659438790168433,6.5356466459709495,24.0,0
647.2255867969335,emergency,0.0,0.3513634158531591,0.3513634158531591,4.0,0
647.7425010985432,emergency,0.0,0.3190807107927397,0.3190807107927397,4.0,0
641.7057696397178,routine,6.757027966671103,0.4353805806418104,7.192408547312914,24.0,0
641.7975509687179,routine,6.834384143728016,0.3190807107927397,7.153464854520756,24.0,0
647.1896928992995,seasonal,0.18523130283131195,1.0255029253980703,1.2107342282293823,12.0,0
641.4058981368934,routine,6.495805459244025,0.7919122426127785,7.287717701856804,24.0,0
641.5576056075379,routine,6.783133654117933,0.6396923088485589,7.422825962966492,24.0,0
648.0663252539964,emergency,0.0,0.6599100317467526,0.6599100317467526,4.0,0
641.9927472826793,routine,6.873725298729823,0.668926378609784,7.542651677339608,24.0,0
642.931319208879,routine,6.816217216743212,0.3513634158531591,7.167580632596371,24.0,0
642.6615474379041,routine,6.245868450148009,0.6599100317467526,6.905778481894762,24.0,0
642.8043063228814,routine,6.882556111320014,0.3513634158531591,7.233919527173173,24.0,0
642.7727351188607,routine,6.901981980228356,0.7177220910631077,7.619704071291464,24.0,0
643.2975160249505,routine,6.7366411127765105,0.668926378609784,7.405567491386295,24.0,0
649.993262158951,emergency,0.0,0.3513634158531591,0.3513634158531591,4.0,0
644.0920717102798,routine,6.628338477286206,0.4353805806418104,7.063719057928017,24.0,0
650.5452678767656,seasonal,0.047106448102454124,0.6396923088485589,0.686798756951013,12.0,0
643.0628607244768,routine,6.735242449354928,1.0255029253980703,7.760745374752998,24.0,0
643.446783461758,routine,7.272048602367249,0.7919122426127785,8.063960844980027,24.0,0
644.2890379499405,routine,6.669553257575217,0.3190807107927397,6.988633968367957,24.0,0
650.4653929354134,emergency,0.0,0.6659438790168433,0.6659438790168433,4.0,0
651.0693194496746,emergency,0.0,0.4353805806418104,0.4353805806418104,4.0,0
651.2962464043918,emergency,0.0,0.3513634158531591,0.3513634158531591,4.0,0
644.367983444861,routine,6.654613532339454,0.6599100317467526,7.3145235640862065,24.0,0
651.6084159247489,emergency,0.0,0.3513634158531591,0.3513634158531591,4.0,0
644.7197049748574,routine,6.6412615172732785,0.7177220910631077,7.358983608336386,24.0,0
650.9165516362017,emergency,0.0,0.668926378609784,0.668926378609784,4.0,0
646.8624002815552,routine,5.276111454651868,0.6659438790168433,5.942055333668712,24.0,0
647.9208108860536,routine,4.513148186679359,0.4353805806418104,4.94852876732117,24.0,0
645.3082932809749,routine,6.605482906713064,0.6659438790168433,7.271426785729908,24.0,0
645.8196045333243,routine,6.315622762579096,0.3513634158531591,6.666986178432255,24.0,0
652.1868211482954,critical,0.0,0.6659438790168433,0.6659438790168433,2.0,0
647.6416408497149,routine,4.629561206734479,0.7919122426127785,5.421473449347258,24.0,0
651.1092169217817,routine,1.710329939881035,0.4353805806418104,2.1457105205228455,24.0,0
653.4425095880982,emergency,0.0,0.4353805806418104,0.4353805806418104,4.0,0
652.5339376230288,routine,0.30907808047379604,0.6396923088485589,0.9487703893223549,24.0,0
653.6678174313189,emergency,0.0,0.6599100317467526,0.6599100317467526,4.0,0
654.1592240721104,emergency,0.0,0.3513634158531591,0.3513634158531591,4.0,0
654.0760846382558,routine,0.0,0.4353805806418104,0.4353805806418104,24.0,0
653.8305400552784,critical,0.0,0.6659438790168433,0.6659438790168433,2.0,0
654.1367850677588,emergency,0.0,0.668926378609784,0.668926378609784,4.0,0
654.6552695645631,routine,0.0,0.3513634158531591,0.3513634158531591,24.0,0
654.4460457245661,routine,0.0,0.6659438790168433,0.6659438790168433,24.0,0
654.8337478288006,critical,0.0,0.7177220910631077,0.7177220910631077,2.0,0
654.7900429228008,emergency,0.0,0.7177220910631077,0.7177220910631077,4.0,0
655.4792385305071,routine,0.0,0.3190807107927397,0.3190807107927397,24.0,0
655.7190123560459,routine,0.0,0.4353805806418104,0.4353805806418104,24.0,0
655.3996128743336,routine,0.0,1.0255029253980703,1.0255029253980703,24.0,0
655.9977889670218,emergency,0.0,0.3190807107927397,0.3190807107927397,4.0,0
655.5601199946728,routine,0.0,0.6599100317467526,0.6599100317467526,24.0,0
656.398702944063,routine,0.0,0.3190807107927397,0.3190807107927397,24.0,0
656.758658358521,emergency,0.0,0.3190807107927397,0.3190807107927397,4.0,0
656.5560438083129,emergency,0.0,0.6659438790168433,0.6659438790168433,4.0,0
656.9963474832737,emergency,0.0,0.3513634158531591,0.3513634158531591,4.0,0
656.0704464511845,seasonal,0.0,0.7177220910631077,0.7177220910631077,12.0,0
656.4354837462765,emergency,0.0,0.6396923088485589,0.6396923088485589,4.0,0
656.4682837840109,emergency,0.0,0.3190807107927397,0.3190807107927397,4.0,0
656.8303539557553,emergency,0.0,0.3513634158531591,0.3513634158531591,4.0,0
656.6814539872877,emergency,0.0,0.668926378609784,0.668926378609784,4.0,0
657.1322285414902,emergency,0.0,0.3513634158531591,0.3513634158531591,4.0,0
656.7664491795842,emergency,0.0,0.6396923088485589,0.6396923088485589,4.0,0
657.2827432556977,routine,0.0,0.3513634158531591,0.3513634158531591,24.0,0
656.6462086009079,routine,0.0,0.9736079806575129,0.9736079806575129,24.0,0
657.5938515609207,routine,0.0,0.668926378609784,0.668926378609784,24.0,0
657.7186193930411,critical,0.0,0.6599100317467526,0.6599100317467526,2.0,0
657.9129622908486,seasonal,0.05958141436246933,0.3190807107927397,0.37866212515520903,12.0,0
657.8410429378742,critical,0.0,0.6599100317467526,0.6599100317467526,2.0,0
657.4839941943363,emergency,0.0,0.668926378609784,0.668926378609784,4.0,0
657.3910951785842,emergency,0.0,0.9736079806575129,0.9736079806575129,4.0,0
657.4810476637133,emergency,0.0,1.0255029253980703,1.0255029253980703,4.0,0
657.6744217561137,seasonal,0.0,0.3513634158531591,0.3513634158531591,12.0,0
657.7947201907247,critical,0.0,0.668926378609784,0.668926378609784,2.0,0
657.2398007283008,routine,0.0,0.9736079806575129,0.9736079806575129,24.0,0
657.4774011697427,emergency,0.0,0.7177220910631077,0.7177220910631077,4.0,0
657.68760509049,emergency,0.0,0.9736079806575129,0.9736079806575129,4.0,0
657.9188521302555,seasonal,0.49324037044073066,0.6396923088485589,1.1329326792892895,12.0,0
658.0213771198755,seasonal,0.5570433304018252,0.4353805806418104,0.9924239110436356,12.0,0
657.7322001736162,seasonal,0.0,0.6659438790168433,0.6659438790168433,12.0,0
658.3207201039332,emergency,0.0,0.6659438790168433,0.6659438790168433,4.0,0
658.6035353934848,emergency,0.0,0.6659438790168433,0.6659438790168433,4.0,0
658.9098245109802,emergency,0.11590050139682262,0.3190807107927397,0.4349812121895623,4.0,0
658.6061507005136,emergency,0.0,0.3513634158531591,0.3513634158531591,4.0,0
657.9878498025201,critical,0.0,1.0255029253980703,1.0255029253980703,2.0,0
658.6956505213491,emergency,0.0,0.7919122426127785,0.7919122426127785,4.0,0
659.1160228399324,emergency,0.0,0.6599100317467526,0.6599100317467526,4.0,0
659.2740795911333,seasonal,0.27611419750962796,0.3513634158531591,0.6274776133627871,12.0,0
658.7297735965276,seasonal,0.21509027953106852,1.0255029253980703,1.2405932049291388,12.0,0
658.7954796117125,emergency,0.0,0.6396923088485589,0.6396923088485589,4.0,0
658.8807226471226,emergency,0.0,0.9736079806575129,0.9736079806575129,4.0,0
658.9543861810517,seasonal,0.09097741612185928,0.4353805806418104,0.5263579967636697,12.0,0
658.8966095380055,critical,0.0,0.6659438790168433,0.6659438790168433,2.0,0
659.6788133942734,seasonal,0.0969273931468706,0.3513634158531591,0.4482908090000297,12.0,0
659.378803344466,emergency,0.0,1.0255029253980703,1.0255029253980703,4.0,0
659.0033357085064,seasonal,0.3971811748372147,0.7919122426127785,1.1890934174499932,12.0,0
659.446972609129,seasonal,0.3068198038887431,0.9736079806575129,1.280427784546256,12.0,0
659.9660025643378,emergency,0.0,0.6599100317467526,0.6599100317467526,4.0,0
659.41129208425,seasonal,0.33786442481368795,0.6659438790168433,1.0038083038305312,12.0,0
660.3654292339486,emergency,0.0,0.4353805806418104,0.4353805806418104,4.0,0
658.0147470452681,routine,2.545040493889701,0.4353805806418104,2.9804210745315114,24.0,0
659.8975404284603,critical,0.0,1.0255029253980703,1.0255029253980703,2.0,0
660.2086106108362,emergency,0.0,0.4353805806418104,0.4353805806418104,4.0,0
659.8496858809217,emergency,0.0,0.6599100317467526,0.6599100317467526,4.0,0
660.5385927760309,critical,0.0,0.668926378609784,0.668926378609784,2.0,0
660.6984952577279,seasonal,0.04276254766227794,0.4353805806418104,0.47814312830408834,12.0,0
660.8811020531645,emergency,0.0,0.6659438790168433,0.6659438790168433,4.0,0
661.2762421170726,emergency,0.0,0.3513634158531591,0.3513634158531591,4.0,0
660.8508431201815,seasonal,0.14259415570415968,0.6659438790168433,0.8085380347210029,12.0,0
660.72886570831,emergency,0.0,0.668926378609784,0.668926378609784,4.0,0
658.0400134056664,routine,3.4814548315729326,0.4353805806418104,3.916835412214743,24.0,0
661.0625955377454,emergency,0.0,0.3513634158531591,0.3513634158531591,4.0,0
660.9072386076781,seasonal,0.23453504176336537,0.6599100317467526,0.8944450735101179,12.0,0
660.5611613969086,emergency,0.0,1.0255029253980703,1.0255029253980703,4.0,0
660.6030249783261,seasonal,0.048765700039325566,0.9736079806575129,1.0223736806968384,12.0,0
660.9841850977011,emergency,0.0,0.6599100317467526,0.6599100317467526,4.0,0
661.115999081727,critical,0.0,0.4353805806418104,0.4353805806418104,2.0,0
658.4598472727408,routine,3.249581041075544,0.4353805806418104,3.6849616217173544,24.0,0
660.8331081528156,critical,0.0,1.0255029253980703,1.0255029253980703,2.0,0
661.5794386117122,seasonal,0.12903931118876244,0.3190807107927397,0.44812002198150214,12.0,0
661.6554877946329,critical,0.0,0.6659438790168433,0.6659438790168433,2.0,0
661.9751901139938,critical,0.0,0.4353805806418104,0.4353805806418104,2.0,0
661.4174930838972,emergency,0.0,1.0255029253980703,1.0255029253980703,4.0,0
662.1730225923766,emergency,0.0,0.6599100317467526,0.6599100317467526,4.0,0
662.5926789418221,critical,0.0,0.3190807107927397,0.3190807107927397,2.0,0
662.2099227033194,emergency,0.0,1.0255029253980703,1.0255029253980703,4.0,0
658.7482469066811,routine,4.016102618775108,0.3513634158531591,4.367466034628267,24.0,0
662.2491753066316,seasonal,0.27575279928191776,0.3190807107927397,0.5948335100746575,12.0,0
662.5346199013815,seasonal,0.03276568574699468,0.4353805806418104,0.4681462663888051,12.0,0
662.4548607849223,emergency,0.0,0.668926378609784,0.668926378609784,4.0,0
658.5005201017956,routine,3.722767207306788,0.9736079806575129,4.696375187964301,24.0,0
658.6138013260003,routine,4.085547555375797,0.6599100317467526,4.74545758712255,24.0,0
662.8260613222036,emergency,0.0,0.3190807107927397,0.3190807107927397,4.0,0
663.038467086564,critical,0.0,0.7919122426127785,0.7919122426127785,2.0,0
663.4547117330615,critical,0.0,0.4353805806418104,0.4353805806418104,2.0,0
663.1492112495679,emergency,0.0,0.6659438790168433,0.6659438790168433,4.0,0
658.9128536031773,routine,3.9860391056510025,0.668926378609784,4.654965484260787,24.0,0
663.4647826092975,emergency,0.0,0.6659438790168433,0.6659438790168433,4.0,0
663.1364674848436,emergency,0.0,0.6599100317467526,0.6599100317467526,4.0,0
663.7799060217869,emergency,0.0,0.7177220910631077,0.7177220910631077,4.0,0
663.0450090055482,seasonal,0.16485981029063623,0.7919122426127785,0.9567720529034147,12.0,0
663.8517275060836,emergency,0.0,0.4353805806418104,0.4353805806418104,4.0,0
663.8927442379671,emergency,0.0,0.7919122426127785,0.7919122426127785,4.0,0
663.5875026403513,seasonal,0.3252300588667367,0.6659438790168433,0.99117393788358,12.0,0
663.9291600491155,emergency,0.0,0.6659438790168433,0.6659438790168433,4.0,0
659.0616970620582,routine,4.890326374120718,0.4353805806418104,5.325706954762529,24.0,0
663.4809640996451,emergency,0.0,1.0255029253980703,1.0255029253980703,4.0,0
664.0057875878772,critical,0.0,0.7177220910631077,0.7177220910631077,2.0,0
664.45278025001,critical,0.12187910943578117,0.3190807107927397,0.44095982022852087,2.0,0
663.9783029905516,seasonal,0.1147588725764308,0.4353805806418104,0.5501394532182412,12.0,0
664.5634897788883,critical,0.015091284796767468,0.3513634158531591,0.3664547006499266,2.0,0
664.4170594527336,emergency,0.0,0.4353805806418104,0.4353805806418104,4.0,0
663.950157098433,emergency,0.0,0.3513634158531591,0.3513634158531591,4.0,0
664.7847912473968,critical,0.14321565348586773,0.3513634158531591,0.49457906933902684,2.0,0
664.2951840437091,emergency,0.0,0.6659438790168433,0.6659438790168433,4.0,0
659.2151620143678,routine,5.105993798725422,0.668926378609784,5.774920177335206,24.0,0
664.3066745852911,emergency,0.0,0.7919122426127785,0.7919122426127785,4.0,0
659.1137866559988,routine,5.15595285055781,0.6396923088485589,5.795645159406369,24.0,0
659.2714568307914,routine,5.32085234243948,0.3513634158531591,5.672215758292639,24.0,0
664.2748160847152,critical,0.0,0.9736079806575129,0.9736079806575129,2.0,0
664.7895843906653,emergency,0.14704282041668648,0.3190807107927397,0.4661235312094262,4.0,0
665.6051831162688,emergency,0.0,0.3513634158531591,0.3513634158531591,4.0,0
664.5792773158905,emergency,0.005951299865614601,0.6599100317467526,0.6658613316123672,4.0,0
665.1618401544404,emergency,0.4249089394992325,0.4353805806418104,0.8602895201410429,4.0,0
665.1021337410818,seasonal,0.44543736744230955,0.4353805806418104,0.88081794808412,12.0,0
665.7015494829167,emergency,0.0,0.3190807107927397,0.3190807107927397,4.0,0
665.0054776026961,critical,0.11518591951005419,0.7919122426127785,0.9070981621228327,2.0,0
664.8654218246301,emergency,0.42087629793388714,0.6396923088485589,1.060568606782446,4.0,0
665.9756575666814,critical,0.0,0.4353805806418104,0.4353805806418104,2.0,0
665.3961271116718,seasonal,0.6133077619080041,0.3190807107927397,0.9323884727007438,12.0,0
664.9623599759085,emergency,0.5278820457679103,0.4353805806418104,0.9632626264097207,4.0,0
664.9527264892434,emergency,0.3438870357123278,1.0255029253980703,1.3693899611103981,4.0,0
664.7238019763769,seasonal,0.5272527399280307,0.7177220910631077,1.2449748309911384,12.0,0
665.4714492725435,seasonal,0.803184561416856,0.3513634158531591,1.1545479772700151,12.0,0
665.8369538849404,emergency,0.0,0.3513634158531591,0.3513634158531591,4.0,0
665.0568310631154,seasonal,0.39227477057715987,0.668926378609784,1.0612011491869437,12.0,0
665.7456496871331,emergency,0.0,0.6396923088485589,0.6396923088485589,4.0,0
665.2831807460466,seasonal,0.3709888752501911,0.6599100317467526,1.0308989069969436,12.0,0
665.527238331261,seasonal,0.7577416507806447,0.6659438790168433,1.423685529797488,12.0,0
665.5335274492669,seasonal,1.2339267436897217,0.3190807107927397,1.5530074544824615,12.0,0
666.7580638771336,emergency,0.0,0.6396923088485589,0.6396923088485589,4.0,0
665.9544926847514,emergency,0.0,0.9736079806575129,0.9736079806575129,4.0,0
666.4100318115377,critical,0.0,0.6599100317467526,0.6599100317467526,2.0,0
666.2051163221621,seasonal,1.0270367219487753,0.668926378609784,1.6959631005585591,12.0,0
665.6121267494902,seasonal,1.4643460773188508,0.3513634158531591,1.81570949317201,12.0,0
667.6802770759477,emergency,0.0,0.3513634158531591,0.3513634158531591,4.0,0
666.5241362395349,seasonal,0.7780367457012289,0.6659438790168433,1.4439806247180722,12.0,0
659.9677132851521,routine,7.6964632124532955,0.3190807107927397,8.015543923246035,24.0,0
659.8094581965419,routine,7.685515191313357,0.668926378609784,8.354441569923141,24.0,0
667.7567331033149,critical,0.0,0.6599100317467526,0.6599100317467526,2.0,0
660.0515073780338,routine,7.694231398751185,0.7177220910631077,8.411953489814293,24.0,0
660.3008808688865,routine,7.566208374089456,0.6396923088485589,8.205900682938015,24.0,0
668.167159931404,seasonal,0.4001945214669149,0.6599100317467526,1.0601045532136675,12.0,0
668.5373319623434,seasonal,0.057490820766133766,0.7177220910631077,0.7752129118292415,12.0,0
668.579540170147,seasonal,0.184626971124203,0.3190807107927397,0.5037076819169427,12.0,0
668.554036233139,emergency,0.0,0.6659438790168433,0.6659438790168433,4.0,0
669.1196878457467,critical,0.0,0.6396923088485589,0.6396923088485589,2.0,0
668.9508712831808,seasonal,0.21859704560688442,0.7177220910631077,0.9363191366699921,12.0,0
668.986229572502,seasonal,0.40698485953157615,0.6659438790168433,1.0729287385484194,12.0,0
669.361512400493,seasonal,0.1424306071595538,1.0255029253980703,1.167933532557624,12.0,0
660.7606848916707,routine,9.087167363482877,0.3513634158531591,9.438530779336036,24.0,0
670.0943048667118,critical,0.0,0.4353805806418104,0.4353805806418104,2.0,0
660.8480009784298,routine,9.33609773915964,0.3190807107927397,9.65517844995238,24.0,0
669.7861901894171,emergency,0.0,0.7177220910631077,0.7177220910631077,4.0,0
660.8156119383594,routine,9.221636665752953,0.3190807107927397,9.540717376545693,24.0,0
670.1355835244291,critical,0.0,0.3513634158531591,0.3513634158531591,2.0,0
660.7622101373396,routine,9.109009592336406,0.7177220910631077,9.826731683399514,24.0,0
661.1603050691189,routine,9.490483568310538,0.3513634158531591,9.841846984163697,24.0,0
661.2367471789009,routine,9.54334602503286,0.9736079806575129,10.516954005690373,24.0,0
671.3465347146538,emergency,0.0,0.668926378609784,0.668926378609784,4.0,0
661.592366670159,routine,9.971379916765727,0.3190807107927397,10.290460627558467,24.0,0
671.4254726015995,seasonal,0.006813968531446335,0.668926378609784,0.6757403471412303,12.0,0
661.8805939165726,routine,10.03226865906845,0.3513634158531591,10.383632074921609,24.0,0
661.4413035360005,routine,10.017038051133568,0.7919122426127785,10.808950293746346,24.0,0
671.9722161836511,emergency,0.0,0.6396923088485589,0.6396923088485589,4.0,0
661.7916175086525,routine,9.90964226383096,0.6659438790168433,10.575586142847804,24.0,0
671.9803395037404,emergency,0.0,0.4353805806418104,0.4353805806418104,4.0,0
671.7671578998225,emergency,0.0,0.6396923088485589,0.6396923088485589,4.0,0
672.0553197034535,emergency,0.0,0.7177220910631077,0.7177220910631077,4.0,0
662.1452820797834,routine,9.792151462410857,1.0255029253980703,10.817654387808927,24.0,0
672.4011787007855,seasonal,0.4056734633105634,0.7919122426127785,1.197585705923342,12.0,0
663.1408638826224,routine,10.042620663558978,0.6659438790168433,10.708564542575822,24.0,0
662.2588372727475,routine,10.894055131677987,0.6599100317467526,11.55396516342474,24.0,0
672.4022508443097,seasonal,0.41687935050163105,0.4353805806418104,0.8522599311434415,12.0,0
663.3420023730504,routine,9.980443017566131,0.6659438790168433,10.646386896582975,24.0,0
663.2501538532885,routine,9.943420626408738,0.6599100317467526,10.60333065815549,24.0,0
663.6518396047663,routine,10.245700623449238,0.3190807107927397,10.564781334241978,24.0,0
664.8016869121244,routine,9.829542893939902,0.4353805806418104,10.264923474581712,24.0,0
664.2271667626441,routine,10.275589180041948,0.7177220910631077,10.993311271105055,24.0,0
664.41812096983,routine,10.143978341294428,1.0255029253980703,11.169481266692499,24.0,0
674.648050143285,emergency,0.0,0.6659438790168433,0.6659438790168433,4.0,0
665.5165211837968,routine,9.550397213411657,0.7177220910631077,10.268119304474764,24.0,0
664.5246146644172,routine,10.043748792599786,1.0255029253980703,11.069251717997856,24.0,0
665.5626881460289,routine,9.930608422337059,0.7177220910631077,10.648330513400166,24.0,0
665.0064151985473,routine,9.945469431159154,0.9736079806575129,10.919077411816666,24.0,0
665.6257670768125,routine,10.136222086439034,0.7177220910631077,10.853944177502141,24.0,0
675.7738329049434,emergency,0.0,0.6599100317467526,0.6599100317467526,4.0,0
665.8953952985157,routine,10.40406409955915,0.3190807107927397,10.72314481035189,24.0,0
665.8957700763542,routine,10.573864737414851,0.3513634158531591,10.92522815326801,24.0,0
665.731615700549,routine,10.375931398659418,0.6659438790168433,11.041875277676262,24.0,0
666.1450851840634,routine,10.54257049927071,0.7919122426127785,11.334482741883487,24.0,0
666.1680618167518,routine,10.710758941688823,0.7919122426127785,11.502671184301601,24.0,0
676.7341813268824,critical,0.0,0.3513634158531591,0.3513634158531591,2.0,0
666.2427647285386,routine,10.93825325239311,0.3190807107927397,11.25733396318585,24.0,0
666.4407780316477,routine,10.983162754547834,0.668926378609784,11.652089133157618,24.0,0
666.4537085257859,routine,11.244593268864946,0.3190807107927397,11.563673979657686,24.0,0
676.8606441028877,critical,0.0,1.0255029253980703,1.0255029253980703,2.0,0
666.5564077367522,routine,11.224188137552915,0.3513634158531591,11.575551553406074,24.0,0
677.9663640092468,seasonal,0.38850688548200196,0.4353805806418104,0.8238874661238124,12.0,0
666.7227117888526,routine,11.721777377328067,0.3190807107927397,12.040858088120807,24.0,0
666.7793687311574,routine,11.822749654828158,0.3513634158531591,12.174113070681317,24.0,0
666.5842499797826,routine,11.361674671096921,0.7177220910631077,12.079396762160028,24.0,0
679.02838952266,emergency,0.0,0.3190807107927397,0.3190807107927397,4.0,0
678.6758699895641,seasonal,0.2448882349467567,0.3513634158531591,0.5962516507999158,12.0,0
678.8571852023482,emergency,0.0,0.3190807107927397,0.3190807107927397,4.0,0
679.0788352240432,seasonal,0.24519609474168647,0.3190807107927397,0.5642768055344262,12.0,0
679.8158208425233,seasonal,0.08989236510922183,0.3513634158531591,0.44125578096238094,12.0,0
666.9325248629788,routine,12.53312467663784,0.6396923088485589,13.1728169854864,24.0,0
666.8260541054585,routine,12.144202117137638,0.6599100317467526,12.804112148884391,24.0,0
679.9574557067826,emergency,0.0,0.4353805806418104,0.4353805806418104,4.0,0
679.5144092465846,emergency,0.0,0.4353805806418104,0.4353805806418104,4.0,0
680.0962907739471,emergency,0.0,0.7919122426127785,0.7919122426127785,4.0,0
667.2382477126662,routine,12.676321894050488,0.6659438790168433,13.342265773067332,24.0,0
679.9606154508765,emergency,0.0,0.9736079806575129,0.9736079806575129,4.0,0
667.3482418008173,routine,12.671389669205041,0.7177220910631077,13.389111760268149,24.0,0
680.9734275283699,emergency,0.0,0.3190807107927397,0.3190807107927397,4.0,0
668.08793922341,routine,12.094450615228652,0.7919122426127785,12.88636285784143,24.0,0
680.881272685843,emergency,0.0,0.4353805806418104,0.4353805806418104,4.0,0
680.8044122660608,emergency,0.0,0.3190807107927397,0.3190807107927397,4.0,0
680.7358469249785,seasonal,0.1416780541422895,0.3190807107927397,0.4607587649350292,12.0,0
680.9207729910071,emergency,0.0,0.7919122426127785,0.7919122426127785,4.0,0
681.3554898308926,emergency,0.0,0.3190807107927397,0.3190807107927397,4.0,0
668.6374136686948,routine,12.368109757068737,0.6396923088485589,13.007802065917296,24.0,0
680.8056550513008,seasonal,0.16702150537901161,0.6599100317467526,0.8269315371257642,12.0,0
681.0183866216606,emergency,0.0,0.6659438790168433,0.6659438790168433,4.0,0
668.313653417257,routine,12.663673497493392,0.6396923088485589,13.30336580634195,24.0,0
681.079078039503,critical,0.0,0.6659438790168433,0.6659438790168433,2.0,0
669.2267128854111,routine,12.865991589426699,0.3190807107927397,13.185072300219439,24.0,0
682.0622153402882,emergency,0.0,0.4353805806418104,0.4353805806418104,4.0,0
681.2170452318838,emergency,0.0,0.6599100317467526,0.6599100317467526,4.0,0
668.6874275471345,routine,13.020152684779873,0.3190807107927397,13.339233395572613,24.0,0
682.2256146003915,emergency,0.0,0.3513634158531591,0.3513634158531591,4.0,0
681.7118214561399,seasonal,0.23326471337168186,0.6396923088485589,0.8729570222202407,12.0,0
681.9987979070401,emergency,0.0,0.7177220910631077,0.7177220910631077,4.0,0
681.6024725618554,emergency,0.0,0.668926378609784,0.668926378609784,4.0,0
681.9292765613477,emergency,0.0,0.6396923088485589,0.6396923088485589,4.0,0
681.4194100481768,emergency,0.0,1.0255029253980703,1.0255029253980703,4.0,0
681.5446326915833,emergency,0.0,1.0255029253980703,1.0255029253980703,4.0,0
682.2230481419624,critical,0.0,0.668926378609784,0.668926378609784,2.0,0
681.7810357677066,emergency,0.0,0.9736079806575129,0.9736079806575129,4.0,0
682.7268363861685,seasonal,0.12790569753644832,0.3513634158531591,0.4792691133896074,12.0,0
682.289373781692,emergency,0.0,0.3190807107927397,0.3190807107927397,4.0,0
682.5383555262301,emergency,0.004712964708232903,0.6659438790168433,0.6706568437250762,4.0,0
682.6145966124654,emergency,0.17011332028278048,0.3513634158531591,0.5214767361359396,4.0,0
670.3769523442152,routine,12.326578704995995,0.7177220910631077,13.044300796059103,24.0,0
669.9303256269657,routine,12.668329337516525,0.7177220910631077,13.386051428579632,24.0,0
682.4125340605773,emergency,0.0,0.6396923088485589,0.6396923088485589,4.0,0
682.5671375412995,emergency,0.01389500536822652,0.6599100317467526,0.6738050371149791,4.0,0
682.3555782904938,seasonal,0.185309244222708,0.6396923088485589,0.8250015530712669,12.0,0
682.7021973667053,emergency,0.5001908843438514,0.6396923088485589,1.1398831931924103,4.0,0
682.8356922963179,seasonal,0.3003427772058558,0.7177220910631077,1.0180648682689635,12.0,0
683.4169337038483,critical,0.07199498385750758,0.4353805806418104,0.507375564499318,2.0,0
683.2864211020374,emergency,0.373658930111219,0.3190807107927397,0.6927396409039587,4.0,0
682.8838248446413,emergency,0.36968615128409965,0.6659438790168433,1.035630030300943,4.0,0
683.1915060829533,emergency,0.38054569179553255,0.668926378609784,1.0494720704053164,4.0,0
683.5620820957561,emergency,0.22078604565820115,0.6599100317467526,0.8806960774049537,4.0,0
682.9341272990555,critical,0.17775373013728313,0.7919122426127785,0.9696659727500616,2.0,0
683.084302514306,seasonal,0.9059455786939452,0.6659438790168433,1.5718894577107885,12.0,0
683.1167687004834,emergency,0.17808472958097354,1.0255029253980703,1.2035876549790439,4.0,0
682.9648485407138,seasonal,0.32253690764321163,0.9736079806575129,1.2961448883007245,12.0,0
683.0377679857703,seasonal,0.29046898771366614,1.0255029253980703,1.3159719131117364,12.0,0
683.6106453107878,emergency,0.17832763849287403,0.3513634158531591,0.5296910543460331,4.0,0
684.3739090344534,critical,0.10972317178982394,0.3513634158531591,0.46108658764298305,2.0,0
683.7387446352049,emergency,0.20765517280335644,0.3513634158531591,0.5590185886565155,4.0,0
683.8348277445973,emergency,0.16079954733777413,0.3513634158531591,0.5121629631909332,4.0,0
684.543831208988,critical,0.09297787368336685,0.3513634158531591,0.44434128953652596,2.0,0
683.9211263426866,emergency,0.16379716158587598,1.0255029253980703,1.1893000869839463,4.0,0
684.1097699521697,emergency,0.10168138048163655,0.3190807107927397,0.42076209127437625,4.0,0
683.945664600103,emergency,0.20621066278090439,0.9736079806575129,1.1798186434384172,4.0,0
683.8762814890216,seasonal,0.3342029882442148,1.0255029253980703,1.359705913642285,12.0,0
683.724350263532,critical,0.0075613283468101145,1.0255029253980703,1.0330642537448804,2.0,0
671.1754060591292,routine,13.38551460084102,0.3513634158531591,13.73687801669418,24.0,0
684.2257601812126,emergency,0.06897255799879076,0.6599100317467526,0.7288825897455433,4.0,0
683.8936214080353,seasonal,0.5706396595137448,0.7919122426127785,1.3625519021265233,12.0,0
683.4952239300225,seasonal,0.6800813129461858,1.0255029253980703,1.705584238344256,12.0,0
684.3065805359064,emergency,0.5981771215059553,0.6396923088485589,1.2378694303545141,4.0,0
684.9943946873094,seasonal,0.31302231344739084,0.3190807107927397,0.6321030242401305,12.0,0
684.5726530365907,emergency,0.39120229597585876,0.6396923088485589,1.0308946048244176,4.0,0
685.102884056771,seasonal,0.37744638407559705,0.4353805806418104,0.8128269647174075,12.0,0
685.0231401981215,emergency,0.2878062850486458,0.7919122426127785,1.0797185276614243,4.0,0
685.1162256605123,critical,0.08096611620158001,0.3190807107927397,0.4000468269943197,2.0,0
684.940383396974,emergency,0.31840474397461094,0.6599100317467526,0.9783147757213635,4.0,0
684.8636975826596,emergency,0.3394495873859569,1.0255029253980703,1.3649525127840272,4.0,0
685.3861681322297,seasonal,0.12654519050977342,0.3513634158531591,0.47790860636293253,12.0,0
686.4288813864849,seasonal,0.045879786911655174,0.3513634158531591,0.3972432027648143,12.0,0
685.8009476387543,critical,0.0,0.6396923088485589,0.6396923088485589,2.0,0
686.0252577068529,emergency,0.0,0.7177220910631077,0.7177220910631077,4.0,0
685.1742560974587,emergency,0.35683188068605887,1.0255029253980703,1.3823348060841292,4.0,0
685.4360150146783,seasonal,0.5011725357794603,0.6659438790168433,1.1671164147963036,12.0,0
686.5883419813298,seasonal,0.0927631318005524,0.3190807107927397,0.4118438425932921,12.0,0
686.3820642201242,critical,0.0,0.6659438790168433,0.6659438790168433,2.0,0
671.3132203362674,routine,14.950231512245182,0.6659438790168433,15.616175391262026,24.0,0
686.3456554387428,emergency,0.0,0.668926378609784,0.668926378609784,4.0,0
686.7781024435453,emergency,0.0,0.6396923088485589,0.6396923088485589,4.0,0
676.1121066604408,routine,10.612845135092812,0.6599100317467526,11.272755166839564,24.0,0
673.0233126617371,routine,13.561121358546984,0.668926378609784,14.230047737156768,24.0,0
686.8740448933894,seasonal,0.3091694383045933,0.3190807107927397,0.628250149097333,12.0,0
687.3155671619655,seasonal,0.15970609576379502,0.3513634158531591,0.5110695116169541,12.0,0
686.8125762438547,emergency,0.0,0.7177220910631077,0.7177220910631077,4.0,0
687.6433386805387,emergency,0.0,0.4353805806418104,0.4353805806418104,4.0,0
687.9091404302187,emergency,0.0,0.3513634158531591,0.3513634158531591,4.0,0
687.3846080051949,seasonal,0.5382276322401367,0.7177220910631077,1.2559497233032444,12.0,0
688.1070995037244,emergency,0.0,0.3190807107927397,0.3190807107927397,4.0,0
687.7963567351858,emergency,0.0,0.6599100317467526,0.6599100317467526,4.0,0
688.2589064060518,emergency,0.0,0.6396923088485589,0.6396923088485589,4.0,0
680.7386595160086,routine,7.645446415159995,0.3190807107927397,7.964527125952735,24.0,0
688.5019594906433,emergency,0.0,0.6599100317467526,0.6599100317467526,4.0,0
687.9268311103741,emergency,0.0,1.0255029253980703,1.0255029253980703,4.0,0
687.6653348755929,seasonal,0.528203325495042,1.0255029253980703,1.5537062508931123,12.0,0
687.4412037912961,seasonal,0.5661589822468613,0.6599100317467526,1.226069013993614,12.0,0
688.0426242079892,emergency,0.0,0.6599100317467526,0.6599100317467526,4.0,0
681.5311369662933,routine,6.929149936412273,0.4353805806418104,7.364530517054083,24.0,0
678.0821674537675,routine,10.176693185771796,0.668926378609784,10.84561956438158,24.0,0
680.2324262920098,routine,8.04923221494687,0.9736079806575129,9.022840195604381,24.0,0
689.3020356452108,critical,0.0,0.3190807107927397,0.3190807107927397,2.0,0
689.2693367435045,emergency,0.0,0.4353805806418104,0.4353805806418104,4.0,0
688.8331765262482,seasonal,0.48986864189532753,0.7177220910631077,1.2075907329584352,12.0,0
689.5107762252212,emergency,0.0,0.3513634158531591,0.3513634158531591,4.0,0
689.6107704938163,emergency,0.0,0.3190807107927397,0.3190807107927397,4.0,0
689.1902631399573,critical,0.0,0.7177220910631077,0.7177220910631077,2.0,0
689.6722784492983,emergency,0.0,0.4353805806418104,0.4353805806418104,4.0,0
689.4571456027743,critical,0.0,0.6599100317467526,0.6599100317467526,2.0,0
689.1660720930544,emergency,0.0,0.9736079806575129,0.9736079806575129,4.0,0
689.3378929713997,emergency,0.0,0.6599100317467526,0.6599100317467526,4.0,0
682.0841203106278,routine,7.835665894088834,0.3513634158531591,8.187029309941993,24.0,0
689.9012753862904,emergency,0.0,0.3190807107927397,0.3190807107927397,4.0,0
682.0315771710298,routine,7.86962993820805,0.6396923088485589,8.509322247056609,24.0,0
689.6604851189425,seasonal,0.0181108577824034,1.0255029253980703,1.0436137831804737,12.0,0
689.7679591602364,emergency,0.0,0.4353805806418104,0.4353805806418104,4.0,0
689.9505206517732,seasonal,0.0828810900723056,0.7919122426127785,0.8747933326850841,12.0,0
682.6113887419399,routine,7.53622288012707,0.7919122426127785,8.328135122739848,24.0,0
689.9522576115855,emergency,0.0,0.6659438790168433,0.6659438790168433,4.0,0
690.3753912389558,emergency,0.0,0.3513634158531591,0.3513634158531591,4.0,0
682.2312564940975,routine,7.830369677525027,0.4353805806418104,8.265750258166838,24.0,0
690.1953108394206,seasonal,0.49903549743555686,0.4353805806418104,0.9344160780773673,12.0,0
690.6192333743732,emergency,0.10710696924581953,0.668926378609784,0.7760333478556035,4.0,0
690.3519775251447,emergency,0.0,0.3190807107927397,0.3190807107927397,4.0,0
690.220421646664,emergency,0.0,0.6599100317467526,0.6599100317467526,4.0,0
690.6119249909403,emergency,0.0,0.3513634158531591,0.3513634158531591,4.0,0
690.6132676991372,emergency,0.0,1.0255029253980703,1.0255029253980703,4.0,0
690.7156065269705,emergency,0.20214660132330664,0.6599100317467526,0.8620566330700592,4.0,0
691.3228988218692,emergency,0.20120103097110587,0.4353805806418104,0.6365816116129163,4.0,0
690.9450763297153,emergency,0.17493345222669632,0.6659438790168433,0.8408773312435396,4.0,0
691.0791697616799,emergency,0.1400546542945449,0.3513634158531591,0.491418070147704,4.0,0
690.5491186090616,emergency,0.0,0.7919122426127785,0.7919122426127785,4.0,0
690.9608545237322,emergency,0.24162749909999093,0.6599100317467526,0.9015375308467435,4.0,0
690.6747976101857,seasonal,0.6815345165603048,0.4353805806418104,1.1169150972021153,12.0,0
690.9466339049909,emergency,0.21806818078471224,0.6396923088485589,0.8577604896332711,4.0,0
690.6212621957752,seasonal,0.5995564096170938,0.3190807107927397,0.9186371204098335,12.0,0
691.2291415366359,emergency,0.06523613566082531,0.3513634158531591,0.4165995515139844,4.0,0
690.8622778311169,emergency,0.25457506608358926,0.668926378609784,0.9235014446933733,4.0,0
691.4911781756969,emergency,0.2374003904046731,0.4353805806418104,0.6727809710464835,4.0,0
690.9203364831263,seasonal,0.5456774292489399,0.4353805806418104,0.9810580098907503,12.0,0
683.0230045552208,routine,8.626071575899232,0.4353805806418104,9.061452156541042,24.0,0
691.6008814387037,emergency,0.16136801731136075,0.6659438790168433,0.827311896328204,4.0,0
683.8415892861796,routine,7.988763175358486,0.6396923088485589,8.628455484207045,24.0,0
691.4046395362676,seasonal,0.19825730374338946,0.4353805806418104,0.6336378843851999,12.0,0
691.678357456669,emergency,0.32328747299834504,0.668926378609784,0.992213851608129,4.0,0
691.8081554660297,emergency,0.4268864593005901,0.9736079806575129,1.400494439958103,4.0,0
692.2599688673421,critical,0.03619753043813034,0.6396923088485589,0.6758898392866892,2.0,0
691.7064318059124,emergency,0.33925108311734675,0.7919122426127785,1.1311633257301252,4.0,0
683.0249303592698,routine,8.786460057682575,1.0255029253980703,9.811962983080646,24.0,0
691.9575509055055,emergency,0.640369492195191,0.3190807107927397,0.9594502029879307,4.0,0
692.2519637451492,emergency,0.4006553906890531,0.3513634158531591,0.7520188065422122,4.0,0
691.8542650131251,emergency,0.6881025825015286,0.6396923088485589,1.3277948913500874,4.0,0
692.6000526756073,emergency,0.17428811467618743,0.6396923088485589,0.8139804235247463,4.0,0
692.3448798270921,emergency,0.3492525338866699,0.6659438790168433,1.0151964129035131,4.0,0
692.1781963816231,emergency,0.46298881553502724,0.668926378609784,1.1319151941448111,4.0,0
691.8511968068993,emergency,0.48762313383952005,0.7177220910631077,1.2053452249026277,4.0,0
684.3143317998745,routine,8.488488624459592,0.6599100317467526,9.148398656206345,24.0,0
693.1461150098058,seasonal,0.05442784360877795,0.3190807107927397,0.37350855440151765,12.0,0
684.0917494706699,routine,8.686987423527853,0.7919122426127785,9.47889966614063,24.0,0
684.6076444976942,routine,8.501714347103643,0.6659438790168433,9.167658226120487,24.0,0
693.6432751704209,emergency,0.0,0.4353805806418104,0.4353805806418104,4.0,0
693.6909255494762,emergency,0.0,0.3513634158531591,0.3513634158531591,4.0,0
685.1826340522417,routine,8.121153059564222,0.3190807107927397,8.440233770356961,24.0,0
693.416610159956,emergency,0.0,0.4353805806418104,0.4353805806418104,4.0,0
692.6423283070847,emergency,0.14665126336649337,0.9736079806575129,1.1202592440240062,4.0,0
693.4024430293691,seasonal,0.589182725415526,0.4353805806418104,1.0245633060573365,12.0,0
693.0567142295413,emergency,0.0,0.9736079806575129,0.9736079806575129,4.0,0
685.3826487609596,routine,7.94166825815023,0.9736079806575129,8.915276238807742,24.0,0
694.041349209928,emergency,0.0,0.6659438790168433,0.6659438790168433,4.0,0
685.3956599523364,routine,9.29408079558334,0.6659438790168433,9.960024674600184,24.0,0
694.3730979136549,seasonal,0.2816854708626124,0.3190807107927397,0.6007661816553521,12.0,0
694.8413129164898,emergency,0.0,0.7177220910631077,0.7177220910631077,4.0,0
695.0005791751885,emergency,0.0,0.6396923088485589,0.6396923088485589,4.0,0
695.2693308650452,emergency,0.0,0.4353805806418104,0.4353805806418104,4.0,0
694.4334244579296,emergency,0.0,0.6659438790168433,0.6659438790168433,4.0,0
686.1827112697807,routine,8.528493937692929,0.3513634158531591,8.879857353546088,24.0,0
686.4689285677132,routine,8.413835388147959,0.6659438790168433,9.079779267164803,24.0,0
686.1979322112498,routine,8.525263255179084,0.668926378609784,9.194189633788868,24.0,0
686.6054972452687,routine,8.99212351451581,0.3513634158531591,9.34348693036897,24.0,0
695.4159143928667,emergency,0.0,0.6599100317467526,0.6599100317467526,4.0,0
695.6021398773335,emergency,0.0,0.4353805806418104,0.4353805806418104,4.0,0
695.0940796893656,seasonal,0.3000410744865576,0.3190807107927397,0.6191217852792973,12.0,0
695.5577683342465,emergency,0.0,0.6659438790168433,0.6659438790168433,4.0,0
696.0218109863923,emergency,0.0,0.3190807107927397,0.3190807107927397,4.0,0
695.8587686849489,emergency,0.0,0.6599100317467526,0.6599100317467526,4.0,0
687.4082248745347,routine,9.0193397230247,0.3190807107927397,9.33842043381744,24.0,0
686.769825479017,routine,9.273638702496442,0.6659438790168433,9.939582581513285,24.0,0
687.4939989260714,routine,8.959784577486403,0.6599100317467526,9.619694609233155,24.0,0
687.401656155869,routine,8.782018369932302,0.3190807107927397,9.101099080725042,24.0,0
696.4219135177296,seasonal,0.001982005864306302,0.7919122426127785,0.7938942484770848,12.0,0
696.620153135885,emergency,0.0,0.4353805806418104,0.4353805806418104,4.0,0
696.9542436436385,emergency,0.0,0.3513634158531591,0.3513634158531591,4.0,0
697.1347790116484,emergency,0.0,0.6659438790168433,0.6659438790168433,4.0,0
687.5897406332016,routine,9.130105047906568,0.9736079806575129,10.10371302856408,24.0,0
687.7386155062834,routine,9.237629216475625,1.0255029253980703,10.263132141873696,24.0,0
687.9019208083214,routine,9.802627444774316,0.6599100317467526,10.462537476521069,24.0,0
688.0296067337737,routine,9.712960156271151,0.3513634158531591,10.06432357212431,24.0,0
697.4625511963466,emergency,0.0,0.3190807107927397,0.3190807107927397,4.0,0
688.3587095642861,routine,9.489163189527517,0.4353805806418104,9.924543770169327,24.0,0
688.5481408752912,routine,9.444192533302498,0.6659438790168433,10.110136412319342,24.0,0
698.0164554815557,emergency,0.0,0.7919122426127785,0.7919122426127785,4.0,0
697.4879229364922,emergency,0.0,0.6396923088485589,0.6396923088485589,4.0,0
697.896086609468,emergency,0.0,0.9736079806575129,0.9736079806575129,4.0,0
687.9994024374181,routine,9.727958170390025,0.7919122426127785,10.519870413002803,24.0,0
697.9797177116673,emergency,0.0,0.6659438790168433,0.6659438790168433,4.0,0
688.7224387585641,routine,10.301001110125412,0.3190807107927397,10.620081820918152,24.0,0
698.4191642160686,emergency,0.0,0.4353805806418104,0.4353805806418104,4.0,0
688.9138602701981,routine,10.13286257770369,0.6659438790168433,10.798806456720534,24.0,0
688.6742749729946,routine,10.105737424363497,0.9736079806575129,11.079345405021009,24.0,0
688.9475446222756,routine,10.20138586107305,0.6396923088485589,10.841078169921609,24.0,0
699.1523313616478,emergency,0.0,0.7919122426127785,0.7919122426127785,4.0,0
698.8139955414167,emergency,0.0,0.9736079806575129,0.9736079806575129,4.0,0
699.4740531717474,emergency,0.0,0.3190807107927397,0.3190807107927397,4.0,0
699.8803511778862,emergency,0.0,0.4353805806418104,0.4353805806418104,4.0,0
688.9866040956168,routine,10.227707806992385,0.6659438790168433,10.893651686009228,24.0,0
689.5252428412225,routine,9.755501548992243,0.7919122426127785,10.54741379160502,24.0,0
689.7690678313498,routine,10.377919480613741,0.3190807107927397,10.697000191406481,24.0,0
689.6249393023775,routine,10.27654634438818,1.0255029253980703,11.30204926978625,24.0,0
700.4455656153624,emergency,0.0,0.6659438790168433,0.6659438790168433,4.0,0
700.1402233267758,emergency,0.0,0.6659438790168433,0.6659438790168433,4.0,0
700.9741411332428,emergency,0.0,0.6396923088485589,0.6396923088485589,4.0,0
700.2338376877018,seasonal,0.34054828059595366,0.6396923088485589,0.9802405894445125,12.0,0
700.8354112894345,emergency,0.0,0.3513634158531591,0.3513634158531591,4.0,0
691.6245454825449,routine,9.617194559875088,0.6396923088485589,10.256886868723647,24.0,0
690.6682990252767,routine,10.156669632465878,0.6599100317467526,10.81657966421263,24.0,0
701.7715529278785,emergency,0.0,0.3190807107927397,0.3190807107927397,4.0,0
689.9950325544522,routine,10.78763561198889,0.7919122426127785,11.579547854601667,24.0,0
692.0173509354191,routine,9.513078009776564,0.3190807107927397,9.832158720569304,24.0,0
691.9457438558387,routine,9.503516049015047,0.7177220910631077,10.221238140078155,24.0,0
691.9306566174305,routine,9.485224448016425,0.4353805806418104,9.920605028658235,24.0,0
701.9492736361015,emergency,0.0,0.3513634158531591,0.3513634158531591,4.0,0
701.309523671008,emergency,0.0,0.6599100317467526,0.6599100317467526,4.0,0
701.6379501125233,emergency,0.0,0.3513634158531591,0.3513634158531591,4.0,0
692.4351074662684,routine,9.914819250383857,0.6659438790168433,10.580763129400701,24.0,0
702.1405737473267,emergency,0.0,0.668926378609784,0.668926378609784,4.0,0
702.7070334099727,emergency,0.0,0.4353805806418104,0.4353805806418104,4.0,0
693.9495785317532,routine,8.707319841124672,0.3190807107927397,9.026400551917412,24.0,0
702.2180754551172,emergency,0.0,0.7919122426127785,0.7919122426127785,4.0,0
702.3477132956667,emergency,0.0,0.3513634158531591,0.3513634158531591,4.0,0
694.93995374486,routine,7.802722968498756,0.9736079806575129,8.776330949156268,24.0,0
696.4793547773066,routine,6.289163642726066,0.6659438790168433,6.95510752174291,24.0,0
693.8927205273833,routine,8.630175075886086,0.9736079806575129,9.603783056543598,24.0,0
703.2181945585226,critical,0.0,0.3190807107927397,0.3190807107927397,2.0,0
702.8266753507816,seasonal,0.02697578843174142,0.7177220910631077,0.7446978794948491,12.0,0
703.3125007662343,critical,0.0,0.4353805806418104,0.4353805806418104,2.0,0
697.4065111493412,routine,5.508449543016923,0.6599100317467526,6.1683595747636755,24.0,0
703.1815948855685,emergency,0.0,0.9736079806575129,0.9736079806575129,4.0,0
703.6230009960755,seasonal,0.0068419214317145816,0.3513634158531591,0.3582053372848737,12.0,0
703.3578291897217,emergency,0.0,0.668926378609784,0.668926378609784,4.0,0
703.7775589795738,seasonal,0.08789672341958976,0.7177220910631077,0.8056188144826975,12.0,0
703.6371593470539,emergency,0.0,0.7177220910631077,0.7177220910631077,4.0,0
704.5074989224444,emergency,0.0,0.668926378609784,0.668926378609784,4.0,0
704.4666683773394,emergency,0.0,0.7177220910631077,0.7177220910631077,4.0,0
703.9116513486493,emergency,0.0,0.668926378609784,0.668926378609784,4.0,0
700.1652057395685,routine,4.269571508717718,0.7177220910631077,4.987293599780825,24.0,0
704.6818458876488,critical,0.0,0.3190807107927397,0.3190807107927397,2.0,0
704.0761847232212,emergency,0.0,0.6659438790168433,0.6659438790168433,4.0,0
703.7799636755658,seasonal,0.5660345105173974,0.6599100317467526,1.22594454226415,12.0,0
704.4483822515406,seasonal,0.21085767084252893,0.3513634158531591,0.562221086695688,12.0,0
703.3760239644929,routine,1.4534084416702626,0.7919122426127785,2.2453206842830413,24.0,0
704.739657347844,critical,0.0,0.6659438790168433,0.6659438790168433,2.0,0
704.3607122760627,critical,0.0,0.6659438790168433,0.6659438790168433,2.0,0
704.3489447925434,emergency,0.0,0.7177220910631077,0.7177220910631077,4.0,0
704.3186744673856,routine,0.840437384016127,0.9736079806575129,1.8140453646736399,24.0,0
705.3185613805606,critical,0.0,0.3513634158531591,0.3513634158531591,2.0,0
704.4528326614462,seasonal,0.2989333479309835,0.9736079806575129,1.2725413285884963,12.0,0
705.3081735796317,seasonal,0.06284112411208298,0.4353805806418104,0.4982217047538934,12.0,0
704.5769075409005,routine,1.4458335836164906,0.6659438790168433,2.111777462633334,24.0,0
705.3385745293492,routine,0.7070329173207028,0.3513634158531591,1.058396333173862,24.0,0
706.063867717806,critical,0.0,1.0255029253980703,1.0255029253980703,2.0,0
705.6085215838797,seasonal,0.27713472256414207,1.0255029253980703,1.3026376479622124,12.0,0
705.8841858629185,critical,0.0,0.7919122426127785,0.7919122426127785,2.0,0
705.8339809417247,critical,0.0,0.9736079806575129,0.9736079806575129,2.0,0
706.1198125961914,seasonal,0.17305938409811006,0.3513634158531591,0.5244227999512692,12.0,0
706.1291276017836,emergency,0.0,0.6396923088485589,0.6396923088485589,4.0,0
705.3528784595238,routine,1.5186335090062357,0.6396923088485589,2.1583258178547946,24.0,0
707.1293840368535,seasonal,0.00996324411300975,0.3513634158531591,0.36132665996616886,12.0,0
706.9788619974236,emergency,0.0,0.3513634158531591,0.3513634158531591,4.0,0
706.8853158596028,seasonal,0.04485667495634971,0.7177220910631077,0.7625787660194574,12.0,0
706.8419028290957,emergency,0.0,0.6659438790168433,0.6659438790168433,4.0,0
707.18185921825,seasonal,0.28332585915404707,0.3190807107927397,0.6024065699467868,12.0,0
707.2867606727241,seasonal,0.4982464357238996,0.6396923088485589,1.1379387445724585,12.0,0
707.6023351417844,seasonal,0.36648694844302554,0.3513634158531591,0.7178503642961847,12.0,0
707.7451309523701,seasonal,0.28268697825774325,0.3190807107927397,0.601767689050483,12.0,0
707.9415814528091,emergency,0.0,0.7177220910631077,0.7177220910631077,4.0,0
708.2754344724268,emergency,0.0,0.6396923088485589,0.6396923088485589,4.0,0
708.1833707935403,emergency,0.0,0.6599100317467526,0.6599100317467526,4.0,0
705.5962380305781,routine,2.8582377318903127,0.3513634158531591,3.209601147743472,24.0,0
708.881108061253,critical,0.0,0.3190807107927397,0.3190807107927397,2.0,0
705.6654775099923,routine,2.8214248701120823,0.668926378609784,3.490351248721866,24.0,0
708.7365831445611,emergency,0.0,0.4353805806418104,0.4353805806418104,4.0,0
709.3289289414271,emergency,0.0,0.3190807107927397,0.3190807107927397,4.0,0
708.7865176931606,emergency,0.0,0.7177220910631077,0.7177220910631077,4.0,0
709.2246766012375,seasonal,0.2784766788452089,0.6599100317467526,0.9383867105919614,12.0,0
706.0856772091602,routine,2.541714074302604,0.9736079806575129,3.5153220549601167,24.0,0
706.3970166384006,routine,2.7056027140899914,0.6396923088485589,3.3452950229385503,24.0,0
709.1561886136515,seasonal,0.30266505671363575,0.6659438790168433,0.968608935730479,12.0,0
706.4518014317265,routine,3.115846681968378,0.3513634158531591,3.467210097821537,24.0,0
709.596371565361,critical,0.0,0.3190807107927397,0.3190807107927397,2.0,0
709.9540787380656,emergency,0.0,0.3513634158531591,0.3513634158531591,4.0,0
710.1010020225334,emergency,0.0,0.6599100317467526,0.6599100317467526,4.0,0
709.9681387982181,emergency,0.0,0.3190807107927397,0.3190807107927397,4.0,0
710.379618011754,emergency,0.0,0.3190807107927397,0.3190807107927397,4.0,0
710.0235086874033,seasonal,0.06477010416608664,0.668926378609784,0.7336964827758706,12.0,0
709.3972761868987,emergency,0.0,0.9736079806575129,0.9736079806575129,4.0,0
709.5658815956124,emergency,0.0,0.7919122426127785,0.7919122426127785,4.0,0
706.6374756308066,routine,3.833656702096505,0.6599100317467526,4.493566733843258,24.0,0
706.6499613357394,routine,4.2215652236483265,0.3190807107927397,4.540645934441066,24.0,0
706.8389217827001,routine,4.09673536125365,0.7177220910631077,4.814457452316757,24.0,0
710.3625899807718,emergency,0.0,0.7177220910631077,0.7177220910631077,4.0,0
706.785591326943,routine,4.105939256544389,0.9736079806575129,5.0795472372019015,24.0,0
706.9283485493523,routine,4.050841883602175,0.3190807107927397,4.3699225943949145,24.0,0
706.9296989091695,routine,4.079610971622628,0.7177220910631077,4.797333062685736,24.0,0
711.5582201426797,emergency,0.0,0.3513634158531591,0.3513634158531591,4.0,0
706.991593309767,routine,4.6293410123931835,0.3190807107927397,4.948421723185923,24.0,0
711.3452372565719,emergency,0.0,0.6396923088485589,0.6396923088485589,4.0,0
711.689006019893,emergency,0.0,0.3190807107927397,0.3190807107927397,4.0,0
711.6826593126872,emergency,0.0,0.7177220910631077,0.7177220910631077,4.0,0
712.3247444443549,emergency,0.0,0.4353805806418104,0.4353805806418104,4.0,0
712.2935466483933,emergency,0.0,0.7177220910631077,0.7177220910631077,4.0,0
707.2953504539557,routine,4.597934308984009,0.9736079806575129,5.571542289641521,24.0,0
712.1555336157669,emergency,0.0,0.4353805806418104,0.4353805806418104,4.0,0
712.0883827671863,seasonal,0.10529504396004086,0.3513634158531591,0.45665845981319997,12.0,0
712.1420592444358,emergency,0.0,0.7177220910631077,0.7177220910631077,4.0,0
712.7556329593484,emergency,0.0,0.3190807107927397,0.3190807107927397,4.0,0
711.9579218634127,emergency,0.0,0.7177220910631077,0.7177220910631077,4.0,0
711.8451849504502,emergency,0.0,0.9736079806575129,0.9736079806575129,4.0,0
712.4480147070628,critical,0.0,0.4353805806418104,0.4353805806418104,2.0,0
712.5594522267279,emergency,0.0,0.6599100317467526,0.6599100317467526,4.0,0
712.1346980163529,seasonal,0.21851480694817838,0.7177220910631077,0.9362368980112861,12.0,0
712.526932864462,seasonal,0.01393729041694769,0.3513634158531591,0.3653007062701068,12.0,0
712.902506507571,seasonal,0.030499952116201712,0.6659438790168433,0.696443831133045,12.0,0
707.3839751671508,routine,5.205107457809959,0.6659438790168433,5.8710513368268025,24.0,0
712.5221485850433,emergency,0.0,0.7919122426127785,0.7919122426127785,4.0,0
712.7076893096156,emergency,0.0,0.668926378609784,0.668926378609784,4.0,0
713.102658127966,emergency,0.17364512856636338,0.3190807107927397,0.4927258393591031,4.0,0
713.0367658389283,emergency,0.1672579793382738,0.7177220910631077,0.8849800704013815,4.0,0
712.6920345030286,emergency,0.0,0.9736079806575129,0.9736079806575129,4.0,0
712.7932511375592,emergency,0.19910766916530065,0.9736079806575129,1.1727156498228135,4.0,0
707.9860704240198,routine,5.860721624748521,0.3190807107927397,6.179802335541261,24.0,0
707.555207491774,routine,5.536870832649811,1.0255029253980703,6.562373758047881,24.0,0
708.0314450159757,routine,5.952629920163304,0.4353805806418104,6.388010500805114,24.0,0
713.2509333410943,emergency,0.2908412308295283,0.6659438790168433,0.9567851098463716,4.0,0
713.2701612907158,emergency,0.46049534358246547,0.6599100317467526,1.120405375329218,4.0,0
713.3674294769337,emergency,0.48707794586857744,0.6659438790168433,1.1530218248854207,4.0,0
713.1358191717557,emergency,0.2828446332457588,0.7177220910631077,1.0005667243088665,4.0,0
713.6616514218616,emergency,0.2331456754318424,0.6396923088485589,0.8728379842804013,4.0,0
708.1098038386809,routine,6.00839696017897,0.3190807107927397,6.32747767097171,24.0,0
713.4372107316901,emergency,0.42887735640908886,0.6659438790168433,1.0948212354259321,4.0,0
713.1384919013389,seasonal,0.6557344769140627,0.6396923088485589,1.2954267857626216,12.0,0
713.7447664639396,critical,0.04953598215865895,1.0255029253980703,1.0750389075567293,2.0,0
713.7676264194366,emergency,0.15233399519706836,0.6396923088485589,0.7920263040456272,4.0,0
708.4896380712058,routine,5.729218357383957,0.3190807107927397,6.048299068176696,24.0,0
713.956530869419,emergency,0.010646901689483457,0.6599100317467526,0.670556933436236,4.0,0
714.3067505674319,emergency,0.1145005983636338,0.7919122426127785,0.9064128409764123,4.0,0
708.5665052473639,routine,5.724318814003141,0.9736079806575129,6.6979267946606535,24.0,0
714.1815807410453,emergency,0.0,0.6396923088485589,0.6396923088485589,4.0,0
714.5533336141776,critical,0.14704089902147643,0.3513634158531591,0.49840431487463555,2.0,0
714.5893303016597,emergency,0.7946770304661186,0.3190807107927397,1.1137577412588584,4.0,0
709.4983156322957,routine,6.262256800552677,0.3190807107927397,6.581337511345417,24.0,0
714.8419012529772,critical,0.3118871648532604,0.3190807107927397,0.6309678756460001,2.0,0
714.6935043064926,critical,0.032555906289644554,0.6599100317467526,0.6924659380363971,2.0,0
714.74825061303,critical,0.1673008618837457,1.0255029253980703,1.192803787281816,2.0,0
709.6730505579158,routine,6.224568464296226,0.3513634158531591,6.575931880149385,24.0,0
714.9408166724564,emergency,0.4441074530681135,0.7177220910631077,1.1618295441312212,4.0,0
715.2434039101389,emergency,0.6686035970858484,0.3190807107927397,0.9876843078785881,4.0,0
714.3553868601358,emergency,0.3880306084387257,0.9736079806575129,1.3616385890962386,4.0,0
714.9231633205461,seasonal,0.31640906926895696,0.6599100317467526,0.9763191010157095,12.0,0
714.9973682588444,emergency,0.4600508015306559,1.0255029253980703,1.4855537269287262,4.0,0
708.8573266115704,routine,6.507933223608461,0.6599100317467526,7.167843255355214,24.0,0
715.0782301667136,seasonal,0.1727656636771826,0.6659438790168433,0.8387095426940259,12.0,0
715.0525576190635,emergency,0.6591172224459569,0.3513634158531591,1.010480638299116,4.0,0
715.4649379510912,emergency,0.7171963191144641,0.4353805806418104,1.1525768997562746,4.0,0
715.1033488762491,emergency,0.7277471658724153,0.3190807107927397,1.046827876665155,4.0,0
709.3007541197255,routine,6.401169406165877,0.6659438790168433,7.067113285182721,24.0,0
715.4114695118377,emergency,0.7655635129468692,0.4353805806418104,1.2009440935886797,4.0,0
715.3368991547774,emergency,0.6489317059315454,0.7919122426127785,1.4408439485443238,4.0,0
715.4589866997104,critical,0.010569170104304249,0.9736079806575129,0.9841771507618171,2.0,0
715.1504864383709,emergency,0.7072310132979283,0.7177220910631077,1.424953104361036,4.0,0
714.9773559276011,emergency,0.4412375345076498,1.0255029253980703,1.46674045990572,4.0,0
709.9624707670737,routine,6.161852994584251,0.9736079806575129,7.135460975241764,24.0,0
715.5160098344516,emergency,1.0790130832670002,0.6599100317467526,1.7389231150137527,4.0,0
716.9363824308555,critical,0.00687661591723554,0.3513634158531591,0.35824003177039465,2.0,0
711.0454106549183,routine,6.303753703431198,0.3190807107927397,6.622834414223938,24.0,0
716.23293935406,seasonal,0.4666638191273478,0.3513634158531591,0.8180272349805069,12.0,0
715.7756561917515,emergency,1.187579998449337,0.6396923088485589,1.8272723072978958,4.0,0
715.8701613228031,emergency,1.3721247119644886,0.3190807107927397,1.6912054227572284,4.0,0
710.1912610466784,routine,6.681182393046811,0.3513634158531591,7.03254580889997,24.0,0
715.7131447203406,emergency,1.0604918333136766,0.6659438790168433,1.7264357123305198,4.0,0
710.5573843686223,routine,6.555142435239077,0.3190807107927397,6.874223146031817,24.0,0
715.5463262010167,emergency,1.169888436242104,0.7919122426127785,1.9618006788548825,4.0,0
715.8598721736565,emergency,1.248388821616345,0.4353805806418104,1.6837694022581555,4.0,0
715.6866001944223,emergency,1.0388193753576616,0.6659438790168433,1.7047632543745048,4.0,0
716.2001327637133,emergency,1.218519638611724,0.4353805806418104,1.6539002192535346,4.0,0
715.8012934629917,emergency,1.1796282983561923,1.0255029253980703,2.205131223754263,4.0,0
710.6714991345816,routine,6.485208466349718,0.7919122426127785,7.277120708962497,24.0,0
710.4329410339823,routine,6.592051161245877,0.7919122426127785,7.3839634038586555,24.0,0
716.180955677022,emergency,1.1692301959710676,0.9736079806575129,2.1428381766285804,4.0,0
715.9641064819346,emergency,1.2899510926696394,0.6396923088485589,1.9296434015181982,4.0,0
716.1795157731996,emergency,1.1472457541605081,0.6659438790168433,1.8131896331773514,4.0,0
717.7867039858799,seasonal,0.011066518559232463,0.6659438790168433,0.6770103975760757,12.0,0
717.4554851520027,critical,0.070485433260842,0.6599100317467526,0.7303954650075946,2.0,0
717.0079058056818,emergency,1.436938824638787,0.3190807107927397,1.756019535431527,4.0,0
716.5518676637425,emergency,1.0752688803113415,0.6396923088485589,1.7149611891599004,4.0,0
716.4133587833246,emergency,1.187690093334595,0.7177220910631077,1.9054121843977028,4.0,0
711.977131814669,routine,6.573105430413307,0.7177220910631077,7.290827521476414,24.0,0
717.7950741743493,seasonal,0.5180368658398038,0.7177220910631077,1.2357589569029115,12.0,0
716.568467768996,emergency,1.4682864010738967,0.7919122426127785,2.2601986436866754,4.0,0
716.6712561654344,emergency,1.4145667839517273,0.7177220910631077,2.1322888750148348,4.0,0
712.1235991856995,routine,6.67171654901972,0.6659438790168433,7.337660428036564,24.0,0
717.2486896286761,emergency,1.3422276274993692,0.7919122426127785,2.134139870112148,4.0,0
711.5768837350089,routine,6.801167427920404,0.6659438790168433,7.467111306937248,24.0,0
717.9947994572842,emergency,1.0502525533939888,0.4353805806418104,1.4856331340357993,4.0,0
717.247002395302,emergency,1.3333568758955607,0.3190807107927397,1.6524375866883005,4.0,0
712.5227494020285,routine,6.6051625947832235,0.3513634158531591,6.956526010636383,24.0,0
717.2097932846384,emergency,1.3328958161781657,0.9736079806575129,2.3065037968356785,4.0,0
711.7675316166168,routine,6.714647099579452,0.6599100317467526,7.374557131326204,24.0,0
712.2525328593463,routine,6.591878135797629,0.3513634158531591,6.943241551650788,24.0,0
717.5928613722795,emergency,1.0643118261486961,0.6599100317467526,1.7242218578954487,4.0,0
716.9077841933467,emergency,1.488495601663999,0.668926378609784,2.157421980273783,4.0,0
717.3438868293183,emergency,1.2917268276097502,0.6659438790168433,1.9576707066265935,4.0,0
717.933996580719,emergency,1.0651678905098834,1.0255029253980703,2.090670815907954,4.0,0
718.7756097495648,emergency,0.6116695870790636,0.3513634158531591,0.9630330029322227,4.0,0
717.283549190048,emergency,1.338589441723684,1.0255029253980703,2.3640923671217546,4.0,0
718.5040806102445,emergency,0.6785281541738186,0.6396923088485589,1.3182204630223775,4.0,0
719.2428177726638,emergency,0.17164813892907205,0.3513634158531591,0.5230115547822312,4.0,0
718.3488828771946,emergency,0.7701694283639426,0.6659438790168433,1.436113307380786,4.0,0
719.7020438756679,emergency,0.0,0.7919122426127785,0.7919122426127785,4.0,0
719.9356555840042,seasonal,0.04028865493603462,0.3190807107927397,0.3593693657287743,12.0,0
713.0204113263298,routine,7.304617197167886,0.668926378609784,7.97354357577767,24.0,0
712.7345066295707,routine,7.38498109068405,0.6396923088485589,8.02467339953261,24.0,0
719.4921100001188,seasonal,0.3902636174155987,0.7919122426127785,1.1821758600283772,12.0,0
719.9592986751092,seasonal,0.112515145378552,1.0255029253980703,1.1380180707766223,12.0,0
712.9216192633593,routine,7.332031089697807,0.7919122426127785,8.123943332310585,24.0,0
712.7549741972451,routine,7.458819766569263,0.6659438790168433,8.124763645586107,24.0,0
713.3447335453026,routine,8.127822353322586,0.4353805806418104,8.563202933964396,24.0,0
713.5221816260005,routine,8.145390631970827,0.6659438790168433,8.81133451098767,24.0,0
714.4796448133353,routine,7.644037183127921,0.6599100317467526,8.303947214874674,24.0,0
713.9344599745157,routine,7.874066485010189,0.6599100317467526,8.533976516756942,24.0,0
714.1799849299848,routine,7.650760763594349,0.6396923088485589,8.290453072442908,24.0,0
714.2284091865206,routine,7.813007923295913,0.7177220910631077,8.53073001435902,24.0,0
713.607464601524,routine,8.090495056683949,1.0255029253980703,9.11599798208202,24.0,0
714.7593223949933,routine,8.265367074185292,0.4353805806418104,8.700747654827103,24.0,0
716.7540885814457,routine,7.0578126789694124,0.6659438790168433,7.723756557986256,24.0,0
716.1484081130085,routine,7.549267498131712,0.7177220910631077,8.26698958919482,24.0,0
717.250911290791,routine,6.791968713190158,0.3190807107927397,7.111049423982898,24.0,0
715.5265145997092,routine,8.049347487813634,0.668926378609784,8.718273866423418,24.0,0
714.9970829683457,routine,8.460686277317564,0.9736079806575129,9.434294257975075,24.0,0
717.6622761954716,routine,6.441332888820057,0.6396923088485589,7.081025197668616,24.0,0
717.9158787999017,routine,6.851248658313807,0.3513634158531591,7.202612074166966,24.0,0
718.9685622895212,routine,6.615221994902754,0.6659438790168433,7.281165873919598,24.0,0
718.4622389061972,routine,6.793076694139245,0.6659438790168433,7.459020573156089,24.0,0
718.0958630819616,routine,7.044917545679368,0.6599100317467526,7.704827577426121,24.0,0
718.7201449847346,routine,6.850231851613216,0.6599100317467526,7.510141883359969,24.0,0
718.6348758627081,routine,6.867600056616425,1.0255029253980703,7.893102982014495,24.0,0
