t,class,wait_h,travel_h,response_h,sla_h,overtime
0.6777518589313252,emergency,0.0,0.6599100317467526,0.6599100317467526,4.0,0
0.8077711443823905,emergency,0.0,0.4353805806418104,0.4353805806418104,4.0,0
0.26594136989755063,emergency,0.0,0.9736079806575129,0.9736079806575129,4.0,0
0.9837455129844512,emergency,0.0,0.6659438790168433,0.6659438790168433,4.0,0
1.1519730342564334,critical,0.0,0.7177220910631077,0.7177220910631077,2.0,0
6.181904809213132,critical,0.0,0.6599100317467526,0.6599100317467526,2.0,0
6.19834926879633,routine,0.0,0.3190807107927397,0.3190807107927397,24.0,0
6.052449592902639,emergency,0.0,0.6396923088485589,0.6396923088485589,4.0,0
6.12881464666516,emergency,0.0,0.7177220910631077,0.7177220910631077,4.0,0
7.102609822765463,routine,0.0,0.3190807107927397,0.3190807107927397,24.0,0
7.5337208596870004,seasonal,0.0,0.4353805806418104,0.4353805806418104,12.0,0
7.485640553232663,seasonal,0.0,0.3190807107927397,0.3190807107927397,12.0,0
7.040333569609811,critical,0.0,0.4353805806418104,0.4353805806418104,2.0,0
6.854425057982817,routine,0.0,0.6659438790168433,0.6659438790168433,24.0,0
7.36928916422291,critical,0.25260504663396244,0.3513634158531591,0.6039684624871215,2.0,0
7.637602254007344,routine,0.08529027350334673,0.6599100317467526,0.7452003052500993,24.0,0
7.536244974820078,routine,0.0,0.4353805806418104,0.4353805806418104,24.0,0
7.3620443626071905,routine,0.0,0.6396923088485589,0.6396923088485589,24.0,0
7.171425848139441,emergency,0.0,0.7919122426127785,0.7919122426127785,4.0,0
7.831112956082309,emergency,0.0,0.3513634158531591,0.3513634158531591,4.0,0
8.026894403680307,critical,0.0,0.4353805806418104,0.4353805806418104,2.0,0
7.809019846833171,seasonal,0.21534059055571309,0.6599100317467526,0.8752506223024656,12.0,0
8.651162712374123,routine,0.0,0.3513634158531591,0.3513634158531591,24.0,0
8.818927071846556,routine,0.041082127574807004,0.6599100317467526,0.7009921593215596,24.0,0
8.740022690688763,seasonal,0.0,0.668926378609784,0.668926378609784,12.0,0
9.214142247258124,seasonal,0.0,0.4353805806418104,0.4353805806418104,12.0,0
9.22061693307535,emergency,0.342054150765982,0.3513634158531591,0.6934175666191411,4.0,0
9.050736209497193,emergency,0.12294980467701322,0.668926378609784,0.7918761832867972,4.0,0
8.248586072843988,critical,0.5258015949782884,0.6396923088485589,1.1654939038268473,2.0,0
9.230341907409317,seasonal,0.0,0.6599100317467526,0.6599100317467526,12.0,0
9.373896261014417,routine,0.0,0.6396923088485589,0.6396923088485589,24.0,0
8.910812643474147,emergency,0.12657124621720506,1.0255029253980703,1.1520741716152754,4.0,0
9.13368400982171,emergency,0.1366423680381068,0.6599100317467526,0.7965523997848594,4.0,0
10.065455869991109,seasonal,0.018144328472335047,0.7919122426127785,0.8100565710851135,12.0,0
9.768630649105997,routine,0.551789927456074,0.3190807107927397,0.8708706382488137,24.0,0
9.536465070022285,routine,0.07482561477659999,1.0255029253980703,1.1003285401746703,24.0,0
9.674853646493487,critical,0.8638926600169103,0.6396923088485589,1.5035849688654692,2.0,0
9.58233966154252,routine,0.6920048321382133,0.6659438790168433,1.3579487111550566,24.0,0
9.377769875443265,emergency,1.3977869658652775,0.6659438790168433,2.0637308448821208,4.0,0
9.964374072414133,routine,0.391268801225106,0.6599100317467526,1.0511788329718585,24.0,0
10.407305834540931,seasonal,0.4503004454369215,0.668926378609784,1.1192268240467054,12.0,0
9.421830576946464,emergency,1.6786398507557525,0.3190807107927397,1.9977205615484923,4.0,0
11.00539583604491,critical,0.02370609702990656,0.6659438790168433,0.6896499760467498,2.0,0
9.888304862750765,critical,0.7457597899028663,0.9736079806575129,1.7193677705603791,2.0,0
10.450836547973747,routine,0.5176745787050514,0.7919122426127785,1.3095868213178299,24.0,0
10.727341594951644,routine,1.1385938780099423,0.6396923088485589,1.7782861868585011,24.0,0
10.502494927527472,routine,1.0208465293578275,0.6599100317467526,1.68075656110458,24.0,0
11.054881921927485,routine,0.9090145887701642,0.6396923088485589,1.548706897618723,24.0,0
11.146288083889095,routine,0.9716372993975693,0.668926378609784,1.6405636780073531,24.0,0
11.248714542518865,routine,0.9394742446284177,0.6396923088485589,1.5791665534769765,24.0,0
9.614025880519307,emergency,2.5689771544499695,0.3513634158531591,2.9203405703031287,4.0,0
11.845963080887412,routine,0.3634679867448707,0.6599100317467526,1.0233780184916232,24.0,0
9.472100415922418,emergency,2.6314155654730893,0.7919122426127785,3.423327808085868,4.0,0
9.748476488246924,emergency,2.7841780585319658,0.6599100317467526,3.4440880902787185,4.0,0
12.740678077022666,seasonal,0.22609763240227032,0.7177220910631077,0.943819723465378,12.0,0
10.018874570796914,emergency,2.895483693288588,0.6396923088485589,3.5351760021371468,4.0,0
9.979367891515645,emergency,2.579698468693387,0.7177220910631077,3.2974205597564943,4.0,0
12.82724545735721,routine,0.8651646092817593,0.3513634158531591,1.2165280251349184,24.0,0
12.421782316057968,routine,0.9947640059468181,0.4353805806418104,1.4301445865886286,24.0,0
12.357761459035995,routine,0.8614264027836978,0.6396923088485589,1.5011187116322566,24.0,0
12.469452183063275,routine,1.1007302530829417,0.7919122426127785,1.8926424956957202,24.0,0
13.399259283038639,critical,0.3339940273934161,0.6599100317467526,0.9939040591401687,2.0,0
12.64047197577244,routine,1.0203341078380035,0.4353805806418104,1.455714688479814,24.0,0
14.241568946525428,seasonal,0.1616195448629103,0.4353805806418104,0.5970001255047207,12.0,0
14.364772382116518,critical,0.14009508726095454,0.7177220910631077,0.8578171783240622,2.0,0
13.561486100402417,critical,0.6042424841141862,0.7177220910631077,1.321964575177294,2.0,0
13.164802619175036,routine,0.8755809838662163,0.6599100317467526,1.5354910156129689,24.0,0
10.147572802058196,emergency,4.021159156455694,0.7919122426127785,4.813071399068472,4.0,1
14.178196158477368,routine,1.1987258268893193,0.3513634158531591,1.5500892427424784,24.0,0
14.451290294418703,critical,0.21686520806247422,0.668926378609784,0.8857915866722582,2.0,0
13.62436910023945,routine,1.3135173399867597,0.3190807107927397,1.6325980507794995,24.0,0
13.577112081723556,routine,1.3579908366007114,0.6599100317467526,2.017900868347464,24.0,0
14.034642685127546,routine,1.1332966023958733,0.3190807107927397,1.452377313188613,24.0,0
14.003513648843885,routine,0.9939894929709467,0.6599100317467526,1.6538995247176993,24.0,0
15.499287281148929,seasonal,0.09683555520362752,0.6659438790168433,0.7627794342204708,12.0,0
14.212736520426887,routine,1.7837431621304116,0.4353805806418104,2.219123742772222,24.0,0
10.165234992260757,emergency,5.787924023800537,0.668926378609784,6.456850402410321,4.0,1
14.541706903303709,critical,0.8330359072354039,0.668926378609784,1.5019622858451878,2.0,0
15.766054731273943,critical,0.0662954583435944,0.6599100317467526,0.726205490090347,2.0,0
10.368898094365466,emergency,5.854392298014361,0.3190807107927397,6.1734730088071,4.0,1
16.479445194164292,seasonal,0.02870034779230224,0.7177220910631077,0.7464224388554099,12.0,0
16.62060775218365,seasonal,0.001408099717206568,0.6599100317467526,0.6613181314639591,12.0,0
15.039108926851267,routine,1.6055029863410972,0.7919122426127785,2.397415228953876,24.0,0
10.390583763753295,emergency,6.201615305928954,0.7177220910631077,6.919337396992061,4.0,1
14.216779402737082,routine,2.381053589701839,0.7177220910631077,3.0987756807649465,24.0,0
14.742706346854277,routine,1.8709765385287902,0.9736079806575129,2.844584519186303,24.0,0
16.778795651323165,seasonal,0.24945670073104864,0.3513634158531591,0.6008201165842078,12.0,0
16.9812553228347,critical,0.2727552396554813,0.6599100317467526,0.9326652714022339,2.0,0
10.52197849273224,emergency,6.840198434699166,0.668926378609784,7.509124813308951,4.0,1
10.800123112720694,emergency,6.645655565361242,0.6659438790168433,7.311599444378086,4.0,1
15.444677897668528,routine,1.7072531822758368,0.668926378609784,2.3761795608856207,24.0,0
11.268377307081197,emergency,6.993580499247004,0.3190807107927397,7.312661210039744,4.0,1
18.068071603692715,seasonal,0.04085884347386681,0.4353805806418104,0.4762394241156772,12.0,0
15.530610471606797,routine,2.688585628635595,0.6599100317467526,3.3484956603823477,24.0,0
11.117917635430418,emergency,6.766365388716162,0.6396923088485589,7.406057697564721,4.0,1
17.813413819471652,seasonal,0.2753653329997441,0.6659438790168433,0.9413092120165873,12.0,0
18.289819052290543,seasonal,0.20874548754365918,0.6599100317467526,0.8686555192904117,12.0,0
11.291065403551874,emergency,7.633209507437913,0.6659438790168433,8.299153386454757,4.0,1
16.62188207866506,routine,2.0724274499613387,0.7177220910631077,2.790149541024446,24.0,0
16.228846023665568,routine,2.3643780440885607,0.9736079806575129,3.3379860247460735,24.0,0
11.551376409264176,emergency,7.5464189516304465,0.4353805806418104,7.981799532272257,4.0,1
18.4077211567277,critical,0.5028297792961602,0.7177220910631077,1.220551870359268,2.0,0
19.534067194998954,seasonal,0.023655124186763743,0.4353805806418104,0.45903570482857414,12.0,0
16.62424222748057,routine,2.8370607898558298,0.6599100317467526,3.4969708216025825,24.0,0
18.73231292185632,seasonal,0.42251800442733156,0.6659438790168433,1.0884618834441748,12.0,0
11.767664304189191,emergency,7.619711620569772,0.3513634158531591,7.971075036422931,4.0,1
17.585140541989684,routine,2.5523541879625427,0.4353805806418104,2.987734768604353,24.0,0
17.183928152843183,routine,2.7839312925196786,0.6396923088485589,3.4236236013682375,24.0,0
18.068206065754953,routine,2.3000242048322868,0.4353805806418104,2.7354047854740973,24.0,0
12.036300381324077,emergency,7.689676930096615,0.6659438790168433,8.355620809113459,4.0,1
12.245033617624154,emergency,7.973780886721036,0.6599100317467526,8.633690918467789,4.0,1
18.025369478373925,routine,2.198022064602384,1.0255029253980703,3.2235249900004543,24.0,0
12.393733283077362,emergency,8.156866093243666,0.4353805806418104,8.592246673885477,4.0,1
20.671437880121566,seasonal,0.32268899611436197,0.7177220910631077,1.0404110871774697,12.0,0
18.47556309134993,routine,2.5265794233126755,0.668926378609784,3.1955058019224594,24.0,0
20.38910272541496,seasonal,0.5695119480408515,0.668926378609784,1.2384383266506354,12.0,0
19.74807152391389,routine,1.5351346113658515,0.3513634158531591,1.8864980272190106,24.0,0
13.495645016222477,emergency,7.066155342096055,1.0255029253980703,8.091658267494125,4.0,1
13.922660101705082,emergency,7.120215714057929,0.7177220910631077,7.837937805121037,4.0,1
19.614514804247897,routine,1.6453298686220563,0.6659438790168433,2.3112737476388996,24.0,0
14.355052472947996,emergency,7.209538063573554,0.6599100317467526,7.8694480953203065,4.0,1
14.543297784052317,emergency,7.17921984307025,0.668926378609784,7.848146221680034,4.0,1
19.985100398566054,routine,1.5448649837730635,0.668926378609784,2.2137913623828473,24.0,0
14.696852515836063,emergency,7.5332863629352715,0.3513634158531591,7.884649778788431,4.0,1
21.837021604148152,seasonal,0.18010640530365407,0.668926378609784,0.8490327839134381,12.0,0
20.83549830272336,routine,1.7040931615667745,0.6659438790168433,2.3700370405836177,24.0,0
20.845025424351544,routine,1.7315428039809575,1.0255029253980703,2.757045729379028,24.0,0
20.348544220634647,routine,2.0107582043860965,0.9736079806575129,2.9843661850436094,24.0,0
20.486869885522186,routine,1.9671778877553443,0.9736079806575129,2.940785868412857,24.0,0
14.964203697670357,emergency,8.318088573139132,0.3190807107927397,8.637169283931872,4.0,1
23.132068469230507,seasonal,0.04854653720237678,0.3190807107927397,0.3676272479951165,12.0,0
14.918775882580318,emergency,8.361251078819611,0.3513634158531591,8.71261449467277,4.0,1
14.850819770514072,emergency,8.206403944343826,0.7919122426127785,8.998316186956604,4.0,1
14.847680141157271,emergency,8.117545792802455,0.6659438790168433,8.783489671819298,4.0,1
14.990084378382264,emergency,8.692539539155351,0.6659438790168433,9.358483418172195,4.0,1
20.865268787489157,routine,2.5716026669618124,0.9736079806575129,3.5452106476193253,24.0,0
22.390276486471944,routine,1.7927315503634738,0.668926378609784,2.4616579289732576,24.0,0
22.391157325613865,routine,1.8701048364731925,0.6659438790168433,2.5360487154900357,24.0,0
21.057715092656935,routine,2.994099406339828,0.7177220910631077,3.7118214974029353,24.0,0
22.76283872454736,routine,1.8300079555046338,0.4353805806418104,2.2653885361464443,24.0,0
15.285333489179125,emergency,9.593985741086128,0.6396923088485589,10.233678049934687,4.0,1
22.575888861771354,routine,1.8313737574676736,0.7177220910631077,2.549095848530781,24.0,0
23.435888097540484,routine,1.3086594680869084,0.3513634158531591,1.6600228839400675,24.0,0
15.023719967774692,emergency,9.846004654301701,0.4353805806418104,10.281385234943512,4.0,1
15.28542008012985,emergency,9.71507467647714,0.9736079806575129,10.688682657134652,4.0,1
24.187630161027553,critical,0.43210185730622896,0.9736079806575129,1.4057098379637418,2.0,0
23.773946281296457,routine,1.8498383873977922,0.3190807107927397,2.168919098190532,24.0,0
24.988571459789274,seasonal,0.607867191757606,0.6599100317467526,1.2677772235043585,12.0,0
15.335560952170038,emergency,10.250822735527716,0.6659438790168433,10.91676661454456,4.0,1
15.471052876518101,emergency,10.789903202382483,1.0255029253980703,11.815406127780554,4.0,1
26.66524417967192,critical,0.12146922882656952,0.6599100317467526,0.7813792605733221,2.0,0
15.508065176384958,emergency,11.146106776447253,0.6659438790168433,11.812050655464096,4.0,1
15.740371060404543,emergency,11.22079954590689,1.0255029253980703,12.246302471304961,4.0,1
15.759965488031314,emergency,11.686850438313476,0.668926378609784,12.35577681692326,4.0,1
27.851790676091838,critical,0.1407074798906116,0.4353805806418104,0.576088060532422,2.0,0
15.780980041333553,emergency,12.355511339646089,0.6599100317467526,13.015421371392842,4.0,1
16.003405053962155,emergency,12.624134717526694,0.6659438790168433,13.290078596543538,4.0,1
15.939040536636,emergency,12.590419691692603,0.7177220910631077,13.30814178275571,4.0,1
16.074101517926483,emergency,12.700084423901014,0.3190807107927397,13.019165134693754,4.0,1
28.72138233190535,seasonal,0.0,0.7919122426127785,0.7919122426127785,12.0,0
29.641714380555143,seasonal,0.0,0.4353805806418104,0.4353805806418104,12.0,0
16.1167926442958,emergency,13.32188638152006,0.6396923088485589,13.961578690368619,4.0,1
16.13995752411501,emergency,13.336344615539907,0.7177220910631077,14.054066706603015,4.0,1
16.381741389533023,emergency,13.944075945866295,0.3190807107927397,14.263156656659035,4.0,1
16.178429566262626,emergency,13.72273606545922,0.7177220910631077,14.440458156522327,4.0,1
30.169517503495722,routine,0.0,0.9736079806575129,0.9736079806575129,24.0,0
16.676683234821922,emergency,13.740574490640935,0.6396923088485589,14.380266799489494,4.0,1
30.92464550050489,critical,0.10783928645933472,0.3190807107927397,0.4269199972520744,2.0,0
31.01580026052724,seasonal,0.0,0.3513634158531591,0.3513634158531591,12.0,0
16.707441552558805,emergency,14.557732711667558,0.7177220910631077,15.275454802730666,4.0,1
31.147123142143904,routine,0.0,0.4353805806418104,0.4353805806418104,24.0,0
32.02953912279825,routine,0.0,0.3513634158531591,0.3513634158531591,24.0,0
31.18239294039779,routine,0.0,0.7177220910631077,0.7177220910631077,24.0,0
31.36286070300836,routine,0.0,0.6599100317467526,0.6599100317467526,24.0,0
31.41410576151998,critical,0.04738684656247116,0.4353805806418104,0.48276742720428156,2.0,0
16.757038046918193,emergency,15.066284115145926,0.668926378609784,15.73521049375571,4.0,1
31.561553374151188,routine,0.0,0.6396923088485589,0.6396923088485589,24.0,0
32.04431057993738,routine,0.0,0.6659438790168433,0.6659438790168433,24.0,0
32.098916374130226,routine,0.12615474903484625,0.6396923088485589,0.7658470578834051,24.0,0
17.104333653338358,emergency,14.955066205239518,0.4353805806418104,15.390446785881329,4.0,1
17.377472816181925,emergency,14.80914371153349,1.0255029253980703,15.834646636931561,4.0,1
17.59403431553431,emergency,15.560058673986688,0.4353805806418104,15.995439254628499,4.0,1
17.489376368579943,emergency,15.1826960334221,0.6396923088485589,15.82238834227066,4.0,1
32.537859501118724,seasonal,0.5449018712037557,0.7919122426127785,1.3368141138165341,12.0,0
33.15528103615347,seasonal,0.10744950912977913,0.6599100317467526,0.7673595408765317,12.0,0
32.4213994662714,routine,0.7242614289573055,0.4353805806418104,1.159642009599116,24.0,0
32.48810531810602,routine,0.8775626452547769,0.3513634158531591,1.228926061107936,24.0,0
18.012685180484173,emergency,15.22530758549851,0.6599100317467526,15.885217617245262,4.0,1
32.28548820738603,routine,0.8288498949742262,0.6659438790168433,1.4947937739910695,24.0,0
18.067782883702375,emergency,15.635347805237021,0.6396923088485589,16.27504011408558,4.0,1
32.388191185784585,seasonal,0.47877224249035066,1.0255029253980703,1.504275167888421,12.0,0
33.39076933586118,seasonal,0.2353552379707935,0.6599100317467526,0.895265269717546,12.0,0
33.80518528113966,critical,0.2808795490726439,0.3513634158531591,0.632242964925803,2.0,0
33.9660730400189,critical,0.469160801107698,0.6396923088485589,1.1088531099562569,2.0,0
33.69237750383949,seasonal,0.9491635900649698,0.9736079806575129,1.9227715707224826,12.0,0
34.73701090636098,seasonal,0.19882661658486,0.6599100317467526,0.8587366483316126,12.0,0
35.054693418629746,seasonal,0.06149117148312655,0.4353805806418104,0.49687175212493695,12.0,0
34.52445605400183,critical,0.5212437995684596,0.7177220910631077,1.2389658906315673,2.0,0
33.61207158517489,routine,1.6809512245969103,0.3190807107927397,2.00003193538965,24.0,0
34.142729760646354,critical,0.42708109554001794,0.668926378609784,1.0960074741498018,2.0,0
33.332018770119895,routine,1.9159568911738845,0.3513634158531591,2.2673203070270436,24.0,0
32.67270886159611,routine,2.338348747857374,0.4353805806418104,2.7737293284991846,24.0,0
18.148056044835528,emergency,17.053779295383897,0.6396923088485589,17.693471604232457,4.0,1
34.85732132081189,seasonal,0.08213111176988264,0.7919122426127785,0.8740433543826611,12.0,0
33.70872348456802,routine,2.765765123694486,0.3190807107927397,3.0848458344872256,24.0,0
34.2687625000781,routine,2.3361047252422864,0.4353805806418104,2.771485305884097,24.0,0
35.63933529701199,seasonal,0.6558665965318724,0.4353805806418104,1.091247177173683,12.0,0
36.27486602897979,seasonal,0.04198592552482694,0.4353805806418104,0.47736650616663734,12.0,0
18.62731414724926,emergency,17.166866576985456,0.6659438790168433,17.8328104560023,4.0,1
34.39159655833993,routine,2.2716286206127805,0.6599100317467526,2.9315386523595333,24.0,0
35.84550392865675,critical,0.3497683362136428,0.6599100317467526,1.0096783679603953,2.0,0
18.82947715999894,emergency,17.727125031195644,0.7919122426127785,18.519037273808422,4.0,1
18.67362247350271,emergency,17.85765994849681,0.7919122426127785,18.649572191109588,4.0,1
18.887839431816754,emergency,17.8142332263678,0.6659438790168433,18.480177105384644,4.0,1
34.084322535788225,routine,2.4637921465823496,0.7919122426127785,3.2557043891951283,24.0,0
36.66701200316873,seasonal,0.19928691964840084,1.0255029253980703,1.2247898450464711,12.0,0
18.901875999716154,emergency,18.905712585975863,0.668926378609784,19.574638964585645,4.0,1
36.860488309375704,seasonal,0.7871786543773212,0.4353805806418104,1.2225592350191317,12.0,0
34.473844684263604,routine,3.561466817753022,0.6599100317467526,4.221376849499775,24.0,0
36.669424481006594,seasonal,0.9721302179623095,0.6659438790168433,1.6380740969791527,12.0,0
36.984787488997426,seasonal,0.6719184316915232,0.6396923088485589,1.311610740540082,12.0,0
37.41822524962152,seasonal,0.2699135883834458,0.6659438790168433,0.9358574674002891,12.0,0
35.44217301495095,routine,3.1986073632356096,0.3513634158531591,3.5499707790887687,24.0,0
19.345496788828292,emergency,18.855294962322475,0.3190807107927397,19.174375673115215,4.0,1
19.13423393672473,emergency,18.930950195706576,0.9736079806575129,19.904558176364088,4.0,1
19.61865475561069,emergency,18.601172813680108,0.4353805806418104,19.036553394321917,4.0,1
35.87119798388705,routine,2.826093160813329,0.668926378609784,3.495019539423113,24.0,0
19.648268521703123,emergency,18.77037713890911,0.6659438790168433,19.436321017925955,4.0,1
19.968466749595393,emergency,19.112586236760976,0.3190807107927397,19.431666947553715,4.0,1
37.53203830289114,routine,1.7943758796477098,0.6659438790168433,2.460319758664553,24.0,0
37.583209753810756,routine,1.7562776974516012,0.4353805806418104,2.1916582780934117,24.0,0
37.4813137839701,routine,1.6135209850143681,0.6659438790168433,2.2794648640312114,24.0,0
39.464967741005744,routine,0.14997356537941187,0.668926378609784,0.8188999439891959,24.0,0
39.4531778575267,seasonal,0.037768562215845236,0.3513634158531591,0.38913197806900435,12.0,0
39.55593439108093,critical,0.22891745966993682,0.3513634158531591,0.5802808755230959,2.0,0
39.21527938552606,critical,0.4212272474585248,0.9736079806575129,1.3948352281160377,2.0,0
39.242280837791,critical,0.4407572155579871,0.6659438790168433,1.1067010945748303,2.0,0
40.09988556618849,seasonal,0.0021241419404915973,0.4353805806418104,0.437504722582302,12.0,0
37.77260066652556,routine,1.7498504256423786,0.7919122426127785,2.5417626682551573,24.0,0
20.03915927070138,emergency,20.407428960739782,0.7177220910631077,21.12515105180289,4.0,1
39.813827494330646,critical,0.5368034336519898,0.6599100317467526,1.1967134653987423,2.0,0
20.09280485649644,emergency,21.078065439441584,0.6659438790168433,21.744009318458428,4.0,1
40.645478594217906,seasonal,0.31851769910117156,0.6599100317467526,0.9784277308479241,12.0,0
39.65193490670095,routine,1.4422234550255624,0.7919122426127785,2.234135697638341,24.0,0
39.498097463865044,routine,1.582306890401881,0.668926378609784,2.251233269011665,24.0,0
41.353369127909616,seasonal,0.3446187020327116,0.3190807107927397,0.6636994128254513,12.0,0
40.03906634266573,routine,1.0882150003742055,0.4353805806418104,1.523595581016016,24.0,0
40.233211204870756,seasonal,0.6589634154107813,0.6396923088485589,1.2986557242593402,12.0,0
20.318398704967528,emergency,21.040771426916002,0.4353805806418104,21.47615200755781,4.0,1
20.761034394638735,emergency,21.735321311182382,0.3513634158531591,22.08668472703554,4.0,1
42.323885403635884,critical,0.03829445782169927,0.9736079806575129,1.0119024384792121,2.0,0
20.38802150687173,emergency,21.258537314814447,0.9736079806575129,22.23214529547196,4.0,1
41.300149218939445,seasonal,0.38170056312187484,0.9736079806575129,1.3553085437793877,12.0,0
20.659349238022795,emergency,21.457043604348915,0.6659438790168433,22.12298748336576,4.0,1
40.170715467868305,routine,2.7588913397426396,0.6599100317467526,3.4188013714893923,24.0,0
41.992838204404705,seasonal,0.5894545952646411,0.668926378609784,1.258380973874425,12.0,0
41.52076133164665,seasonal,1.0401563062242616,0.4353805806418104,1.475536886866072,12.0,0
42.40306499728997,seasonal,0.34155795203162853,0.7177220910631077,1.0592800430947362,12.0,0
40.136607068779774,routine,2.6820761515297846,0.668926378609784,3.3510025301395685,24.0,0
20.773682010984444,emergency,22.199148020825355,0.6599100317467526,22.859058052572106,4.0,1
42.311401856203524,seasonal,0.37914049153403084,0.6396923088485589,1.0188328003825897,12.0,0
43.549351088742824,critical,0.1725215770954307,0.7919122426127785,0.9644338197082092,2.0,0
21.093321526861722,emergency,22.88421177208069,0.6599100317467526,23.54412180382744,4.0,1
44.064523159473325,seasonal,0.2910151276909474,0.3513634158531591,0.6423785435441065,12.0,0
43.33038371654663,seasonal,0.7077513642830482,0.6659438790168433,1.3736952432998915,12.0,0
21.166887618301534,emergency,23.004992461214524,0.6659438790168433,23.670936340231368,4.0,1
43.41682306177411,seasonal,0.8102899544478532,0.6599100317467526,1.4701999861946058,12.0,0
21.039861642604254,emergency,22.92870350524203,0.7919122426127785,23.720615747854808,4.0,1
44.433315339848704,seasonal,0.07475400996695214,0.668926378609784,0.7436803885767361,12.0,0
44.52620524187867,seasonal,0.10421779680911669,0.6659438790168433,0.77016167582596,12.0,0
21.187344383425707,emergency,23.39589517851965,0.6396923088485589,24.035587487368208,4.0,1
43.71932651902074,seasonal,0.6106498587312288,0.7177220910631077,1.3283719497943365,12.0,0
40.53546981349394,routine,3.867603686159441,0.9736079806575129,4.841211666816954,24.0,0
45.4531127932763,critical,0.13493949568834296,0.6599100317467526,0.7948495274350955,2.0,0
44.81874959689815,critical,0.6853248837958006,0.3190807107927397,1.0044055945885404,2.0,0
44.741595810011965,seasonal,1.0960659375646316,0.3190807107927397,1.4151466483573714,12.0,0
40.644170929728205,routine,5.478262681055476,0.3190807107927397,5.797343391848216,24.0,0
44.68740320972767,seasonal,1.1371692724472595,0.3190807107927397,1.4562499832399993,12.0,0
40.8145776169975,routine,5.315610775740119,0.3513634158531591,5.666974191593278,24.0,0
21.528330350822955,emergency,24.531307532952873,0.4353805806418104,24.96668811359468,4.0,1
21.5236850302311,emergency,24.351407046938334,0.7919122426127785,25.143319289551112,4.0,1
45.412340560570634,seasonal,0.5433097822661708,0.668926378609784,1.2122361608759546,12.0,0
40.97867949786042,routine,5.3653337404923604,0.668926378609784,6.034260119102145,24.0,0
41.21662542195326,routine,5.332924829624872,0.4353805806418104,5.768305410266683,24.0,0
21.734713087899745,emergency,24.53355832868667,1.0255029253980703,25.55906125408474,4.0,1
46.66505494375096,critical,0.2540029409310165,1.0255029253980703,1.2795058663290868,2.0,0
41.45480486643917,routine,5.84834695057495,0.3190807107927397,6.1674276613676895,24.0,0
21.94039834430002,emergency,25.255227722263328,0.3190807107927397,25.574308433056068,4.0,1
22.425666843612024,emergency,25.28527632528581,0.3190807107927397,25.60435703607855,4.0,1
41.489806453142876,routine,5.863525788051177,0.6659438790168433,6.529469667068021,24.0,0
42.72742682764272,routine,4.728982082683032,0.3513634158531591,5.080345498536191,24.0,0
42.865480107637744,routine,4.7827445479602915,0.6659438790168433,5.448688426977135,24.0,0
22.500047334079685,emergency,25.31861308896693,0.9736079806575129,26.292221069624443,4.0,1
43.80748961562476,routine,4.555117225576581,0.6396923088485589,5.19480953442514,24.0,0
25.83824344459579,emergency,22.950968578572635,0.3513634158531591,23.302331994425792,4.0,1
43.2813851273247,routine,4.545846917558983,1.0255029253980703,5.571349842957053,24.0,0
25.400516468754088,emergency,23.3323526988689,0.6659438790168433,23.998296577885743,4.0,1
43.528097273852104,routine,4.5600302882336265,0.6659438790168433,5.22597416725047,24.0,0
43.90258543234775,routine,4.7927802195326805,0.3513634158531591,5.14414363538584,24.0,0
24.973880994123142,emergency,23.64302580375042,1.0255029253980703,24.668528729148488,4.0,1
23.427260939442576,emergency,25.025914454011968,0.7919122426127785,25.817826696624746,4.0,1
44.33268694079964,routine,4.660492830829789,0.3190807107927397,4.979573541622528,24.0,0
43.934338765658275,routine,4.965263220718569,0.7919122426127785,5.757175463331348,24.0,0
45.132057527266525,routine,4.503922607767187,0.4353805806418104,4.9393031884089975,24.0,0
29.436441106946873,emergency,20.16304795395901,0.6599100317467526,20.82295798570576,4.0,1
44.99880164288489,routine,4.595339222448686,0.6659438790168433,5.26128310146553,24.0,0
45.42019361299229,routine,4.731719858521771,0.668926378609784,5.400646237131555,24.0,0
29.823104334198543,emergency,19.99118592123971,0.6396923088485589,20.630878230088268,4.0,1
45.54139444543998,routine,4.878718303853354,0.3190807107927397,5.197799014646094,24.0,0
30.349435135536314,emergency,20.154630596635347,0.6659438790168433,20.82057447565219,4.0,1
30.068422153066447,emergency,19.98407847639066,0.6599100317467526,20.64398850813741,4.0,1
46.327303060702725,routine,4.229133896696688,0.6659438790168433,4.895077775713531,24.0,0
45.18074739338958,routine,4.78419991598242,1.0255029253980703,5.80970284138049,24.0,0
30.488409944465637,emergency,20.022017248107346,0.6599100317467526,20.681927279854097,4.0,1
47.44762946589784,routine,4.110856796149889,0.3190807107927397,4.429937506942629,24.0,0
46.79444055694723,routine,4.071704872739275,0.7177220910631077,4.7894269638023825,24.0,0
46.89873156349918,routine,4.219411364259734,0.4353805806418104,4.654791944901545,24.0,0
49.30013304131914,routine,2.4696482334547696,0.4353805806418104,2.90502881409658,24.0,0
46.98361117389755,routine,4.435757113032139,0.6599100317467526,5.095667144778892,24.0,0
30.576640332218645,emergency,20.802897959887282,0.668926378609784,21.471824338497065,4.0,1
31.711160785377455,emergency,20.42241410321098,0.4353805806418104,20.857794683852788,4.0,1
31.008593886472404,emergency,20.906754782446775,0.7177220910631077,21.624476873509884,4.0,1
30.851974045988044,emergency,20.856213132919365,0.9736079806575129,21.829821113576877,4.0,1
52.571863199173364,critical,0.6681683609488402,0.3513634158531591,1.0195317768019994,2.0,0
31.49436735985414,emergency,20.52952792955347,1.0255029253980703,21.55503085495154,4.0,1
31.870602555615513,emergency,21.674426201562923,0.6659438790168433,22.340370080579767,4.0,1
52.861438184808726,critical,0.4261443272285277,0.6659438790168433,1.092088206245371,2.0,0
53.62466942462653,routine,0.0,0.7177220910631077,0.7177220910631077,24.0,0
53.89513359314669,routine,0.0,0.3513634158531591,0.3513634158531591,24.0,0
32.01995482001911,emergency,21.973357923997746,0.6599100317467526,22.633267955744497,4.0,1
54.539434914356804,seasonal,0.0,0.7919122426127785,0.7919122426127785,12.0,0
32.35426210777868,emergency,22.537427722653263,0.668926378609784,23.206354101263045,4.0,1
32.16794184882146,emergency,22.196051194353316,0.4353805806418104,22.631431774995125,4.0,1
54.91623163547523,routine,0.0,0.4353805806418104,0.4353805806418104,24.0,0
32.562146357660104,emergency,22.39627545645005,0.3513634158531591,22.747638872303206,4.0,1
54.71717829577863,seasonal,0.0,0.6659438790168433,0.6659438790168433,12.0,0
32.05729325090621,emergency,22.28593352828279,1.0255029253980703,23.31143645368086,4.0,1
54.99936308129054,routine,0.0,0.7919122426127785,0.7919122426127785,24.0,0
55.65565275838341,routine,0.0,0.7919122426127785,0.7919122426127785,24.0,0
55.818791400140185,critical,0.3636619607705569,0.3513634158531591,0.715025376623716,2.0,0
55.068625209581676,routine,0.0,1.0255029253980703,1.0255029253980703,24.0,0
55.850060360688914,seasonal,0.1978991514884001,0.6396923088485589,0.837591460336959,12.0,0
55.44208734129433,seasonal,0.0,0.7177220910631077,0.7177220910631077,12.0,0
32.73716371787275,emergency,23.455012807635498,0.7177220910631077,24.172734898698607,4.0,1
56.20282654889783,routine,0.06333534712884159,0.7919122426127785,0.8552475897416201,24.0,0
55.7312776103782,critical,0.2775409498391497,0.4353805806418104,0.7129215304809601,2.0,0
33.180001927896676,emergency,23.531500178441107,0.4353805806418104,23.966880759082915,4.0,1
56.18429294341456,routine,0.0755114012631779,1.0255029253980703,1.1010143266612482,24.0,0
32.78299757174617,emergency,23.47762514161831,0.9736079806575129,24.451233122275823,4.0,1
56.35993605075356,seasonal,0.620365156911241,0.7919122426127785,1.4122773995240194,12.0,0
57.347790936655684,seasonal,0.18861471453932666,0.4353805806418104,0.623995295181137,12.0,0
57.260469919570795,seasonal,0.07244800206910185,0.7919122426127785,0.8643602446818803,12.0,0
33.302271969073665,emergency,24.612321094409147,0.3190807107927397,24.931401805201887,4.0,1
57.64554855887183,critical,0.192792406672595,0.3513634158531591,0.5441558225257541,2.0,0
56.73653446036201,seasonal,0.5077534149655776,1.0255029253980703,1.5332563403636479,12.0,0
57.274677429811746,seasonal,0.18815451791304838,0.6659438790168433,0.8540983969298916,12.0,0
33.26658774601368,emergency,24.34303032396909,0.3190807107927397,24.66211103476183,4.0,1
33.209250221534006,emergency,24.104141437220136,0.9736079806575129,25.077749417877648,4.0,1
58.050572859197146,seasonal,0.18701913230023592,0.4353805806418104,0.6223997129420463,12.0,0
57.69869276353215,seasonal,0.0756827329274472,0.7177220910631077,0.7934048239905549,12.0,0
33.466408817500074,emergency,24.77318454165828,0.9736079806575129,25.746792522315793,4.0,1
33.9187895798566,emergency,25.08314616341996,0.6396923088485589,25.72283847226852,4.0,1
59.00955650017534,critical,0.1389224988882276,0.668926378609784,0.8078488774980116,2.0,0
56.53062480702549,routine,2.2564681751938664,0.9736079806575129,3.2300761558513793,24.0,0
59.14148158083906,seasonal,0.14900983474023377,0.3513634158531591,0.5003732505933929,12.0,0
56.24018004906969,routine,2.5186520323200483,0.6659438790168433,3.1845959113368916,24.0,0
58.86241453839223,seasonal,0.3170592976283899,0.668926378609784,0.9859856762381739,12.0,0
58.81564989883245,seasonal,0.09143980550188502,0.668926378609784,0.760366184111669,12.0,0
34.10324949899183,emergency,25.221735330177403,0.3513634158531591,25.57309874603056,4.0,1
34.2218496437555,emergency,25.2576635962729,0.3513634158531591,25.609027012126056,4.0,1
59.44759431361639,seasonal,0.14237507262595273,0.7919122426127785,0.9342873152387312,12.0,0
34.54638433413227,emergency,25.279733373972924,0.668926378609784,25.948659752582707,4.0,1
34.644397187034464,emergency,25.829818907112056,0.3190807107927397,26.148899617904796,4.0,1
59.844068334020676,seasonal,0.7287556506394708,0.3513634158531591,1.08011906649263,12.0,0
59.4994305855955,seasonal,0.3093403066495384,0.6599100317467526,0.9692503383962909,12.0,0
59.64994159484848,seasonal,0.8645506550471893,0.6659438790168433,1.5304945340640326,12.0,0
59.98811531918024,seasonal,0.8083330272811864,0.6659438790168433,1.4742769062980297,12.0,0
34.575145830791136,emergency,25.849969290939015,0.7177220910631077,26.567691382002124,4.0,1
35.050738850701016,emergency,26.058069651852826,0.668926378609784,26.726996030462608,4.0,1
60.95966663694779,seasonal,0.3272475592678248,0.4353805806418104,0.7626281399096352,12.0,0
34.944002539761236,emergency,26.103733277995012,0.3190807107927397,26.422813988787752,4.0,1
59.99985736894248,seasonal,0.9185009848671726,0.7919122426127785,1.710413227479951,12.0,0
35.23386310456343,emergency,26.29914368525229,0.7177220910631077,27.0168657763154,4.0,1
35.0932902158934,emergency,26.23622153441788,0.3190807107927397,26.55530224521062,4.0,1
60.70685385453908,seasonal,0.25330507237462996,1.0255029253980703,1.2788079977727003,12.0,0
61.1747581025877,seasonal,0.5556435591021938,0.7177220910631077,1.2733656501653015,12.0,0
61.431828307466645,seasonal,0.4211954139556511,0.4353805806418104,0.8565759945974615,12.0,0
61.334767220222524,seasonal,0.41172613905825983,0.9736079806575129,1.3853341197157727,12.0,0
62.35339461387687,seasonal,0.09310225942695638,0.7919122426127785,0.8850145020397349,12.0,0
36.08913997919381,emergency,26.617640141105987,0.3513634158531591,26.969003556959144,4.0,1
62.000927969737866,seasonal,0.306475365018926,0.668926378609784,0.97540174362871,12.0,0
35.54999195785852,emergency,26.851727024705212,0.6599100317467526,27.511637056451963,4.0,1
61.73916557992817,critical,0.6622721966146585,0.6599100317467526,1.322182228361411,2.0,0
62.91051243156788,critical,0.011220020492807237,0.668926378609784,0.6801463991025912,2.0,0
62.38448587618954,seasonal,0.38024764521022547,0.6599100317467526,1.040157676956978,12.0,0
36.30211867671694,emergency,26.57139274915189,0.3513634158531591,26.922756165005048,4.0,1
62.69644272467627,seasonal,0.6215983846740301,0.6659438790168433,1.2875422636908733,12.0,0
62.404802101948086,seasonal,0.8157777304427682,0.6599100317467526,1.4756877621895208,12.0,0
63.36658850500633,seasonal,0.5445833902862702,0.3190807107927397,0.8636641010790099,12.0,0
63.47214964020787,critical,0.46492702106661454,0.3190807107927397,0.7840077318593542,2.0,0
62.8611679315114,seasonal,0.7955460222707558,0.6659438790168433,1.461489901287599,12.0,0
63.97253341857836,critical,0.2770562673478949,0.4353805806418104,0.7124368479897053,2.0,0
36.41043051075551,emergency,27.88616046543681,0.3190807107927397,28.20524117622955,4.0,1
63.170574935734,seasonal,0.6844904682925304,0.668926378609784,1.3534168469023142,12.0,0
57.049194566328104,routine,7.53721371305145,0.3190807107927397,7.85629442384419,24.0,0
56.746572228101066,routine,7.302664057480946,0.6659438790168433,7.96860793649779,24.0,0
64.78204948411026,seasonal,0.47841405835710304,0.3190807107927397,0.7974947691498427,12.0,0
36.454832799233074,emergency,27.96558118134334,1.0255029253980703,28.991084106741408,4.0,1
64.67269842691414,seasonal,0.41235798132575496,0.4353805806418104,0.8477385619675654,12.0,0
57.09458396117306,routine,8.215357462715573,0.6599100317467526,8.875267494462326,24.0,0
36.46443006304932,emergency,28.13542909952595,0.7919122426127785,28.927341342138728,4.0,1
36.48385994000803,emergency,28.978364042029938,0.3513634158531591,29.329727457883095,4.0,1
64.7261346995404,seasonal,0.35989394139058106,0.4353805806418104,0.7952745220323915,12.0,0
65.21578499564892,critical,0.047072239637472535,1.0255029253980703,1.0725751650355428,2.0,0
57.13810094707911,routine,8.658999666261494,0.6396923088485589,9.298691975110053,24.0,0
65.95143569009711,seasonal,0.3528517573953849,0.6659438790168433,1.0187956364122281,12.0,0
65.89449826888725,seasonal,0.05811975776164502,0.4353805806418104,0.4935003384034554,12.0,0
36.6835546626971,emergency,28.864178498945854,0.9736079806575129,29.837786479603366,4.0,1
65.50616559608197,seasonal,0.07484611490710336,0.9736079806575129,1.0484540955646162,12.0,0
66.04009636899062,seasonal,0.3922732362832875,0.668926378609784,1.0611996148930714,12.0,0
66.46018947794084,seasonal,0.17129433647259873,0.6599100317467526,0.8312043682193513,12.0,0
36.731375734774474,emergency,30.063206438826086,0.3513634158531591,30.414569854679243,4.0,1
65.84481676139893,critical,0.794494740053338,0.3513634158531591,1.145858155906497,2.0,0
65.70589329747594,critical,0.6923562728357382,1.0255029253980703,1.7178591982338085,2.0,0
57.218414718280414,routine,9.63706145956084,0.3513634158531591,9.988424875414,24.0,0
67.38667892562363,critical,0.2694077770625114,0.3513634158531591,0.6207711929156705,2.0,0
66.87893586657914,seasonal,0.4151870968990181,0.7919122426127785,1.2070993395117966,12.0,0
36.82684214403845,emergency,30.309309415438733,0.7919122426127785,31.10122165805151,4.0,1
58.169182527776364,routine,9.635224053616248,0.6396923088485589,10.274916362464808,24.0,0
57.7300761954038,routine,9.88130268837746,0.6599100317467526,10.541212720124213,24.0,0
58.209436819464905,routine,9.815850414868287,0.6396923088485589,10.455542723716846,24.0,0
36.96826372848788,emergency,31.17192322823869,0.7919122426127785,31.963835470851468,4.0,1
57.8839910626029,routine,9.793297716314385,0.6659438790168433,10.459241595331228,24.0,0
37.17348821531364,emergency,31.07603063899326,0.6396923088485589,31.71572294784182,4.0,1
57.22200220409994,routine,10.356572888303205,0.9736079806575129,11.330180868960717,24.0,0
37.184045424376826,emergency,31.167069797605755,0.7177220910631077,31.884791888668865,4.0,1
68.27599882343277,seasonal,0.26482433335230837,0.6659438790168433,0.9307682123691516,12.0,0
68.30726725458113,seasonal,0.5879673032287798,0.3513634158531591,0.9393307190819389,12.0,0
37.44095411364713,emergency,31.54410131444495,0.3190807107927397,31.86318202523769,4.0,1
37.33127245294057,emergency,31.306602670755098,0.6659438790168433,31.97254654977194,4.0,1
59.175234882036946,routine,10.261101244827444,0.4353805806418104,10.696481825469254,24.0,0
58.40933329877134,routine,10.882625811773345,0.6599100317467526,11.542535843520097,24.0,0
69.26538373879751,critical,0.3807918855312522,0.3513634158531591,0.7321553013844113,2.0,0
59.5289290304921,routine,10.131526781317866,0.4353805806418104,10.566907361959677,24.0,0
59.690843394483345,routine,10.028022812869303,0.6659438790168433,10.693966691886146,24.0,0
69.46829021714483,seasonal,0.040418180279090166,0.6599100317467526,0.7003282120258427,12.0,0
69.80233940117097,seasonal,0.34828604733118596,0.6396923088485589,0.9879783561797448,12.0,0
69.72818221805724,seasonal,0.21900802234618766,0.7919122426127785,1.0109202649589661,12.0,0
37.46518370680937,emergency,32.24986727915649,0.6599100317467526,32.909777310903245,4.0,1
37.618532439215805,emergency,32.25012790898794,0.7919122426127785,33.04204015160072,4.0,1
37.78455159107101,emergency,32.703291630316215,0.3513634158531591,33.05465504616937,4.0,1
59.9764177463178,routine,11.063707358153088,0.3513634158531591,11.415070774006248,24.0,0
69.9471874737117,seasonal,0.680224405441578,0.6599100317467526,1.3401344371883306,12.0,0
37.67373676252178,emergency,32.703027102678995,0.7919122426127785,33.494939345291776,4.0,1
37.88363062833885,emergency,33.02393022814856,0.7919122426127785,33.81584247076134,4.0,1
38.16155780521993,emergency,33.60351755496514,0.3190807107927397,33.92259826575788,4.0,1
59.9800860056208,routine,11.165209915982864,0.9736079806575129,12.138817896640376,24.0,0
60.33549793693749,routine,11.384747138134578,0.3190807107927397,11.703827848927318,24.0,0
69.9672809893788,seasonal,0.9103017525005015,0.9736079806575129,1.8839097331580144,12.0,0
60.01903884720334,routine,11.435181991953094,0.4353805806418104,11.870562572594904,24.0,0
71.55409343560014,seasonal,0.14563803168714173,0.9736079806575129,1.1192460123446546,12.0,0
38.360853320857316,emergency,33.58605783681193,0.4353805806418104,34.021438417453744,4.0,1
60.62066087376884,routine,11.372210766159796,0.7919122426127785,12.164123008772574,24.0,0
38.2636363422977,emergency,33.59528500260302,0.6599100317467526,34.255195034349775,4.0,1
60.6793231525474,routine,11.408032609887627,0.7177220910631077,12.125754700950734,24.0,0
38.620001319439424,emergency,33.654178967661196,0.9736079806575129,34.62778694831871,4.0,1
38.98364316862443,emergency,33.709882910894045,0.6659438790168433,34.37582678991089,4.0,1
38.62476802325033,emergency,33.86496853888142,0.9736079806575129,34.83857651953893,4.0,1
60.88842986808717,routine,11.892438548518257,0.6396923088485589,12.532130857366816,24.0,0
60.73309813629061,routine,11.995868549954878,0.4353805806418104,12.431249130596688,24.0,0
73.26699214622344,seasonal,0.37716102530671947,0.3190807107927397,0.6962417360994592,12.0,0
61.947576177817034,routine,11.012972601831201,0.9736079806575129,11.986580582488713,24.0,0
62.36821839332464,routine,10.630568433759734,0.6396923088485589,11.270260742608293,24.0,0
62.45665670448002,routine,11.28421233563666,0.7177220910631077,12.001934426699767,24.0,0
62.70814834190978,routine,11.44516394772836,0.3190807107927397,11.7642446585211,24.0,0
74.15735130775856,critical,0.01496244415680792,0.3190807107927397,0.3340431549495476,2.0,0
39.047120085126714,emergency,34.75785565149027,0.668926378609784,35.42678203010005,4.0,1
62.89280489949549,routine,11.618940739753853,0.3190807107927397,11.938021450546593,24.0,0
39.154739626127316,emergency,35.156620730182105,0.6599100317467526,35.81653076192886,4.0,1
73.00343235833746,critical,0.6744800527776533,1.0255029253980703,1.6999829781757236,2.0,0
63.24490122599195,routine,11.723071531095627,0.3513634158531591,12.074434946948786,24.0,0
39.36839291118249,emergency,35.05750650734607,0.668926378609784,35.72643288595585,4.0,1
63.08750826395098,routine,11.721244804710793,0.6396923088485589,12.360937113559352,24.0,0
62.81639493521202,routine,11.676250852021525,0.6599100317467526,12.336160883768278,24.0,0
63.114112676796786,routine,11.804382801034613,0.7919122426127785,12.596295043647391,24.0,0
64.33980090156224,routine,10.944839475930621,0.7177220910631077,11.662561566993729,24.0,0
64.467675040377,routine,10.906371518560775,0.4353805806418104,11.341752099202585,24.0,0
39.71831162795448,emergency,35.87995889123461,0.6396923088485589,36.51965120008317,4.0,1
39.623216331894156,emergency,35.84436409103911,0.3513634158531591,36.19572750689227,4.0,1
66.02295793316713,routine,10.122589411369717,0.6396923088485589,10.762281720218276,24.0,0
39.776285023330615,emergency,36.0648656376937,0.6659438790168433,36.73080951671054,4.0,1
66.35982693509077,routine,10.101043907165632,0.3513634158531591,10.452407323018791,24.0,0
65.87745325419198,routine,10.21508455514703,0.3190807107927397,10.53416526593977,24.0,0
64.60659624243445,routine,11.335110412278752,1.0255029253980703,12.360613337676822,24.0,0
64.48208147694605,routine,11.346836558822005,1.0255029253980703,12.372339484220076,24.0,0
40.04310193100474,emergency,36.01677667145749,1.0255029253980703,37.042279596855565,4.0,1
66.84740871503881,routine,9.794371766148458,0.6659438790168433,10.460315645165302,24.0,0
39.842597742167506,emergency,36.09448023782722,0.9736079806575129,37.06808821848473,4.0,1
40.10245271881069,emergency,36.836549512148785,0.668926378609784,37.50547589075857,4.0,1
66.54524694891734,routine,10.093302625545164,0.668926378609784,10.762229004154948,24.0,0
67.39005103450596,routine,10.441759102601196,0.3190807107927397,10.760839813393936,24.0,0
40.16044360080284,emergency,37.038570545580704,0.668926378609784,37.70749692419049,4.0,1
67.1893117917547,routine,10.496414124390043,0.4353805806418104,10.931794705031853,24.0,0
40.19563105597041,emergency,37.27351534318828,0.6599100317467526,37.933425374935034,4.0,1
67.0204447129524,routine,10.518928612224173,0.3513634158531591,10.870292028077332,24.0,0
66.99579778491442,routine,10.42288134791741,1.0255029253980703,11.448384273315481,24.0,0
40.37598668890055,emergency,37.7181185342074,0.4353805806418104,38.15349911484921,4.0,1
67.50445123790907,routine,10.477645076626999,0.6396923088485589,11.117337385475558,24.0,0
67.54454631539808,routine,10.592329211988385,0.3190807107927397,10.911409922781125,24.0,0
78.11934113294416,critical,0.16868864032110764,0.4353805806418104,0.604069220962918,2.0,0
40.39577475400412,emergency,37.971095552050485,0.6396923088485589,38.610787860899045,4.0,1
67.7083708001104,routine,10.963358916404559,0.668926378609784,11.632285295014343,24.0,0
40.56901393319597,emergency,38.687471708310774,0.3190807107927397,39.006552419103514,4.0,1
40.506762728743915,emergency,38.411484199051436,0.7919122426127785,39.20339644166422,4.0,1
68.18163455701885,routine,10.636142714483995,0.4353805806418104,11.071523295125806,24.0,0
68.38228500144204,routine,10.785615176584429,0.4353805806418104,11.22099575722624,24.0,0
68.54306272668232,routine,10.809615032147917,0.6659438790168433,11.475558911164761,24.0,0
68.3033316712353,routine,10.832355272006495,0.3190807107927397,11.151435982799235,24.0,0
68.43231578447734,routine,10.773567159943738,0.6659438790168433,11.439511038960582,24.0,0
68.53815707999507,routine,10.737551843645278,0.7919122426127785,11.529464086258056,24.0,0
40.56749517330008,emergency,38.59312702054495,0.6599100317467526,39.2530370522917,4.0,1
40.592823666815086,emergency,39.18450101153649,0.3513634158531591,39.53586442738965,4.0,1
69.23106280780371,routine,11.544955098025497,0.3513634158531591,11.896318513878656,24.0,0
40.650515398049556,emergency,39.686807852882104,0.6599100317467526,40.34671788462886,4.0,1
79.47818613383136,seasonal,1.062561762754612,0.7177220910631077,1.7802838538177197,12.0,0
80.0895456241024,critical,0.02494286261593004,0.9736079806575129,0.9985508432734429,2.0,0
79.46562583908326,seasonal,0.8286493105795074,0.668926378609784,1.4975756891892913,12.0,0
40.67809635988763,emergency,39.81306880605182,0.668926378609784,40.4819951846616,4.0,1
80.37949333937962,seasonal,0.32555832212700864,0.3513634158531591,0.6769217379801677,12.0,0
81.13779940280514,seasonal,0.011149806959835473,0.6659438790168433,0.6770936859766787,12.0,0
69.1109010575946,routine,11.636598977856494,0.6396923088485589,12.276291286705053,24.0,0
70.1999112250848,routine,10.848860464765224,0.3190807107927397,11.167941175557964,24.0,0
80.75505908394277,critical,0.429577505624934,0.7919122426127785,1.2214897482377125,2.0,0
81.23655351142877,seasonal,0.49356457279341726,0.3513634158531591,0.8449279886465764,12.0,0
81.99518417231482,seasonal,0.15981625382539733,0.3190807107927397,0.478896964618137,12.0,0
80.82678338073674,critical,0.6772218158340735,1.0255029253980703,1.7027247412321438,2.0,0
40.83167481332448,emergency,41.02309549537851,0.6396923088485589,41.66278780422707,4.0,1
41.216068956037354,emergency,40.78401715614667,0.4353805806418104,41.21939773678848,4.0,1
70.87855112322377,routine,11.109120893688356,0.7177220910631077,11.826842984751464,24.0,0
41.164797321762826,emergency,40.76934862033324,0.3513634158531591,41.1207120361864,4.0,1
70.26454702524363,routine,11.622164267018732,0.668926378609784,12.291090645628516,24.0,0
82.68698963191596,seasonal,0.025994544977749,0.6396923088485589,0.6656868538263079,12.0,0
70.91194208579046,routine,11.759465763862053,0.3190807107927397,12.078546474654793,24.0,0
82.38195311301557,seasonal,0.18450272132200496,0.7177220910631077,0.9022248123851127,12.0,0
82.62584792574856,critical,0.6342655923431693,0.3513634158531591,0.9856290081963284,2.0,0
82.34657450192321,seasonal,0.1590069386320465,0.9736079806575129,1.1326149192895594,12.0,0
41.568777699928226,emergency,41.851434691006524,0.4353805806418104,42.28681527164834,4.0,1
83.27982222638393,seasonal,0.19205261916947336,0.3513634158531591,0.5434160350226325,12.0,0
82.10993190643981,critical,0.5944668497138537,0.9736079806575129,1.5680748303713665,2.0,0
41.678886556430015,emergency,41.81075845436159,0.668926378609784,42.47968483297137,4.0,1
82.84150832876371,seasonal,0.3743611843512298,0.6659438790168433,1.040305063368073,12.0,0
71.66127453388033,routine,12.264794887810126,0.4353805806418104,12.700175468451937,24.0,0
83.25486496186025,critical,0.006601495440719418,1.0255029253980703,1.0321044208387897,2.0,0
84.1917459786649,seasonal,0.10564001588220151,0.6659438790168433,0.7715838948990448,12.0,0
84.2836247401519,seasonal,0.0728113740790377,0.3190807107927397,0.3918920848717774,12.0,0
84.50783271279457,critical,0.2689126843302603,0.4353805806418104,0.7042932649720707,2.0,0
41.77247697038156,emergency,42.69385400433991,0.6396923088485589,43.33354631318847,4.0,1
71.71051614590458,routine,12.452651052056765,0.6659438790168433,13.11859493107361,24.0,0
84.90745931629262,seasonal,0.477940101758648,0.3513634158531591,0.8293035176118071,12.0,0
41.80447740218764,emergency,43.42283777011754,0.4353805806418104,43.85821835075935,4.0,1
84.64127975829031,seasonal,0.24088058541650526,0.668926378609784,0.9098069640262892,12.0,0
84.29486367922829,seasonal,0.18012565906224154,1.0255029253980703,1.2056285844603118,12.0,0
84.86341110941531,seasonal,0.4144796400072437,0.6396923088485589,1.0541719488558026,12.0,0
41.99401791936755,emergency,43.876670237345806,0.4353805806418104,44.31205081798762,4.0,1
85.37459405219028,seasonal,0.343058567703153,0.6396923088485589,0.9827508765517119,12.0,0
84.72752607043512,critical,0.31881218615207274,0.9736079806575129,1.2924201668095856,2.0,0
41.83701724108313,emergency,43.79118826579867,0.6659438790168433,44.45713214481551,4.0,1
41.89673623753606,emergency,43.96735707589583,0.6599100317467526,44.62726710764259,4.0,1
85.53585714644973,seasonal,0.27710601701767246,0.6599100317467526,0.937016048764425,12.0,0
86.19962970369787,critical,0.2834422890292245,0.668926378609784,0.9523686676390085,2.0,0
85.63267844332672,seasonal,0.36650452275966927,0.7177220910631077,1.084226613822777,12.0,0
76.75513316042772,routine,10.062014417906198,0.4353805806418104,10.497394998548009,24.0,0
86.0744465401476,seasonal,0.37328824643073233,0.4353805806418104,0.8086688270725427,12.0,0
71.80836156540387,routine,14.931927977017011,0.6599100317467526,15.591838008763764,24.0,0
42.17948124199019,emergency,45.22407342972758,0.7177220910631077,45.94179552079069,4.0,1
86.53167784481218,critical,0.7250084818904838,0.6659438790168433,1.390952360907327,2.0,0
77.6611552643764,routine,9.605710423473681,0.9736079806575129,10.579318404131193,24.0,0
77.5026330672197,routine,9.505002137497982,0.9736079806575129,10.478610118155494,24.0,0
87.46969468292237,seasonal,0.1884303066071169,0.3513634158531591,0.539793722460276,12.0,0
42.07833659886417,emergency,45.3168974421542,0.7919122426127785,46.10880968476698,4.0,1
87.86853002353142,critical,0.06564078429565257,0.668926378609784,0.7345671629054366,2.0,0
87.49482039443514,seasonal,0.5108038045628405,1.0255029253980703,1.5363067299609108,12.0,0
42.29789035963724,emergency,45.24550575072134,1.0255029253980703,46.271008676119415,4.0,1
88.54358179577126,seasonal,0.215021782216823,0.3190807107927397,0.5341024930095627,12.0,0
78.26829796599196,routine,9.893710444754632,0.4353805806418104,10.329091025396442,24.0,0
88.07508639053971,seasonal,0.047588290670063316,0.668926378609784,0.7165146692798473,12.0,0
88.64343003161201,critical,0.20902576320794708,0.3190807107927397,0.5281064740006868,2.0,0
88.54669866553837,critical,0.2975193830339151,0.6599100317467526,0.9574294147806677,2.0,0
88.77289835021676,seasonal,0.23172849377347404,0.4353805806418104,0.6671090744152844,12.0,0
88.67627799959602,seasonal,0.18326398569291769,0.6659438790168433,0.849207864709761,12.0,0
88.71526531432562,seasonal,0.21140492629113794,0.9736079806575129,1.1850129069486508,12.0,0
88.8343063763653,critical,0.38584749173583077,0.3190807107927397,0.7049282025285705,2.0,0
42.39480543383746,emergency,47.15236757590614,0.7919122426127785,47.94427981851892,4.0,1
89.10528852297709,seasonal,0.5741617834048469,0.3190807107927397,0.8932424941975866,12.0,0
89.6264575485796,critical,0.14584169320949059,0.3190807107927397,0.4649224040022303,2.0,0
79.31125765291237,routine,10.606624376443605,0.6599100317467526,11.266534408190358,24.0,0
80.00799010565376,routine,10.11519228661976,0.3513634158531591,10.466555702472919,24.0,0
80.5379817837613,routine,10.092312996952671,0.3190807107927397,10.411393707745411,24.0,0
79.6212625077984,routine,10.363032527751145,1.0255029253980703,11.388535453149215,24.0,0
89.98663675429643,critical,0.5542248460482142,0.4353805806418104,0.9896054266900246,2.0,0
80.75400978969607,routine,10.008477397394628,0.4353805806418104,10.443857978036439,24.0,0
81.01089312318017,routine,9.811978444115425,0.4353805806418104,10.247359024757236,24.0,0
89.81105550995044,critical,0.6644607170990042,0.9736079806575129,1.638068697756517,2.0,0
42.6382784087757,emergency,48.50516874196024,0.4353805806418104,48.94054932260205,4.0,1
90.98469107612128,seasonal,0.26776377836807796,0.6659438790168433,0.9337076573849212,12.0,0
90.85477516359963,critical,0.0441666994138501,1.0255029253980703,1.0696696248119204,2.0,0
91.6451478439176,seasonal,0.17464808140256594,0.4353805806418104,0.6100286620443763,12.0,0
91.7923281278624,seasonal,0.027943981435967657,0.668926378609784,0.6968703600457516,12.0,0
42.67124649110316,emergency,48.701411130907374,1.0255029253980703,49.726914056305446,4.0,1
42.70015908799069,emergency,49.268488591100855,0.6659438790168433,49.9344324701177,4.0,1
81.06112466715739,routine,10.813880202091354,0.6659438790168433,11.479824081108198,24.0,0
91.14942229174738,seasonal,0.5166562045602063,1.0255029253980703,1.5421591299582766,12.0,0
42.919316210585244,emergency,50.112225720258856,0.3190807107927397,50.431306431051595,4.0,1
81.38880484750061,routine,10.651655303267916,1.0255029253980703,11.677158228665986,24.0,0
92.46801934086831,seasonal,0.1184179995246808,0.3190807107927397,0.4374987103174205,12.0,0
81.69320485193379,routine,11.419295599081451,0.3513634158531591,11.77065901493461,24.0,0
42.90153992964437,emergency,49.845096338569505,0.6599100317467526,50.50500637031626,4.0,1
81.41224111592804,routine,11.378763487212424,0.6599100317467526,12.038673518959177,24.0,0
93.11758879940756,critical,0.2704150376055878,0.6599100317467526,0.9303250693523404,2.0,0
42.82981784715944,emergency,49.78412564568219,0.9736079806575129,50.7577336263397,4.0,1
82.07024157588567,routine,11.072497269668744,0.7177220910631077,11.790219360731852,24.0,0
93.25098818438305,seasonal,0.5683563293280827,0.3513634158531591,0.9197197451812418,12.0,0
93.55249248766846,critical,0.10037051728218671,0.7177220910631077,0.8180926083452944,2.0,0
42.94027560275144,emergency,51.05566905558983,0.3513634158531591,51.40703247144299,4.0,1
82.1350139374334,routine,11.909199608771672,0.4353805806418104,12.344580189413483,24.0,0
93.55756343623995,seasonal,0.3005018919304945,0.668926378609784,0.9694282705402785,12.0,0
94.07385338478217,seasonal,0.053872087819726744,1.0255029253980703,1.079375013217797,12.0,0
94.10585243075009,seasonal,0.3514250629477118,0.7919122426127785,1.1433373055604903,12.0,0
94.83568592404986,critical,0.043933603902118534,0.6599100317467526,0.7038436356488711,2.0,0
82.44008231029544,routine,12.224542799678673,0.6659438790168433,12.890486678695517,24.0,0
94.52603595692176,critical,0.04178958009013911,1.0255029253980703,1.0672925054882094,2.0,0
43.096578118670855,emergency,51.73000240511136,0.7919122426127785,52.52191464772414,4.0,1
83.19210821330863,routine,12.394864124087007,0.6659438790168433,13.060808003103851,24.0,0
82.81865378465679,routine,12.236989165263893,0.9736079806575129,13.210597145921405,24.0,0
43.38105093293733,emergency,52.039036483044896,0.6659438790168433,52.70498036206174,4.0,1
43.38800418228067,emergency,52.175260360973965,0.3513634158531591,52.52662377682712,4.0,1
82.48056936306676,routine,12.521790100658095,0.9736079806575129,13.495398081315606,24.0,0
84.51668340419866,routine,11.396591665574121,0.6599100317467526,12.056501697320874,24.0,0
96.03759684169229,seasonal,0.30371038468111067,0.3190807107927397,0.6227910954738504,12.0,0
43.51030098781921,emergency,52.82780974762828,0.4353805806418104,53.26319032827009,4.0,1
84.28873237984284,routine,11.603593428376115,0.7919122426127785,12.395505670988893,24.0,0
85.15498108390801,routine,11.744284109110723,0.3513634158531591,12.095647524963882,24.0,0
84.96707232029708,routine,11.03267346153217,1.0255029253980703,12.05817638693024,24.0,0
43.873191181876685,emergency,53.09816914556193,0.7177220910631077,53.81589123662504,4.0,1
43.8081601275485,emergency,52.996286746344815,0.3513634158531591,53.34765016219797,4.0,1
43.691940429725534,emergency,52.9854531607746,0.7177220910631077,53.703175251837706,4.0,1
85.04500465208697,routine,11.833010610142466,0.4353805806418104,12.268391190784277,24.0,0
43.91334622261835,emergency,53.171758231552694,0.6659438790168433,53.83770211056954,4.0,1
86.01209938812444,routine,11.350641976954421,0.4353805806418104,11.786022557596231,24.0,0
85.46754415314146,routine,11.831847188959841,0.6599100317467526,12.491757220706594,24.0,0
86.38171296216711,routine,11.173580294599958,0.3190807107927397,11.492661005392698,24.0,0
43.92982968881503,emergency,53.79067525376408,0.6396923088485589,54.43036756261264,4.0,1
86.72199576326157,routine,11.292915644333362,0.7177220910631077,12.01063773539647,24.0,0
44.113882673967275,emergency,54.25406112758886,0.3190807107927397,54.5731418383816,4.0,1
98.42815621200366,seasonal,0.059843152401754196,0.3190807107927397,0.3789238631944939,12.0,0
86.80296385314357,routine,11.39404024968151,0.6659438790168433,12.059984128698353,24.0,0
44.144885150617924,emergency,54.28148965825734,1.0255029253980703,55.306992583655415,4.0,1
44.48923973167766,emergency,53.95837201583491,1.0255029253980703,54.98387494123298,4.0,1
44.51068257805457,emergency,54.30446340204094,0.4353805806418104,54.73984398268275,4.0,1
44.630357444966826,emergency,54.8128844273433,0.3190807107927397,55.13196513813604,4.0,1
89.02765576292852,routine,10.115550528136623,0.4353805806418104,10.550931108778434,24.0,0
87.25755389018695,routine,11.108944360952506,1.0255029253980703,12.134447286350577,24.0,0
89.02411352632426,routine,10.100207032983803,0.3190807107927397,10.419287743776543,24.0,0
89.36972426374658,routine,10.1375158169959,0.6599100317467526,10.797425848742654,24.0,0
88.20919715496075,routine,10.798258008355617,0.9736079806575129,11.77186598901313,24.0,0
89.93250718310887,routine,9.80624803478129,0.6599100317467526,10.466158066528044,24.0,0
44.90667881848886,emergency,54.74894006954992,0.6659438790168433,55.41488394856676,4.0,1
46.68538614816915,emergency,53.66955743232848,0.3190807107927397,53.98863814312122,4.0,1
89.45687734191671,routine,10.255818298791624,0.7919122426127785,11.047730541404402,24.0,0
100.40255370658004,seasonal,0.06860120510417289,0.4353805806418104,0.5039817857459833,12.0,0
53.385794685315474,emergency,46.9992275621957,0.7177220910631077,47.71694965325881,4.0,1
45.05507841721701,emergency,55.02662030726231,0.7177220910631077,55.74434239832542,4.0,1
46.05880709035888,emergency,54.187139210677245,0.7919122426127785,54.979051453290026,4.0,1
90.64430856795124,routine,9.894517428935913,0.6659438790168433,10.560461307952757,24.0,0
90.84172972931195,routine,9.897871945147912,0.6396923088485589,10.537564253996472,24.0,0
91.19505816582064,routine,9.84136588107323,0.7177220910631077,10.559087972136338,24.0,0
91.2207294848301,routine,10.173321034947108,0.6659438790168433,10.839264913963952,24.0,0
53.407388859461605,emergency,48.36407521264337,0.6599100317467526,49.023985244390126,4.0,1
91.06763252447321,routine,9.82617065908289,1.0255029253980703,10.851673584480961,24.0,0
55.507462780890414,emergency,46.50684694586136,0.6659438790168433,47.172790824878206,4.0,1
91.69171416688015,routine,10.170132747546305,0.6599100317467526,10.830042779293057,24.0,0
100.61173666488004,critical,0.9367939438472774,0.6659438790168433,1.6027378228641207,2.0,0
91.53317647143325,routine,10.254483138403913,1.0255029253980703,11.279986063801983,24.0,0
56.51105050196779,emergency,45.89953094295133,0.3190807107927397,46.21861165374407,4.0,1
54.32524503972688,emergency,47.614462253587746,1.0255029253980703,48.63996517898582,4.0,1
100.67549629060396,routine,2.435136524419292,0.3190807107927397,2.7542172352120318,24.0,0
102.76084226548502,routine,0.5308429635915388,0.3513634158531591,0.8822063794446979,24.0,0
95.58347766041165,routine,7.421325993188319,0.3513634158531591,7.772689409041478,24.0,0
92.27447092484671,routine,10.432939957426797,0.668926378609784,11.101866336036581,24.0,0
56.666528873816695,emergency,46.507171712557344,0.4353805806418104,46.94255229319916,4.0,1
103.31929885749427,routine,0.4011783522983592,0.3190807107927397,0.7202590630910989,24.0,0
56.68397062996222,emergency,46.77614286103727,0.3190807107927397,47.09522357183001,4.0,1
91.71854715087672,routine,10.841884125143963,1.0255029253980703,11.867387050542034,24.0,0
103.4626748679251,seasonal,0.029233488366443794,0.4353805806418104,0.4646140690082542,12.0,0
56.987696921187975,emergency,46.57629995020763,0.3190807107927397,46.89538066100037,4.0,1
104.07678952273474,seasonal,0.11114855420044023,0.3513634158531591,0.46251197005359934,12.0,0
57.06345492239782,emergency,46.711265111517584,1.0255029253980703,47.736768036915656,4.0,1
103.75478693046932,routine,0.5302005013707998,0.3513634158531591,0.8815639172239589,24.0,0
104.55760675236805,seasonal,0.10232337793847535,0.3513634158531591,0.45368679379163446,12.0,0
104.46553214025515,seasonal,0.005825552972339665,0.3190807107927397,0.32490626376507936,12.0,0
57.15991020324185,emergency,46.93585216074118,0.7919122426127785,47.72776440335396,4.0,1
103.96080639225873,routine,1.0569481906797336,0.4353805806418104,1.492328771321544,24.0,0
57.25910004694827,emergency,47.58045964628547,0.6599100317467526,48.24036967803222,4.0,1
57.16571297680495,emergency,47.4582253010742,0.7919122426127785,48.25013754368698,4.0,1
103.9220584372491,routine,0.6238049186852521,0.6599100317467526,1.2837149504320047,24.0,0
104.19933492793048,routine,1.2282201104539752,0.6659438790168433,1.8941639894708184,24.0,0
104.69823247251865,seasonal,0.24541715652689788,1.0255029253980703,1.2709200819249682,12.0,0
104.89896779142461,routine,0.7467497536746066,0.3513634158531591,1.0981131695277657,24.0,0
105.01246084060936,routine,0.7646363612253566,0.3513634158531591,1.1159997770785157,24.0,0
57.45224551208878,emergency,48.135742093755766,0.7919122426127785,48.92765433636855,4.0,1
106.01566699201986,routine,0.006554369291919215,0.3190807107927397,0.3256350800846589,24.0,0
57.28969780085929,emergency,47.83476003931439,0.9736079806575129,48.8083680199719,4.0,1
57.56133558340882,emergency,48.488286877031726,0.3190807107927397,48.807367587824466,4.0,1
106.08288331044011,critical,0.100432511576102,0.6659438790168433,0.7663763905929453,2.0,0
106.3410854700355,seasonal,0.20624690495253617,0.3513634158531591,0.5576103208056953,12.0,0
106.4325907984404,routine,0.31656934125460623,0.3513634158531591,0.6679327571077653,24.0,0
106.32400927448545,seasonal,0.0,0.6396923088485589,0.6396923088485589,12.0,0
57.581739495186405,emergency,48.89727779939226,0.3513634158531591,49.24864121524542,4.0,1
106.8266139838145,critical,0.5283138633807596,0.3190807107927397,0.8473945741734993,2.0,0
107.1607127671347,routine,0.18878686149848534,0.3190807107927397,0.507867572291225,24.0,0
106.97283758746573,routine,0.17106092389360583,0.3513634158531591,0.5224243397467649,24.0,0
106.75342390551607,routine,0.0,0.6599100317467526,0.6599100317467526,24.0,0
107.03069367864924,routine,0.3045891330943533,0.7177220910631077,1.022311224157461,24.0,0
106.49504650914264,critical,0.8530444362094585,0.6599100317467526,1.512954467956211,2.0,0
107.41120366634604,critical,0.05686654335330843,0.3190807107927397,0.3759472541460481,2.0,0
107.90388174958188,critical,0.32312983912760274,0.3190807107927397,0.6422105499203424,2.0,0
107.39361790093952,routine,0.26517741171547016,0.7177220910631077,0.9828995027785778,24.0,0
107.23660037566805,critical,0.20495313876988064,0.7919122426127785,0.9968653813826591,2.0,0
108.44746463545486,seasonal,0.13185153260832294,0.4353805806418104,0.5672321132501333,12.0,0
107.92409498073178,routine,0.0,0.9736079806575129,0.9736079806575129,24.0,0
107.99371730935299,routine,0.0,0.6659438790168433,0.6659438790168433,24.0,0
108.30137120612011,critical,0.09444203350416558,0.6659438790168433,0.7603859125210088,2.0,0
108.34033596201495,routine,0.2570697996946052,0.7177220910631077,0.9747918907577129,24.0,0
108.47238222194424,routine,0.204181056612029,0.3513634158531591,0.5555444724651881,24.0,0
57.7673083043201,emergency,51.39403043524404,0.3513634158531591,51.7453938510972,4.0,1
108.56668570112514,critical,0.3208205031927207,0.7919122426127785,1.1127327458054992,2.0,0
57.92724329227712,emergency,51.50955964304928,0.3513634158531591,51.860923058902436,4.0,1
108.66685324259825,routine,0.1986690382779841,0.6659438790168433,0.8646129172948274,24.0,0
57.77468790044969,emergency,51.456788098844044,0.9736079806575129,52.430396079501556,4.0,1
108.9360493003493,seasonal,0.40178791965308847,0.6599100317467526,1.061697951399841,12.0,0
108.90253534740496,routine,0.759634163143275,0.7177220910631077,1.4773562542063827,24.0,0
109.02978957960212,seasonal,0.6039571909295063,0.7919122426127785,1.3958694335422848,12.0,0
109.5620078055084,critical,0.47077312932705695,0.3513634158531591,0.8221365451802161,2.0,0
109.03697423209695,routine,0.7744868119474262,0.7177220910631077,1.4922089030105339,24.0,0
58.04321952800569,emergency,52.35301244585952,0.3190807107927397,52.67209315665226,4.0,1
109.10058522715397,routine,0.9983906643329021,0.7919122426127785,1.7903029069456806,24.0,0
110.71042744373615,critical,0.15592971985715565,0.668926378609784,0.8248560984669396,2.0,0
58.307370705633076,emergency,52.137129900933544,0.6659438790168433,52.80307377995039,4.0,1
109.13728274046404,routine,1.9748146926798995,0.3190807107927397,2.2938954034726393,24.0,0
110.75657213748384,critical,0.2693841467266651,0.3513634158531591,0.6207475625798242,2.0,0
110.14188692728482,seasonal,0.1497095212776287,1.0255029253980703,1.175212446675699,12.0,0
110.27027272815182,seasonal,0.6485770202386192,0.3513634158531591,0.9999404360917783,12.0,0
110.7766849056384,seasonal,0.26972624002937096,0.7919122426127785,1.0616384826421494,12.0,0
110.14985086659422,routine,1.0746229026913312,0.4353805806418104,1.5100034833331417,24.0,0
58.82079992848816,emergency,52.49733404630511,0.7177220910631077,53.21505613736822,4.0,1
111.764665041504,seasonal,0.07204797818189945,0.3190807107927397,0.39112868897463915,12.0,0
58.84085509748089,emergency,53.08594974381824,0.9736079806575129,54.05955772447575,4.0,1
111.8636504226589,seasonal,0.3846674022442187,0.7919122426127785,1.1765796448569972,12.0,0
112.12387261071288,seasonal,0.3617942634231923,0.3190807107927397,0.680874974215932,12.0,0
112.50348630757128,seasonal,0.2647764829022492,0.3190807107927397,0.5838571936949889,12.0,0
112.18988794361202,seasonal,0.3676568172027004,0.4353805806418104,0.8030373978445108,12.0,0
59.31958954050587,emergency,53.20014557208765,0.3513634158531591,53.55150898794081,4.0,1
112.47629841792123,seasonal,0.13874919878482217,0.6599100317467526,0.7986592305315747,12.0,0
59.194768679056445,emergency,53.063150747523856,0.9736079806575129,54.03675872818137,4.0,1
59.305331265937504,emergency,53.04384629595594,0.9736079806575129,54.01745427661345,4.0,1
59.39040579396542,emergency,54.15238376506198,0.3513634158531591,54.503747180915134,4.0,1
59.32392099724807,emergency,54.002122326177,0.668926378609784,54.671048704786784,4.0,1
112.53873542845434,seasonal,0.4566440088099739,0.7177220910631077,1.1743660998730816,12.0,0
110.3180279783808,routine,3.527538855348098,0.6599100317467526,4.187448887094851,24.0,0
113.45573618102215,seasonal,0.22232951003533685,0.7919122426127785,1.0142417526481153,12.0,0
112.98826698911657,seasonal,0.5292438862265527,1.0255029253980703,1.554746811624623,12.0,0
110.48988180330227,routine,3.691199503001556,0.6599100317467526,4.351109534748309,24.0,0
59.527184015541046,emergency,54.92333075383612,0.4353805806418104,55.35871133447793,4.0,1
110.61408750337564,routine,3.6946850188191718,0.6396923088485589,4.334377327667731,24.0,0
59.404032104033234,emergency,54.81012736786781,0.6396923088485589,55.449819676716366,4.0,1
59.70699362180586,emergency,54.8843834509563,0.3190807107927397,55.20346416174904,4.0,1
110.47013552148714,routine,3.562577045102273,1.0255029253980703,4.588079970500344,24.0,0
59.715663247981624,emergency,55.101333955488485,0.3513634158531591,55.45269737134164,4.0,1
110.9596691247737,routine,4.2219258493950065,0.3513634158531591,4.573289265248166,24.0,0
114.90258263842884,seasonal,0.11833676705795426,0.7177220910631077,0.836058858121062,12.0,0
59.901004772056105,emergency,54.95939702007704,1.0255029253980703,55.984899945475114,4.0,1
111.03349153997456,routine,4.24094318238879,0.668926378609784,4.909869560998574,24.0,0
115.19843088783482,critical,0.536420769089645,0.3513634158531591,0.8877841849428041,2.0,0
60.01715164867981,emergency,56.11259096484212,0.3190807107927397,56.43167167563486,4.0,1
110.8888354687299,routine,4.2281166266801335,0.9736079806575129,5.201724607337646,24.0,0
111.20071820372027,routine,4.7315266243338385,0.7919122426127785,5.523438866946617,24.0,0
112.03931373161325,routine,4.144052854616078,0.3190807107927397,4.463133565408818,24.0,0
111.41799720654986,routine,4.704039891447337,0.6659438790168433,5.369983770464181,24.0,0
115.3833642456317,seasonal,0.27368056054230294,0.9736079806575129,1.2472885411998158,12.0,0
59.90268453707497,emergency,56.12555346480105,0.6599100317467526,56.785463496547806,4.0,1
115.92370440526315,critical,0.07842982227292339,0.6599100317467526,0.738339854019676,2.0,0
112.09934487981296,routine,4.363857561975706,0.4353805806418104,4.799238142617517,24.0,0
60.1337581780177,emergency,56.40086725087593,0.6599100317467526,57.06077728262269,4.0,1
116.68341459931848,critical,0.23942773105108017,0.668926378609784,0.9083541096608642,2.0,0
112.30929687465036,routine,4.458722564809335,0.6659438790168433,5.124666443826179,24.0,0
113.75426001728486,routine,3.726167425815021,0.6396923088485589,4.36585973466358,24.0,0
113.36530875901612,routine,3.9783786119773765,0.7919122426127785,4.770290854590155,24.0,0
113.3501482564339,routine,3.801820368569338,0.7177220910631077,4.519542459632445,24.0,0
116.76398093833411,critical,0.34035377091898056,0.6659438790168433,1.0062976499358238,2.0,0
115.08729523700109,routine,2.6590770417065954,0.6396923088485589,3.2987693505551543,24.0,0
60.33215989744505,emergency,57.568149753329166,0.6396923088485589,58.207842062177725,4.0,1
115.17370027427866,routine,2.5862205532277898,0.668926378609784,3.2551469318375736,24.0,0
60.257182582244354,emergency,57.57713351867365,0.9736079806575129,58.55074149933116,4.0,1
115.18214028045337,routine,2.843323816297314,0.4353805806418104,3.2787043969391245,24.0,0
60.37807730788279,emergency,57.84462934765891,0.3190807107927397,58.16371005845165,4.0,1
60.49994673573081,emergency,57.76128487147236,0.668926378609784,58.430211250082145,4.0,1
116.15402607857811,routine,2.7478334707004706,0.3190807107927397,3.0669141814932104,24.0,0
115.69900132787281,routine,2.568921618635173,1.0255029253980703,3.5944245440332434,24.0,0
118.67235146376893,critical,0.3624311740143895,0.3190807107927397,0.6815118848071292,2.0,0
60.92813465500918,emergency,58.55736205167944,0.4353805806418104,58.99274263232125,4.0,1
116.08609463813656,routine,2.7770473511004354,0.668926378609784,3.4459737297102193,24.0,0
115.89891950147631,routine,2.886594966874682,0.9736079806575129,3.860202947532195,24.0,0
60.82461317649117,emergency,58.439125716599705,0.9736079806575129,59.41273369725722,4.0,1
116.33416648859742,routine,2.936966802559567,0.3190807107927397,3.256047513352307,24.0,0
61.28915903844452,emergency,58.52940677480073,0.3190807107927397,58.848487485593466,4.0,1
116.29628157014523,routine,2.9350277602922716,0.6396923088485589,3.5747200691408305,24.0,0
117.32022605685371,routine,2.2512175130879797,0.6659438790168433,2.917161392104823,24.0,0
61.91377035954957,emergency,58.686884183421206,0.3513634158531591,59.038247599274364,4.0,1
61.397015118134355,emergency,59.106294116784206,0.3513634158531591,59.45765753263736,4.0,1
117.73898856347304,routine,2.6626129891586032,0.6396923088485589,3.302305298007162,24.0,0
61.295710042206935,emergency,58.64031092557424,0.7919122426127785,59.43222316818702,4.0,1
117.6104915180482,routine,2.68014851593216,0.6396923088485589,3.319840824780719,24.0,0
118.18812886594978,routine,2.5709894603224654,0.6599100317467526,3.2308994920692182,24.0,0
118.1479540887261,routine,2.599944194513128,0.6599100317467526,3.259854226259881,24.0,0
61.99207837931605,emergency,58.931488433122134,0.7919122426127785,59.723400675734915,4.0,1
119.55955080495438,routine,1.4008778052321844,0.6396923088485589,2.0405701140807433,24.0,0
121.95654062401016,seasonal,0.0,0.3190807107927397,0.3190807107927397,12.0,0
62.518960811031256,emergency,58.74547611463225,0.4353805806418104,59.18085669527406,4.0,1
120.46968431477374,routine,0.7970279777418341,0.9736079806575129,1.770635958399347,24.0,0
63.17070109777136,emergency,58.480949289745794,0.4353805806418104,58.91632987038761,4.0,1
120.76488658880022,routine,0.5146014731394217,0.7919122426127785,1.3065137157522002,24.0,0
63.12838865788731,emergency,58.47052864893697,0.3513634158531591,58.82189206479013,4.0,1
63.316768861506425,emergency,58.63841446862096,0.9736079806575129,59.61202244927847,4.0,1
63.69883395697795,emergency,59.23911991602563,0.6396923088485589,59.87881222487419,4.0,1
63.77991895980632,emergency,59.48403579310038,0.4353805806418104,59.919416373742195,4.0,1
63.47642472260523,emergency,59.434210872935154,0.7919122426127785,60.226123115547935,4.0,1
63.382739031800924,emergency,59.46046804265228,0.7919122426127785,60.25238028526506,4.0,1
123.94604953698823,seasonal,0.0,0.3513634158531591,0.3513634158531591,12.0,0
64.0746408434724,emergency,59.7620715800182,0.6659438790168433,60.428015459035045,4.0,1
64.2932144313021,emergency,59.92020831747665,0.6599100317467526,60.580118349223405,4.0,1
64.39227227187371,emergency,60.27285006680107,0.3190807107927397,60.59193077759381,4.0,1
64.87155699973307,emergency,59.837987305359675,0.7177220910631077,60.555709396422785,4.0,1
65.03851492341848,emergency,59.743936691650376,0.6659438790168433,60.40988057066722,4.0,1
125.65610519116979,routine,0.0,0.6599100317467526,0.6599100317467526,24.0,0
66.22601614928068,emergency,60.07844345937633,0.6396923088485589,60.71813576822489,4.0,1
126.56313816430178,routine,0.0,0.4353805806418104,0.4353805806418104,24.0,0
65.13270887251451,emergency,60.7975401725475,0.6396923088485589,61.43723248139606,4.0,1
125.57661109850588,critical,0.09727286301011873,1.0255029253980703,1.122775788408189,2.0,0
66.45289731159671,emergency,60.07178008331205,0.7919122426127785,60.86369232592483,4.0,1
126.14355372867595,seasonal,0.0,0.6659438790168433,0.6659438790168433,12.0,0
127.36579881274507,routine,0.0,0.3513634158531591,0.3513634158531591,24.0,0
66.63720990157093,emergency,60.148927816390525,0.6396923088485589,60.788620125239085,4.0,1
67.30732657627821,emergency,60.43075272056487,0.3513634158531591,60.782116136418026,4.0,1
66.9890156951352,emergency,60.61155570601771,0.668926378609784,61.280482084627494,4.0,1
127.62566831486656,seasonal,0.0,0.4353805806418104,0.4353805806418104,12.0,0
127.62852726811128,seasonal,0.0,0.6599100317467526,0.6599100317467526,12.0,0
128.07378171384678,routine,0.0,0.4353805806418104,0.4353805806418104,24.0,0
127.76200975327835,seasonal,0.0,0.6396923088485589,0.6396923088485589,12.0,0
67.74159260737636,emergency,60.089556130595966,0.668926378609784,60.75848250920575,4.0,1
127.63494379008995,seasonal,0.0,0.6599100317467526,0.6599100317467526,12.0,0
128.5013619587587,routine,0.0,0.3190807107927397,0.3190807107927397,24.0,0
67.92382443456913,emergency,60.04596545490935,0.6599100317467526,60.705875486656105,4.0,1
128.5961702658889,seasonal,0.0,0.6659438790168433,0.6659438790168433,12.0,0
128.93184032726046,seasonal,0.2570981418012366,0.4353805806418104,0.692478722443047,12.0,0
67.98503072554186,emergency,60.59681468783887,0.668926378609784,61.265741066448655,4.0,1
128.78131238959259,critical,0.29118615375722356,0.6659438790168433,0.9571300327740668,2.0,0
68.04216204654878,emergency,61.58821447959744,0.3513634158531591,61.9395778954506,4.0,1
128.78933204525123,routine,0.560104732996848,0.6599100317467526,1.2200147647436006,24.0,0
129.03627045875965,seasonal,0.2980616204408477,0.7919122426127785,1.0899738630536262,12.0,0
129.49555887290222,routine,0.17598724871768923,0.668926378609784,0.8449136273274732,24.0,0
128.84140079098287,routine,0.6259976799716753,0.6396923088485589,1.2656899888202342,24.0,0
129.05045509251545,critical,0.13496768232911904,0.6396923088485589,0.7746599911776779,2.0,0
129.8025953950554,critical,0.20671060735142532,0.3190807107927397,0.525791318144165,2.0,0
68.51520966940483,emergency,62.018173670814846,0.3513634158531591,62.369537086668004,4.0,1
129.87430185141912,routine,0.0,1.0255029253980703,1.0255029253980703,24.0,0
130.3094387395914,seasonal,0.05281468723319449,0.6599100317467526,0.712724718979947,12.0,0
68.62471084784595,emergency,61.968398006305435,0.6599100317467526,62.62830803805219,4.0,1
68.80677879564718,emergency,62.304612792502155,0.3513634158531591,62.65597620835531,4.0,1
130.3560718237712,routine,0.42690732905404616,0.3190807107927397,0.7459880398467859,24.0,0
130.35226159106614,routine,0.4279340605283153,0.3513634158531591,0.7792974763814744,24.0,0
129.93339879639026,seasonal,0.3531307879355552,0.9736079806575129,1.326738768593068,12.0,0
68.35532390296348,emergency,62.075376014872944,0.9736079806575129,63.048983995530456,4.0,1
130.96092366760223,routine,0.013875957405900863,0.6659438790168433,0.6798198364227441,24.0,0
69.01145816138032,emergency,62.82571299019045,0.6599100317467526,63.48562302193721,4.0,1
131.70060434759228,seasonal,0.18269306957057552,0.4353805806418104,0.6180736502123859,12.0,0
131.14176698355885,critical,0.14648240057749717,0.6659438790168433,0.8124262795943404,2.0,0
131.1909073465813,routine,0.0,0.7177220910631077,0.7177220910631077,24.0,0
69.12661268727878,emergency,62.98824739428797,0.6659438790168433,63.65419127330481,4.0,1
131.99887800238713,seasonal,0.15253119955281136,0.3513634158531591,0.5038946154059705,12.0,0
131.94437223217324,seasonal,0.07549801382398869,0.6599100317467526,0.7354080455707412,12.0,0
131.2958435654262,routine,0.9155729290874604,0.6599100317467526,1.575482960834213,24.0,0
132.26684554578063,critical,0.14193803010607553,0.9736079806575129,1.1155460107635884,2.0,0
132.21794232736463,seasonal,0.04983306554404976,1.0255029253980703,1.07533599094212,12.0,0
132.07707948383026,critical,0.029982248370345133,0.9736079806575129,1.003590229027858,2.0,0
131.72902923787473,routine,0.7363810491522997,0.6396923088485589,1.3760733580008586,24.0,0
69.4852314064469,emergency,63.73802143450092,0.668926378609784,64.4069478131107,4.0,1
69.72365945670668,emergency,63.687888520902646,0.6599100317467526,64.3477985526494,4.0,1
132.64236077311656,seasonal,0.5459774298794002,0.6659438790168433,1.2119213088962435,12.0,0
132.09381529469553,routine,1.5122544211870945,0.7177220910631077,2.229976512250202,24.0,0
132.86804582683752,seasonal,0.37604504438527897,0.7919122426127785,1.1679572869980575,12.0,0
69.20332880959229,emergency,63.90772182264088,1.0255029253980703,64.93322474803895,4.0,1
134.05922736007588,seasonal,0.0933824403266783,0.6659438790168433,0.7593263193435216,12.0,0
132.48801948211613,routine,1.284854123098654,0.6659438790168433,1.9507980021154974,24.0,0
69.77501731214474,emergency,64.36085147700908,0.6599100317467526,65.02076150875583,4.0,1
134.23835200897233,critical,0.14211891815725153,0.4353805806418104,0.5774994987990619,2.0,0
134.26491565935834,seasonal,0.22036825707968433,0.6599100317467526,0.8802782888264369,12.0,0
134.35186714854805,critical,0.16846824759832657,0.6659438790168433,0.8344121266151698,2.0,0
134.96850192246802,seasonal,0.21816693528487008,0.3513634158531591,0.5695303511380292,12.0,0
134.3643946353837,seasonal,0.7416709547275673,0.3190807107927397,1.060751665520307,12.0,0
133.80189784763644,seasonal,0.2753628447642882,1.0255029253980703,1.3008657701623585,12.0,0
69.90291732123725,emergency,64.7843753751662,1.0255029253980703,65.80987830056428,4.0,1
135.23391604875673,critical,0.05009079453085974,0.3513634158531591,0.40145421038401885,2.0,0
133.9185279809174,routine,1.6611695957654433,0.3190807107927397,1.9802503065581831,24.0,0
135.47220750446982,seasonal,0.003986371347679096,0.6659438790168433,0.6699302503645224,12.0,0
134.36021356247903,seasonal,0.5722769268395496,0.9736079806575129,1.5458849074970624,12.0,0
70.22615100336438,emergency,65.49095012063125,0.4353805806418104,65.92633070127306,4.0,1
135.98328828637113,seasonal,0.07637043358070628,0.6599100317467526,0.7362804653274588,12.0,0
134.8557666612228,routine,1.4946589494653892,0.4353805806418104,1.9300395301071998,24.0,0
134.59987221127616,routine,1.6378350535624406,0.6599100317467526,2.2977450853091934,24.0,0
69.986712568105,emergency,65.7179100519245,0.6599100317467526,66.37782008367125,4.0,1
136.40754378602296,critical,0.09538707444320949,0.6659438790168433,0.7613309534600528,2.0,0
134.29805124662158,routine,1.896205011210185,0.3513634158531591,2.247568427063344,24.0,0
136.63538008932693,seasonal,0.17670238690286055,0.3190807107927397,0.49578309769560025,12.0,0
70.26716283360263,emergency,66.49644498632632,0.3190807107927397,66.81552569711906,4.0,1
135.9809629239871,critical,0.20136083468733545,0.9736079806575129,1.1749688153448483,2.0,0
135.05733311531526,routine,1.8892807034742702,0.3513634158531591,2.2406441193274294,24.0,0
135.38621478387358,routine,1.9473064254584642,0.3513634158531591,2.2986698413116233,24.0,0
70.30713124242459,emergency,66.67484127068246,0.4353805806418104,67.11022185132427,4.0,1
137.58320743487045,seasonal,0.0008732026909683555,0.3190807107927397,0.31995391348370805,12.0,0
70.52894204188433,emergency,67.24246738654094,0.3190807107927397,67.56154809733367,4.0,1
134.86677947054153,routine,2.0679025015842285,0.668926378609784,2.7368288801940124,24.0,0
137.67141937421883,seasonal,0.1237932470333476,0.3190807107927397,0.4428739578260873,12.0,0
137.5222000250488,critical,0.16119402872132582,0.3513634158531591,0.5125574445744849,2.0,0
70.5561359210695,emergency,67.33232137296748,0.3513634158531591,67.68368478882064,4.0,1
136.0608803456417,routine,1.790591268828905,0.4353805806418104,2.2259718494707155,24.0,0
135.79695205090277,routine,1.6871874178990822,0.668926378609784,2.356113796508866,24.0,0
136.1197359654289,routine,2.2064193785521695,0.7919122426127785,2.9983316211649482,24.0,0
136.17277419617548,routine,2.201256061620086,0.6659438790168433,2.867199940636929,24.0,0
139.0204491433692,seasonal,0.043734064653506266,0.3190807107927397,0.36281477544624596,12.0,0
137.1088100118968,routine,1.8901503212803163,0.3513634158531591,2.2415137371334755,24.0,0
138.19584152021346,critical,0.4135160337565651,0.7177220910631077,1.1312381248196728,2.0,0
70.66370034101725,emergency,67.39884899329077,1.0255029253980703,68.42435191868884,4.0,1
71.01104008458148,emergency,68.08104259528636,0.3190807107927397,68.4001233060791,4.0,1
137.21521791345756,routine,2.128626500986428,0.4353805806418104,2.5640070816282385,24.0,0
70.7555037402522,emergency,68.17487252872645,0.9736079806575129,69.14848050938397,4.0,1
137.29979594289824,routine,2.517922265680113,0.3190807107927397,2.837002976472853,24.0,0
71.64076321616643,emergency,67.52735465405523,0.6659438790168433,68.19329853307207,4.0,1
136.4573424999069,routine,2.4020808940046834,1.0255029253980703,3.427583819402754,24.0,0
139.39077162740276,seasonal,0.1045754516066495,0.668926378609784,0.7735018302164335,12.0,0
139.84713008865234,critical,0.5222690895591029,0.3190807107927397,0.8413498003518426,2.0,0
137.81966858092315,routine,2.536702635193649,0.4353805806418104,2.9720832158354593,24.0,0
137.3860725040253,routine,2.579023394472557,0.3190807107927397,2.898104105265297,24.0,0
137.98235329094243,routine,2.5124842926887823,0.3513634158531591,2.8638477085419414,24.0,0
140.47556102964185,critical,0.12844259651146217,0.4353805806418104,0.5638231771532726,2.0,0
137.78831789657758,routine,2.3292869953542947,1.0255029253980703,3.3547899207523653,24.0,0
139.29750108618438,critical,1.071837775455748,0.668926378609784,1.7407641540655319,2.0,0
72.7329908172039,emergency,68.23336967217651,0.3190807107927397,68.55245038296924,4.0,1
72.66640881195157,emergency,67.70660402645943,0.668926378609784,68.37553040506921,4.0,1
138.1527220504769,routine,3.054302330542555,0.6396923088485589,3.693994639391114,24.0,0
140.62575585821955,seasonal,0.5388420966386036,0.4353805806418104,0.974222677280414,12.0,0
140.6209818723106,seasonal,0.2901597348712244,1.0255029253980703,1.3156626602692947,12.0,0
140.98230296803933,critical,0.44931610539637745,0.668926378609784,1.1182424840061613,2.0,0
138.2765638867211,routine,3.29049732879713,0.6659438790168433,3.9564412078139735,24.0,0
141.12049435233558,critical,0.7367598128199973,0.3190807107927397,1.055840523612737,2.0,0
138.93833679015808,routine,2.81301947683059,0.6659438790168433,3.478963355847433,24.0,0
138.77980444959198,routine,2.806556613124684,0.668926378609784,3.475482991734468,24.0,0
141.81385320119128,seasonal,0.13714188705733932,0.9736079806575129,1.1107498677148522,12.0,0
75.987601586672,emergency,66.07782631348609,0.6599100317467526,66.73773634523283,4.0,1
139.14880437813756,routine,3.4264276687668485,0.7177220910631077,4.144149759829956,24.0,0
76.57788768982594,emergency,65.69135215096266,1.0255029253980703,66.71685507636073,4.0,1
141.90793151830778,seasonal,0.6657881087124906,0.6599100317467526,1.3256981404592432,12.0,0
142.75687127663173,seasonal,0.09481779691938641,0.7177220910631077,0.8125398879824941,12.0,0
76.20353622620603,emergency,66.0526057180489,1.0255029253980703,67.07810864344697,4.0,1
140.2728933002238,routine,3.120605536565762,0.668926378609784,3.7895319151755458,24.0,0
142.9607671584934,seasonal,0.29244103131094334,0.668926378609784,0.9613674099207273,12.0,0
78.34728782607274,emergency,64.99721439724641,0.6396923088485589,65.63690670609496,4.0,1
140.83807021528315,routine,2.7952562556497185,0.7919122426127785,3.587168498262497,24.0,0
77.10286511448336,emergency,65.96760450880598,1.0255029253980703,66.99310743420405,4.0,1
140.48044997372943,routine,3.072299775728709,0.7919122426127785,3.8642120183414876,24.0,0
78.59985325586489,emergency,65.08734052447345,0.7177220910631077,65.80506261553656,4.0,1
140.91696873114216,routine,3.0376233810123665,0.7177220910631077,3.755345472075474,24.0,0
144.30433202203943,critical,0.34189912208589135,0.4353805806418104,0.7772797027277017,2.0,0
79.0287022039285,emergency,65.19573483960957,0.7919122426127785,65.98764708222235,4.0,1
141.1789396303504,routine,3.258096859412973,0.6396923088485589,3.8977891682615318,24.0,0
141.75368648290848,routine,2.8314495990813953,0.7177220910631077,3.5491716901445027,24.0,0
79.49150554431536,emergency,65.97346564128038,0.3513634158531591,66.32482905713354,4.0,1
79.1410298644712,emergency,66.05855669195046,0.6659438790168433,66.7245005709673,4.0,1
145.20899969798128,routine,0.0,0.7919122426127785,0.7919122426127785,24.0,0
142.73121089319238,routine,2.191596610039511,1.0255029253980703,3.2170995354375815,24.0,0
79.30355925413116,emergency,65.92013446345752,0.668926378609784,66.5890608420673,4.0,1
80.05925387064974,emergency,65.6776420211554,0.3190807107927397,65.99672273194814,4.0,1
145.39239751581525,routine,0.0,1.0255029253980703,1.0255029253980703,24.0,0
79.58338160345444,emergency,66.12736346028201,0.3513634158531591,66.47872687613517,4.0,1
146.25043437458598,routine,0.0,0.6659438790168433,0.6659438790168433,24.0,0
81.01167655178325,emergency,65.65041266830717,0.3190807107927397,65.9694933790999,4.0,1
146.2946021188176,routine,0.0,0.6599100317467526,0.6599100317467526,24.0,0
146.77205246410657,seasonal,0.0,0.4353805806418104,0.4353805806418104,12.0,0
80.41902483217147,emergency,66.04959700266436,0.6659438790168433,66.71554088168119,4.0,1
147.29187345491823,routine,0.0,0.668926378609784,0.668926378609784,24.0,0
81.0346216827508,emergency,66.06809462923967,0.7177220910631077,66.78581672030278,4.0,1
81.68197112894111,emergency,66.34853005900115,0.3190807107927397,66.66761076979388,4.0,1
81.531567429429,emergency,65.86667848119953,0.7177220910631077,66.58440057226264,4.0,1
81.23089915306969,emergency,66.01994489446426,0.9736079806575129,66.99355287512178,4.0,1
81.68569040065859,emergency,66.77248742993774,0.6599100317467526,67.43239746168449,4.0,1
148.40894032647006,seasonal,0.0,0.7177220910631077,0.7177220910631077,12.0,0
81.8410866141393,emergency,67.13924188023398,0.6396923088485589,67.77893418908253,4.0,1
81.9903806777127,emergency,67.31195043510462,0.6659438790168433,67.97789431412146,4.0,1
149.89928325355416,routine,0.0,0.3190807107927397,0.3190807107927397,24.0,0
82.0923926133423,emergency,67.4137938299427,1.0255029253980703,68.43929675534078,4.0,1
82.17183655802765,emergency,67.37996332957567,0.6659438790168433,68.04590720859251,4.0,1
150.46659528137477,routine,0.0,0.4353805806418104,0.4353805806418104,24.0,0
82.28587988183178,emergency,67.79007471414572,0.668926378609784,68.4590010927555,4.0,1
150.34334927154634,critical,0.1517345867473523,0.6659438790168433,0.8176784657641956,2.0,0
82.43105456832363,emergency,68.2052288337646,0.9736079806575129,69.17883681442211,4.0,1
82.63557449668079,emergency,68.58489232466724,0.4353805806418104,69.02027290530904,4.0,1
83.3327806390377,emergency,68.29586981555634,0.6659438790168433,68.96181369457318,4.0,1
83.14808586186889,emergency,68.30388339811539,0.6396923088485589,68.94357570696394,4.0,1
83.60645773109049,emergency,68.4739613549775,0.6599100317467526,69.13387138672425,4.0,1
151.8701755605273,seasonal,0.0,0.7919122426127785,0.7919122426127785,12.0,0
151.48966560169174,routine,0.0,1.0255029253980703,1.0255029253980703,24.0,0
152.07936455246687,routine,0.0,0.3513634158531591,0.3513634158531591,24.0,0
83.78418821722902,emergency,68.71787594824333,0.6396923088485589,69.35756825709188,4.0,1
83.79503185117542,emergency,68.98033964371996,0.3190807107927397,69.29942035451269,4.0,1
152.57938010864825,routine,0.0,0.6659438790168433,0.6659438790168433,24.0,0
152.88726234219098,routine,0.0,0.6599100317467526,0.6599100317467526,24.0,0
152.94591978332744,critical,0.10838846768507437,0.3190807107927397,0.42746917847781407,2.0,0
152.84672765222888,routine,0.0,0.3513634158531591,0.3513634158531591,24.0,0
152.94084376541306,seasonal,0.0,0.6599100317467526,0.6599100317467526,12.0,0
83.95673141113848,emergency,69.69431541476312,0.3190807107927397,70.01339612555586,4.0,1
83.87801178858676,emergency,69.34117819783482,0.6599100317467526,70.00108822958157,4.0,1
153.48530546476002,seasonal,0.3275533670465052,0.3190807107927397,0.6466340778392449,12.0,0
152.95253821809501,seasonal,0.7508349656297071,0.6659438790168433,1.4167788446465504,12.0,0
153.89377748673266,seasonal,0.1998199208013034,0.668926378609784,0.8687462994110874,12.0,0
153.90964119458056,critical,0.048342231201530694,0.6599100317467526,0.7082522629482833,2.0,0
153.9163730816016,critical,0.07151424349575564,0.6599100317467526,0.7314242752425082,2.0,0
153.85909242051113,routine,0.0,0.7177220910631077,0.7177220910631077,24.0,0
154.1662726615243,routine,0.22728857700261074,0.4353805806418104,0.6626691576444211,24.0,0
154.28463027253923,critical,0.047445615651270145,0.668926378609784,0.7163719942610541,2.0,0
154.80251180771202,routine,0.0,0.6659438790168433,0.6659438790168433,24.0,0
153.9824431319666,routine,0.21263881185856803,0.6599100317467526,0.8725488436053206,24.0,0
154.8585811890177,seasonal,0.5143375215018864,0.3513634158531591,0.8657009373550455,12.0,0
84.18019682485594,emergency,70.9557551271772,0.4353805806418104,71.391135707819,4.0,1
84.23561539171205,emergency,71.0384070783346,0.6659438790168433,71.70435095735144,4.0,1
84.37659543258069,emergency,71.37435403840895,0.3513634158531591,71.72571745426211,4.0,1
154.85936394032515,seasonal,0.6002939540555303,0.4353805806418104,1.0356745346973408,12.0,0
155.4235646351086,routine,0.46007630367739694,0.4353805806418104,0.8954568843192073,24.0,0
84.55246944263739,emergency,71.55669657592664,0.3513634158531591,71.9080599917798,4.0,1
84.39259743855746,emergency,71.45434977465345,0.668926378609784,72.12327615326323,4.0,1
155.46266219701477,seasonal,0.24658813043143368,0.668926378609784,0.9155145090412177,12.0,0
155.8971068771553,seasonal,0.19160531975620643,0.668926378609784,0.8605316983659904,12.0,0
155.56256164745338,routine,0.6913459525470955,0.4353805806418104,1.126726533188906,24.0,0
156.46897229270652,routine,0.0,0.6396923088485589,0.6396923088485589,24.0,0
156.13311377237693,critical,0.3152100365569481,0.6599100317467526,0.9751200683037007,2.0,0
156.2463311182315,critical,0.3602801313527664,0.7177220910631077,1.078002222415874,2.0,0
156.7827646783267,routine,0.1662256348837161,0.3513634158531591,0.5175890507368752,24.0,0
156.35083172208283,critical,0.4543018282492426,0.4353805806418104,0.889682408891053,2.0,0
156.18003827064112,seasonal,0.06460745287270697,1.0255029253980703,1.0901103782707773,12.0,0
156.68693669464457,routine,0.1428024814316302,1.0255029253980703,1.1683054068297005,24.0,0
157.30521535247982,critical,0.005027061166941849,0.3190807107927397,0.32410777195968155,2.0,0
84.65442130438402,emergency,72.46643736469073,0.6659438790168433,73.13238124370757,4.0,1
157.99211119302856,seasonal,0.132592033067084,0.3190807107927397,0.4516727438598237,12.0,0
157.25072877733348,seasonal,0.3570576510154524,0.6599100317467526,1.016967682762205,12.0,0
84.697172613918,emergency,73.4494015145027,0.3513634158531591,73.80076493035585,4.0,1
157.31302663661296,seasonal,0.34230504753011815,0.6659438790168433,1.0082489265469614,12.0,0
157.66363012990846,seasonal,0.16374748996787503,1.0255029253980703,1.1892504153659453,12.0,0
84.81749588368767,emergency,73.36806391149607,0.7177220910631077,74.08578600255917,4.0,1
85.255225942192,emergency,73.13085401946176,0.6396923088485589,73.77054632831032,4.0,1
158.01975002619022,seasonal,0.26732047562151706,0.6659438790168433,0.9332643546383603,12.0,0
157.11753531605822,routine,1.3463024069563119,0.6659438790168433,2.012246285973155,24.0,0
158.58745373249832,seasonal,0.048747485285417724,0.7919122426127785,0.8406597278981962,12.0,0
85.43591631365521,emergency,73.55508717295936,0.7177220910631077,74.27280926402247,4.0,1
159.1884002747757,critical,0.3757412012239456,0.4353805806418104,0.811121781865756,2.0,0
159.4718545707397,seasonal,0.13992172423198213,0.3513634158531591,0.49128514008514124,12.0,0
159.31455063685357,seasonal,0.13256725401652147,0.6599100317467526,0.792477285763274,12.0,0
85.45550098811798,emergency,73.65843070116999,0.7919122426127785,74.45034294378277,4.0,1
85.63446802509714,emergency,74.13353437131141,0.3190807107927397,74.45261508210415,4.0,1
158.6088329680351,seasonal,0.7548315343731531,0.7177220910631077,1.4725536254362608,12.0,0
157.86303275444774,routine,1.7888382041607258,0.6396923088485589,2.4285305130092847,24.0,0
159.67765387818852,seasonal,0.37380701773037117,0.6659438790168433,1.0397508967472144,12.0,0
158.3314712431734,routine,1.9655312460058951,0.3190807107927397,2.284611956798635,24.0,0
85.74045394267874,emergency,74.05349356053203,0.3513634158531591,74.40485697638519,4.0,1
159.84628530709244,seasonal,0.29056431683582673,0.9736079806575129,1.2641722974933396,12.0,0
160.22987746578076,critical,0.23295898151940264,0.3513634158531591,0.5843223973725618,2.0,0
160.61820916213628,seasonal,0.07710779962746983,0.6659438790168433,0.7430516786443131,12.0,0
85.96384064274088,emergency,75.1293099789176,0.6599100317467526,75.78922001066435,4.0,1
85.85251876504466,emergency,74.78808952427141,0.6659438790168433,75.45403340328825,4.0,1
159.00916423353743,routine,2.2870739595031466,0.4353805806418104,2.722454540144957,24.0,0
158.33270567991747,routine,2.400469942851089,0.6599100317467526,3.0603799745978417,24.0,0
87.10703868983542,emergency,74.4176245138848,0.6659438790168433,75.08356839290164,4.0,1
161.09024808411021,seasonal,0.06589534253805596,0.3190807107927397,0.38497605333079565,12.0,0
160.73272994145918,critical,0.3397040908964186,0.9736079806575129,1.3133120715539315,2.0,0
159.95456575731706,routine,2.3214098660124307,0.3513634158531591,2.67277328186559,24.0,0
159.44769590214636,routine,2.0147932285574655,0.6396923088485589,2.6544855374060243,24.0,0
87.45484500069715,emergency,74.44954443434013,0.6659438790168433,75.11548831335696,4.0,1
161.5030936443087,seasonal,0.27324059313551174,1.0255029253980703,1.298743518533582,12.0,0
159.01650145093348,routine,2.380880371677762,1.0255029253980703,3.4063832970758323,24.0,0
162.08300542573045,critical,0.4215316985026334,0.668926378609784,1.0904580771124173,2.0,0
160.33796881886428,routine,2.3364840489410312,0.4353805806418104,2.7718646295828417,24.0,0
162.55521518293725,critical,0.053878304181807835,0.668926378609784,0.7228046827915918,2.0,0
160.43345637074003,routine,2.3578681005841133,0.7919122426127785,3.149780343196892,24.0,0
160.4801625163911,routine,2.3394592984424207,0.668926378609784,3.0083856770522046,24.0,0
162.83284706646026,critical,0.05831395374482895,0.3513634158531591,0.40967736959798806,2.0,0
87.897274052811,emergency,74.89891948512125,0.6396923088485589,75.5386117939698,4.0,1
160.6924300507126,routine,2.5425979741850426,0.6599100317467526,3.2025080059317954,24.0,0
162.8358916292674,critical,0.46345301816083406,0.7919122426127785,1.2553652607736125,2.0,0
163.11958936772177,seasonal,0.1079201635224365,0.7919122426127785,0.899832406135215,12.0,0
163.3374008071507,seasonal,0.1825803320681132,1.0255029253980703,1.2080832574661835,12.0,0
163.92364971032782,seasonal,0.3855022367649781,0.4353805806418104,0.8208828174067885,12.0,0
163.37280389158428,seasonal,0.3975802566238542,1.0255029253980703,1.4230831820219245,12.0,0
88.03774084867246,emergency,76.0823158182601,0.6396923088485589,76.72200812710865,4.0,1
87.91489243703431,emergency,76.0845512747441,0.3190807107927397,76.40363198553683,4.0,1
164.01621120086241,seasonal,0.4842501556236698,0.668926378609784,1.1531765342334537,12.0,0
163.90823049045545,seasonal,0.17147221166385407,0.668926378609784,0.8403985902736381,12.0,0
88.1420068119278,emergency,76.61279078228542,0.6396923088485589,77.25248309113397,4.0,1
161.47224750464912,routine,4.054982867835093,0.3513634158531591,4.4063462836882525,24.0,0
88.3639616518345,emergency,76.63894249354709,0.668926378609784,77.30786887215687,4.0,1
164.40500111494842,critical,0.1104204028012532,0.6659438790168433,0.7763642818180965,2.0,0
161.34219833427704,routine,3.9504552369340047,0.6396923088485589,4.590147545782564,24.0,0
160.8329684145833,routine,4.023976403842994,0.6396923088485589,4.663668712691553,24.0,0
161.45978659058872,routine,4.002990610949439,0.3190807107927397,4.322071321742179,24.0,0
88.5904740289974,emergency,77.10978452481619,0.668926378609784,77.77871090342597,4.0,1
88.42226520321377,emergency,77.19220221088356,0.3190807107927397,77.5112829216763,4.0,1
161.11683111777396,routine,4.098815661272795,0.7919122426127785,4.8907279038855735,24.0,0
162.1601558563397,routine,3.8279887066522065,0.6659438790168433,4.49393258566905,24.0,0
163.66123825750992,routine,3.039545450617709,0.4353805806418104,3.4749260312595194,24.0,0
163.80047783703483,routine,2.947869707517185,0.3513634158531591,3.2992331233703442,24.0,0
88.60975902610595,emergency,77.86913636281353,0.4353805806418104,78.30451694345534,4.0,1
162.96110547707073,routine,3.162942871676819,1.0255029253980703,4.188445797074889,24.0,0
163.47358824004527,routine,3.0520040168561593,0.6599100317467526,3.711914048602912,24.0,0
163.86320594983414,routine,3.0812396537753273,0.6659438790168433,3.7471835327921705,24.0,0
88.76400034280073,emergency,77.76308136500319,1.0255029253980703,78.78858429040126,4.0,1
88.83629228990448,emergency,77.74250520021873,1.0255029253980703,78.7680081256168,4.0,1
89.15990611744569,emergency,78.02241430363732,1.0255029253980703,79.04791722903539,4.0,1
167.4258410165189,seasonal,0.08420773844807172,0.7919122426127785,0.8761199810608502,12.0,0
164.0600234988561,routine,3.7069000575466475,0.3190807107927397,4.025980768339387,24.0,0
167.02915026421584,critical,0.12252397148185423,0.7919122426127785,0.9144362140946327,2.0,0
163.95870582398283,routine,3.3265514839080197,0.6396923088485589,3.9662437927565786,24.0,0
167.263825890433,critical,0.803141773345601,0.4353805806418104,1.2385223539874115,2.0,0
164.4983401180932,routine,3.6109009528154843,0.3513634158531591,3.9622643686686434,24.0,0
164.71949586314878,routine,3.4622925432740317,0.9736079806575129,4.4359005239315445,24.0,0
167.1732268419455,routine,1.1208404420681006,0.6396923088485589,1.7605327509166595,24.0,0
164.11601723511595,routine,3.872275750527308,0.7177220910631077,4.5899978415904155,24.0,0
167.56243181350504,routine,1.5307131587995855,0.3513634158531591,1.8820765746527446,24.0,0
89.18485250604782,emergency,79.65006015358311,0.3513634158531591,80.00142356943627,4.0,1
89.17826438762654,emergency,79.34583430638372,0.9736079806575129,80.31944228704124,4.0,1
89.31362845039884,emergency,79.6150258169748,0.6659438790168433,80.28096969599164,4.0,1
89.49584295009272,emergency,79.7011325423991,0.6659438790168433,80.36707642141593,4.0,1
89.56314403851682,emergency,79.71664495621643,0.7177220910631077,80.43436704727954,4.0,1
167.6603251947623,routine,1.4486672010573614,0.6599100317467526,2.108577232804114,24.0,0
89.7068175686994,emergency,80.56448413564938,0.3190807107927397,80.88356484644211,4.0,1
167.68629986475077,routine,1.524869019455565,1.0255029253980703,2.5503719448536355,24.0,0
167.69790506818828,routine,1.8341556281559122,0.668926378609784,2.503082006765696,24.0,0
168.22148263944476,routine,1.5841525207104041,0.6599100317467526,2.244062552457157,24.0,0
89.91947945625277,emergency,80.43332387758765,0.7177220910631077,81.15104596865076,4.0,1
89.66615101445082,emergency,80.4979556388234,0.6599100317467526,81.15786567057015,4.0,1
90.12694168582007,emergency,80.8698789125489,0.6659438790168433,81.53582279156574,4.0,1
90.00880208087916,emergency,80.6060741378593,0.9736079806575129,81.57968211851681,4.0,1
90.15797190050259,emergency,81.11721971699353,0.7177220910631077,81.83494180805664,4.0,1
90.28979001014478,emergency,81.6668580367169,0.6659438790168433,82.33280191573374,4.0,1
90.26765475906736,emergency,81.5160529020019,0.7177220910631077,82.23377499306501,4.0,1
172.05123032249045,routine,0.0,0.6659438790168433,0.6659438790168433,24.0,0
90.44311125093283,emergency,82.06814276538516,0.6396923088485589,82.70783507423371,4.0,1
90.49508387038222,emergency,82.19860721291275,0.6599100317467526,82.8585172446595,4.0,1
172.96167301101323,critical,0.12054210560944512,0.668926378609784,0.7894684842192291,2.0,0
172.8104840452943,seasonal,0.0,0.3513634158531591,0.3513634158531591,12.0,0
90.54734835608791,emergency,82.97392732523089,0.3513634158531591,83.32529074108405,4.0,1
90.94961820321377,emergency,82.57552092526505,1.0255029253980703,83.60102385066313,4.0,1
90.98718326525037,emergency,82.8662698725457,0.7919122426127785,83.65818211515848,4.0,1
174.67775778203006,seasonal,0.0,0.4353805806418104,0.4353805806418104,12.0,0
91.79982173459723,emergency,82.96882417572539,0.3190807107927397,83.28790488651812,4.0,1
174.67092545793975,routine,0.0,0.7177220910631077,0.7177220910631077,24.0,0
91.08020315463666,emergency,83.25221639525817,0.668926378609784,83.92114277386796,4.0,1
91.33983386303487,emergency,83.14652573785622,1.0255029253980703,84.1720286632543,4.0,1
175.0888886537736,seasonal,0.0,0.668926378609784,0.668926378609784,12.0,0
174.57719601235556,seasonal,0.0,0.9736079806575129,0.9736079806575129,12.0,0
175.09176763302304,routine,0.0,0.4353805806418104,0.4353805806418104,24.0,0
93.62478938052986,emergency,81.90680281898982,0.6599100317467526,82.56671285073656,4.0,1
94.59648711402379,emergency,81.20754190398965,0.6659438790168433,81.87348578300649,4.0,1
175.56157029807272,routine,0.0,0.4353805806418104,0.4353805806418104,24.0,0
175.6729988233133,routine,0.0,0.3513634158531591,0.3513634158531591,24.0,0
94.89334242798246,emergency,81.16582346881209,0.3190807107927397,81.48490417960483,4.0,1
175.76875850962858,routine,0.04153256212822498,0.7919122426127785,0.8334448047410035,24.0,0
94.70506010620794,emergency,81.13721189234836,1.0255029253980703,82.16271481774643,4.0,1
95.0256977056184,emergency,81.33693285936658,0.7919122426127785,82.12884510197937,4.0,1
95.34308543518564,emergency,81.6997514192076,0.4353805806418104,82.1351319998494,4.0,1
176.43192292525328,routine,0.0,0.6599100317467526,0.6599100317467526,24.0,0
177.0862153079468,routine,0.0,0.3190807107927397,0.3190807107927397,24.0,0
177.10139699450392,routine,0.0,0.668926378609784,0.668926378609784,24.0,0
177.12614209772912,routine,0.22932403626913356,0.4353805806418104,0.664704616910944,24.0,0
176.98044621215988,routine,0.0,0.7919122426127785,0.7919122426127785,24.0,0
101.1188929565544,emergency,76.41987052593386,0.7177220910631077,77.13759261699697,4.0,1
177.20307565878517,seasonal,0.039156738563320914,0.668926378609784,0.7080831171731049,12.0,0
96.04097788692059,emergency,81.07744537121548,0.668926378609784,81.74637174982526,4.0,1
101.60685286480171,emergency,76.27972381266676,0.7177220910631077,76.99744590372987,4.0,1
177.17048944002488,routine,0.6663617430166369,0.6599100317467526,1.3262717747633894,24.0,0
102.97610528721954,emergency,75.01697913098268,0.6659438790168433,75.68292300999951,4.0,1
178.1886553777512,critical,0.126444755970482,0.4353805806418104,0.5618253366122924,2.0,0
178.47283712667664,seasonal,0.17827892270693724,0.6659438790168433,0.8442228017237805,12.0,0
178.5050750751803,critical,0.6766583624751661,0.4353805806418104,1.1120389431169766,2.0,0
178.41829958141017,critical,0.665996215022659,0.668926378609784,1.334922593632443,2.0,0
178.5378527885188,routine,0.15443809822983212,0.7177220910631077,0.8721601892929398,24.0,0
177.1771788043491,routine,1.254425266984299,0.6396923088485589,1.894117575832858,24.0,0
178.56920772587017,routine,0.3184990556456455,0.6599100317467526,0.9784090873923981,24.0,0
103.43010705954909,emergency,76.21060244967096,0.3190807107927397,76.52968316046369,4.0,1
179.07830282505057,routine,0.48754197158902457,0.3190807107927397,0.8066226823817643,24.0,0
179.03610714497,routine,0.14266056358485457,0.6659438790168433,0.8086044426016978,24.0,0
103.12965779099818,emergency,76.33288395393726,0.4353805806418104,76.76826453457906,4.0,1
179.02648594945003,seasonal,0.0,0.7919122426127785,0.7919122426127785,12.0,0
179.7207447598121,seasonal,0.6680120661705189,0.3513634158531591,1.019375482023678,12.0,0
103.56632866925115,emergency,76.24090348322592,0.668926378609784,76.9098298618357,4.0,1
179.6974287944528,seasonal,0.5904161562375236,0.7177220910631077,1.3081382473006313,12.0,0
180.31049707308117,seasonal,0.2784033996747439,0.4353805806418104,0.7137839803165543,12.0,0
103.75182059568151,emergency,76.54207530701571,0.6659438790168433,77.20801918603254,4.0,1
103.81187489248082,emergency,76.54729752466146,0.668926378609784,77.21622390327124,4.0,1
180.26093096846637,seasonal,0.19127522412441067,0.6659438790168433,0.8572191031412539,12.0,0
179.16211089060312,routine,2.0557118970126,0.3513634158531591,2.407075312865759,24.0,0
180.3369924438481,seasonal,0.546562700994798,0.9736079806575129,1.5201706816523108,12.0,0
180.48139522887593,critical,0.33750237459986465,0.7919122426127785,1.1294146172126431,2.0,0
181.16117458968802,critical,0.002191208277622536,0.6396923088485589,0.6418835171261814,2.0,0
179.21706722602096,routine,2.45157090709543,0.4353805806418104,2.8869514877372406,24.0,0
180.3617378681207,seasonal,0.7627633187029232,1.0255029253980703,1.7882662441009936,12.0,0
104.19101333172306,emergency,77.97401954977902,0.3190807107927397,78.29310026057175,4.0,1
179.23928498555372,routine,2.460448043600792,0.4353805806418104,2.8958286242426023,24.0,0
104.30795428216902,emergency,77.8910758119097,0.3190807107927397,78.21015652270243,4.0,1
104.02946610463341,emergency,77.56158920839216,0.4353805806418104,77.99696978903397,4.0,1
181.24654464183732,seasonal,0.34276641831698385,1.0255029253980703,1.3682693437150542,12.0,0
181.70758898618328,seasonal,0.603436542544614,0.3190807107927397,0.9225172533373537,12.0,0
104.47961235573247,emergency,78.05598844221585,0.6396923088485589,78.6956807510644,4.0,1
104.61362935449422,emergency,77.98029798229022,0.4353805806418104,78.41567856293203,4.0,1
181.96175497669458,seasonal,0.43555540022330774,0.9736079806575129,1.4091633808808206,12.0,0
179.75291389668507,routine,2.707456787845558,0.6396923088485589,3.347149096694117,24.0,0
182.68830877760251,seasonal,0.09017093653562824,0.3190807107927397,0.40925164732836794,12.0,0
104.95909708837766,emergency,78.18994348234219,0.3513634158531591,78.54130689819534,4.0,1
104.95924374511827,emergency,78.2085874217291,0.6396923088485589,78.84827973057766,4.0,1
180.07174126420824,routine,2.7122827263366673,1.0255029253980703,3.737785651734738,24.0,0
180.10438961791098,routine,3.0506874685605396,0.9736079806575129,4.0242954492180525,24.0,0
183.50816684465804,seasonal,0.21254576046510465,0.7177220910631077,0.9302678515282123,12.0,0
183.24995527509134,seasonal,0.42621131386474076,0.3513634158531591,0.7775747297178999,12.0,0
105.5360304892852,emergency,78.6777406333091,0.4353805806418104,79.1131212139509,4.0,1
184.04004304159727,seasonal,0.4081873984987112,0.3190807107927397,0.7272681092914509,12.0,0
105.33895665511741,emergency,77.85856227303563,0.9736079806575129,78.83217025369315,4.0,1
183.73939491347517,seasonal,0.560757858860967,0.3190807107927397,0.8798385696537067,12.0,0
105.91178046851077,emergency,78.3277387075142,0.3190807107927397,78.64681941830693,4.0,1
184.43471488250873,seasonal,0.03502145777150645,0.3513634158531591,0.38638487362466556,12.0,0
107.32501188102121,emergency,77.46546618047962,0.6659438790168433,78.13141005949646,4.0,1
106.64720235746559,emergency,77.96752367659666,0.3513634158531591,78.31888709244981,4.0,1
184.86695348081207,seasonal,0.11124534306205192,0.3513634158531591,0.462608758915211,12.0,0
180.59266686936337,routine,4.5443631531797735,0.6659438790168433,5.210307032196617,24.0,0
184.85708523972207,seasonal,0.0787614440390314,1.0255029253980703,1.1042643694371017,12.0,0
185.3531443110966,seasonal,0.28118191853033636,0.3190807107927397,0.6002626293230761,12.0,0
107.78738504916582,emergency,77.87867931608658,0.4353805806418104,78.31405989672838,4.0,1
180.7569747613918,routine,4.427534542091053,0.4353805806418104,4.862915122732863,24.0,0
185.31280435785413,seasonal,0.20490734739325944,0.6659438790168433,0.8708512264101027,12.0,0
107.58164220312558,emergency,77.9530215217484,0.6396923088485589,78.59271383059695,4.0,1
107.38894224008385,emergency,78.1157766759899,1.0255029253980703,79.14127960138798,4.0,1
186.02151318512986,critical,0.1915267027698917,0.6659438790168433,0.857470581786735,2.0,0
185.79844366551043,seasonal,0.75967475280234,0.668926378609784,1.4286011314121239,12.0,0
185.35750832682737,seasonal,0.7747407811036737,0.4353805806418104,1.2101213617454842,12.0,0
107.98099251670635,emergency,78.29041449822174,0.668926378609784,78.95934087683152,4.0,1
108.20120342686917,emergency,78.59039631015165,0.4353805806418104,79.02577689079345,4.0,1
180.96206366314016,routine,5.708160503114414,0.7919122426127785,6.500072745727192,24.0,0
181.07555105693862,routine,5.598356841292144,0.668926378609784,6.267283219901929,24.0,0
181.24981251204935,routine,5.431961062502893,0.668926378609784,6.100887441112677,24.0,0
187.07344757139185,seasonal,0.09167618949661005,0.3190807107927397,0.41075690028934975,12.0,0
186.78748500382477,seasonal,0.16693539817018177,0.668926378609784,0.8358617767799658,12.0,0
187.44044886249765,critical,0.003878931470524094,0.3190807107927397,0.3229596422632638,2.0,0
187.7008376413736,seasonal,0.19063727952794807,0.6599100317467526,0.8505473112747006,12.0,0
108.65558084862775,emergency,79.04965358617139,0.9736079806575129,80.02326156682891,4.0,1
187.4613221790096,seasonal,0.3819622673456422,0.7177220910631077,1.09968435840875,12.0,0
108.3484267567101,emergency,79.04194260965173,1.0255029253980703,80.0674455350498,4.0,1
181.9553081731684,routine,6.483080774966595,0.6659438790168433,7.149024653983439,24.0,0
182.17761054929392,routine,6.422964236245008,0.3513634158531591,6.774327652098167,24.0,0
188.6465504750585,seasonal,0.19254553088777016,0.3513634158531591,0.5439089467409293,12.0,0
109.02104885856242,emergency,79.10784655710874,0.6659438790168433,79.77379043612558,4.0,1
109.0699989383037,emergency,79.23158791609221,0.7919122426127785,80.02350015870499,4.0,1
182.22966036081874,routine,6.394511741641168,0.668926378609784,7.063438120250952,24.0,0
109.19774754170025,emergency,80.39195225152379,0.4353805806418104,80.8273328321656,4.0,1
182.33481530234818,routine,6.306210717107064,0.6599100317467526,6.966120748853816,24.0,0
109.33903754685885,emergency,80.35168445925372,0.4353805806418104,80.78706503989552,4.0,1
109.13131814268289,emergency,79.90561838341753,1.0255029253980703,80.9311213088156,4.0,1
188.9124788926159,seasonal,0.9008223438627283,0.4353805806418104,1.3362029245045388,12.0,0
188.78368435677177,seasonal,0.5606343015192579,0.3513634158531591,0.911997717372417,12.0,0
183.29733212322898,routine,6.8667935994177185,0.3190807107927397,7.185874310210458,24.0,0
188.88243128269315,seasonal,0.7297928605358948,0.6599100317467526,1.3897028922826473,12.0,0
189.70266106000625,seasonal,0.3218670287137684,0.7177220910631077,1.039589119776876,12.0,0
109.79780552496231,emergency,80.39111496407011,0.3513634158531591,80.74247837992327,4.0,1
109.34159358186949,emergency,80.84267067263917,0.3190807107927397,81.1617513834319,4.0,1
183.57251477855638,routine,6.873623671291142,0.3190807107927397,7.192704382083882,24.0,0
184.03116617300645,routine,6.643509369127912,0.7919122426127785,7.435421611740691,24.0,0
184.2425736222268,routine,6.8449281255505525,0.6659438790168433,7.510872004567396,24.0,0
109.82641410719333,emergency,80.84149653939505,1.0255029253980703,81.86699946479312,4.0,1
184.13611187217776,routine,6.8841969372784035,0.6659438790168433,7.550140816295247,24.0,0
110.1798408999033,emergency,80.72535579120552,0.668926378609784,81.3942821698153,4.0,1
109.95461163779254,emergency,80.92411930500697,0.6659438790168433,81.5900631840238,4.0,1
110.38923902601336,emergency,81.36739982736303,0.3513634158531591,81.71876324321619,4.0,1
185.216776487462,routine,6.230102461233827,0.3190807107927397,6.5491831720265665,24.0,0
185.2155936239522,routine,6.140698398933864,0.6659438790168433,6.806642277950708,24.0,0
110.77028705077824,emergency,81.0342136269657,0.3513634158531591,81.38557704281885,4.0,1
191.66415160607724,seasonal,0.03796808300410248,0.6396923088485589,0.6776603918526614,12.0,0
185.45944005600296,routine,6.723880112751061,0.9736079806575129,7.697488093408574,24.0,0
185.48994498180892,routine,6.902647385732422,0.668926378609784,7.571573764342206,24.0,0
185.39033381706858,routine,6.756685347881842,0.9736079806575129,7.7302933285393545,24.0,0
191.93103365082024,critical,0.6040200129540096,0.3513634158531591,0.9553834288071688,2.0,0
192.45758542654625,critical,0.2620005363768314,0.7919122426127785,1.0539127789896099,2.0,0
111.09182688921733,emergency,81.79694853267621,0.6659438790168433,82.46289241169305,4.0,1
185.70916511404633,routine,6.96821838509959,0.6396923088485589,7.607910693948149,24.0,0
111.66744289274352,emergency,81.48635994964532,0.3513634158531591,81.83772336549848,4.0,1
193.47215410284156,seasonal,0.02635298519544449,0.3190807107927397,0.3454336959881842,12.0,0
111.41268026398485,emergency,81.48316426378894,0.6659438790168433,82.14910814280577,4.0,1
185.88981734377677,routine,7.026887039173943,0.6599100317467526,7.686797070920695,24.0,0
186.40889384445325,routine,6.728742069134057,0.7177220910631077,7.446464160197165,24.0,0
186.60823538604083,routine,7.4709059457336195,0.4353805806418104,7.90628652637543,24.0,0
186.47853307756318,routine,7.366254590779704,0.6599100317467526,8.026164622526457,24.0,0
187.01088778997007,routine,7.117497523869645,0.6599100317467526,7.7774075556163975,24.0,0
111.8248256916663,emergency,82.45975935256628,0.6599100317467526,83.11966938431303,4.0,1
111.96053972120387,emergency,82.57751652430267,0.3190807107927397,82.8965972350954,4.0,1
112.20143464167256,emergency,82.42387739072007,0.6659438790168433,83.0898212697369,4.0,1
187.09681013852273,routine,7.585372948941881,0.6659438790168433,8.251316827958725,24.0,0
112.25470986341567,emergency,82.60467179834687,0.3190807107927397,82.9237525091396,4.0,1
187.52457858367111,routine,7.35988272950533,0.3513634158531591,7.711246145358489,24.0,0
187.5737927738073,routine,7.520760952734236,0.4353805806418104,7.956141533376046,24.0,0
187.690064038843,routine,7.4401139057026455,0.3513634158531591,7.791477321555805,24.0,0
187.0651262260977,routine,7.491518651700829,0.668926378609784,8.160445030310614,24.0,0
111.71000820878645,emergency,82.45004631157933,1.0255029253980703,83.4755492369774,4.0,1
187.77086073735833,routine,7.48019475908751,0.6659438790168433,8.146138638104354,24.0,0
187.80594353306202,routine,7.732249305102869,0.9736079806575129,8.70585728576038,24.0,0
188.46903820265763,routine,7.638662131829847,0.4353805806418104,8.074042712471657,24.0,0
112.72998540464963,emergency,83.20559081336802,0.6659438790168433,83.87153469238486,4.0,1
113.04546576713832,emergency,83.1069839462458,0.3513634158531591,83.45834736209896,4.0,1
191.50829890074903,routine,4.893976969608133,0.668926378609784,5.562903348217917,24.0,0
112.4234366917826,emergency,83.3062750894926,0.7919122426127785,84.09818733210538,4.0,1
189.30549917023,routine,7.020342385955274,0.3513634158531591,7.371705801808433,24.0,0
112.97114460775352,emergency,83.05928148886555,0.6599100317467526,83.7191915206123,4.0,1
188.74873417472534,routine,7.464574134563463,0.6599100317467526,8.124484166310216,24.0,0
191.28780627809468,routine,5.062653461592305,0.6599100317467526,5.722563493339058,24.0,0
194.28955179271955,routine,2.409509728398433,0.3513634158531591,2.760873144251592,24.0,0
196.36221206880217,routine,0.7627338492412719,0.3190807107927397,1.0818145600340117,24.0,0
113.33734533614897,emergency,83.11652609482552,0.7919122426127785,83.9084383374383,4.0,1
113.87555742187763,emergency,83.63333801015827,0.3190807107927397,83.952418720951,4.0,1
196.82313207920774,routine,0.6485370764648621,0.6396923088485589,1.288229385313421,24.0,0
114.18072755326234,emergency,83.71257122718599,0.3513634158531591,84.06393464303915,4.0,1
113.93583837557631,emergency,83.78711303117083,0.6599100317467526,84.44702306291758,4.0,1
113.68356111546693,emergency,83.80489393338236,0.7919122426127785,84.59680617599514,4.0,1
197.64940364953856,routine,0.05713504306726236,0.668926378609784,0.7260614216770463,24.0,0
114.27337495099069,emergency,84.24410515954334,0.4353805806418104,84.67948574018514,4.0,1
198.60477135426675,routine,0.0,0.4353805806418104,0.4353805806418104,24.0,0
199.05057555519795,routine,0.0,0.4353805806418104,0.4353805806418104,24.0,0
198.8161089704436,routine,0.0,0.6396923088485589,0.6396923088485589,24.0,0
114.39369773447477,emergency,84.45419685899391,0.6396923088485589,85.09388916784246,4.0,1
114.18137393113481,emergency,84.16445999003257,0.9736079806575129,85.13806797069009,4.0,1
114.56764863664398,emergency,84.44879554000843,0.4353805806418104,84.88417612065024,4.0,1
199.34432918152697,critical,0.38995737126981567,0.4353805806418104,0.8253379519116261,2.0,0
114.66147721454067,emergency,84.38354030747624,0.7919122426127785,85.17545255008902,4.0,1
199.10412435501883,seasonal,0.0,1.0255029253980703,1.0255029253980703,12.0,0
199.28479438893913,seasonal,0.0,0.6659438790168433,0.6659438790168433,12.0,0
199.2652246954956,routine,0.0,0.7177220910631077,0.7177220910631077,24.0,0
199.3642445088931,routine,0.19717274401574514,1.0255029253980703,1.2226756694138154,24.0,0
199.37626109453535,critical,0.9792455954819559,0.3513634158531591,1.330609011335115,2.0,0
199.55770157524856,routine,0.4511344551694947,1.0255029253980703,1.476637380567565,24.0,0
199.66238436361485,critical,0.7887670896772931,0.668926378609784,1.457693468287077,2.0,0
114.7149807257734,emergency,85.92232779018774,0.3190807107927397,86.24140850098047,4.0,1
200.4098655727192,seasonal,0.0,0.4353805806418104,0.4353805806418104,12.0,0
200.43794300865903,seasonal,0.0,0.6659438790168433,0.6659438790168433,12.0,0
114.84842560470697,emergency,85.97185591453687,0.3190807107927397,86.2909366253296,4.0,1
114.8579147679508,emergency,86.01777556301437,0.668926378609784,86.68670194162415,4.0,1
200.5703826069785,routine,0.5297634556426942,0.6599100317467526,1.1896734873894468,24.0,0
200.64860010792967,seasonal,0.24435805746028905,0.9736079806575129,1.217966038117802,12.0,0
201.43851151135857,seasonal,0.12739270922381252,1.0255029253980703,1.1528956346218828,12.0,0
114.87325354348219,emergency,86.73324507664911,0.9736079806575129,87.70685305730663,4.0,1
201.5651874257979,seasonal,0.5301383663195907,0.4353805806418104,0.9655189469614011,12.0,0
200.76930021780097,routine,0.5177796606908203,0.9736079806575129,1.4913876413483331,24.0,0
201.53482065705057,seasonal,0.18633783476499843,0.6599100317467526,0.846247866511751,12.0,0
114.95408387429646,emergency,86.93542209796686,0.6396923088485589,87.57511440681542,4.0,1
201.6551556076252,seasonal,0.46494077341191087,0.6599100317467526,1.1248508051586634,12.0,0
114.95740401996869,emergency,87.1244987235651,0.6396923088485589,87.76419103241365,4.0,1
114.98027956961498,emergency,87.22069820707212,0.9736079806575129,88.19430618772964,4.0,1
201.93190090939,seasonal,0.9698685808766925,0.7919122426127785,1.761780823489471,12.0,0
202.72359564911068,seasonal,0.5600895112709736,0.3190807107927397,0.8791702220637133,12.0,0
202.26183161356025,critical,0.43302584961509183,0.668926378609784,1.1019522282248757,2.0,0
202.25199563582638,seasonal,0.960212383054369,0.7919122426127785,1.7521246256671474,12.0,0
201.9064023829745,routine,1.66475595535033,0.4353805806418104,2.1001365359921405,24.0,0
203.51471558800333,seasonal,0.055082831879389005,0.7177220910631077,0.7728049229424967,12.0,0
203.34548995693834,seasonal,0.19957996207196516,0.668926378609784,0.8685063406817491,12.0,0
115.07466175250276,emergency,88.28609670161184,0.6599100317467526,88.94600673335859,4.0,1
203.6620874987127,seasonal,0.20344003118421483,0.668926378609784,0.8723664097939988,12.0,0
203.42230875142903,critical,0.30954467335109825,1.0255029253980703,1.3350475987491686,2.0,0
115.18358342802166,emergency,88.85255845259245,0.9736079806575129,89.82616643324997,4.0,1
115.35559844385219,emergency,89.16089222977087,0.6396923088485589,89.80058453861942,4.0,1
203.8727827515322,seasonal,0.6332191671018848,0.4353805806418104,1.0685997477436953,12.0,0
115.24560973138449,emergency,89.16892419201938,0.4353805806418104,89.60430477266118,4.0,1
203.20857465339265,routine,1.8567125519647334,0.3513634158531591,2.2080759678178925,24.0,0
202.24694489951892,routine,2.7017705849190747,0.4353805806418104,3.1371511655608852,24.0,0
203.82695035410896,seasonal,0.6431376353197322,0.9736079806575129,1.616745615977245,12.0,0
201.9897667599416,routine,2.638321596336567,0.7177220910631077,3.3560436873996746,24.0,0
205.1176517140839,critical,0.5420212263161375,0.3190807107927397,0.8611019371088772,2.0,0
115.36077304427883,emergency,90.40178207397648,0.3190807107927397,90.72086278476921,4.0,1
202.8063109138178,routine,2.152160441186197,0.7177220910631077,2.8698825322493047,24.0,0
205.3288199043745,seasonal,0.025697455243715694,0.668926378609784,0.6946238338534997,12.0,0
115.40405635704367,emergency,90.40574410435552,0.3513634158531591,90.75710752020868,4.0,1
203.83905004627536,routine,2.366095035475354,0.3513634158531591,2.717458451328513,24.0,0
203.382306945093,routine,2.7749236497219556,0.6599100317467526,3.4348336814687084,24.0,0
204.08660277008622,routine,2.2735717299549947,0.3190807107927397,2.5926524407477345,24.0,0
204.70923302359498,critical,0.6441104190184888,1.0255029253980703,1.669613344416559,2.0,0
203.3487146199576,routine,2.6541280308435944,0.6599100317467526,3.314038062590347,24.0,0
115.42989131180519,emergency,90.68214847438543,0.6659438790168433,91.34809235340227,4.0,1
203.9938207242705,routine,2.3455282830140334,0.668926378609784,3.0144546616238173,24.0,0
206.17484968582457,critical,0.5976857176855219,0.6599100317467526,1.2575957494322745,2.0,0
206.9777148697194,seasonal,0.06310764918009681,0.3513634158531591,0.4144710650332559,12.0,0
115.56850801319068,emergency,91.20829016235108,0.6659438790168433,91.87423404136791,4.0,1
207.37037195304228,seasonal,0.08208580598773096,0.4353805806418104,0.5174663866295414,12.0,0
206.45254766175475,seasonal,0.4256692504949342,0.7919122426127785,1.2175814931077127,12.0,0
115.80261466154059,emergency,91.43659790567449,0.7177220910631077,92.1543199967376,4.0,1
204.3523506888642,routine,3.832989959734249,0.4353805806418104,4.2683705403760595,24.0,0
207.09918746501762,seasonal,0.30542212886811626,0.7177220910631077,1.023144219931224,12.0,0
204.16115852182347,routine,3.310408574428095,0.7177220910631077,4.028130665491203,24.0,0
207.2553264728176,critical,0.314324865488004,0.6659438790168433,0.9802687445048472,2.0,0
207.82213883535607,critical,0.35987084997560714,0.6659438790168433,1.0258147289924504,2.0,0
207.97555297577907,seasonal,0.07475707018215871,0.4353805806418104,0.5101376508239691,12.0,0
204.30413523785688,routine,3.3643323942672794,0.668926378609784,4.033258772877064,24.0,0
207.35028415644035,critical,0.32763225808886887,0.9736079806575129,1.3012402387463817,2.0,0
208.28230553078717,critical,0.2558427436692341,0.9736079806575129,1.229450724326747,2.0,0
209.3433770631581,critical,0.0034831820302372307,0.3513634158531591,0.35484659788339634,2.0,0
209.00589039388507,seasonal,0.2747658388217644,0.6599100317467526,0.934675870568517,12.0,0
115.92032418314594,emergency,93.600764331786,0.3190807107927397,93.91984504257873,4.0,1
208.61742693105742,seasonal,0.2913814328288993,0.7919122426127785,1.0832936754416778,12.0,0
208.9812564768587,critical,0.11897211940856778,1.0255029253980703,1.144475044806638,2.0,0
208.7942257736282,seasonal,0.1663707286809597,0.7919122426127785,0.9582829712937382,12.0,0
209.44776521971642,seasonal,0.25211314443228616,0.3513634158531591,0.6034765602854453,12.0,0
209.16223996669058,seasonal,0.43867324703907684,0.7919122426127785,1.2305854896518553,12.0,0
208.98598078759233,seasonal,0.2833098542835444,0.7177220910631077,1.001031945346652,12.0,0
209.0023816844092,seasonal,0.2777024611477259,1.0255029253980703,1.3032053865457962,12.0,0
209.95001919121816,critical,0.2379832984421455,0.6659438790168433,0.9039271774589888,2.0,0
116.75523978735517,emergency,93.74710173766196,0.6659438790168433,94.4130456166788,4.0,1
116.94187715451191,emergency,93.84485592015976,0.3190807107927397,94.16393663095249,4.0,1
116.79882691817967,emergency,93.84596804938816,0.7177220910631077,94.56369014045127,4.0,1
116.27633823990608,emergency,93.6343362094676,1.0255029253980703,94.65983913486568,4.0,1
209.50198396890832,seasonal,1.1256672060526398,0.3190807107927397,1.4447479168453796,12.0,0
209.7068831027196,seasonal,1.012933299675126,1.0255029253980703,2.0384362250731964,12.0,0
204.8301683867582,routine,6.288799553185811,0.6599100317467526,6.948709584932564,24.0,0
204.47149461595788,routine,6.473215935206468,1.0255029253980703,7.498718860604539,24.0,0
211.24335197915545,seasonal,0.1736658725194502,0.3190807107927397,0.4927465833121899,12.0,0
205.0769628785351,routine,6.156860744382129,0.4353805806418104,6.59224132502394,24.0,0
204.46851624763107,routine,6.360850184047109,0.7919122426127785,7.152762426659888,24.0,0
211.00184659277556,critical,0.4937414333577408,0.3190807107927397,0.8128221441504805,2.0,0
117.60714871503403,emergency,94.43057284388281,0.7177220910631077,95.14829493494592,4.0,1
117.28448751368228,emergency,94.5574369618339,0.7177220910631077,95.27515905289701,4.0,1
117.57305289564822,emergency,94.40266704851011,0.6396923088485589,95.04235935735866,4.0,1
117.81762746004155,emergency,94.47784776230732,0.6599100317467526,95.13775779405407,4.0,1
212.1480318262505,seasonal,0.171730369125072,0.3513634158531591,0.5230937849782311,12.0,0
117.94748420079851,emergency,95.04627040546448,0.4353805806418104,95.48165098610629,4.0,1
212.3708425071833,seasonal,0.26353450092179287,0.7919122426127785,1.0554467435345714,12.0,0
212.73812228075036,seasonal,0.034343290765690426,0.9736079806575129,1.0079512714232033,12.0,0
205.4693030138939,routine,7.374446309450548,0.3513634158531591,7.725809725303707,24.0,0
212.86579229432692,seasonal,0.09799725973343243,0.4353805806418104,0.5333778403752428,12.0,0
205.34515547466538,routine,7.442512511363617,0.7177220910631077,8.160234602426724,24.0,0
212.53558234776276,seasonal,0.22220904137728326,0.9736079806575129,1.1958170220347961,12.0,0
118.28656823797952,emergency,95.14483842046558,0.6659438790168433,95.81078229948241,4.0,1
118.3653306289027,emergency,95.16973953617078,0.6599100317467526,95.82964956791753,4.0,1
118.62518158297847,emergency,94.98548335817652,0.3513634158531591,95.33684677402968,4.0,1
118.55351525216706,emergency,95.02285619226082,0.3190807107927397,95.34193690305355,4.0,1
118.73445467180233,emergency,95.51447343364828,0.9736079806575129,96.4880814143058,4.0,1
213.88347493765113,seasonal,0.6518124447668754,0.6396923088485589,1.2915047536154343,12.0,0
213.2258524095077,seasonal,0.44562390881893066,0.9736079806575129,1.4192318894764435,12.0,0
213.55530781137372,seasonal,0.8151820065374693,0.668926378609784,1.4841083851472532,12.0,0
213.79812785428092,seasonal,0.7005417767144593,0.3190807107927397,1.019622487507199,12.0,0
205.55404241192295,routine,9.103612241362754,0.668926378609784,9.772538619972538,24.0,0
213.40036483935157,seasonal,0.8614697353374083,0.6599100317467526,1.521379767084161,12.0,0
118.75271874179496,emergency,96.0387666491386,0.6599100317467526,96.69867668088534,4.0,1
119.00400328264328,emergency,96.17429292228584,0.3190807107927397,96.49337363307858,4.0,1
118.96626556170294,emergency,96.07665907351618,0.6396923088485589,96.71635138236473,4.0,1
118.7935119009549,emergency,96.14060323876804,0.3190807107927397,96.45968394956077,4.0,1
214.16104307956522,seasonal,0.4779301720568583,0.6599100317467526,1.1378402038036108,12.0,0
205.68270389512708,routine,10.224791288970977,0.3190807107927397,10.543871999763716,24.0,0
205.75901733637633,routine,10.186345970636125,0.7177220910631077,10.904068061699233,24.0,0
120.5431011523206,emergency,95.79609706547355,0.4353805806418104,96.23147764611535,4.0,1
119.17829134860656,emergency,96.70570125805372,0.4353805806418104,97.14108183869553,4.0,1
120.75472500614049,emergency,95.694095462946,0.3513634158531591,96.04545887879915,4.0,1
207.45442134088682,routine,8.746500649830523,0.4353805806418104,9.181881230472333,24.0,0
205.83748601143424,routine,10.117873626381396,0.9736079806575129,11.091481607038908,24.0,0
206.37324941389556,routine,9.657739920117848,0.668926378609784,10.326666298727632,24.0,0
205.57597221396392,routine,10.315581524906804,0.668926378609784,10.984507903516588,24.0,0
119.33012506172608,emergency,96.92050448898652,0.7177220910631077,97.63822658004963,4.0,1
207.76138592239175,routine,8.921876652057477,1.0255029253980703,9.947379577455548,24.0,0
120.659674406382,emergency,95.76424782202169,0.9736079806575129,96.7378558026792,4.0,1
216.8261377248262,seasonal,0.03306125736369836,0.3190807107927397,0.35214196815643806,12.0,0
217.43525519891253,critical,0.04492280466186571,0.6599100317467526,0.7048328364086183,2.0,0
207.99675000715362,routine,9.39167299970444,0.9736079806575129,10.365280980361952,24.0,0
121.38633716721245,emergency,96.41076324646878,0.3190807107927397,96.72984395726151,4.0,1
208.90425122347386,routine,8.932260576070718,0.6396923088485589,9.571952884919277,24.0,0
122.70210770790003,emergency,95.26092476905556,0.3190807107927397,95.5800054798483,4.0,1
128.05390118818755,emergency,90.4277937986459,0.3513634158531591,90.77915721449905,4.0,1
120.92569387986742,emergency,96.68613177799375,0.6396923088485589,97.3258240868423,4.0,1
208.42935306980576,routine,9.398546515435044,1.0255029253980703,10.424049440833114,24.0,0
209.01127575937647,routine,9.475190961711945,0.6659438790168433,10.141134840728789,24.0,0
208.91698502163786,routine,9.490803519603077,0.7177220910631077,10.208525610666184,24.0,0
208.28652970776912,routine,9.532533675764597,0.9736079806575129,10.506141656422109,24.0,0
208.84904266454055,routine,8.985804547352899,0.9736079806575129,9.95941252801041,24.0,0
128.23193706689753,emergency,90.56819636022888,0.668926378609784,91.23712273883866,4.0,1
128.54914490321153,emergency,90.60182392445662,0.3513634158531591,90.95318734030978,4.0,1
209.0867528594058,routine,9.90664704463552,0.6599100317467526,10.566557076382272,24.0,0
209.11663326096007,routine,10.272979975430843,0.9736079806575129,11.246587956088355,24.0,0
209.2584953066283,routine,10.361870047073126,0.6659438790168433,11.02781392608997,24.0,0
129.09392673358278,emergency,90.47574280662886,0.4353805806418104,90.91112338727066,4.0,1
128.9386094982406,emergency,90.52625351512901,0.6599100317467526,91.18616354687576,4.0,1
128.69697688715118,emergency,90.7467745093575,0.6659438790168433,91.41271838837433,4.0,1
209.74886525257443,routine,10.330508878078149,0.3190807107927397,10.649589588870889,24.0,0
129.1577707894395,emergency,91.36421195310328,0.3513634158531591,91.71557536895644,4.0,1
209.68539704316063,routine,10.316747645317719,1.0255029253980703,11.34225057071579,24.0,0
209.47493621058942,routine,10.462553996269435,0.6659438790168433,11.128497875286278,24.0,0
209.7581582924098,routine,10.769511875958358,0.3190807107927397,11.088592586751098,24.0,0
209.75392363740482,routine,10.380881030622334,0.7919122426127785,11.172793273235111,24.0,0
129.1274951404996,emergency,91.2541324715472,0.6599100317467526,91.91404250329394,4.0,1
210.24631737813223,routine,11.238079386504523,0.4353805806418104,11.673459967146334,24.0,0
129.24050248734093,emergency,91.97296205142305,0.7177220910631077,92.69068414248616,4.0,1
210.2449865647572,routine,10.911478416198861,0.668926378609784,11.580404794808645,24.0,0
210.42330958791698,routine,11.248647990856227,0.668926378609784,11.917574369466012,24.0,0
129.47348518397172,emergency,91.88537948376441,0.7919122426127785,92.67729172637719,4.0,1
129.57396526629577,emergency,92.03116706715488,0.6659438790168433,92.69711094617172,4.0,1
129.4003107009363,emergency,91.82608618058654,0.7177220910631077,92.54380827164965,4.0,1
210.46344643306617,routine,11.488461519960651,0.3513634158531591,11.83982493581381,24.0,0
211.01371286452277,routine,10.980964490971445,0.3513634158531591,11.332327906824604,24.0,0
220.56390772951292,seasonal,0.5550782292578447,1.0255029253980703,1.580581154655915,12.0,0
222.7142708662131,critical,0.14772266172968784,0.4353805806418104,0.5831032423714982,2.0,0
211.29095887945056,routine,10.845946980460042,0.6396923088485589,11.485639289308601,24.0,0
129.715308327319,emergency,92.7181228582121,0.4353805806418104,93.1535034388539,4.0,1
211.71325523970222,routine,11.227456867372723,0.668926378609784,11.896383245982507,24.0,0
211.56359396726177,routine,11.124870268523068,0.7177220910631077,11.842592359586176,24.0,0
129.80938913007878,emergency,93.26650095196484,0.7919122426127785,94.05841319457762,4.0,1
211.9500127704859,routine,11.5296485990022,0.3190807107927397,11.84872930979494,24.0,0
211.71922110871878,routine,11.25393632071004,0.6599100317467526,11.913846352456792,24.0,0
130.05353720183558,emergency,93.13324208096054,0.3190807107927397,93.45232279175328,4.0,1
130.17558573669922,emergency,93.11862007523686,0.7177220910631077,93.83634216629997,4.0,1
222.9760507770567,seasonal,0.34946849627382903,0.668926378609784,1.018394874883613,12.0,0
223.69988341524586,critical,0.3072451802842977,0.3513634158531591,0.6586085961374568,2.0,0
212.23834589309106,routine,11.265681960137442,0.9736079806575129,12.239289940794954,24.0,0
224.3504872735826,critical,0.29709189693792837,0.3513634158531591,0.6484553127910875,2.0,0
130.4408191592967,emergency,93.60918880731126,0.6396923088485589,94.24888111615981,4.0,1
130.5562056548284,emergency,94.2487947317043,0.668926378609784,94.91772111031408,4.0,1
224.55546347644528,seasonal,0.16133202852191175,0.6599100317467526,0.8212420602686643,12.0,0
224.0700879550703,seasonal,0.5494011666184804,0.9736079806575129,1.5230091472759932,12.0,0
223.91150073977897,seasonal,0.5352670814897067,0.6659438790168433,1.20121096050655,12.0,0
224.17522699320023,seasonal,0.5307941591076712,0.3513634158531591,0.8821575749608304,12.0,0
223.82741894060197,seasonal,0.19180844798333396,0.9736079806575129,1.1654164286408468,12.0,0
225.16399485831013,seasonal,0.06920176678991652,0.3513634158531591,0.42056518264307563,12.0,0
224.48663671781156,critical,0.3167202309063839,0.6599100317467526,0.9766302626531365,2.0,0
212.39750236662297,routine,12.590618569255923,0.4353805806418104,13.025999149897734,24.0,0
130.99934639341845,emergency,94.11536044048631,0.7177220910631077,94.83308253154942,4.0,1
225.8378405950351,seasonal,0.4422271374037905,0.4353805806418104,0.8776077180456009,12.0,0
131.2301451057182,emergency,94.45889350265858,0.7919122426127785,95.25080574527136,4.0,1
131.44998691015002,emergency,94.46135177745762,0.7919122426127785,95.2532640200704,4.0,1
225.40455736457048,seasonal,0.8481203499826222,0.3190807107927397,1.167201060775362,12.0,0
131.56742478982187,emergency,94.5384608138402,0.6599100317467526,95.19837084558695,4.0,1
212.792634064719,routine,13.563555903590697,0.668926378609784,14.23248228220048,24.0,0
213.36312542775323,routine,13.197753035363604,0.4353805806418104,13.633133616005415,24.0,0
226.5760171084227,seasonal,0.22277244414567576,0.6599100317467526,0.8826824758924283,12.0,0
212.56707487653665,routine,13.717571952500919,0.6396923088485589,14.357264261349478,24.0,0
212.75568801706783,routine,13.581332940087151,0.6659438790168433,14.247276819103995,24.0,0
131.57488869170666,emergency,95.0240845901954,0.7177220910631077,95.74180668125851,4.0,1
226.9048702329923,critical,0.3169018161095778,0.6599100317467526,0.9768118478563304,2.0,0
132.24997484906635,emergency,95.20690550960458,0.6659438790168433,95.87284938862142,4.0,1
132.71400899173653,emergency,95.060890820487,0.6396923088485589,95.70058312933556,4.0,1
226.93005592232757,seasonal,0.3966032068620393,0.7919122426127785,1.1885154494748178,12.0,0
227.21071722494491,seasonal,0.8303941452652737,0.6659438790168433,1.496338024282117,12.0,0
227.32820054757195,seasonal,0.8241729347578257,0.3190807107927397,1.1432536455505655,12.0,0
227.87498569797657,seasonal,0.441371558755435,0.7919122426127785,1.2332838013682135,12.0,0
227.1441650712015,seasonal,0.6603428132897307,0.668926378609784,1.3292691918995145,12.0,0
227.79104851081416,critical,0.12049415798330187,0.6599100317467526,0.7804041897300544,2.0,0
227.93093039197134,seasonal,0.4264596539294985,0.668926378609784,1.0953860325392824,12.0,0
228.7328623382816,critical,0.02092978594103556,0.3513634158531591,0.3722932017941947,2.0,0
227.73901084828736,seasonal,0.46560234351983354,0.6599100317467526,1.125512375266586,12.0,0
132.8475360241216,emergency,95.69781219907799,0.7177220910631077,96.4155342901411,4.0,1
133.0894482052429,emergency,96.07582614325187,0.4353805806418104,96.51120672389368,4.0,1
228.73323712792447,critical,0.1426003710130317,1.0255029253980703,1.168103296411102,2.0,0
228.71475464001045,seasonal,0.6842889811137809,0.3190807107927397,1.0033696919065207,12.0,0
228.40489277944417,seasonal,0.9411942286308204,0.4353805806418104,1.3765748092726309,12.0,0
213.57788330901025,routine,16.1427556523781,0.3190807107927397,16.46183636317084,24.0,0
213.38884102151775,routine,16.2736415461749,0.7177220910631077,16.99136363723801,24.0,0
214.49447887207288,routine,15.432731017364347,0.668926378609784,16.10165739597413,24.0,0
229.53944580094313,critical,0.27809142963602085,0.6659438790168433,0.9440353086528641,2.0,0
133.18685296406196,emergency,96.83298799032065,0.6396923088485589,97.4726802991692,4.0,1
218.28910300876387,routine,11.895670227694978,0.7177220910631077,12.613392318758086,24.0,0
229.73706945257004,seasonal,0.029631636363916414,0.6599100317467526,0.689541668110669,12.0,0
133.25015473354372,emergency,97.24243028768393,0.4353805806418104,97.67781086832574,4.0,1
133.2693038916554,emergency,97.48013476513592,0.6599100317467526,98.14004479688266,4.0,1
133.5214838450136,emergency,97.272688977825,0.668926378609784,97.94161535643478,4.0,1
230.72385403568668,seasonal,0.2414055927681602,0.6396923088485589,0.8810979016167191,12.0,0
230.50553745720265,seasonal,0.4030585647457485,0.9736079806575129,1.3766665454032614,12.0,0
231.76952270244618,seasonal,0.03222164925881543,0.3190807107927397,0.35130236005155513,12.0,0
218.96542636975886,routine,12.287850072956417,0.3190807107927397,12.606930783749156,24.0,0
230.42409646605495,seasonal,0.433134295434229,0.668926378609784,1.1020606740440129,12.0,0
219.3982729887699,routine,11.999407712175326,1.0255029253980703,13.024910637573397,24.0,0
231.57552405490148,seasonal,0.1503689333533771,0.9736079806575129,1.12397691401089,12.0,0
231.48304778176345,critical,0.21880803558599382,1.0255029253980703,1.2443109609840641,2.0,0
230.9452070765736,critical,0.5938194712544487,0.7177220910631077,1.3115415623175564,2.0,0
231.68201495009592,critical,0.2161029975605402,0.9736079806575129,1.189710978218053,2.0,0
133.63381426842616,emergency,98.4693030330009,0.6659438790168433,99.13524691201773,4.0,1
133.77149579769556,emergency,98.52477229565116,0.7177220910631077,99.24249438671427,4.0,1
223.74347306488136,routine,9.07714619584695,0.4353805806418104,9.51252677648876,24.0,0
232.54139392211735,seasonal,0.04230934527822683,0.4353805806418104,0.47768992592003723,12.0,0
232.0739613863853,seasonal,0.31482980447671594,0.6599100317467526,0.9747398362234685,12.0,0
222.1710829348001,routine,10.612135613980001,0.7177220910631077,11.329857705043109,24.0,0
222.23250534977632,routine,10.558775260264582,0.3513634158531591,10.910138676117741,24.0,0
134.0495832613482,emergency,99.48407380344284,0.3190807107927397,99.80315451423557,4.0,1
134.84356068867106,emergency,99.04032714850237,0.3190807107927397,99.3594078592951,4.0,1
224.25707831126704,routine,9.191831487013786,1.0255029253980703,10.217334412411857,24.0,0
232.8209348181954,seasonal,0.6196949815529251,0.7177220910631077,1.3374170726160328,12.0,0
224.64723805608682,routine,9.472005918591407,0.4353805806418104,9.907386499233217,24.0,0
224.25872951378423,routine,9.782960808588143,0.3513634158531591,10.134324224441302,24.0,0
133.9536632761609,emergency,99.56192020479821,0.6396923088485589,100.20161251364677,4.0,1
134.363100286559,emergency,99.47023077501964,0.7919122426127785,100.26214301763243,4.0,1
225.01258042697265,routine,9.484408345088042,0.4353805806418104,9.919788925729852,24.0,0
224.6652109973287,routine,9.748320016044374,0.3513634158531591,10.099683431897533,24.0,0
234.27514045359192,seasonal,0.05917978127513379,0.6599100317467526,0.7190898130218863,12.0,0
134.58053145114664,emergency,99.26703472553709,0.9736079806575129,100.2406427061946,4.0,1
225.02663579987578,routine,10.280206021902984,0.3513634158531591,10.631569437756143,24.0,0
234.15939243041726,critical,0.5664648910216954,1.0255029253980703,1.5919678164197657,2.0,0
225.21777208281856,routine,10.257623392935926,0.3513634158531591,10.608986808789085,24.0,0
225.1302993733947,routine,10.198928158053718,0.4353805806418104,10.634308738695529,24.0,0
234.85637521614785,critical,0.6448877062579186,0.3513634158531591,0.9962511221110777,2.0,0
225.9986093250535,routine,9.908596392131074,0.4353805806418104,10.343976972772884,24.0,0
234.2353419574502,critical,0.8181401746496135,0.9736079806575129,1.7917481553071264,2.0,0
135.1794423054946,emergency,100.74422203246837,0.4353805806418104,101.17960261311018,4.0,1
234.64813902810974,seasonal,0.5576919933250792,0.668926378609784,1.2266183719348631,12.0,0
225.5504866047636,routine,10.298353581323994,0.6396923088485589,10.938045890172553,24.0,0
235.4453651300864,critical,0.18877290114107836,0.3513634158531591,0.5401363169942375,2.0,0
235.85288685407062,seasonal,0.046308483871285944,0.7919122426127785,0.8382207264840644,12.0,0
135.20419106258223,emergency,101.32498552960868,0.668926378609784,101.99391190821846,4.0,1
135.84672232905692,emergency,101.18903509015433,0.3190807107927397,101.50811580094707,4.0,1
236.154789192185,seasonal,0.3237294710162075,0.6659438790168433,0.9896733500330508,12.0,0
226.31987523026262,routine,10.220302257761972,0.6599100317467526,10.880212289508725,24.0,0
227.24158799139323,routine,9.323120869426702,0.9736079806575129,10.296728850084214,24.0,0
135.58143106573854,emergency,101.44924404053745,0.4353805806418104,101.88462462117926,4.0,1
135.8476349235822,emergency,101.40378421874178,0.3513634158531591,101.75514763459493,4.0,1
227.27682146853329,routine,9.739579661731227,0.6659438790168433,10.40552354074807,24.0,0
135.40564415307503,emergency,101.29227765392037,0.9736079806575129,102.26588563457788,4.0,1
237.48130089261002,seasonal,0.07669879675447078,0.6659438790168433,0.742642675771314,12.0,0
227.38294053333777,routine,9.710219459128012,0.6599100317467526,10.370129490874765,24.0,0
227.42712549677256,routine,9.797661552644911,0.6599100317467526,10.457571584391664,24.0,0
135.86090870068202,emergency,102.27580537344411,0.668926378609784,102.9447317520539,4.0,1
237.8922891975055,seasonal,0.5643062171930637,0.4353805806418104,0.9996867978348741,12.0,0
237.6949611433733,seasonal,0.6842625954443236,0.7919122426127785,1.476174838057102,12.0,0
238.5551171643055,critical,0.11496140005476718,0.668926378609784,0.7838877786645512,2.0,0
227.6691622669546,routine,10.795894708459002,0.3513634158531591,11.147258124312161,24.0,0
228.69487656883305,routine,10.220448912951298,0.4353805806418104,10.655829493593108,24.0,0
136.11705954255555,emergency,102.02686845284506,0.7177220910631077,102.74459054390817,4.0,1
238.70295848463937,seasonal,0.20700318905079484,0.3190807107927397,0.5260838998435345,12.0,0
136.26023769584233,emergency,102.28874702751762,0.6659438790168433,102.95469090653445,4.0,1
238.51637302121748,seasonal,0.22391227893376708,0.7919122426127785,1.0158245215465456,12.0,0
229.35306532728487,routine,9.640951878438102,0.668926378609784,10.309878257047886,24.0,0
239.5734607079964,seasonal,0.35951302474640556,0.3190807107927397,0.6785937355391453,12.0,0
136.36331718033014,emergency,102.48387017337649,1.0255029253980703,103.50937309877456,4.0,1
239.07418590697756,critical,0.46892841392403284,0.6599100317467526,1.1288384456707854,2.0,0
136.54776660853196,emergency,103.75484775866803,0.3190807107927397,104.07392846946077,4.0,1
229.58911342958294,routine,10.516030191677373,0.668926378609784,11.184956570287158,24.0,0
239.44060905503852,seasonal,0.1901746683904264,0.7177220910631077,0.9078967594535341,12.0,0
239.91667290873923,critical,0.09204165730054115,0.6599100317467526,0.7519516890472937,2.0,0
229.67715369484975,routine,10.452678937975065,0.9736079806575129,11.426286918632577,24.0,0
136.4163413634273,emergency,103.82457753181691,0.6396923088485589,104.46426984066547,4.0,1
230.09755750338272,routine,10.261423082231715,0.6599100317467526,10.921333113978468,24.0,0
229.88513689661292,routine,10.36727518131599,0.668926378609784,11.036201559925773,24.0,0
136.74740182466343,emergency,104.66003783753425,0.668926378609784,105.32896421614403,4.0,1
136.5532247986451,emergency,104.65356590701631,0.7919122426127785,105.4454781496291,4.0,1
230.53644286435187,routine,10.157760340104232,1.0255029253980703,11.183263265502303,24.0,0
230.73174493845252,routine,10.781696844392485,0.7919122426127785,11.573609087005263,24.0,0
136.80130998619674,emergency,105.0274558436673,0.668926378609784,105.69638222227708,4.0,1
240.69925117440096,seasonal,0.3408112189917176,1.0255029253980703,1.366314144389788,12.0,0
136.69539991495463,emergency,104.55681291485311,1.0255029253980703,105.58231584025118,4.0,1
231.3427997528023,routine,10.942451673799098,0.668926378609784,11.611378052408883,24.0,0
230.76027529988747,routine,10.856160236267783,0.6659438790168433,11.522104115284627,24.0,0
241.9108259768048,seasonal,0.13547224365674992,0.7177220910631077,0.8531943347198576,12.0,0
241.45369859827736,critical,0.26116985103050183,0.6599100317467526,0.9210798827772544,2.0,0
241.78478623535258,seasonal,0.02964964890287547,0.9736079806575129,1.0032576295603883,12.0,0
136.93904181995308,emergency,105.7557454925437,0.6396923088485589,106.39543780139225,4.0,1
231.46291671086567,routine,11.537487386582654,0.6396923088485589,12.177179695431214,24.0,0
137.15707961836142,emergency,106.10471560268496,0.3190807107927397,106.4237963134777,4.0,1
136.97403786592074,emergency,105.95149277362489,1.0255029253980703,106.97699569902296,4.0,1
232.2604169172794,routine,11.153287582236516,0.7919122426127785,11.945199824849293,24.0,0
233.01838062692642,routine,10.639251281221078,0.4353805806418104,11.074631861862889,24.0,0
231.9608755105247,routine,11.290999212854672,0.7177220910631077,12.00872130391778,24.0,0
137.23947629729295,emergency,106.4656164671886,0.6396923088485589,107.10530877603715,4.0,1
137.21874086679892,emergency,106.3394439937403,0.3513634158531591,106.69080740959346,4.0,1
233.17894920617408,routine,10.517481242958013,0.7919122426127785,11.30939348557079,24.0,0
137.35347426911042,emergency,106.93032558384894,0.3190807107927397,107.24940629464167,4.0,1
232.74466550331286,routine,10.838151884861787,0.9736079806575129,11.8117598655193,24.0,0
233.23515173822284,routine,10.844119662730236,0.7177220910631077,11.561841753793344,24.0,0
233.49636956179302,routine,10.81705941265426,1.0255029253980703,11.84256233805233,24.0,0
137.57155892646233,emergency,107.85063505167727,0.3190807107927397,108.16971576247,4.0,1
233.75934025770422,routine,11.157349901443297,0.6396923088485589,11.797042210291856,24.0,0
137.35376244283876,emergency,107.18086506856253,0.6396923088485589,107.82055737741108,4.0,1
137.518480489922,emergency,107.66061958635737,0.3513634158531591,108.01198300221053,4.0,1
233.64493297805672,routine,11.264273777576705,0.9736079806575129,12.237881758234217,24.0,0
137.4299816361233,emergency,107.6495087589245,0.6599100317467526,108.30941879067124,4.0,1
233.91669052982192,routine,11.04688322563672,1.0255029253980703,12.07238615103479,24.0,0
234.48056684872256,routine,10.84310694435456,0.3190807107927397,11.1621876551473,24.0,0
137.41633151908138,emergency,107.40853303380501,0.9736079806575129,108.38214101446253,4.0,1
234.890228553298,routine,10.57094816836701,0.7177220910631077,11.288670259430118,24.0,0
246.31885557714787,seasonal,0.09983142448837157,0.3190807107927397,0.41891213528111126,12.0,0
245.78530389447178,seasonal,0.11884881246803047,1.0255029253980703,1.1443517378661008,12.0,0
137.77381576245048,emergency,108.58385422407449,0.6659438790168433,109.24979810309132,4.0,1
236.54789230287423,routine,10.315864917286945,0.3190807107927397,10.634945628079684,24.0,0
138.11942590926225,emergency,108.82824036378688,0.3513634158531591,109.17960377964003,4.0,1
246.55938664089243,critical,0.1415325859704808,0.7177220910631077,0.8592546770335885,2.0,0
137.8224623489266,emergency,108.670619554561,0.7177220910631077,109.38834164562411,4.0,1
137.91154366868943,emergency,108.94423856243773,0.6599100317467526,109.60414859418448,4.0,1
235.13670680934638,routine,10.95787933936947,1.0255029253980703,11.98338226476754,24.0,0
238.08121439577948,routine,8.841637911913637,0.3190807107927397,9.160718622706376,24.0,0
246.3438843977011,seasonal,0.4110791945436745,1.0255029253980703,1.4365821199417448,12.0,0
246.92672261672692,seasonal,0.5543762491889481,0.9736079806575129,1.527984229846461,12.0,0
239.48706962656414,routine,8.366334108187289,0.668926378609784,9.035260486797073,24.0,0
138.60645446476354,emergency,109.66580758207158,0.3190807107927397,109.98488829286431,4.0,1
238.18254648452503,routine,9.570800149593765,0.9736079806575129,10.544408130251277,24.0,0
138.37604861873137,emergency,109.70584521813188,0.6659438790168433,110.37178909714872,4.0,1
138.41774636691574,emergency,109.69582117099597,0.4353805806418104,110.13120175163778,4.0,1
247.0074136636062,critical,0.8314975156650917,0.6659438790168433,1.497441394681935,2.0,0
247.0526149877379,seasonal,0.5761205336326896,0.7177220910631077,1.2938426246957972,12.0,0
248.17443688433085,seasonal,0.2051150504684358,0.6659438790168433,0.8710589294852791,12.0,0
138.49325168794564,emergency,109.73128814095983,1.0255029253980703,110.7567910663579,4.0,1
241.45385321482578,routine,6.970353137006185,0.668926378609784,7.63927951561597,24.0,0
248.9183260132168,seasonal,0.1413868777592313,0.4353805806418104,0.5767674584010417,12.0,0
249.11075831145007,seasonal,0.2940986158323824,0.7177220910631077,1.01182070689549,12.0,0
248.52277851660614,seasonal,0.48777423055580016,0.9736079806575129,1.461382211213313,12.0,0
248.9590172795512,seasonal,0.16869405600849063,0.6396923088485589,0.8083863648570495,12.0,0
249.57115386155036,critical,0.045033227210382165,0.3190807107927397,0.36411393800312186,2.0,0
138.6140728067795,emergency,110.8529883803437,0.3513634158531591,111.20435179619686,4.0,1
249.7369657784022,critical,0.26189303232624184,0.3190807107927397,0.5809737431189815,2.0,0
249.09660570082428,critical,0.22804009421162164,0.7177220910631077,0.9457621852747293,2.0,0
249.16485687341842,seasonal,0.48432691976000797,0.6599100317467526,1.1442369515067605,12.0,0
138.73847035944186,emergency,110.75919277403733,0.7177220910631077,111.47691486510044,4.0,1
249.69473092911255,seasonal,0.3312682856038691,0.4353805806418104,0.7666488662456795,12.0,0
249.35628143620897,seasonal,0.5167047541459056,0.6599100317467526,1.176614785892658,12.0,0
250.62499737120092,critical,0.4908753190640027,0.7177220910631077,1.2085974101271104,2.0,0
250.58377881127356,critical,0.5164223424615102,0.3190807107927397,0.8355030532542499,2.0,0
242.18962307976557,routine,8.82396388740824,0.668926378609784,9.492890266018025,24.0,0
250.11508543875155,seasonal,0.6546811724410873,0.7919122426127785,1.4465934150538657,12.0,0
249.8687746747999,seasonal,0.877172592661509,0.9736079806575129,1.850780573319022,12.0,0
250.85428831754476,critical,0.27192373707623574,0.6659438790168433,0.937867616093079,2.0,0
246.41196972903742,routine,4.929480231001776,0.7919122426127785,5.7213924736145545,24.0,0
139.1073028989263,emergency,112.16616956520701,0.3513634158531591,112.51753298106017,4.0,1
245.98394975502617,routine,5.257438470009191,0.7177220910631077,5.975160561072299,24.0,0
250.6620137937633,seasonal,0.26060480125536856,0.9736079806575129,1.2342127819128814,12.0,0
246.48754498325937,routine,5.258899252241264,0.6599100317467526,5.918809283988017,24.0,0
138.8535724947559,emergency,112.29032496159405,1.0255029253980703,113.31582788699212,4.0,1
251.7726453207112,seasonal,0.9409999449463555,0.6659438790168433,1.6069438239631988,12.0,0
139.21009080376825,emergency,113.38294654395952,0.668926378609784,114.0518729225693,4.0,1
251.5045423474997,critical,1.0779711874325812,0.668926378609784,1.7468975660423651,2.0,0
139.87480860817138,emergency,112.9598564434909,0.6599100317467526,113.61976647523765,4.0,1
246.9883718149468,routine,6.261615823641847,0.3513634158531591,6.612979239495006,24.0,0
252.95970445861727,seasonal,0.004083842010544458,0.6599100317467526,0.663993873757297,12.0,0
246.56538340747358,routine,6.580037149777667,0.3513634158531591,6.931400565630826,24.0,0
141.86544918438975,emergency,111.1284604036266,0.6659438790168433,111.79440428264344,4.0,1
251.86016855284643,seasonal,0.8950313741428317,0.6659438790168433,1.560975253159675,12.0,0
252.06846625584976,seasonal,0.7007220340547349,0.6599100317467526,1.3606320658014874,12.0,0
246.57653477748164,routine,6.6474050231706485,0.9736079806575129,7.621013003828161,24.0,0
142.5971138793321,emergency,110.76516244903269,0.6599100317467526,111.42507248077943,4.0,1
253.37600648369556,seasonal,0.619230910193977,0.4353805806418104,1.0546114908357875,12.0,0
253.52127399813736,seasonal,0.8048315674320463,0.6396923088485589,1.4445238762806052,12.0,0
254.3363046837393,seasonal,0.3150234785089481,0.3513634158531591,0.6663868943621072,12.0,0
143.05349419483554,emergency,111.02370483524544,0.7919122426127785,111.81561707785822,4.0,1
143.69088919373914,emergency,110.5531312579935,0.4353805806418104,110.9885118386353,4.0,1
247.8166349730925,routine,7.001229403867768,0.4353805806418104,7.4366099845095786,24.0,0
143.22355119861126,emergency,110.99831067133354,0.6659438790168433,111.66425455035038,4.0,1
144.93942290739926,emergency,109.74354500126023,0.3513634158531591,110.09490841711339,4.0,1
247.6238358819133,routine,7.167724368909802,0.9736079806575129,8.141332349567314,24.0,0
254.14714232538893,seasonal,0.4286693675687161,0.6396923088485589,1.068361676417275,12.0,0
247.28743223287378,routine,7.426058111758863,0.7177220910631077,8.14378020282197,24.0,0
254.80443170820294,critical,0.3987426024952754,0.6396923088485589,1.0384349113438343,2.0,0
247.87260525126734,routine,7.422900504684293,0.6599100317467526,8.082810536431046,24.0,0
248.14587224255664,routine,7.591315387410333,0.7177220910631077,8.30903747847344,24.0,0
148.40923798028624,emergency,107.38403218594286,0.4353805806418104,107.81941276658466,4.0,1
248.22531923640614,routine,7.5281247083171365,0.6599100317467526,8.18803474006389,24.0,0
150.45142301728671,emergency,105.78587881855654,0.6396923088485589,106.42557112740509,4.0,1
248.71711981251164,routine,7.876052367963524,0.3190807107927397,8.195133078756264,24.0,0
150.5889365084438,emergency,105.84116648860083,0.9736079806575129,106.81477446925835,4.0,1
248.3938921325417,routine,7.718534100070059,0.9736079806575129,8.69214208072757,24.0,0
150.27352441946925,emergency,105.69221808040331,1.0255029253980703,106.71772100580138,4.0,1
248.91119157564634,routine,8.061653737928623,0.9736079806575129,9.035261718586135,24.0,0
248.58176162894438,routine,7.875993440539105,1.0255029253980703,8.901496365937176,24.0,0
256.6469473409108,seasonal,0.044919048832412045,1.0255029253980703,1.0704219742304824,12.0,0
257.00422187544774,seasonal,0.3912341111578712,0.7177220910631077,1.108956202220979,12.0,0
256.7113244488505,critical,0.01743358548554852,1.0255029253980703,1.0429365108836188,2.0,0
257.4960584458355,critical,0.27818939626581596,0.4353805806418104,0.7135699769076264,2.0,0
150.8650067954282,emergency,106.59865237180264,0.4353805806418104,107.03403295244445,4.0,1
257.3788970436026,seasonal,0.12798378728160742,0.4353805806418104,0.5633643679234178,12.0,0
151.16922593558772,emergency,107.03077784747452,0.3513634158531591,107.38214126332768,4.0,1
249.0143950149252,routine,9.095377965530105,0.7919122426127785,9.887290208142883,24.0,0
151.38975045078953,emergency,106.92442591510334,0.3190807107927397,107.24350662589607,4.0,1
249.9039604722118,routine,8.69816739595376,0.6659438790168433,9.364111274970604,24.0,0
151.5486058286274,emergency,107.35315532701873,0.3513634158531591,107.70451874287188,4.0,1
249.96555667489986,routine,8.748763436849401,0.4353805806418104,9.184144017491212,24.0,0
249.1521414992465,routine,9.086181240262533,0.668926378609784,9.755107618872318,24.0,0
250.13792779117082,routine,8.667386396238527,0.3190807107927397,8.986467107031267,24.0,0
258.6803912949957,critical,0.1351090051367123,0.668926378609784,0.8040353837464963,2.0,0
250.0518314532151,routine,8.674642645418572,0.3513634158531591,9.026006061271731,24.0,0
152.13706761363687,emergency,106.87399043287809,0.7919122426127785,107.66590267549087,4.0,1
250.58224291397755,routine,9.020478644321486,0.3190807107927397,9.339559355114226,24.0,0
152.7876273888178,emergency,106.66296832365501,0.6599100317467526,107.32287835540176,4.0,1
250.38728422027717,routine,8.84836190231644,0.3513634158531591,9.1997253181696,24.0,0
250.7344569319476,routine,9.59671498423927,0.4353805806418104,10.03209556488108,24.0,0
250.61307438381624,routine,9.363530676514813,0.4353805806418104,9.798911257156623,24.0,0
152.96433208113027,emergency,106.99643862109704,0.6659438790168433,107.66238250011388,4.0,1
250.7030566174618,routine,9.547480571295523,0.4353805806418104,9.982861151937334,24.0,0
250.62671651374822,routine,9.58891831085404,0.7919122426127785,10.380830553466819,24.0,0
154.68151661920874,emergency,105.574181437556,0.4353805806418104,106.00956201819781,4.0,1
154.26964746761817,emergency,105.81863793363246,0.6659438790168433,106.4845818126493,4.0,1
260.17214992266554,seasonal,0.0345258241215447,0.668926378609784,0.7034522027313287,12.0,0
154.75990661088213,emergency,105.69726820390997,0.4353805806418104,106.13264878455178,4.0,1
250.76709159323366,routine,9.92676549233255,0.7919122426127785,10.718677734945327,24.0,0
154.92276768455136,emergency,105.79658300743606,0.4353805806418104,106.23196358807786,4.0,1
261.18845131575284,seasonal,0.2587492202546855,0.3190807107927397,0.5778299310474252,12.0,0
251.23619548097727,routine,9.646038343677986,0.9736079806575129,10.619646324335498,24.0,0
260.85831611766486,critical,0.6296341971177526,0.6599100317467526,1.2895442288645051,2.0,0
261.4544135654107,critical,0.446352083923216,0.7177220910631077,1.1640741749863237,2.0,0
251.60987880214395,routine,10.332490422732121,0.4353805806418104,10.767871003373932,24.0,0
251.52099119190615,routine,10.109969124120994,0.668926378609784,10.778895502730778,24.0,0
261.40142075855414,seasonal,0.06215275406202636,0.6659438790168433,0.7280966330788696,12.0,0
251.31145505784906,routine,10.304014932142366,0.6659438790168433,10.96995881115921,24.0,0
155.18082493137183,emergency,106.74482128386188,1.0255029253980703,107.77032420925995,4.0,1
252.36995334946567,routine,9.77610627741575,0.6599100317467526,10.436016309162502,24.0,0
155.37078790726636,emergency,106.6152669721337,0.6599100317467526,107.27517700388044,4.0,1
252.52947754694478,routine,9.940793784542251,0.4353805806418104,10.376174365184061,24.0,0
155.37938481750047,emergency,107.0149237892104,0.4353805806418104,107.4503043698522,4.0,1
262.8774578077145,seasonal,0.20986535050928978,0.3190807107927397,0.5289460613020295,12.0,0
252.75943321186142,routine,10.534934910557496,0.7177220910631077,11.252657001620603,24.0,0
155.5842368417733,emergency,107.640312877094,0.3513634158531591,107.99167629294716,4.0,1
155.5152569974557,emergency,107.67862607116803,0.4353805806418104,108.11400665180983,4.0,1
253.37652139336,routine,10.115327566657527,0.6396923088485589,10.755019875506086,24.0,0
252.68302762370695,routine,10.609187622858144,0.7177220910631077,11.326909713921252,24.0,0
254.36257090898496,routine,9.9823842661186,0.3513634158531591,10.33374768197176,24.0,0
253.59525317855534,routine,10.037917592838056,0.6396923088485589,10.677609901686616,24.0,0
155.69922187891905,emergency,108.19345645551374,0.7919122426127785,108.98536869812652,4.0,1
253.65527565856215,routine,10.323086712450646,0.4353805806418104,10.758467293092457,24.0,0
157.31823408474156,emergency,107.39321276105233,0.3513634158531591,107.74457617690548,4.0,1
156.5422777233684,emergency,107.68023266308091,0.6659438790168433,108.34617654209775,4.0,1
156.08967736280198,emergency,107.94862858344908,0.6599100317467526,108.60853861519583,4.0,1
253.7281149923887,routine,10.492154442974169,0.9736079806575129,11.46576242363168,24.0,0
254.46320716295338,routine,10.151033515699964,0.7919122426127785,10.942945758312742,24.0,0
157.50875228992638,emergency,107.45261857534686,0.4353805806418104,107.88799915598867,4.0,1
264.8330305906986,seasonal,0.37522730665045856,0.668926378609784,1.0441536852602424,12.0,0
254.46412915015375,routine,10.824163284414311,0.6599100317467526,11.484073316161064,24.0,0
254.52477030251626,routine,10.807120777137726,0.6396923088485589,11.446813085986285,24.0,0
255.26846185585663,routine,10.258401419214294,0.3513634158531591,10.609764835067454,24.0,0
157.9939751457164,emergency,107.78721269153684,0.6599100317467526,108.44712272328358,4.0,1
158.19554294692676,emergency,108.42798965993268,0.3513634158531591,108.77935307578583,4.0,1
157.79010311392685,emergency,107.76867717145174,1.0255029253980703,108.79418009684981,4.0,1
256.2911366821898,routine,9.917896664606133,0.4353805806418104,10.353277245247943,24.0,0
256.62377719864793,routine,10.13183277900049,0.4353805806418104,10.5672133596423,24.0,0
158.05295696436974,emergency,107.91057755742912,0.9736079806575129,108.88418553808664,4.0,1
158.06391340527927,emergency,107.99952157721896,0.668926378609784,108.66844795582874,4.0,1
255.63910534132629,routine,10.135626385571527,1.0255029253980703,11.161129310969597,24.0,0
256.6693512240602,routine,10.281619809494316,0.3513634158531591,10.632983225347475,24.0,0
256.3377891389666,routine,10.217175419968271,0.9736079806575129,11.190783400625783,24.0,0
256.7702761345463,routine,10.355962941407483,0.9736079806575129,11.329570922064995,24.0,0
256.92211775441837,routine,10.338500814288693,0.6396923088485589,10.978193123137252,24.0,0
266.64519886911347,critical,0.6351666237946461,0.9736079806575129,1.608774604452159,2.0,0
158.27587874917992,emergency,109.62375703855128,0.3190807107927397,109.94283774934401,4.0,1
257.25804899757895,routine,10.727854368450778,0.668926378609784,11.396780747060562,24.0,0
158.4850903023082,emergency,109.58817066269899,0.4353805806418104,110.02355124334079,4.0,1
257.39440845148863,routine,10.7691015571599,0.3190807107927397,11.08818226795264,24.0,0
158.32449733513744,emergency,109.60062718148282,0.9736079806575129,110.57423516214034,4.0,1
259.16140648748205,routine,9.73879658370646,0.4353805806418104,10.17417716434827,24.0,0
158.40292921865412,emergency,109.6645191525848,1.0255029253980703,110.69002207798287,4.0,1
258.66228623252914,routine,10.06570893086598,0.6599100317467526,10.725618962612733,24.0,0
257.38945626664685,routine,10.623281640272353,1.0255029253980703,11.648784565670423,24.0,0
258.60879949274374,routine,9.952134292789424,0.6659438790168433,10.618078171806268,24.0,0
158.53746133706252,emergency,110.51753711275407,0.6659438790168433,111.1834809917709,4.0,1
259.00355693050824,routine,9.762408379634621,0.7177220910631077,10.480130470697729,24.0,0
158.73348956708276,emergency,110.41660525114077,0.7919122426127785,111.20851749375355,4.0,1
259.39490875269564,routine,9.952368667453584,0.3190807107927397,10.271449378246324,24.0,0
158.9677740421423,emergency,110.48495200983626,0.3513634158531591,110.83631542568942,4.0,1
269.9899409486734,seasonal,0.017723072655940086,0.4353805806418104,0.4531036532977505,12.0,0
270.29786809714943,critical,0.21766293227994993,0.3513634158531591,0.569026348133109,2.0,0
159.05089831309152,emergency,110.71486286723825,0.7919122426127785,111.50677510985103,4.0,1
260.3048731504119,routine,10.310929291878722,0.4353805806418104,10.746309872520532,24.0,0
260.28432702025293,routine,10.136614378861452,0.4353805806418104,10.571994959503263,24.0,0
159.41430682686288,emergency,110.595720208612,0.6659438790168433,111.26166408762883,4.0,1
259.3952749270966,routine,10.289443676137694,1.0255029253980703,11.314946601535764,24.0,0
270.82387688305477,critical,0.1701567507726054,0.3190807107927397,0.4892374615653451,2.0,0
270.18016947187965,seasonal,0.22616255900322813,0.6599100317467526,0.8860725907499807,12.0,0
270.0305665057086,seasonal,0.30744826620934873,0.6659438790168433,0.973392145226192,12.0,0
159.42451784188904,emergency,111.19801708532327,0.6396923088485589,111.83770939417182,4.0,1
271.24311113413364,seasonal,0.15939408632533514,0.3513634158531591,0.5107575021784942,12.0,0
260.3126704030296,routine,10.373540831911328,0.9736079806575129,11.34714881256884,24.0,0
260.81914989504327,routine,10.984638276585201,0.4353805806418104,11.420018857227012,24.0,0
260.9717802515834,routine,10.847529193546336,0.6659438790168433,11.51347307256318,24.0,0
160.14768217811238,emergency,111.80315256579397,0.6599100317467526,112.46306259754071,4.0,1
261.3730453366719,routine,10.62505126616071,0.9736079806575129,11.598659246818222,24.0,0
160.0335816628998,emergency,111.44381599410065,1.0255029253980703,112.46931891949872,4.0,1
263.10535214210626,routine,8.899934142856068,0.668926378609784,9.568860521465853,24.0,0
160.1950487690219,emergency,111.8039872991317,0.6659438790168433,112.46993117814854,4.0,1
160.0390967521005,emergency,111.67648347521273,1.0255029253980703,112.7019864006108,4.0,1
264.5453164413777,routine,8.08272739005804,0.3190807107927397,8.40180810085078,24.0,0
272.0663843310251,critical,0.5303097607211953,0.6599100317467526,1.1902197924679478,2.0,0
272.88408760562845,seasonal,0.0677578087894517,0.6599100317467526,0.7276678405362043,12.0,0
272.34637384145356,seasonal,0.012152510642010839,0.9736079806575129,0.9857604912995237,12.0,0
265.8639704949851,routine,6.835604698760335,0.6659438790168433,7.501548577777179,24.0,0
272.58995646358073,critical,0.8346525467187575,0.4353805806418104,1.270033127360568,2.0,0
273.4606866732163,critical,0.273848056170209,0.3513634158531591,0.6252114720233681,2.0,0
273.347212541185,seasonal,0.3101237844391562,0.6659438790168433,0.9760676634559995,12.0,0
267.7797573889603,routine,5.9927804023617455,0.7919122426127785,6.784692644974524,24.0,0
273.1095109432715,seasonal,0.10882385040537201,0.7919122426127785,0.9007360930181505,12.0,0
273.6593065920938,critical,0.2751532170876203,0.4353805806418104,0.7105337977294307,2.0,0
160.5333558930287,emergency,113.46707999730896,0.6599100317467526,114.1269900290557,4.0,1
160.685742226754,emergency,113.49773136335952,0.6659438790168433,114.16367524237636,4.0,1
269.4094814908986,routine,5.173050564994185,0.3513634158531591,5.524413980847344,24.0,0
273.94586453829714,seasonal,0.07335832272906373,0.6659438790168433,0.739302201745907,12.0,0
274.46914292294156,seasonal,0.009622688669878698,0.6599100317467526,0.6695327204166313,12.0,0
274.6116056446933,seasonal,0.028717675522671016,0.3190807107927397,0.3477983863154107,12.0,0
161.68749189486945,emergency,113.0929914011954,0.9736079806575129,114.06659938185292,4.0,1
162.4388538359409,emergency,112.45984781259148,0.6659438790168433,113.12579169160831,4.0,1
274.9652852208083,seasonal,0.06857260111718233,0.7177220910631077,0.78629469218029,12.0,0
275.01354722096875,seasonal,0.260390142906715,0.6599100317467526,0.9203001746534676,12.0,0
275.0755405759844,seasonal,0.2464156639873636,0.3513634158531591,0.5977790798405227,12.0,0
271.8248709408945,routine,4.092749282112777,0.3513634158531591,4.444112697965936,24.0,0
162.46005337003825,emergency,112.86733212493542,0.3190807107927397,113.18641283572815,4.0,1
272.10487501930385,routine,3.9369185962256097,0.3513634158531591,4.288282012078769,24.0,0
162.5090409647844,emergency,112.93033848520497,0.6396923088485589,113.57003079405352,4.0,1
269.8735656033157,routine,5.755137539722455,0.668926378609784,6.424063918332239,24.0,0
270.72697113809096,routine,5.172813759943722,0.3513634158531591,5.524177175796881,24.0,0
162.5856441686795,emergency,112.99401851333306,0.6396923088485589,113.63371082218161,4.0,1
275.72600905087495,critical,0.7289700200400375,0.3513634158531591,1.0803334358931966,2.0,0
272.68941739504294,routine,3.9355807552436204,0.3513634158531591,4.2869441710967795,24.0,0
162.64198174186868,emergency,113.90794119663678,0.6396923088485589,114.54763350548534,4.0,1
162.71524284180168,emergency,114.27512198006593,0.3190807107927397,114.59420269085867,4.0,1
272.74276800933967,routine,4.188588426312549,0.6396923088485589,4.828280735161108,24.0,0
274.1178434509602,routine,2.918420043747119,0.6599100317467526,3.578330075493872,24.0,0
272.3490518258173,routine,4.233812792469621,0.6659438790168433,4.899756671486465,24.0,0
162.89505104023635,emergency,114.32133327124512,0.7919122426127785,115.1132455138579,4.0,1
274.12621473020636,routine,3.1014729760285604,0.6396923088485589,3.7411652848771193,24.0,0
272.9188258349481,routine,4.017705793969128,0.9736079806575129,4.991313774626641,24.0,0
277.4030903926624,seasonal,0.029468374963357746,0.6659438790168433,0.695412253980201,12.0,0
163.19407591119975,emergency,114.54086011012694,0.6396923088485589,115.1805524189755,4.0,1
163.43531441738725,emergency,114.75019963025233,0.6659438790168433,115.41614350926916,4.0,1
274.8852275382633,routine,3.739556374334029,0.3190807107927397,4.058637085126769,24.0,0
274.35601877130694,routine,3.5684196699336894,0.7177220910631077,4.286141760996797,24.0,0
162.929105522324,emergency,114.60672117917869,0.9736079806575129,115.58032915983621,4.0,1
163.31277433947764,emergency,114.768208374067,0.9736079806575129,115.74181635472452,4.0,1
278.4254671579118,critical,0.5536325536212985,0.3513634158531591,0.9049959694744576,2.0,0
274.8236117518998,routine,3.7245993548613114,0.7919122426127785,4.51651159747409,24.0,0
278.4307236326778,critical,1.0706285491471021,0.3190807107927397,1.389709259939842,2.0,0
274.91016438543534,routine,4.123398756012932,0.6396923088485589,4.7630910648614915,24.0,0
274.6733760794365,routine,3.8551285291713384,1.0255029253980703,4.880631454569409,24.0,0
279.55811626222805,seasonal,0.16239093868694,0.3513634158531591,0.5137543545400991,12.0,0
275.1308851733305,routine,4.02217717665701,0.6659438790168433,4.688121055673854,24.0,0
278.8160502404883,critical,0.7099807529206146,0.6599100317467526,1.3698907846673671,2.0,0
279.35297847392394,seasonal,0.3596344849287334,0.7177220910631077,1.077356575991841,12.0,0
163.47075353096005,emergency,116.78504845221022,0.3513634158531591,117.13641186806338,4.0,1
275.16239207902925,routine,4.065299644682057,0.7919122426127785,4.857211887294835,24.0,0
163.4499781115425,emergency,116.28643639676491,1.0255029253980703,117.31193932216298,4.0,1
163.5505456400648,emergency,116.81199347088642,0.6659438790168433,117.47793734990326,4.0,1
279.75680513693374,seasonal,0.7930742966577213,0.6659438790168433,1.4590181756745646,12.0,0
163.81945727825521,emergency,116.85713413001415,0.6659438790168433,117.52307800903098,4.0,1
280.20786115027255,seasonal,0.710508022157569,0.668926378609784,1.379434400767353,12.0,0
280.5988674034181,seasonal,0.5268788200572203,0.3190807107927397,0.84595953084996,12.0,0
275.2506956464862,routine,5.963109215783334,0.3513634158531591,6.314472631636493,24.0,0
280.44933624691384,seasonal,0.5642540928644735,0.6396923088485589,1.2039464017130324,12.0,0
280.02468595689413,seasonal,0.6608799844265718,0.6396923088485589,1.3005722932751307,12.0,0
164.24788715405222,emergency,117.07155103349598,0.668926378609784,117.74047741210576,4.0,1
281.35960699228866,seasonal,0.02460049145048515,0.6599100317467526,0.6845105231972377,12.0,0
164.214896132592,emergency,116.97079236958456,0.4353805806418104,117.40617295022636,4.0,1
281.48784232422685,seasonal,0.7179864176738988,0.4353805806418104,1.1533669983157093,12.0,0
164.43920389093975,emergency,117.99523293932609,0.3190807107927397,118.31431365011882,4.0,1
277.6682312655946,routine,4.903810924716652,0.3190807107927397,5.2228916355093915,24.0,0
164.3782986822657,emergency,117.41198861850566,0.9736079806575129,118.38559659916318,4.0,1
281.3833231674119,critical,0.24623928050908717,0.9736079806575129,1.2198472611666,2.0,0
281.95076853745894,seasonal,0.5314971485582873,0.9736079806575129,1.5051051292158002,12.0,0
281.55421160775785,seasonal,0.9163180096909969,0.3190807107927397,1.2353987204837367,12.0,0
165.78539885797016,emergency,116.83450589611266,0.7919122426127785,117.62641813872544,4.0,1
277.7297717498774,routine,4.9146204089256,0.4353805806418104,5.350000989567411,24.0,0
275.7398434419357,routine,6.831965749961057,0.7919122426127785,7.623877992573836,24.0,0
275.52266435627365,routine,7.0110973572545845,1.0255029253980703,8.036600282652655,24.0,0
282.75061397470614,seasonal,0.5234656993913518,0.7177220910631077,1.2411877904544595,12.0,0
282.67709961818304,critical,0.1597389340742552,0.9736079806575129,1.133346914731768,2.0,0
283.2718024345211,critical,0.3093036428751361,0.6599100317467526,0.9692136746218887,2.0,0
283.014839218753,seasonal,0.6843122629218783,0.7919122426127785,1.4762245055346568,12.0,0
166.08499859411563,emergency,117.88629510228839,0.3190807107927397,118.20537581308112,4.0,1
283.5420425872422,critical,0.29463281186008317,0.7177220910631077,1.0123549029231909,2.0,0
284.4787493957675,seasonal,0.013576800493638075,0.3513634158531591,0.3649402163467972,12.0,0
278.1271133796805,routine,6.050506897640446,0.668926378609784,6.71943327625023,24.0,0
283.1358716291968,seasonal,1.010358998886204,0.9736079806575129,1.983966979543717,12.0,0
284.03927249631954,critical,0.3063405958012595,0.7919122426127785,1.098252838414038,2.0,0
284.3250586090611,seasonal,0.11215663383705987,0.3190807107927397,0.43123734462979957,12.0,0
284.58549682228045,critical,0.42533087817781734,0.3190807107927397,0.744411588970557,2.0,0
278.2463026369836,routine,6.688633306802842,0.6599100317467526,7.348543338549595,24.0,0
284.7081151324492,seasonal,0.1265502116448829,0.6659438790168433,0.7924940906617262,12.0,0
285.48508206908025,seasonal,0.13978687481198904,0.6599100317467526,0.7996969065587416,12.0,0
167.24636947990666,emergency,118.9847643429215,0.3190807107927397,119.30384505371423,4.0,1
166.6590368358505,emergency,118.93883182193446,0.7919122426127785,119.73074406454724,4.0,1
278.50986466216403,routine,6.957236032474441,0.6396923088485589,7.596928341323,24.0,0
166.26486520975337,emergency,119.13630658468739,0.6599100317467526,119.79621661643414,4.0,1
285.82887372348137,critical,0.025019762540807733,0.6599100317467526,0.6849297942875603,2.0,0
166.9918282011393,emergency,118.62115695191966,0.6659438790168433,119.2871008309365,4.0,1
279.0891876651676,routine,6.543869247119687,0.6599100317467526,7.20377927886644,24.0,0
279.1475127064086,routine,6.624592766944033,1.0255029253980703,7.650095692342104,24.0,0
285.8530008560362,seasonal,0.18152782110104226,0.6396923088485589,0.8212201299496011,12.0,0
285.8618877049337,seasonal,0.38232985770832784,0.6659438790168433,1.048273736725171,12.0,0
279.38650603847844,routine,7.051851268798941,0.4353805806418104,7.487231849440752,24.0,0
167.57296754540138,emergency,119.58067500351561,0.3513634158531591,119.93203841936877,4.0,1
167.68034567193308,emergency,119.48775486414957,0.9736079806575129,120.46136284480708,4.0,1
280.0328010295953,routine,7.33704048469707,0.6599100317467526,7.996950516443823,24.0,0
279.72032959261117,routine,7.413742012569628,0.6599100317467526,8.07365204431638,24.0,0
287.40961732448676,critical,0.15796331168098732,0.4353805806418104,0.5933438923227977,2.0,0
168.11487955591775,emergency,119.28467388150239,0.668926378609784,119.95360026011217,4.0,1
168.35729050525524,emergency,119.23484908363795,0.6599100317467526,119.8947591153847,4.0,1
281.10027642421426,routine,6.880566769775953,0.6659438790168433,7.546510648792797,24.0,0
280.4293936657379,routine,7.262811791231002,0.7919122426127785,8.05472403384378,24.0,0
287.74416483253833,seasonal,0.035152138508181,0.668926378609784,0.704078517117965,12.0,0
280.6384532278727,routine,7.329153556390338,0.6396923088485589,7.968845865238897,24.0,0
281.12774653510724,routine,7.069768562275499,0.4353805806418104,7.505149142917309,24.0,0
288.1093468734475,critical,0.6382861414460308,0.3513634158531591,0.9896495572991899,2.0,0
281.1297159017307,routine,7.705744140447905,0.6599100317467526,8.365654172194658,24.0,0
288.2765427464206,seasonal,0.5325133536834414,0.4353805806418104,0.9678939343252518,12.0,0
169.81524532304223,emergency,119.47869170184617,0.6396923088485589,120.11838401069473,4.0,1
169.12757248199256,emergency,120.07155868913225,0.668926378609784,120.74048506774203,4.0,1
168.39187800071377,emergency,120.36290523892293,0.668926378609784,121.03183161753272,4.0,1
168.76220285066438,emergency,120.32004487398729,1.0255029253980703,121.34554779938536,4.0,1
282.5427360759517,routine,7.436893680930552,0.4353805806418104,7.872274261572363,24.0,0
170.714715161507,emergency,119.36386593381462,0.3190807107927397,119.68294664460736,4.0,1
281.78374944668104,routine,7.944217498559965,0.3513634158531591,8.295580914413124,24.0,0
281.7463025235984,routine,7.809232718010321,0.9736079806575129,8.782840698667833,24.0,0
282.3093749014627,routine,7.6463693962156185,0.6659438790168433,8.312313275232462,24.0,0
282.2116083303844,routine,7.632382235981254,0.6659438790168433,8.298326114998098,24.0,0
172.9898692431387,emergency,117.61997768061994,0.6659438790168433,118.28592155963678,4.0,1
174.24573719124342,emergency,116.46215953072058,0.4353805806418104,116.89754011136239,4.0,1
282.59343938250663,routine,7.696457130283932,1.0255029253980703,8.721960055682002,24.0,0
282.7840502302971,routine,7.53719168164929,0.7177220910631077,8.254913772712397,24.0,0
174.34571050514947,emergency,116.67326136039131,0.668926378609784,117.34218773900109,4.0,1
290.21980864275054,critical,0.3251897744212897,0.6659438790168433,0.991133653438133,2.0,0
282.8031355632176,routine,8.410775068871374,0.6396923088485589,9.050467377719933,24.0,0
174.4942158053969,emergency,116.76646586436374,0.668926378609784,117.43539224297352,4.0,1
283.7238909822123,routine,7.877885504246024,0.6599100317467526,8.537795535992776,24.0,0
282.90289840137666,routine,8.442848456133902,0.668926378609784,9.111774834743686,24.0,0
284.0022681096719,routine,8.170105373294462,0.3513634158531591,8.52146878914762,24.0,0
283.08910477286065,routine,8.461805889517052,0.668926378609784,9.130732268126836,24.0,0
283.77179836131717,routine,7.867080992180547,0.6599100317467526,8.5269910239273,24.0,0
174.8394683782205,emergency,117.24496843621432,0.3513634158531591,117.59633185206748,4.0,1
284.19527210185953,routine,8.14212542667201,0.6659438790168433,8.808069305688853,24.0,0
175.1796310479428,emergency,117.39741089619713,0.6659438790168433,118.06335477521397,4.0,1
175.3058711100895,emergency,117.45475974510114,0.6599100317467526,118.11466977684789,4.0,1
284.9936857332869,routine,7.678797283035351,0.6396923088485589,8.31848959188391,24.0,0
175.24489367854068,emergency,117.3467400011848,0.7919122426127785,118.13865224379758,4.0,1
292.6938284389636,seasonal,0.2013228003651193,0.6599100317467526,0.8612328321118718,12.0,0
174.72038256778566,emergency,117.36108222414023,0.9736079806575129,118.33469020479775,4.0,1
293.1768901262151,critical,0.4751816582713104,0.3513634158531591,0.8265450741244695,2.0,0
291.4104062481124,routine,2.126691355721505,0.7177220910631077,2.8444134467846123,24.0,0
285.079026040198,routine,7.868759891151797,1.0255029253980703,8.894262816549867,24.0,0
287.6971416205887,routine,5.74715897879787,0.4353805806418104,6.182539559439681,24.0,0
293.6355059854863,seasonal,0.0,0.6396923088485589,0.6396923088485589,12.0,0
175.51797775936276,emergency,118.8875566251132,0.3190807107927397,119.20663733590594,4.0,1
175.7862609141682,emergency,118.63168028211285,0.3513634158531591,118.98304369796601,4.0,1
175.63202594736174,emergency,118.77919348448665,0.6599100317467526,119.4391035162334,4.0,1
294.2290803742901,routine,0.0,0.9736079806575129,0.9736079806575129,24.0,0
175.3665529470562,emergency,118.87680333545447,0.7177220910631077,119.59452542651758,4.0,1
295.115269030424,seasonal,0.0,0.3513634158531591,0.3513634158531591,12.0,0
294.2508566476334,routine,0.15524400343633715,0.9736079806575129,1.12885198409385,24.0,0
175.96183369934147,emergency,119.43640547845223,0.4353805806418104,119.87178605909403,4.0,1
294.4756523412387,critical,0.1476014189508419,0.6659438790168433,0.8135452979676852,2.0,0
295.63144301252817,routine,0.0,0.3190807107927397,0.3190807107927397,24.0,0
176.65608642395893,emergency,119.21526377187996,0.7177220910631077,119.93298586294307,4.0,1
295.6858564665002,seasonal,0.0,0.4353805806418104,0.4353805806418104,12.0,0
176.07758894481302,emergency,119.34246204957131,0.7919122426127785,120.13437429218409,4.0,1
295.12710585824374,routine,0.0,0.9736079806575129,0.9736079806575129,24.0,0
295.8483997539786,routine,0.0,0.668926378609784,0.668926378609784,24.0,0
295.9335354494148,seasonal,0.06932710713408596,0.6659438790168433,0.7352709861509292,12.0,0
296.6307516095289,seasonal,0.0,0.3190807107927397,0.3190807107927397,12.0,0
177.65140075598578,emergency,118.96022058415264,0.6599100317467526,119.62013061589938,4.0,1
296.4766274633808,critical,0.08526415805084753,0.3513634158531591,0.43662757390400664,2.0,0
177.53828161853124,emergency,118.65119435738171,0.9736079806575129,119.62480233803923,4.0,1
296.78170154002026,routine,0.0,0.4353805806418104,0.4353805806418104,24.0,0
296.9378793500114,seasonal,0.0,0.3190807107927397,0.3190807107927397,12.0,0
177.76321119087794,emergency,119.44969238209785,0.6659438790168433,120.11563626111469,4.0,1
178.1308319735407,emergency,119.10897864405979,1.0255029253980703,120.13448156945786,4.0,1
298.15263341849715,routine,0.0,0.6599100317467526,0.6599100317467526,24.0,0
298.23604247930484,seasonal,0.0,0.3513634158531591,0.3513634158531591,12.0,0
298.2325723018529,critical,0.005241618860850394,0.6599100317467526,0.665151650607603,2.0,0
178.31054599799145,emergency,119.94824137120864,0.3513634158531591,120.2996047870618,4.0,1
297.7223309156427,routine,0.0,0.7919122426127785,0.7919122426127785,24.0,0
298.7091477500823,routine,0.0,0.4353805806418104,0.4353805806418104,24.0,0
178.40171866368308,emergency,120.49269846511248,0.3190807107927397,120.81177917590522,4.0,1
297.98202091048944,routine,0.0,0.7177220910631077,0.7177220910631077,24.0,0
298.3165957873979,critical,0.45734830756049405,0.9736079806575129,1.430956288218007,2.0,0
299.0413422416145,routine,0.0,0.3190807107927397,0.3190807107927397,24.0,0
298.3009369023463,critical,0.08675946604734008,0.9736079806575129,1.060367446704853,2.0,0
299.6308197145236,seasonal,0.1356518525247452,0.3513634158531591,0.4870152683779043,12.0,0
298.9322773358673,seasonal,0.0,0.668926378609784,0.668926378609784,12.0,0
299.2823319261635,seasonal,0.3673456271499731,0.6659438790168433,1.0332895061668164,12.0,0
299.44397810536253,routine,0.463662982142921,0.6659438790168433,1.1296068611597643,24.0,0
299.11730113960164,seasonal,0.38192059191720773,0.9736079806575129,1.3555285725747206,12.0,0
298.93680910502763,critical,0.7176218951016722,0.6599100317467526,1.3775319268484247,2.0,0
300.0184011254312,seasonal,0.5972226161627532,0.4353805806418104,1.0326031968045637,12.0,0
299.3564595103108,critical,0.38535546702513557,0.7919122426127785,1.177267709637914,2.0,0
178.60238247448638,emergency,121.96372729536267,0.668926378609784,122.63265367397246,4.0,1
178.51012980077914,emergency,121.57434853053994,0.6599100317467526,122.23425856228668,4.0,1
299.9102235695003,seasonal,0.18421823702658457,1.0255029253980703,1.2097211624246549,12.0,0
300.0624887316944,seasonal,0.7673012140833748,0.4353805806418104,1.2026817947251853,12.0,0
299.52334619732454,routine,1.594849472364558,0.6396923088485589,2.234541781213117,24.0,0
178.65348986511785,emergency,122.02562678374287,0.7919122426127785,122.81753902635565,4.0,1
300.5421673832577,seasonal,0.3521550331098524,0.6659438790168433,1.0180989121266957,12.0,0
178.67183844593862,emergency,122.61146600367081,0.7177220910631077,123.32918809473392,4.0,1
301.2044051761371,seasonal,0.008287277925433045,0.6659438790168433,0.6742311569422763,12.0,0
178.7941580367977,emergency,123.13668054768473,0.3513634158531591,123.48804396353789,4.0,1
299.6718673575924,routine,1.5268660344840441,0.9736079806575129,2.500474015141557,24.0,0
178.7937889955738,emergency,123.12389683198907,0.6599100317467526,123.78380686373582,4.0,1
300.2525839992127,routine,2.662307267361257,0.3190807107927397,2.9813879781539967,24.0,0
299.7332598260792,routine,2.0535213260591263,0.9736079806575129,3.027129306716639,24.0,0
299.83362887890837,routine,2.2048310391127757,0.9736079806575129,3.1784390197702885,24.0,0
178.86669410694162,emergency,123.09059437683845,0.9736079806575129,124.06420235749597,4.0,1
299.93097337956874,routine,2.60028037278704,0.4353805806418104,3.0356609534288506,24.0,0
302.698615923199,seasonal,0.03345692003784961,0.6396923088485589,0.6731492288864085,12.0,0
179.155232252837,emergency,123.8122291436637,0.668926378609784,124.48115552227348,4.0,1
302.919098327433,seasonal,0.08161581447643584,0.7177220910631077,0.7993379055395435,12.0,0
300.1902542073827,routine,2.3957993300427347,0.7919122426127785,3.1877115726555134,24.0,0
178.9098206268828,emergency,123.79012524244465,0.9736079806575129,124.76373322310216,4.0,1
179.3791908409651,emergency,124.13891750440573,0.7177220910631077,124.85663959546883,4.0,1
179.03842992590688,emergency,123.7594266747235,0.9736079806575129,124.73303465538102,4.0,1
300.72185264890123,routine,3.2252883491361217,0.4353805806418104,3.6606689297779322,24.0,0
179.4261903923416,emergency,124.63656500485382,0.3513634158531591,124.98792842070698,4.0,1
301.27159259913736,routine,3.0802617024396,0.7919122426127785,3.8721739450523787,24.0,0
303.784584743972,seasonal,0.059479704368698094,1.0255029253980703,1.0849826297667684,12.0,0
301.03231126733033,routine,2.9403567239882022,0.9736079806575129,3.913964704645715,24.0,0
304.07422621406005,seasonal,0.024006557519214766,1.0255029253980703,1.049509482917285,12.0,0
304.43484314924245,seasonal,0.24386224700828052,0.4353805806418104,0.6792428276500909,12.0,0
304.82910209626,seasonal,0.46270988321560935,0.4353805806418104,0.8980904638574198,12.0,0
304.1667585425615,critical,0.3951259360707695,0.9736079806575129,1.3687339167282824,2.0,0
304.30619567728166,critical,0.6097328538691045,0.3513634158531591,0.9610962697222636,2.0,0
304.4073915025,critical,0.7441767237011163,0.6396923088485589,1.3838690325496752,2.0,0
304.18220145903405,critical,0.6480778110580445,0.6396923088485589,1.2877701199066034,2.0,0
304.6470064317017,seasonal,0.049150748356225904,1.0255029253980703,1.0746536737542962,12.0,0
306.0736691887858,seasonal,0.28859584886117773,0.3190807107927397,0.6076765596539174,12.0,0
305.8819769198087,seasonal,0.44738773761753237,0.3513634158531591,0.7987511534706915,12.0,0
305.58591289777723,critical,0.20791718717845242,0.6396923088485589,0.8476094960270113,2.0,0
305.8977344900828,seasonal,0.4374685486191652,0.4353805806418104,0.8728491292609756,12.0,0
305.4231970653646,seasonal,0.5339817435544774,0.3513634158531591,0.8853451594076365,12.0,0
305.7594577415576,critical,0.7610274041157936,0.4353805806418104,1.1964079847576041,2.0,0
305.4586361549665,seasonal,0.5917527964971896,0.4353805806418104,1.027133377139,12.0,0
179.5004658700924,emergency,127.03862261603587,0.668926378609784,127.70754899464565,4.0,1
179.62522203545626,emergency,126.96907299218645,0.4353805806418104,127.40445357282826,4.0,1
301.6506665772833,routine,4.83951405446436,0.3513634158531591,5.190877470317519,24.0,0
301.87492474938966,routine,5.442668687045739,0.3513634158531591,5.794032102898898,24.0,0
179.73057406035383,emergency,127.00940587086257,0.668926378609784,127.67833224947235,4.0,1
306.9915801426993,seasonal,0.11927650524751243,0.668926378609784,0.7882028838572964,12.0,0
307.63690474349045,seasonal,0.15411560952941272,0.6599100317467526,0.8140256412761653,12.0,0
302.1311052687497,routine,5.243201184964846,0.9736079806575129,6.216809165622359,24.0,0
302.26066257041526,routine,5.250504366738596,0.6659438790168433,5.91644824575544,24.0,0
179.74683553054118,emergency,127.9255947385511,1.0255029253980703,128.95109766394916,4.0,1
180.09858331892127,emergency,127.9922213778384,0.3513634158531591,128.34358479369158,4.0,1
307.20036665834647,critical,0.27879241274752076,0.7177220910631077,0.9965145038106284,2.0,0
307.5992271513178,seasonal,0.045275567835119546,0.668926378609784,0.7142019464449035,12.0,0
302.4468536014844,routine,5.731356480953309,0.3513634158531591,6.082719896806468,24.0,0
303.17063909384916,routine,5.153616621583069,0.668926378609784,5.822543000192853,24.0,0
179.88545907442514,emergency,128.17720517247741,1.0255029253980703,129.20270809787547,4.0,1
180.1657506710163,emergency,128.44702814388646,1.0255029253980703,129.4725310692845,4.0,1
180.4920127678082,emergency,128.8730751710279,0.3513634158531591,129.22443858688106,4.0,1
303.8502419502393,routine,5.311290593997569,0.4353805806418104,5.7466711746393795,24.0,0
303.84285506535866,routine,5.255120816037731,0.6659438790168433,5.921064695054575,24.0,0
309.19462391084244,critical,0.1670397965743291,0.3513634158531591,0.5184032124274882,2.0,0
304.06102245543946,routine,5.252109110273409,0.6599100317467526,5.912019142020162,24.0,0
304.0231464450776,routine,5.147851302128402,0.6599100317467526,5.807761333875154,24.0,0
305.3141775425045,routine,4.364727057676589,0.7177220910631077,5.0824491487396966,24.0,0
180.76085571882527,emergency,129.364163153407,0.6396923088485589,130.00385546225556,4.0,1
305.2042984765863,routine,4.350664598916126,0.6659438790168433,5.016608477932969,24.0,0
304.6544052348784,routine,4.872171353243914,0.6599100317467526,5.532081384990667,24.0,0
181.01990853765471,emergency,129.2927471849439,0.668926378609784,129.9616735635537,4.0,1
180.494314558288,emergency,128.90666032268012,0.9736079806575129,129.88026830333763,4.0,1
181.21679862679147,emergency,129.22669828534222,0.3190807107927397,129.54577899613497,4.0,1
310.5779652314632,seasonal,0.0482525912657934,0.3513634158531591,0.3996160071189525,12.0,0
181.68334917405286,emergency,129.28357373750265,0.6599100317467526,129.9434837692494,4.0,1
306.61633184158075,routine,4.820059352307851,0.4353805806418104,5.2554399329496615,24.0,0
311.34319957527396,critical,0.10461064697580014,0.3513634158531591,0.45597406282895925,2.0,0
311.19384918088946,seasonal,0.0003213878786709756,0.6659438790168433,0.6662652668955142,12.0,0
307.04894599895607,routine,4.405839979968675,0.6659438790168433,5.071783858985519,24.0,0
307.4521833619442,routine,4.105108780017076,0.668926378609784,4.774035158626861,24.0,0
311.42124118888336,critical,0.26167004922933756,0.3190807107927397,0.5807507600220773,2.0,0
306.60061116408633,routine,4.620834208149631,0.6599100317467526,5.280744239896384,24.0,0
305.5423959421895,routine,5.336443329278211,1.0255029253980703,6.3619462546762815,24.0,0
181.7224751366753,emergency,129.9681273422343,0.3190807107927397,130.28720805302706,4.0,1
181.97254398386417,emergency,129.9351626015968,0.6599100317467526,130.59507263334356,4.0,1
311.8838865125275,seasonal,0.05131148166924504,0.6599100317467526,0.7112215134159976,12.0,0
310.0823443469973,routine,3.0532749485361705,0.3190807107927397,3.3723556593289103,24.0,0
182.07644090030314,emergency,130.81487316214103,0.6396923088485589,131.4545654709896,4.0,1
182.13660831135286,emergency,130.9147419086758,0.7177220910631077,131.63246399973892,4.0,1
307.6781467682459,routine,5.100597723312546,0.6659438790168433,5.76654160232939,24.0,0
182.00177603988067,emergency,130.41538626473738,0.7177220910631077,131.1331083558005,4.0,1
309.21515146323475,routine,3.8321579249816864,0.6659438790168433,4.49810180399853,24.0,0
308.32436815289736,routine,4.630637303440096,0.9736079806575129,5.604245284097609,24.0,0
309.0471779768706,routine,3.929011640603619,0.9736079806575129,4.902619621261132,24.0,0
311.8334290784462,routine,1.6858840787854774,0.3190807107927397,2.004964789578217,24.0,0
182.27503808528527,emergency,130.99466540532862,0.6599100317467526,131.65457543707538,4.0,1
182.34504916790723,emergency,131.03805564024367,0.6659438790168433,131.70399951926052,4.0,1
310.73851826016465,routine,2.5051469450559125,0.7919122426127785,3.297059187668691,24.0,0
182.68147736504292,emergency,131.68875705767582,0.3513634158531591,132.040120473529,4.0,1
182.35662198421423,emergency,131.9783838149236,0.4353805806418104,132.4137643955654,4.0,1
183.00861117272504,emergency,131.4379273801455,0.6659438790168433,132.10387125916236,4.0,1
183.45689847232254,emergency,131.76100476759225,0.3190807107927397,132.080085478385,4.0,1
183.16628270258167,emergency,132.01488780420846,0.3513634158531591,132.36625122006163,4.0,1
313.25894825432596,routine,1.0106897911363149,1.0255029253980703,2.0361927165343854,24.0,0
184.32264790029873,emergency,131.47992537606828,0.3513634158531591,131.83128879192145,4.0,1
183.8088433572674,emergency,131.57051388360384,0.6659438790168433,132.2364577626207,4.0,1
315.72052353964074,seasonal,0.0,0.6396923088485589,0.6396923088485589,12.0,0
184.0887852848929,emergency,131.48159787471528,0.6396923088485589,132.12129018356384,4.0,1
184.60779284526177,emergency,131.6467811497315,0.3513634158531591,131.99814456558468,4.0,1
316.2182298253159,seasonal,0.0,0.3190807107927397,0.3190807107927397,12.0,0
316.1369859564613,seasonal,0.0,0.7177220910631077,0.7177220910631077,12.0,0
184.79501354945154,emergency,131.5056843445994,0.6659438790168433,132.17162822361624,4.0,1
316.47423637293736,critical,0.6505663268409307,0.4353805806418104,1.0859469074827413,2.0,0
185.36987571917834,emergency,132.2030597831529,0.3513634158531591,132.55442319900607,4.0,1
184.85918578524928,emergency,132.31661112250697,0.6659438790168433,132.98255500152382,4.0,1
185.10517135725905,emergency,132.46231623882545,0.6599100317467526,133.1222262705722,4.0,1
317.8299611856913,routine,0.0,0.3190807107927397,0.3190807107927397,24.0,0
185.3870274766826,emergency,132.51033777345322,0.6599100317467526,133.17024780519998,4.0,1
318.2149506237409,critical,0.30806009386481037,0.3513634158531591,0.6594235097179695,2.0,0
185.6103119151103,emergency,133.1015237770253,0.6396923088485589,133.74121608587387,4.0,1
318.6197182399589,seasonal,0.0,0.3190807107927397,0.3190807107927397,12.0,0
186.0308961231348,emergency,132.75176649339275,0.7919122426127785,133.54367873600552,4.0,1
186.31231228269795,emergency,132.9842729055392,0.6396923088485589,133.62396521438777,4.0,1
319.06517722884973,routine,0.0,1.0255029253980703,1.0255029253980703,24.0,0
186.98820506241628,emergency,132.8314594331693,0.3190807107927397,133.15054014396205,4.0,1
186.56485472364884,emergency,132.76751887005432,0.6599100317467526,133.42742890180108,4.0,1
319.3398195227519,seasonal,0.0,0.7919122426127785,0.7919122426127785,12.0,0
320.3402432687703,routine,0.0,0.3190807107927397,0.3190807107927397,24.0,0
320.0733694414187,seasonal,0.0,0.6659438790168433,0.6659438790168433,12.0,0
319.483934447278,seasonal,0.0,0.9736079806575129,0.9736079806575129,12.0,0
188.09869251869972,emergency,132.07028517037335,0.3513634158531591,132.42164858622652,4.0,1
189.11897129787917,emergency,131.66179309805722,0.3190807107927397,131.98087380884996,4.0,1
319.7019322187411,seasonal,0.0,0.6599100317467526,0.6599100317467526,12.0,0
319.50960552350915,seasonal,0.0,0.9736079806575129,0.9736079806575129,12.0,0
320.9173202987384,critical,0.0637237904675203,0.3513634158531591,0.4150872063206794,2.0,0
320.62814879056646,seasonal,0.36664370278867864,0.4353805806418104,0.802024283430489,12.0,0
189.4882484339381,emergency,131.52353377691975,0.4353805806418104,131.95891435756155,4.0,1
189.78324593165985,emergency,131.23169992811648,0.4353805806418104,131.6670805087583,4.0,1
320.39629426897955,routine,1.0151889196329762,0.3513634158531591,1.3665523354861353,24.0,0
190.1778563975647,emergency,131.39461187730393,0.6659438790168433,132.06055575632078,4.0,1
321.0369238727242,seasonal,0.3703026836672052,0.3190807107927397,0.6893833944599449,12.0,0
320.7261293852015,routine,1.012925204671717,0.6396923088485589,1.6526175135202759,24.0,0
321.7877734189696,routine,0.048036225539078714,0.7919122426127785,0.8399484681518572,24.0,0
321.49553418849166,seasonal,0.019319973217477582,0.6599100317467526,0.6792300049642301,12.0,0
320.9401884565709,seasonal,0.4003852521984754,1.0255029253980703,1.4258881775965457,12.0,0
196.46878854288803,emergency,125.85418932505877,0.3190807107927397,126.1732700358515,4.0,1
191.58364894355614,emergency,130.39147421713474,0.6396923088485589,131.0311665259833,4.0,1
190.63370937722,emergency,131.09542842179167,0.7919122426127785,131.88734066440443,4.0,1
322.4848509977011,seasonal,0.31144414001931864,0.668926378609784,0.9803705186291026,12.0,0
196.02148548269147,emergency,126.25000602128958,1.0255029253980703,127.27550894668765,4.0,1
322.2303047314176,seasonal,0.0,0.6396923088485589,0.6396923088485589,12.0,0
322.61577617882097,seasonal,0.4435293529851947,0.668926378609784,1.1124557315949786,12.0,0
196.8250208039727,emergency,126.10841463085231,0.3513634158531591,126.45977804670547,4.0,1
197.14967754892265,emergency,126.49799803380265,0.3513634158531591,126.8493614496558,4.0,1
322.6861687926277,seasonal,0.6148284540657869,0.3190807107927397,0.9339091648585266,12.0,0
197.29644747076114,emergency,126.457482207141,0.4353805806418104,126.8928627877828,4.0,1
323.5220269690625,seasonal,0.020854539831589136,0.6599100317467526,0.6807645715783417,12.0,0
323.4671737217014,seasonal,0.05806802258484822,0.6659438790168433,0.7240119016016915,12.0,0
323.3864482282431,seasonal,0.06403056233369853,0.7919122426127785,0.855942804946477,12.0,0
322.260606056311,routine,1.8096130560533652,0.6599100317467526,2.469523087800118,24.0,0
324.08513903393896,seasonal,0.11478921670698128,0.4353805806418104,0.5501697973487917,12.0,0
323.3529574427183,critical,0.25098578098430835,0.6599100317467526,0.9108958127310609,2.0,0
198.25758450038822,emergency,126.12897950948982,0.4353805806418104,126.56436009013163,4.0,1
323.81580767860794,critical,0.30332271778797804,0.7177220910631077,1.0210448088510857,2.0,0
324.65089882321917,critical,0.16834652063459998,0.3190807107927397,0.4874272314273397,2.0,0
322.32034439680876,routine,2.055088998594101,0.6659438790168433,2.7210328776109445,24.0,0
324.59878066582957,seasonal,0.26710714538455704,1.0255029253980703,1.2926100707826274,12.0,0
199.751166748688,emergency,125.83752727116868,0.4353805806418104,126.27290785181049,4.0,1
199.40191262440942,emergency,125.51296096498879,0.6599100317467526,126.17287099673554,4.0,1
325.09405224260775,seasonal,0.2712554359097794,0.6659438790168433,0.9371993149266227,12.0,0
322.38316653347874,routine,3.10082599962783,0.3513634158531591,3.452189415480989,24.0,0
322.3388783576821,routine,3.1199849976881637,0.3513634158531591,3.471348413541323,24.0,0
324.7512959519086,seasonal,0.6089908758328306,0.6659438790168433,1.274934754849674,12.0,0
324.60398401841627,seasonal,0.5293710113821248,1.0255029253980703,1.5548739367801951,12.0,0
200.9236756309414,emergency,124.73639969013047,0.4353805806418104,125.17178027077227,4.0,1
200.97513877437396,emergency,124.96801414501587,0.6599100317467526,125.62792417676262,4.0,1
325.6955911319408,seasonal,0.30788531459648993,1.0255029253980703,1.3333882399945602,12.0,0
200.73238845518625,emergency,124.85681287326702,1.0255029253980703,125.88231579866509,4.0,1
326.5970783028224,seasonal,0.273833833266508,0.6659438790168433,0.9397777122833513,12.0,0
201.03939960522084,emergency,125.67142677480186,0.9736079806575129,126.64503475545938,4.0,1
327.30619681877,seasonal,0.054750882460950834,0.4353805806418104,0.49013146310276123,12.0,0
201.09785911003652,emergency,125.62447622554609,0.7177220910631077,126.3421983166092,4.0,1
322.9483459332328,routine,4.2568294779776465,0.3190807107927397,4.575910188770386,24.0,0
323.0783348345283,routine,4.3130574203301535,0.7919122426127785,5.104969662942932,24.0,0
326.33774473736383,seasonal,0.3243146010642022,0.9736079806575129,1.297922581721715,12.0,0
326.6188267464332,seasonal,0.5698072132165635,1.0255029253980703,1.5953101386146338,12.0,0
201.15042692761963,emergency,126.50647092208172,0.6659438790168433,127.17241480109855,4.0,1
327.0923038610825,critical,0.400926168318847,0.668926378609784,1.0698525469286309,2.0,0
201.24787507432933,emergency,126.70053947201404,0.4353805806418104,127.13592005265585,4.0,1
327.7557036279402,seasonal,0.13291770191676733,0.9736079806575129,1.1065256825742802,12.0,0
328.04067587268645,seasonal,0.3659886208617422,0.4353805806418104,0.8013692015035526,12.0,0
201.3669694687374,emergency,127.30886119016014,0.3190807107927397,127.62794190095288,4.0,1
201.30033534687868,emergency,127.32400806767635,0.668926378609784,127.99293444628613,4.0,1
323.1085076272919,routine,5.783728293602678,0.3513634158531591,6.135091709455837,24.0,0
328.70040027455343,seasonal,0.18145926518570832,0.9736079806575129,1.1550672458432212,12.0,0
328.48028913596664,seasonal,0.1592891092662967,1.0255029253980703,1.184792034664367,12.0,0
323.1153946461445,routine,5.8346477223097395,0.7919122426127785,6.626559964922518,24.0,0
329.01760777537487,seasonal,0.07414872765133396,0.6659438790168433,0.7400926066681772,12.0,0
329.2643709480868,seasonal,0.6140288130737304,0.4353805806418104,1.0494093937155409,12.0,0
201.3983845113208,emergency,127.9030290199589,0.6599100317467526,128.56293905170565,4.0,1
328.75709668153195,critical,0.3739279817463057,0.9736079806575129,1.3475359624038186,2.0,0
201.45178921999008,emergency,128.45750276777648,0.4353805806418104,128.89288334841828,4.0,1
201.44172595120313,emergency,128.12880069189475,0.6396923088485589,128.76849300074332,4.0,1
329.86727290587777,critical,0.028059366616389525,0.6599100317467526,0.6879693983631421,2.0,0
330.1025546213319,seasonal,0.711346297266175,0.3513634158531591,1.0627097131193342,12.0,0
329.1848467789642,seasonal,0.5047516198686708,1.0255029253980703,1.530254545266741,12.0,0
330.8571562042565,seasonal,0.2117004718451767,0.3190807107927397,0.5307811826379164,12.0,0
329.365764546231,seasonal,0.8477351546229102,0.6396923088485589,1.487427463471469,12.0,0
330.1209870664626,seasonal,0.8593484458395437,0.6599100317467526,1.5192584775862963,12.0,0
330.0956252851474,seasonal,0.37028081244898203,1.0255029253980703,1.3957837378470523,12.0,0
330.11470120894086,seasonal,0.7021721509455006,0.7177220910631077,1.4198942420086083,12.0,0
201.57395842508566,emergency,129.93092980445232,0.6599100317467526,130.59083983619908,4.0,1
201.46630962106482,emergency,129.83681199767616,0.9736079806575129,130.81041997833367,4.0,1
331.0355936520011,seasonal,0.9250989168223214,0.668926378609784,1.5940252954321052,12.0,0
201.60003412772562,emergency,129.93084957607113,0.4353805806418104,130.36623015671293,4.0,1
323.3098288808391,routine,8.827339392024328,0.6396923088485589,9.467031700872887,24.0,0
201.48456394346738,emergency,129.94713528782262,0.6599100317467526,130.60704531956938,4.0,1
201.71775800884814,emergency,130.0607629916285,1.0255029253980703,131.08626591702657,4.0,1
324.1097126255611,routine,8.461736549116608,0.6599100317467526,9.121646580863361,24.0,0
332.06772893622457,seasonal,0.04426512324312171,0.668926378609784,0.7131915018529057,12.0,0
323.44650952195417,routine,8.7959228502433,1.0255029253980703,9.821425775641371,24.0,0
332.41976483063166,critical,0.5304737730730835,0.7177220910631077,1.2481958641361912,2.0,0
201.74338217678752,emergency,131.223879335415,0.6599100317467526,131.88378936716177,4.0,1
324.3757125906741,routine,8.526143045403899,0.4353805806418104,8.96152362604571,24.0,0
324.3131295824822,routine,8.449423649877872,0.668926378609784,9.118350028487656,24.0,0
201.82830397419463,emergency,131.4643613177219,0.6599100317467526,132.12427134946867,4.0,1
201.90613910425597,emergency,131.5129365432492,0.6659438790168433,132.17888042226605,4.0,1
325.09647106768944,routine,8.284072311913349,0.6599100317467526,8.943982343660101,24.0,0
324.4581080188082,routine,8.776406288981207,0.6396923088485589,9.416098597829766,24.0,0
201.92729715397377,emergency,131.6699225592056,0.7919122426127785,132.46183480181836,4.0,1
325.4000585143269,routine,8.927078779506928,0.6659438790168433,9.593022658523772,24.0,0
202.07266995981323,emergency,132.3189492996922,0.7177220910631077,133.03667139075532,4.0,1
334.0491023137639,seasonal,0.06555240559322328,0.3513634158531591,0.4169158214463824,12.0,0
325.58510359054856,routine,8.971879183415751,0.4353805806418104,9.407259764057562,24.0,0
333.8727742763091,seasonal,0.1291588435804556,0.9736079806575129,1.1027668242379685,12.0,0
202.0871089824987,emergency,132.4113521277593,0.6396923088485589,133.05104443660787,4.0,1
202.18340327498154,emergency,132.57689862418235,0.668926378609784,133.24582500279215,4.0,1
325.9706661200977,routine,8.825972838050347,0.6599100317467526,9.4858828697971,24.0,0
325.92859495021344,routine,8.721641575316767,0.9736079806575129,9.695249555974279,24.0,0
326.00648765990275,routine,8.7903443090093,0.7177220910631077,9.508066400072407,24.0,0
202.2580995044151,emergency,132.5358639841332,0.668926378609784,133.20479036274298,4.0,1
202.32860844301976,emergency,133.43788109245693,0.3513634158531591,133.7892445083101,4.0,1
202.3264553533643,emergency,132.8269168979555,1.0255029253980703,133.85241982335356,4.0,1
334.8328825264753,seasonal,0.8026570223390195,0.6396923088485589,1.4423493311875784,12.0,0
326.05175743603115,routine,9.992262755935656,0.6396923088485589,10.631955064784215,24.0,0
326.5377582964817,routine,9.82911088059285,0.6396923088485589,10.46880318944141,24.0,0
335.5844162272719,seasonal,0.26075237577219923,0.6396923088485589,0.9004446846207581,12.0,0
326.4561777100407,routine,9.643230337271632,0.9736079806575129,10.616838317929144,24.0,0
202.49310753135214,emergency,133.79359467690497,0.3513634158531591,134.14495809275815,4.0,1
327.0616779168017,routine,9.602218596766988,0.3513634158531591,9.953582012620148,24.0,0
202.33396795785646,emergency,133.84156648489645,0.668926378609784,134.51049286350624,4.0,1
326.75003874334703,routine,9.843965536541589,0.7177220910631077,10.561687627604696,24.0,0
202.6348296300188,emergency,134.2149624687689,0.3190807107927397,134.53404317956165,4.0,1
202.6264080119084,emergency,134.06051990201095,0.6599100317467526,134.7204299337577,4.0,1
202.6446648930289,emergency,134.71268230211172,0.7177220910631077,135.43040439317483,4.0,1
327.61078369332296,routine,10.062652651033034,0.3513634158531591,10.414016066886193,24.0,0
202.70224703138047,emergency,135.25184514709082,0.3513634158531591,135.603208562944,4.0,1
327.3365850943698,routine,10.303275575974851,0.668926378609784,10.972201954584635,24.0,0
327.82586092936134,routine,10.072491461338359,0.3513634158531591,10.423854877191518,24.0,0
327.7370791938148,routine,9.944397374675646,0.3513634158531591,10.295760790528805,24.0,0
327.24231899756035,routine,10.193793485411334,0.6659438790168433,10.859737364428177,24.0,0
327.3656560981787,routine,10.281524511196949,1.0255029253980703,11.30702743659502,24.0,0
327.9603350034639,routine,10.303515007272381,0.4353805806418104,10.738895587914191,24.0,0
202.69374814885657,emergency,135.0946825965612,0.7177220910631077,135.8124046876243,4.0,1
202.81290808674046,emergency,135.77822847854324,0.6659438790168433,136.4441723575601,4.0,1
328.61580184332803,routine,10.473827478237467,0.3190807107927397,10.792908189030207,24.0,0
202.75312413907767,emergency,135.73118411306388,0.3513634158531591,136.08254752891705,4.0,1
328.5757107860646,routine,10.495687012432768,0.6659438790168433,11.161630891449612,24.0,0
328.6991189639222,routine,10.422980750395254,0.3190807107927397,10.742061461187994,24.0,0
202.90717010227425,emergency,135.81369724594086,0.7919122426127785,136.60560948855363,4.0,1
328.7311132461666,routine,10.512973853353344,0.3513634158531591,10.864337269206503,24.0,0
328.1558883481373,routine,10.640521781923496,0.6659438790168433,11.30646566094034,24.0,0
202.91494509260207,emergency,136.11033070305018,0.6599100317467526,136.77024073479694,4.0,1
328.8544535826331,routine,10.513043942751494,0.6599100317467526,11.172953974498247,24.0,0
329.0081595132929,routine,10.81422405136044,0.3190807107927397,11.13330476215318,24.0,0
340.54390145236135,critical,0.04915677151353748,0.3190807107927397,0.3682374823062772,2.0,0
203.2227894543052,emergency,136.7023233414044,0.668926378609784,137.3712497200142,4.0,1
203.38656455513706,emergency,136.7805143231124,0.3513634158531591,137.13187773896558,4.0,1
329.6456800296173,routine,10.785014612687178,0.3513634158531591,11.136378028540337,24.0,0
329.25546057211915,routine,10.779855591192643,0.4353805806418104,11.215236171834453,24.0,0
202.93232755804306,emergency,136.94874021429413,0.6599100317467526,137.6086502460409,4.0,1
330.12516617119957,routine,10.527238712696146,0.6659438790168433,11.19318259171299,24.0,0
330.16802713161496,routine,10.49436108602049,0.3190807107927397,10.81344179681323,24.0,0
203.70227958252013,emergency,136.96432891528605,0.4353805806418104,137.39970949592785,4.0,1
330.7796476887159,routine,9.906710063410458,0.6396923088485589,10.546402372259017,24.0,0
329.507362486605,routine,10.866542875619132,0.668926378609784,11.535469254228916,24.0,0
340.79349134925644,seasonal,0.29935878471053456,0.9736079806575129,1.2729667653680474,12.0,0
203.71278207248125,emergency,137.8016655329586,0.4353805806418104,138.2370461136004,4.0,1
204.0386119531518,emergency,137.60946003196327,0.3513634158531591,137.96082344781644,4.0,1
204.2571071836016,emergency,137.61207349852833,0.3190807107927397,137.93115420932108,4.0,1
203.72364186946663,emergency,137.87152964183673,0.7919122426127785,138.6634418844495,4.0,1
341.6955467453301,seasonal,0.0869607540934112,0.4353805806418104,0.5223413347352216,12.0,0
341.6696470985539,seasonal,0.10699517555775628,0.7177220910631077,0.824717266620864,12.0,0
341.9583998278555,critical,0.04576618842889957,0.9736079806575129,1.0193741690864124,2.0,0
330.9574469664581,routine,10.979279408854836,0.4353805806418104,11.414659989496647,24.0,0
342.4998706329486,seasonal,0.21254038199276692,0.3513634158531591,0.563903797845926,12.0,0
342.01205373365394,seasonal,0.2800548281475699,0.9736079806575129,1.2536628088050827,12.0,0
342.2512859407297,seasonal,0.06875485646480683,0.3513634158531591,0.42011827231796595,12.0,0
330.9548292795383,routine,10.974675077672316,1.0255029253980703,12.000178003070387,24.0,0
343.2175761129507,seasonal,0.2146360782843999,0.3513634158531591,0.565999494137559,12.0,0
204.32122932134638,emergency,138.65402145955755,0.7919122426127785,139.44593370217032,4.0,1
343.63520929809465,critical,0.014291774517687372,0.3513634158531591,0.3656551903708465,2.0,0
333.39709740762606,routine,10.465030211457588,0.3513634158531591,10.816393627310747,24.0,0
331.9701329314724,routine,11.727838747478813,0.3190807107927397,12.046919458271553,24.0,0
204.6821281522498,emergency,138.39019489778286,0.6599100317467526,139.05010492952962,4.0,1
204.28931980661847,emergency,138.59088629883476,0.9736079806575129,139.56449427949227,4.0,1
204.75466024815475,emergency,138.64176956310396,0.6659438790168433,139.30771344212081,4.0,1
331.2525180928933,routine,12.330730468189017,0.3513634158531591,12.682093884042176,24.0,0
333.78087547743706,routine,10.330054245437225,0.3513634158531591,10.681417661290384,24.0,0
343.86952624080465,seasonal,0.05541232913304839,0.668926378609784,0.7243387077428324,12.0,0
343.89948190784423,seasonal,0.12783450874854907,0.3513634158531591,0.4791979246017082,12.0,0
343.6740358264654,critical,1.1137846421528366,0.3190807107927397,1.4328653529455764,2.0,0
344.2647467580677,seasonal,0.16353051684728825,0.7177220910631077,0.881252607910396,12.0,0
344.2006971878947,critical,0.587261605730987,0.6659438790168433,1.2532054847478302,2.0,0
344.99427635003696,seasonal,0.03618726386036997,0.3513634158531591,0.3875506797135291,12.0,0
336.2011581133357,routine,9.23310931114122,0.668926378609784,9.902035689751004,24.0,0
344.43910648272316,critical,0.605290587144566,0.9736079806575129,1.5788985678020788,2.0,0
333.8831486694432,routine,11.07244817465289,0.668926378609784,11.741374553262675,24.0,0
204.94726655251964,emergency,140.30173513526552,1.0255029253980703,141.32723806066357,4.0,1
204.8084595237481,emergency,140.2632477433552,0.9736079806575129,141.2368557240127,4.0,1
333.9707062934459,routine,11.289429172669088,0.7919122426127785,12.081341415281866,24.0,0
334.6022983800314,routine,10.682990448131477,0.9736079806575129,11.656598428788989,24.0,0
342.7532738121452,routine,3.6403028896017986,0.3190807107927397,3.9593836003945384,24.0,0
345.3565962638826,critical,0.47268224609450726,0.7177220910631077,1.190404337157615,2.0,0
342.62066861495424,routine,3.259150613947554,0.6659438790168433,3.9250944929643974,24.0,0
339.1883944774108,routine,6.562535211218005,1.0255029253980703,7.588038136616076,24.0,0
205.1115692953095,emergency,141.18417407156517,0.4353805806418104,141.61955465220697,4.0,1
205.210730299719,emergency,141.61185588760776,0.6396923088485589,142.25154819645633,4.0,1
343.9257156671428,routine,3.3950006032762303,0.3190807107927397,3.71408131406897,24.0,0
347.0084438524288,critical,0.15189333447523268,0.668926378609784,0.8208197130850167,2.0,0
343.3143137740836,routine,3.6498532593075765,0.9736079806575129,4.623461239965089,24.0,0
205.31495262719005,emergency,142.15809909667956,0.3190807107927397,142.4771798074723,4.0,1
346.49865625147964,seasonal,0.3066020898243096,1.0255029253980703,1.33210501522238,12.0,0
346.9663411552884,critical,0.10737572598310408,0.6659438790168433,0.7733196049999473,2.0,0
343.7923557927853,routine,3.457910035740781,0.6599100317467526,4.117820067487534,24.0,0
344.2962674248573,routine,3.13705859901512,0.4353805806418104,3.5724391796569304,24.0,0
205.3883134175401,emergency,142.46100457995558,0.6659438790168433,143.12694845897244,4.0,1
344.58600995120247,routine,3.0558241519700573,0.668926378609784,3.724750530579841,24.0,0
344.87876207048487,routine,2.823396940898192,0.6659438790168433,3.4893408199150353,24.0,0
348.0826166233585,critical,0.09286263685686436,0.3190807107927397,0.41194334764960405,2.0,0
205.62427912336017,emergency,143.1173078867355,0.3190807107927397,143.43638859752824,4.0,1
348.3886721924859,seasonal,0.008202528470405923,0.3190807107927397,0.3272832392631456,12.0,0
348.5685846960976,seasonal,0.3955449259835291,0.3513634158531591,0.7469083418366882,12.0,0
349.23613472648543,seasonal,0.2069974320842789,0.3190807107927397,0.5260781428770186,12.0,0
348.52264402102253,seasonal,0.3297359755244429,1.0255029253980703,1.3552389009225132,12.0,0
205.72818322708093,emergency,143.3023312151705,0.3190807107927397,143.62141192596326,4.0,1
205.63462674631947,emergency,143.29982812309694,0.9736079806575129,144.27343610375445,4.0,1
349.64373750248876,critical,0.10020453107216554,0.4353805806418104,0.5355851117139759,2.0,0
348.74954766802625,seasonal,0.38367052992089157,0.7919122426127785,1.17558277253367,12.0,0
345.0285507289858,routine,4.478357068922605,0.3513634158531591,4.829720484775764,24.0,0
345.01998890475835,routine,4.125925188584461,0.6599100317467526,4.785835220331213,24.0,0
206.10329121258368,emergency,143.44272289403418,0.4353805806418104,143.87810347467598,4.0,1
206.0275965028585,emergency,143.325734753929,0.6659438790168433,143.99167863294585,4.0,1
345.99142165383716,routine,4.587639795457562,0.3190807107927397,4.906720506250302,24.0,0
345.40570728043457,routine,4.492754912833448,0.7177220910631077,5.210477003896555,24.0,0
350.7193096849397,seasonal,0.3269232829829889,0.3190807107927397,0.6460039937757286,12.0,0
345.79370290246646,routine,4.658783304578776,0.6396923088485589,5.298475613427335,24.0,0
206.12289182415896,emergency,144.58306560604854,0.668926378609784,145.25199198465833,4.0,1
345.4810160253789,routine,4.700109349441902,1.0255029253980703,5.725612274839973,24.0,0
206.40006387423077,emergency,144.47729058824243,0.6599100317467526,145.1372006199892,4.0,1
206.18211668470477,emergency,144.52742610746546,0.4353805806418104,144.96280668810726,4.0,1
350.655915363365,seasonal,0.3638753826774632,1.0255029253980703,1.3893783080755335,12.0,0
350.8049866809378,seasonal,0.3098649190019387,0.9736079806575129,1.2834728996594515,12.0,0
206.5616315771499,emergency,144.65069032252137,0.6599100317467526,145.31060035426813,4.0,1
346.5684540383784,routine,5.5804393799325,0.3190807107927397,5.89952009072524,24.0,0
206.56556375664533,emergency,144.75248493635897,0.6599100317467526,145.41239496810573,4.0,1
206.9280942859857,emergency,145.45535378488484,0.3513634158531591,145.806717200738,4.0,1
351.481469463032,seasonal,0.19315520882031478,0.6396923088485589,0.8328475176688737,12.0,0
346.1042822548104,routine,5.691385939790052,0.6599100317467526,6.351295971536805,24.0,0
352.4116466688895,seasonal,0.25763714211984734,0.4353805806418104,0.6930177227616577,12.0,0
351.85918684878055,critical,0.4109350516243353,0.6396923088485589,1.0506273604728942,2.0,0
206.98081748765176,emergency,145.45648031075885,0.6396923088485589,146.09617261960742,4.0,1
347.4379863574219,routine,4.9376145666496996,0.6599100317467526,5.597524598396452,24.0,0
352.4445367872144,seasonal,0.8121175151963484,0.4353805806418104,1.247498095838159,12.0,0
346.1745115084535,routine,5.924411930916392,1.0255029253980703,6.949914856314463,24.0,0
352.43785938895803,seasonal,0.3141208518510439,0.6396923088485589,0.9538131606996028,12.0,0
353.24577537083655,critical,0.06520291400153155,0.7919122426127785,0.85711515661431,2.0,0
353.21030352389204,seasonal,0.41624827382918284,0.4353805806418104,0.8516288544709932,12.0,0
353.0689446951731,critical,0.17126459801175997,0.6599100317467526,0.8311746297585125,2.0,0
353.9407226904286,seasonal,0.10792145567234002,0.3513634158531591,0.4592848715254991,12.0,0
207.02041524307333,emergency,146.49508936181002,0.7919122426127785,147.28700160442278,4.0,1
353.46281396497307,seasonal,0.23676261747459648,0.4353805806418104,0.6721431981164069,12.0,0
207.0604634717073,emergency,147.00255152204483,0.668926378609784,147.67147790065462,4.0,1
207.17710406695267,emergency,146.9148835653932,0.6396923088485589,147.55457587424178,4.0,1
349.81788032897816,routine,4.499182328241432,0.7919122426127785,5.29109457085421,24.0,0
347.46872129413805,routine,6.803642489071535,0.3190807107927397,7.122723199864275,24.0,0
348.5499067878341,routine,5.75065191596849,0.3513634158531591,6.102015331821649,24.0,0
348.40078561356165,routine,5.8939735064053025,0.668926378609784,6.562899885015087,24.0,0
207.3425876664901,emergency,147.78517573511579,0.4353805806418104,148.2205563157576,4.0,1
354.31335448794624,critical,0.545430081280756,0.6599100317467526,1.2053401130275085,2.0,0
355.52453459055283,seasonal,0.2855806161339274,0.3190807107927397,0.6046613269266671,12.0,0
207.31961898854206,emergency,147.72643508610122,0.9736079806575129,148.70004306675872,4.0,1
354.53757683603357,seasonal,0.6563117414949602,1.0255029253980703,1.6818146668930305,12.0,0
354.52265294046225,seasonal,0.5097711968587078,0.7177220910631077,1.2274932879218154,12.0,0
354.5283875716381,seasonal,0.568918494418881,0.7919122426127785,1.3608307370316595,12.0,0
355.07224725608944,seasonal,0.6788389511117998,0.7177220910631077,1.3965610421749075,12.0,0
207.45178598532985,emergency,147.98755846550276,0.7177220910631077,148.70528055656587,4.0,1
355.6767781529665,seasonal,0.19275355967982932,0.6599100317467526,0.8526635914265819,12.0,0
207.5648266706645,emergency,148.0387964763487,0.7919122426127785,148.83070871896146,4.0,1
355.219359824424,seasonal,0.5417697466192521,0.6659438790168433,1.2077136256360954,12.0,0
355.69932633313994,critical,0.6367244246355881,0.6599100317467526,1.2966344563823406,2.0,0
207.64002295582299,emergency,148.983605734668,0.3513634158531591,149.33496915052118,4.0,1
356.73901575770395,critical,0.11374729742192358,0.4353805806418104,0.549127878063734,2.0,0
355.80261607320426,seasonal,1.1354623094106842,0.7919122426127785,1.9273745520234626,12.0,0
349.83833701043307,routine,7.3699163542917745,0.6396923088485589,8.009608663140334,24.0,0
207.73832594208912,emergency,149.7255247987397,0.3190807107927397,150.04460550953246,4.0,1
355.7218972768283,seasonal,1.0351053784886517,0.6599100317467526,1.6950154102354043,12.0,0
356.4645750050592,seasonal,0.570951715049091,0.6599100317467526,1.2308617467958436,12.0,0
357.6426548882658,critical,0.26457787037901426,0.4353805806418104,0.6999584510208247,2.0,0
356.1504409686559,seasonal,0.8615028541159973,1.0255029253980703,1.8870057795140676,12.0,0
208.05761082038373,emergency,150.18462579334738,0.3190807107927397,150.50370650414013,4.0,1
349.9306017824807,routine,7.778762945665562,0.7919122426127785,8.57067518827834,24.0,0
207.771706849093,emergency,149.8685869325223,0.3513634158531591,150.21995034837548,4.0,1
349.94280540080433,routine,8.547107862250414,0.3190807107927397,8.866188573043154,24.0,0
207.8299882212698,emergency,150.31404831175308,0.6396923088485589,150.95374062060165,4.0,1
357.21751413961545,seasonal,0.2792193714543032,0.9736079806575129,1.252827352111816,12.0,0
350.3115470237273,routine,8.473052782109846,0.3190807107927397,8.792133492902586,24.0,0
208.1218360547954,emergency,150.94988593946496,0.3513634158531591,151.30124935531813,4.0,1
350.1726078834225,routine,8.487155320846512,0.4353805806418104,8.922535901488322,24.0,0
350.6071783870581,routine,8.323263021361015,0.6396923088485589,8.962955330209574,24.0,0
358.6893823554356,critical,0.06670911106118638,0.6599100317467526,0.7266191428079389,2.0,0
350.61603826804094,routine,8.46802913922869,0.3513634158531591,8.81939255508185,24.0,0
208.23303921211374,emergency,150.956084088821,0.668926378609784,151.6250104674308,4.0,1
350.6727025381956,routine,8.554504968004835,0.7177220910631077,9.272227059067943,24.0,0
350.70645340668244,routine,8.795615713250072,0.6599100317467526,9.455525744996825,24.0,0
359.3857369189513,critical,0.39205676786690447,0.668926378609784,1.0609831464766883,2.0,0
208.27138103062643,emergency,151.10074837509526,0.6599100317467526,151.76065840684203,4.0,1
350.88332624160125,routine,8.972992543097405,0.668926378609784,9.64191892170719,24.0,0
359.879741996303,seasonal,0.1540579168943168,0.7919122426127785,0.9459701595070953,12.0,0
208.35074051161632,emergency,151.7394371319055,0.668926378609784,152.4083635105153,4.0,1
360.28835749150676,seasonal,0.05446088408604055,0.668926378609784,0.7233872626958245,12.0,0
351.47070365806974,routine,9.71593969190053,0.3190807107927397,10.03502040269327,24.0,0
208.42848007953867,emergency,152.6386524687302,0.6599100317467526,153.29856250047698,4.0,1
360.50931009450386,critical,0.04297376940792219,0.6659438790168433,0.7089176484247655,2.0,0
351.28435616068924,routine,9.84526995071576,0.668926378609784,10.514196329325545,24.0,0
350.92568659969953,routine,9.610765320933979,1.0255029253980703,10.63626824633205,24.0,0
351.22427195107525,routine,9.537127171440432,0.7919122426127785,10.32903941405321,24.0,0
208.44434390222747,emergency,152.88536733053738,0.3513634158531591,153.23673074639055,4.0,1
208.45818724331826,emergency,152.94321297681785,0.7177220910631077,153.66093506788096,4.0,1
351.7840399139638,routine,9.698512558807522,0.4353805806418104,10.133893139449333,24.0,0
208.49421638445324,emergency,153.44111649390823,0.3190807107927397,153.76019720470097,4.0,1
362.16165279818057,seasonal,0.14168655549991627,0.3513634158531591,0.4930499713530754,12.0,0
352.14231813236705,routine,10.177053358602166,0.3190807107927397,10.496134069394905,24.0,0
208.660182021944,emergency,153.6735661164353,0.3513634158531591,154.02492953228847,4.0,1
352.330292791542,routine,10.20923425249265,0.668926378609784,10.878160631102434,24.0,0
208.66933216147083,emergency,153.8329624531471,0.6659438790168433,154.49890633216395,4.0,1
352.74294593154593,routine,9.936718639497997,0.7177220910631077,10.654440730561104,24.0,0
351.85453181770686,routine,10.079525708338394,1.0255029253980703,11.105028633736465,24.0,0
209.0949169623024,emergency,154.19928897456853,0.3513634158531591,154.5506523904217,4.0,1
353.02380092897425,routine,10.275239335359231,0.6599100317467526,10.935149367105984,24.0,0
352.74908137012875,routine,10.540750424789508,0.4353805806418104,10.976131005431318,24.0,0
352.720459749572,routine,9.887080205936911,0.7919122426127785,10.678992448549689,24.0,0
208.77709032036964,emergency,154.15253407589066,0.6599100317467526,154.81244410763742,4.0,1
208.89694314925887,emergency,154.08984994700168,1.0255029253980703,155.11535287239974,4.0,1
353.0317548510145,routine,10.479847054937409,0.9736079806575129,11.45345503559492,24.0,0
209.21093145048278,emergency,154.62489745981932,0.4353805806418104,155.06027804046113,4.0,1
209.24493264343565,emergency,155.03277259785764,0.4353805806418104,155.46815317849945,4.0,1
353.4189679269827,routine,10.887599589374531,0.3190807107927397,11.206680300167271,24.0,0
209.35379647967446,emergency,155.00320779620088,0.3513634158531591,155.35457121205405,4.0,1
353.61661801172954,routine,10.962001572315842,0.4353805806418104,11.397382152957652,24.0,0
353.0686318686352,routine,11.214442727723224,0.3513634158531591,11.565806143576383,24.0,0
353.06739656439674,routine,10.85912718184943,0.6599100317467526,11.519037213596183,24.0,0
209.38530648973938,emergency,155.38763686191538,0.668926378609784,156.05656324052518,4.0,1
354.4466954799424,routine,10.292757018367354,0.6599100317467526,10.952667050114107,24.0,0
354.1190267915512,routine,10.557648293509828,0.3190807107927397,10.876729004302568,24.0,0
355.4738167694745,routine,9.871780035018503,0.3190807107927397,10.190860745811243,24.0,0
355.82363267633883,routine,10.108764298218887,0.3513634158531591,10.460127714072046,24.0,0
209.45987359014651,emergency,155.89290756623848,0.3513634158531591,156.24427098209165,4.0,1
209.5050157692338,emergency,156.00018396153632,0.668926378609784,156.66911034014612,4.0,1
209.42094891530968,emergency,155.89717212297302,0.6599100317467526,156.55708215471978,4.0,1
209.52029929761446,emergency,156.3848809335561,0.3513634158531591,156.73624434940928,4.0,1
355.9081893855094,routine,10.062868517344214,0.3190807107927397,10.381949228136953,24.0,0
355.74694538218773,routine,9.962075099936612,0.668926378609784,10.631001478546397,24.0,0
209.5905616212219,emergency,156.5553500699954,0.3190807107927397,156.87443078078815,4.0,1
366.2600799042533,seasonal,0.06086323925603665,0.6396923088485589,0.7005555481045955,12.0,0
356.3088218660609,routine,9.664878726912718,0.6396923088485589,10.304571035761278,24.0,0
356.5047375289551,routine,9.691530002169316,0.7177220910631077,10.409252093232423,24.0,0
362.3627736491114,routine,4.53231431490525,0.3190807107927397,4.85139502569799,24.0,0
367.43339992595315,seasonal,0.1900875605820147,0.3513634158531591,0.5414509764351738,12.0,0
359.5778170398097,routine,6.756546563485415,1.0255029253980703,7.7820494888834855,24.0,0
367.27977198347065,seasonal,0.286624049476643,0.6659438790168433,0.9525679284934863,12.0,0
209.75965972661382,emergency,157.4299377857312,0.3513634158531591,157.78130120158437,4.0,1
209.87893645099453,emergency,157.57468152664987,0.668926378609784,158.24360790525967,4.0,1
210.0013517887553,emergency,157.7408701906648,0.3190807107927397,158.05995090145754,4.0,1
209.81519229530312,emergency,157.51537295409878,0.4353805806418104,157.95075353474058,4.0,1
209.6235809333543,emergency,157.31418938666874,0.9736079806575129,158.28779736732625,4.0,1
364.1057027178271,routine,4.146721211384033,0.3513634158531591,4.498084627237192,24.0,0
367.4704605374627,seasonal,0.4971493007798813,0.9736079806575129,1.4707572814373941,12.0,0
363.2836679450935,routine,4.70065095457619,0.6659438790168433,5.366594833593034,24.0,0
365.02605765045934,routine,3.4224972627567922,0.4353805806418104,3.8578778433986027,24.0,0
366.2282296779889,routine,2.4158035871234915,0.668926378609784,3.0847299657332754,24.0,0
367.21999804402753,routine,1.5341907130559775,0.6599100317467526,2.1941007448027303,24.0,0
368.7776342786156,critical,0.4888223866335579,0.4353805806418104,0.9242029672753683,2.0,0
367.4168955170677,routine,1.4736215727982085,0.4353805806418104,1.909002153440019,24.0,0
367.9915683745747,critical,0.901639945235786,0.3513634158531591,1.253003361088945,2.0,0
368.1059452511276,critical,0.8198206401982588,0.6396923088485589,1.4595129490468177,2.0,0
368.3217626767693,critical,0.7797731259182115,0.6599100317467526,1.439683157664964,2.0,0
368.57986415237247,critical,0.5483110319068487,1.0255029253980703,1.573813957304919,2.0,0
368.05727086488963,routine,1.6980814568506162,0.6396923088485589,2.337773765699175,24.0,0
369.69288146756423,seasonal,0.04610778653704983,0.7177220910631077,0.7638298776001575,12.0,0
368.4253554643185,routine,1.505692434540208,0.3513634158531591,1.8570558503933672,24.0,0
368.1705289568793,routine,1.7418723448870423,0.3190807107927397,2.060953055679782,24.0,0
210.17722746394014,emergency,160.44921631763765,0.3190807107927397,160.7682970284304,4.0,1
370.100639872779,seasonal,0.20268461546658045,0.6659438790168433,0.8686284944834237,12.0,0
368.517448311383,routine,1.5351231570977575,0.4353805806418104,1.970503737739568,24.0,0
368.7605525963734,routine,1.6663124495301531,0.4353805806418104,2.1016930301719636,24.0,0
370.64480005176574,critical,0.36052861868176933,0.3513634158531591,0.7118920345349284,2.0,0
369.2748292979137,critical,1.1828841408686799,0.3190807107927397,1.5019648516614197,2.0,0
368.791883688208,critical,1.5685868430910546,0.6396923088485589,2.2082791519396134,2.0,1
370.9251415532175,seasonal,0.33386173075138004,0.3190807107927397,0.6529424415441197,12.0,0
371.1117197852105,critical,0.038862650524890796,0.6659438790168433,0.7048065295417341,2.0,0
371.5227232210516,seasonal,0.0965715323789027,0.6659438790168433,0.762515411395746,12.0,0
371.4950822224417,seasonal,0.030071589002204746,0.6599100317467526,0.6899816207489573,12.0,0
371.8026831897897,seasonal,0.06638438027687243,0.3190807107927397,0.38546509106961213,12.0,0
371.08391064608264,seasonal,0.3090859764031961,0.9736079806575129,1.282693957060709,12.0,0
210.23497723607755,emergency,161.39756620201905,0.7177220910631077,162.11528829308216,4.0,1
369.106946958113,routine,2.648861298274653,0.6599100317467526,3.308771330021406,24.0,0
210.54016683093994,emergency,161.78474556209318,0.3190807107927397,162.10382627288593,4.0,1
210.4116129530403,emergency,161.5850324664069,0.6599100317467526,162.24494249815365,4.0,1
369.38238248917776,routine,2.6091690489670327,0.9736079806575129,3.5827770296245456,24.0,0
372.024698541571,seasonal,0.39832173647613445,0.3513634158531591,0.7496851523292936,12.0,0
210.4399114364414,emergency,161.65143980343922,0.6659438790168433,162.31738368245607,4.0,1
210.64972744857644,emergency,161.78524173778632,0.6659438790168433,162.45118561680317,4.0,1
371.29216532783323,routine,1.8799845270247033,0.4353805806418104,2.315365107666514,24.0,0
369.6079623452583,routine,3.316912581403301,0.668926378609784,3.985838960013085,24.0,0
370.23309964549765,routine,2.8384389211354915,0.7177220910631077,3.556161012198599,24.0,0
372.62314058737314,critical,0.7153410643213078,0.6396923088485589,1.3550333731698667,2.0,0
371.3012155455974,routine,2.0776253154714936,0.7177220910631077,2.795347406534601,24.0,0
210.84859232501844,emergency,162.55065612833982,0.6396923088485589,163.1903484371884,4.0,1
371.45215450648743,routine,2.2613044389411243,0.4353805806418104,2.696685019582935,24.0,0
370.9700224943032,routine,2.190887105949173,0.6659438790168433,2.8568309849660163,24.0,0
210.86681172604122,emergency,162.6007701689346,1.0255029253980703,163.62627309433265,4.0,1
210.90395172322104,emergency,163.1784708480434,0.3513634158531591,163.52983426389656,4.0,1
371.5138877000559,routine,2.2837089521868847,0.6599100317467526,2.9436189839336375,24.0,0
373.8193280265984,critical,0.2550554909614675,0.6599100317467526,0.9149655227082201,2.0,0
374.0596323291754,seasonal,0.30724198100318745,0.6396923088485589,0.9469342898517463,12.0,0
374.1444181595519,seasonal,0.4176889537816919,0.6599100317467526,1.0775989855284445,12.0,0
374.6972823850992,critical,0.38188894776163806,0.3190807107927397,0.7009696585543778,2.0,0
372.0188396219477,routine,2.9866200742868614,0.3513634158531591,3.3379834901400205,24.0,0
374.51613865366977,critical,0.26044624882297285,0.4353805806418104,0.6958268294647832,2.0,0
375.5375743674101,critical,0.012430542333618178,0.4353805806418104,0.4478111229754286,2.0,0
372.0891316946488,routine,3.0905189238419553,0.3190807107927397,3.409599634634695,24.0,0
375.0946035363117,seasonal,0.025758442836604445,0.6396923088485589,0.6654507516851633,12.0,0
211.10339596449103,emergency,164.11738798846983,0.3190807107927397,164.43646869926258,4.0,1
375.38761359002234,seasonal,0.3560229108380213,0.3513634158531591,0.7073863266911804,12.0,0
374.4981732588265,seasonal,0.17266567647050124,1.0255029253980703,1.1981686018685715,12.0,0
372.61127676828124,routine,2.750355458484478,0.6659438790168433,3.416299337501321,24.0,0
374.7441655152693,critical,0.4581155234012044,0.668926378609784,1.1270419020109883,2.0,0
211.22268617804187,emergency,164.8245290171338,0.7177220910631077,165.54225110819692,4.0,1
375.61749377003815,seasonal,0.3071663380071641,1.0255029253980703,1.3326692634052344,12.0,0
376.3840040423772,critical,0.20183198047010364,0.4353805806418104,0.637212561111914,2.0,0
375.8779240455048,seasonal,0.37330454094626475,0.6396923088485589,1.0129968497948236,12.0,0
211.29811254499896,emergency,165.39692585567292,0.6659438790168433,166.06286973468977,4.0,1
376.20687877825026,seasonal,0.4834143489589451,0.6396923088485589,1.123106657807504,12.0,0
375.9521240385876,seasonal,0.6861442091355912,0.6396923088485589,1.32583651798415,12.0,0
376.69143173945315,seasonal,0.07101964059324928,0.6659438790168433,0.7369635196100925,12.0,0
376.55601385241977,seasonal,0.14711457645518067,1.0255029253980703,1.172617501853251,12.0,0
211.34640648868395,emergency,165.50794507674834,0.3513634158531591,165.8593084926015,4.0,1
376.4417313811651,critical,0.1873402537092943,0.9736079806575129,1.1609482343668072,2.0,0
377.1529469960858,critical,0.5262527925922313,0.6599100317467526,1.186162824338984,2.0,0
372.73432120160294,routine,4.118609280102021,0.9736079806575129,5.092217260759534,24.0,0
377.03889380323653,critical,0.3640364939249139,0.668926378609784,1.0329628725346978,2.0,0
373.7994917821956,routine,4.004714172975184,0.6599100317467526,4.664624204721937,24.0,0
373.77889798728006,routine,3.8565739146690703,0.9736079806575129,4.830181895326583,24.0,0
377.73703294656224,critical,0.36937176158517104,0.7177220910631077,1.0870938526482787,2.0,0
378.0963841467723,seasonal,0.15084030789188319,0.6599100317467526,0.8107503396386357,12.0,0
378.10806456803647,critical,0.5351991013156976,0.3513634158531591,0.8865625171688567,2.0,0
374.7312414853213,routine,3.545175671162383,0.4353805806418104,3.9805562518041935,24.0,0
374.4853797755585,routine,3.7696634326513276,0.7919122426127785,4.561575675264106,24.0,0
375.49705675919165,routine,2.9839695563717896,0.7919122426127785,3.7758817989845683,24.0,0
378.9464940977,seasonal,0.08301976452457893,0.4353805806418104,0.5184003451663893,12.0,0
377.9926818733929,critical,0.6093239254698801,0.7177220910631077,1.3270460165329878,2.0,0
375.9515654954562,routine,3.3406215982910794,0.6659438790168433,4.006565477307923,24.0,0
211.47597289251416,emergency,167.73572151796225,0.4353805806418104,168.17110209860405,4.0,1
376.0183478907045,routine,3.3975149484772373,0.3513634158531591,3.7488783643303965,24.0,0
211.44689716747325,emergency,167.51462897656967,0.9736079806575129,168.48823695722717,4.0,1
376.15291430055424,routine,3.504879103245287,0.6599100317467526,4.16478913499204,24.0,0
376.4890003682576,routine,3.5111343818665546,0.3513634158531591,3.8624977977197137,24.0,0
211.52607843920552,emergency,167.93814678964307,0.6396923088485589,168.57783909849164,4.0,1
211.7008166387478,emergency,168.06008190556892,0.6599100317467526,168.71999193731568,4.0,1
377.66741986528234,routine,2.51071985337785,0.6396923088485589,3.150412162226409,24.0,0
377.51411004765276,routine,2.646881598272387,0.6599100317467526,3.3067916300191396,24.0,0
378.03139519719866,routine,3.037630294756582,0.3190807107927397,3.3567110055493217,24.0,0
380.2970893932924,seasonal,0.18405622017354517,0.4353805806418104,0.6194368008153556,12.0,0
378.2274991060157,routine,2.8877619112989237,0.6659438790168433,3.553705790315767,24.0,0
380.6133301207798,seasonal,0.2147063096479087,0.7919122426127785,1.0066185522606872,12.0,0
211.81237900492602,emergency,168.88517200825999,0.7177220910631077,169.6028940993231,4.0,1
377.7000426480935,routine,3.231836624226844,0.7919122426127785,4.023748866839623,24.0,0
211.9202075508859,emergency,169.0812458594894,0.3190807107927397,169.40032657028215,4.0,1
211.85415543581374,emergency,168.99789452610926,0.6396923088485589,169.63758683495783,4.0,1
211.93004191414096,emergency,169.2728960804818,0.6659438790168433,169.93883995949864,4.0,1
212.04380339486613,emergency,169.27769958049208,0.9736079806575129,170.2513075611496,4.0,1
378.3004158150441,routine,3.841771080560136,0.3190807107927397,4.160851791352876,24.0,0
379.85438593945366,routine,2.7155944066361712,0.3513634158531591,3.0669578224893304,24.0,0
378.4236099379391,routine,3.7933333618839242,0.4353805806418104,4.228713942525735,24.0,0
381.4395107727998,seasonal,0.09101589110798614,1.0255029253980703,1.1165188165060564,12.0,0
212.05779167247417,emergency,170.57406355537935,0.6659438790168433,171.2400074343962,4.0,1
212.28170761579324,emergency,170.615385939591,0.4353805806418104,171.0507665202328,4.0,1
378.60912637110306,routine,3.6281227810197834,0.9736079806575129,4.601730761677296,24.0,0
379.7604028124978,routine,2.744934688601859,0.6659438790168433,3.410878567618702,24.0,0
381.4092468342197,critical,1.1898327887981281,0.3513634158531591,1.5411962046512873,2.0,0
382.6198060078269,seasonal,0.009128784472693496,1.0255029253980703,1.0346317098707638,12.0,0
212.2232928475871,emergency,170.65343802233107,0.6659438790168433,171.31938190134792,4.0,1
212.34736321249704,emergency,170.74630839355103,0.4353805806418104,171.18168897419284,4.0,1
380.0118699136359,routine,3.5270470989552223,0.4353805806418104,3.962427679597033,24.0,0
380.68851284965166,routine,3.011078662162163,0.3190807107927397,3.3301593729549026,24.0,0
382.80467015273217,seasonal,0.2941427899314135,0.9736079806575129,1.2677507705889264,12.0,0
380.78556742876134,routine,2.958235057917477,0.7177220910631077,3.6759571489805847,24.0,0
212.39858198203112,emergency,171.581572309957,0.3190807107927397,171.90065302074976,4.0,1
383.9866721505356,seasonal,0.1618844276762843,0.4353805806418104,0.5972650083180947,12.0,0
212.57716860754908,emergency,171.50760611343907,0.6599100317467526,172.16751614518583,4.0,1
381.25442657002617,routine,2.9757483356401053,0.7177220910631077,3.693470426703213,24.0,0
212.67830067800452,emergency,171.59495157529773,0.4353805806418104,172.03033215593953,4.0,1
212.7441127501124,emergency,171.8935888959687,0.3190807107927397,172.21266960676144,4.0,1
381.87788951927206,routine,3.023041255940825,0.4353805806418104,3.4584218365826356,24.0,0
381.86815054418855,routine,2.71715688941606,0.9736079806575129,3.690764870073573,24.0,0
212.95455276764778,emergency,171.79876739536832,0.7177220910631077,172.51648948643142,4.0,1
385.2607053124126,seasonal,0.07707324782120395,0.4353805806418104,0.5124538284630143,12.0,0
382.7977972124684,routine,2.597107672198945,0.6599100317467526,3.2570177039456976,24.0,0
382.7004861314451,routine,2.638937215382896,0.7919122426127785,3.4308494579956745,24.0,0
382.35606831735,routine,2.8833284848196286,0.9736079806575129,3.8569364654771414,24.0,0
212.9712637350202,emergency,172.37585027796493,0.6659438790168433,173.04179415698178,4.0,1
213.10241260445207,emergency,172.56066717663703,0.4353805806418104,172.99604775727883,4.0,1
383.7974969272923,routine,1.918887570915615,0.6599100317467526,2.578797602662368,24.0,0
213.12376374430437,emergency,172.79590238275404,0.668926378609784,173.46482876136383,4.0,1
213.3108790439264,emergency,173.0496045849923,1.0255029253980703,174.07510751039035,4.0,1
383.9203237610281,routine,2.2527916835290966,0.7919122426127785,3.0447039261418753,24.0,0
213.30369454411115,emergency,172.8525090589093,1.0255029253980703,173.87801198430736,4.0,1
213.51807011653003,emergency,173.89804285550971,0.3190807107927397,174.21712356630246,4.0,1
213.511076977366,emergency,173.8620331933943,0.4353805806418104,174.2974137740361,4.0,1
213.5503061577983,emergency,174.3070633476938,0.3190807107927397,174.62614405848655,4.0,1
213.67999510993587,emergency,174.4002356681043,0.3513634158531591,174.75159908395747,4.0,1
213.74979506036027,emergency,174.79992789824234,0.3513634158531591,175.15129131409552,4.0,1
214.5909219181935,emergency,174.28997853910442,0.4353805806418104,174.72535911974623,4.0,1
214.04976274299426,emergency,174.82667429121793,0.4353805806418104,175.26205487185973,4.0,1
215.18732147186302,emergency,173.80195958055992,0.6599100317467526,174.46186961230669,4.0,1
389.3108938499277,routine,0.0,0.3190807107927397,0.3190807107927397,24.0,0
389.4211804555164,routine,0.0,0.668926378609784,0.668926378609784,24.0,0
389.43272387140695,routine,0.0,0.6659438790168433,0.6659438790168433,24.0,0
215.66906148316596,emergency,174.46085720120251,0.3513634158531591,174.8122206170557,4.0,1
389.3312341316885,seasonal,0.0,0.6396923088485589,0.6396923088485589,12.0,0
215.31123152450678,emergency,174.38373442437043,0.7919122426127785,175.1756466669832,4.0,1
216.54382781025802,emergency,173.89784391305713,0.4353805806418104,174.33322449369894,4.0,1
215.64617379103274,emergency,174.2404558452416,0.6599100317467526,174.90036587698836,4.0,1
390.3650632895236,seasonal,0.0,0.4353805806418104,0.4353805806418104,12.0,0
216.1901073408011,emergency,174.14451398185338,0.9736079806575129,175.11812196251088,4.0,1
390.69805762791117,seasonal,0.0,0.9736079806575129,0.9736079806575129,12.0,0
217.0938638107787,emergency,174.3883991590463,0.3513634158531591,174.73976257489946,4.0,1
390.9310825206859,routine,0.0,0.6396923088485589,0.6396923088485589,24.0,0
391.34148433216416,routine,0.0,0.6396923088485589,0.6396923088485589,24.0,0
391.6265960256011,critical,0.02077667037286801,0.4353805806418104,0.4561572510146784,2.0,0
391.3105681697883,critical,0.02490418565452046,0.7177220910631077,0.7426262767176282,2.0,0
216.77052363387284,emergency,174.33432174903245,0.7919122426127785,175.12623399164522,4.0,1
391.43703433792234,seasonal,0.0,0.668926378609784,0.668926378609784,12.0,0
391.70724522384484,seasonal,0.0,0.6659438790168433,0.6659438790168433,12.0,0
392.10890126308726,seasonal,0.0,0.3190807107927397,0.3190807107927397,12.0,0
391.36231132442884,routine,0.0,0.6659438790168433,0.6659438790168433,24.0,0
392.1708560497043,critical,0.12010711572361288,0.4353805806418104,0.5554876963654233,2.0,0
392.44250183343763,critical,0.3911208414362477,0.4353805806418104,0.8265014220780581,2.0,0
392.6885281574099,routine,0.0,0.7919122426127785,0.7919122426127785,24.0,0
392.78438769481437,routine,0.0,0.6659438790168433,0.6659438790168433,24.0,0
392.36179085221994,critical,0.11595625716341829,0.7919122426127785,0.9078684997761968,2.0,0
393.20262207947786,routine,0.13423274441379363,0.3513634158531591,0.48559616026695274,24.0,0
392.43982252469056,critical,0.3566147320642017,0.7177220910631077,1.0743368231273094,2.0,0
393.09489031624696,routine,0.16450076120332824,0.3190807107927397,0.48358147199606794,24.0,0
393.00179542011597,seasonal,0.0993586950230565,0.6599100317467526,0.759268726769809,12.0,0
217.22002920617462,emergency,175.62412693647758,0.7919122426127785,176.41603917909035,4.0,1
392.82335049507117,routine,0.3260882344124525,0.6659438790168433,0.9920321134292958,24.0,0
392.8039095706689,routine,0.0,1.0255029253980703,1.0255029253980703,24.0,0
217.45172220264985,emergency,176.17516592561148,0.6396923088485589,176.81485823446005,4.0,1
394.3949054110891,seasonal,0.19266564508154715,0.3513634158531591,0.5440290609347063,12.0,0
394.18752673451354,seasonal,0.10443837638854347,0.3190807107927397,0.42351908718128317,12.0,0
393.849512120195,seasonal,0.3928136187072937,0.6396923088485589,1.0325059275558526,12.0,0
393.7722318778501,critical,0.2530103611777008,0.668926378609784,0.9219367397874848,2.0,0
394.210627033621,critical,0.1319144036929174,0.6659438790168433,0.7978582827097607,2.0,0
394.60992397455516,seasonal,0.21209940273701022,0.668926378609784,0.8810257813467942,12.0,0
394.8107031660664,seasonal,0.02973723478254442,0.3513634158531591,0.38110065063570353,12.0,0
217.72184587194982,emergency,177.1248256812495,0.7919122426127785,177.91673792386226,4.0,1
395.03832716265714,routine,0.05789643018846391,0.7177220910631077,0.7756185212515716,24.0,0
393.46615038823387,routine,1.621726479853919,0.668926378609784,2.290652858463703,24.0,0
217.6133047388761,emergency,177.18085251180068,0.6659438790168433,177.84679639081753,4.0,1
217.97295344652647,emergency,177.54507799182156,0.3513634158531591,177.89644140767473,4.0,1
395.35274416162684,seasonal,0.2567081684789514,0.3513634158531591,0.6080715843321105,12.0,0
395.1782434756702,routine,0.43174123202970804,0.4353805806418104,0.8671218126715184,24.0,0
218.56299160611562,emergency,177.18189079278247,0.7919122426127785,177.97380303539524,4.0,1
218.36271310967538,emergency,177.29001154310436,0.6659438790168433,177.9559554221212,4.0,1
395.2005113394005,seasonal,0.40286586189267837,0.6659438790168433,1.0688097409095216,12.0,0
395.47389187893384,routine,0.7910418439323621,0.4353805806418104,1.2264224245741726,24.0,0
396.0341071564033,seasonal,0.18297693043240315,0.9736079806575129,1.156584911089916,12.0,0
395.7906596796664,routine,0.8167210119985953,0.3513634158531591,1.1680844278517544,24.0,0
221.80475810542598,emergency,174.47215861132688,0.7177220910631077,175.18988070238998,4.0,1
221.88318089796607,emergency,175.00846385786352,0.3513634158531591,175.3598272737167,4.0,1
396.55864031931236,critical,0.2770548590203816,0.3190807107927397,0.5961355698131213,2.0,0
395.7687418198708,routine,0.8312769731633693,0.4353805806418104,1.2666575538051799,24.0,0
396.4468129402341,routine,0.6964907410013552,0.3513634158531591,1.0478541568545143,24.0,0
396.0709220680661,routine,1.0204899416544322,0.3513634158531591,1.3718533575075913,24.0,0
222.0933106831094,emergency,175.30059818435126,0.7177220910631077,176.01832027541437,4.0,1
396.9634040466263,routine,0.5170734791509517,0.6599100317467526,1.1769835108977043,24.0,0
222.12836802168,emergency,175.27552745762182,1.0255029253980703,176.30103038301988,4.0,1
397.8139069161985,routine,0.11510176343176681,0.668926378609784,0.7840281420415508,24.0,0
398.0590819723347,seasonal,0.013555102191276092,0.668926378609784,0.6824814808010601,12.0,0
397.6263346630997,routine,0.253060729350409,0.6599100317467526,0.9129707610971616,24.0,0
398.2375219790454,routine,0.15513670102291144,0.6396923088485589,0.7948290098714703,24.0,0
222.52585052046584,emergency,175.61184649721207,0.668926378609784,176.28077287582187,4.0,1
222.74149845072975,emergency,175.4128802687547,0.3513634158531591,175.76424368460786,4.0,1
398.83969565917283,routine,0.0,0.4353805806418104,0.4353805806418104,24.0,0
397.92928825079684,routine,0.39054246212538146,0.3190807107927397,0.7096231729181212,24.0,0
222.44546165240226,emergency,175.65075929600036,1.0255029253980703,176.67626222139842,4.0,1
398.92265451875994,routine,0.12930376843280555,0.6396923088485589,0.7689960772813644,24.0,0
223.0681791443163,emergency,176.31373890036852,0.3190807107927397,176.63281961116127,4.0,1
222.99164012125706,emergency,175.93608804324427,0.7177220910631077,176.65381013430738,4.0,1
399.1059271368405,routine,0.40980553660091346,0.6659438790168433,1.0757494156177567,24.0,0
399.07331160425787,seasonal,0.43479688584244514,0.4353805806418104,0.8701774664842555,12.0,0
399.468817007794,routine,0.5266796793533786,0.3513634158531591,0.8780430952065377,24.0,0
223.31344824532349,emergency,176.42249203328478,0.4353805806418104,176.8578726139266,4.0,1
399.3209943700772,routine,0.22029195438091165,0.6599100317467526,0.8802019861276642,24.0,0
399.6689617282706,seasonal,0.052823709189624424,0.7177220910631077,0.7705458002527321,12.0,0
223.38562736202914,emergency,176.35904837285244,0.7177220910631077,177.07677046391555,4.0,1
399.3514045829587,routine,0.5373578566737933,0.668926378609784,1.2062842352835772,24.0,0
223.44099887866795,emergency,176.89815596886913,0.6659438790168433,177.56409984788598,4.0,1
399.811848786826,critical,0.4906920556733212,0.6396923088485589,1.13038436452188,2.0,0
399.6147610234078,routine,0.713267278471676,0.668926378609784,1.38219365708146,24.0,0
223.6588458476009,emergency,176.96591589160198,0.6599100317467526,177.62582592334874,4.0,1
400.5532054998785,seasonal,0.6169490929033259,0.4353805806418104,1.0523296735451364,12.0,0
401.15127011853696,seasonal,0.1702831501791593,0.3513634158531591,0.5216465660323184,12.0,0
400.1664840432036,routine,1.1572236122317463,0.3190807107927397,1.476304323024486,24.0,0
223.9173567026556,emergency,177.41338841347047,0.4353805806418104,177.84876899411228,4.0,1
400.79465200362705,routine,0.7352285300341919,0.6599100317467526,1.3951385617809444,24.0,0
401.58710784954997,seasonal,0.1305952336683731,0.7177220910631077,0.8483173247314808,12.0,0
224.0866132682008,emergency,177.836308581907,0.6599100317467526,178.49621861365375,4.0,1
400.18690753991814,routine,1.3182684370316338,0.668926378609784,1.9871948156414176,24.0,0
401.39079549240614,critical,0.2868928428682125,0.6396923088485589,0.9265851517167714,2.0,0
401.94596950457384,critical,0.007213459295428493,0.9736079806575129,0.9808214399529414,2.0,0
224.40325564905564,emergency,177.9082449429737,0.668926378609784,178.5771713215835,4.0,1
401.9428028260989,seasonal,0.12465386503032505,0.4353805806418104,0.5600344456721355,12.0,0
402.59196112462655,seasonal,0.3486710874108212,0.3190807107927397,0.6677517982035609,12.0,0
402.02547277885094,seasonal,0.44939084092158055,0.3190807107927397,0.7684715517143202,12.0,0
402.47049814857775,seasonal,0.10014728893639813,0.3513634158531591,0.45151070478955724,12.0,0
224.52678905978485,emergency,178.11512953322887,0.4353805806418104,178.55051011387067,4.0,1
402.87034487266646,seasonal,0.21279333964884017,0.3513634158531591,0.5641567555019993,12.0,0
402.2340477263582,seasonal,0.2962813419570125,0.6599100317467526,0.9561913737037651,12.0,0
224.68488724097386,emergency,178.561265304239,0.6659438790168433,179.22720918325584,4.0,1
403.2446360217626,seasonal,0.12556717179114685,0.4353805806418104,0.5609477524329572,12.0,0
403.92904047328904,seasonal,0.09658688432170948,0.6599100317467526,0.756496916068462,12.0,0
224.85889976441166,emergency,178.79840474680537,0.3513634158531591,179.14976816265855,4.0,1
224.87672570399164,emergency,178.81551254050444,1.0255029253980703,179.8410154659025,4.0,1
403.9134061288646,seasonal,0.030110675657397223,0.3190807107927397,0.3491913864501369,12.0,0
404.1066886276436,seasonal,0.051855032670232504,0.4353805806418104,0.4872356133120429,12.0,0
401.1731868552511,routine,2.604719567181178,0.6659438790168433,3.270663446198021,24.0,0
225.02171977953046,emergency,178.74908557584885,0.6599100317467526,179.4089956075956,4.0,1
225.09525440391087,emergency,178.9786432372503,0.9736079806575129,179.95225121790781,4.0,1
401.25877649212816,routine,2.768117128553797,1.0255029253980703,3.7936200539518676,24.0,0
401.44821646274283,routine,3.06212527381723,0.7919122426127785,3.854037516430009,24.0,0
404.09878372888465,critical,0.6249916329742291,0.668926378609784,1.293918011584013,2.0,0
404.7266706260019,seasonal,0.21733466902617238,1.0255029253980703,1.2428375944242427,12.0,0
401.7827154640945,routine,3.970171572230413,0.4353805806418104,4.4055521528722235,24.0,0
405.12754122204615,seasonal,0.2339737052452051,0.6396923088485589,0.873666014093764,12.0,0
404.8308341532212,critical,0.7453251478324319,0.6599100317467526,1.4052351795791844,2.0,0
405.3549340771465,seasonal,0.22418587837694304,0.6599100317467526,0.8840959101236956,12.0,0
226.83906770495676,emergency,178.97011053808924,0.7177220910631077,179.68783262915235,4.0,1
401.47903082545764,routine,4.2227366649314035,0.6396923088485589,4.862428973779963,24.0,0
404.34068946493335,critical,1.0369687294654,0.7919122426127785,1.8288809720781785,2.0,0
226.86107280251755,emergency,178.97563882613647,0.9736079806575129,179.94924680679398,4.0,1
402.0870125019305,routine,4.307997034367702,0.9736079806575129,5.281605015025215,24.0,0
402.01043620805854,routine,4.081826986396209,1.0255029253980703,5.107329911794279,24.0,0
227.01026504052086,emergency,179.64285412308882,0.6396923088485589,180.2825464319374,4.0,1
402.6655985810558,routine,4.488579946018319,0.3190807107927397,4.807660656811059,24.0,0
402.25281649989,routine,4.872526568884496,0.3513634158531591,5.223889984737655,24.0,0
407.2640812060429,seasonal,0.027352302116071314,0.4353805806418104,0.4627328827578817,12.0,0
227.17760110503673,emergency,180.15817792217274,0.4353805806418104,180.59355850281455,4.0,1
227.22438856946948,emergency,180.19575679169154,0.6599100317467526,180.8556668234383,4.0,1
406.74298611637187,critical,0.519676023263969,0.6659438790168433,1.1856199022808123,2.0,0
227.53997117810684,emergency,180.20624261157184,0.3190807107927397,180.52532332236459,4.0,1
403.6659612100537,routine,3.727142781923078,0.6659438790168433,4.393086660939922,24.0,0
403.0078252886195,routine,4.25096220040183,1.0255029253980703,5.2764651257999,24.0,0
227.64398305768694,emergency,180.59917321711433,0.4353805806418104,181.03455379775613,4.0,1
407.4502688230451,seasonal,0.6899408210820752,0.6599100317467526,1.3498508528288278,12.0,0
407.59554044583786,seasonal,0.6097567035549787,0.9736079806575129,1.5833646842124915,12.0,0
229.38330649248041,emergency,179.6458884147874,0.3190807107927397,179.96496912558015,4.0,1
403.7805502398289,routine,4.536471234663679,0.668926378609784,5.205397613273464,24.0,0
405.03284139723326,routine,3.8804336013008083,0.668926378609784,4.549359979910593,24.0,0
404.15878439990735,routine,4.186900076271456,0.9736079806575129,5.160508056928969,24.0,0
230.16480109576614,emergency,179.0349214803555,0.6396923088485589,179.67461378920407,4.0,1
408.97014595080714,seasonal,0.43921838368231647,0.6659438790168433,1.1051622626991597,12.0,0
229.58466701043244,emergency,179.5301977851887,0.668926378609784,180.1991241637985,4.0,1
230.3089867493819,emergency,179.09799208652677,0.7177220910631077,179.81571417758988,4.0,1
406.3522944338546,routine,3.1055129848685397,0.6599100317467526,3.7654230166152924,24.0,0
407.731131697868,routine,2.4643787228661154,0.7177220910631077,3.182100813929223,24.0,0
406.7168379960386,routine,3.29644097038846,0.6659438790168433,3.962384849405303,24.0,0
406.36613325162506,routine,3.460560798130814,0.6396923088485589,4.100253106979373,24.0,0
230.61826696505918,emergency,179.04292689199914,0.7919122426127785,179.8348391346119,4.0,1
230.7449389022977,emergency,179.28725744901652,0.6396923088485589,179.9269497578651,4.0,1
407.2541808271917,routine,2.8920208071088496,0.6599100317467526,3.5519308388556023,24.0,0
410.33504114302605,seasonal,0.0023686528279540653,0.3513634158531591,0.3537320686811132,12.0,0
231.14993220703138,emergency,180.0082548316338,0.3513634158531591,180.35961824748696,4.0,1
230.8613153534719,emergency,179.76627487852826,0.7177220910631077,180.48399696959137,4.0,1
410.0848176242865,routine,0.598391648563279,0.6599100317467526,1.2583016803100315,24.0,0
231.04214696494742,emergency,179.75991417523792,0.7177220910631077,180.47763626630103,4.0,1
231.179016245457,emergency,180.6352098434016,0.6659438790168433,181.30115372241846,4.0,1
231.51310071034538,emergency,180.6636610459978,0.6599100317467526,181.32357107774456,4.0,1
412.54393119109125,seasonal,0.0,0.3513634158531591,0.3513634158531591,12.0,0
231.3362950798421,emergency,180.5089944275852,0.6599100317467526,181.16890445933197,4.0,1
231.5153443816836,emergency,180.6684777566106,0.6599100317467526,181.32838778835736,4.0,1
412.5031719886663,critical,0.05944393681176052,0.4353805806418104,0.4948245174535709,2.0,0
412.74723392001863,critical,0.8337887253552481,0.9736079806575129,1.807396706012761,2.0,0
231.86041465625055,emergency,182.01472887607622,0.6396923088485589,182.6544211849248,4.0,1
232.20395486402103,emergency,181.6711933870259,0.6599100317467526,182.33110341877267,4.0,1
231.82342925539115,emergency,181.97130586925294,0.7177220910631077,182.68902796031605,4.0,1
414.27320129597285,routine,0.0,1.0255029253980703,1.0255029253980703,24.0,0
232.22271440100977,emergency,182.0853859029427,0.6599100317467526,182.74529593468947,4.0,1
414.69444166186696,seasonal,0.0,0.7919122426127785,0.7919122426127785,12.0,0
414.76788518017804,critical,0.7160754400720748,0.3513634158531591,1.067438855925234,2.0,0
414.57634545870707,critical,0.6095527828614422,0.6599100317467526,1.2694628146081948,2.0,0
415.1353482596374,routine,0.0,0.6599100317467526,0.6599100317467526,24.0,0
232.305760828845,emergency,183.17846911333368,0.6599100317467526,183.83837914508044,4.0,1
232.40633027615462,emergency,183.28165391988006,0.9736079806575129,184.25526190053756,4.0,1
415.87820303720895,routine,0.0,0.668926378609784,0.668926378609784,24.0,0
415.7574179068804,routine,0.0,0.7919122426127785,0.7919122426127785,24.0,0
415.8658803814783,routine,0.0,0.6599100317467526,0.6599100317467526,24.0,0
232.4290371304276,emergency,183.81538223018921,0.7177220910631077,184.53310432125232,4.0,1
232.65287188419234,emergency,184.00938404965638,0.6659438790168433,184.67532792867323,4.0,1
416.99320465879333,routine,0.0,0.3513634158531591,0.3513634158531591,24.0,0
416.4410410038072,seasonal,0.0,0.6599100317467526,0.6599100317467526,12.0,0
232.48574614225174,emergency,184.1267295142428,0.6599100317467526,184.78663954598957,4.0,1
416.32387328217624,routine,0.0,0.7919122426127785,0.7919122426127785,24.0,0
232.6940758887851,emergency,184.59806022791793,0.6659438790168433,185.26400410693478,4.0,1
416.8561347121167,critical,0.04492812966657311,1.0255029253980703,1.0704310550646434,2.0,0
232.92511621820577,emergency,185.0445812108048,0.6599100317467526,185.70449124255157,4.0,1
417.753996571177,routine,0.0,0.6659438790168433,0.6659438790168433,24.0,0
232.70803075766108,emergency,185.1087137800229,1.0255029253980703,186.13421670542095,4.0,1
417.5983680821348,seasonal,0.0,1.0255029253980703,1.0255029253980703,12.0,0
233.06839356985188,emergency,185.12286704163978,0.6599100317467526,185.78277707338654,4.0,1
233.06933818727376,emergency,185.51266001194048,0.6659438790168433,186.17860389095733,4.0,1
418.8143014320797,seasonal,0.0,0.7177220910631077,0.7177220910631077,12.0,0
418.8605888316676,seasonal,0.0,0.3190807107927397,0.3190807107927397,12.0,0
418.6541273617374,routine,0.0,0.4353805806418104,0.4353805806418104,24.0,0
418.8924804224319,critical,0.3616343503431949,0.3513634158531591,0.712997766196354,2.0,0
418.4392326997775,routine,0.0,1.0255029253980703,1.0255029253980703,24.0,0
233.07558192306638,emergency,185.80864639544833,0.6659438790168433,186.47459027446519,4.0,1
419.6609033289992,seasonal,0.0,0.3190807107927397,0.3190807107927397,12.0,0
419.74350986456795,routine,0.0,0.3190807107927397,0.3190807107927397,24.0,0
233.17178258006504,emergency,186.97578294146155,0.4353805806418104,187.41116352210335,4.0,1
233.12690696779117,emergency,186.9469669400799,0.3190807107927397,187.26604765087265,4.0,1
419.0339834619336,critical,0.6965498154073089,0.6659438790168433,1.3624936944241521,2.0,0
419.836988748428,routine,0.14713471313206128,0.4353805806418104,0.5825152937738717,24.0,0
233.31227262836975,emergency,187.11031221799558,0.4353805806418104,187.5456927986374,4.0,1
420.14463277365843,seasonal,0.15062667866192214,1.0255029253980703,1.1761296040599925,12.0,0
420.2531505968771,seasonal,0.07686465921580066,0.4353805806418104,0.5122452398576111,12.0,0
420.40509725585406,routine,0.38945132529408966,0.7177220910631077,1.1071734163571973,24.0,0
420.58691415573566,critical,0.31064273019467237,0.7919122426127785,1.1025549728074509,2.0,0
420.2354476443111,routine,0.1566097952119776,0.9736079806575129,1.1302177758694905,24.0,0
421.00309168267694,seasonal,0.3927356548153398,0.4353805806418104,0.8281162354571502,12.0,0
420.88983304873364,seasonal,0.4120605076856805,0.668926378609784,1.0809868862954644,12.0,0
233.38719025558308,emergency,188.07817178988884,0.6599100317467526,188.7380818216356,4.0,1
233.6891303978045,emergency,188.1949975149176,0.4353805806418104,188.6303780955594,4.0,1
233.47567169173897,emergency,187.99215886220554,0.3190807107927397,188.3112395729983,4.0,1
421.46534170171486,seasonal,0.5841408463120956,0.3513634158531591,0.9355042621652547,12.0,0
421.09160471464367,seasonal,0.6798981397486159,0.4353805806418104,1.1152787203904264,12.0,0
421.4164347399876,seasonal,0.6138692524744442,0.3513634158531591,0.9652326683276033,12.0,0
233.50467982969465,emergency,187.9729597113836,0.9736079806575129,188.9465676920411,4.0,1
422.2404485677226,seasonal,0.1077382746063904,0.6599100317467526,0.767648306353143,12.0,0
422.4801364223218,seasonal,0.1000237220029021,0.668926378609784,0.7689501006126861,12.0,0
420.7959232652763,routine,2.07278900538995,0.6659438790168433,2.7387328844067933,24.0,0
422.17801655369794,critical,0.31834841202640973,0.6659438790168433,0.984292291043253,2.0,0
233.7809103908856,emergency,189.15976366237925,0.6599100317467526,189.819673694126,4.0,1
422.9681424288989,seasonal,0.5172235375879382,0.3513634158531591,0.8685869534410973,12.0,0
422.63131658968763,seasonal,0.1495500520765063,0.6599100317467526,0.8094600838232588,12.0,0
422.96047997781807,critical,0.022714073891563658,0.4353805806418104,0.45809465453337406,2.0,0
422.88188826032007,seasonal,0.3182671861010249,0.4353805806418104,0.7536477667428353,12.0,0
423.33546338027236,seasonal,0.6131124431856847,0.3190807107927397,0.9321931539784244,12.0,0
233.89523314828583,emergency,189.1847764125108,0.9736079806575129,190.1583843931683,4.0,1
423.059691263878,seasonal,0.48318957119943207,0.7177220910631077,1.2009116622625398,12.0,0
423.62445168254703,seasonal,0.7186232431504891,0.3190807107927397,1.037703953943229,12.0,0
423.99315484199474,critical,0.47773959559515333,0.3190807107927397,0.796820306387893,2.0,0
423.6727833578699,seasonal,0.6927317536620308,0.6599100317467526,1.3526417854087833,12.0,0
423.56005590418334,critical,0.23020856513534227,0.6396923088485589,0.8699008739839011,2.0,0
424.1737395205618,seasonal,0.4369295515157319,0.6659438790168433,1.1028734305325751,12.0,0
234.0171414653896,emergency,190.68880703943643,0.4353805806418104,191.12418762007823,4.0,1
424.0896194068578,seasonal,0.43963490320260235,0.6659438790168433,1.1055787822194456,12.0,0
423.6392367819425,critical,0.7461128142564917,0.7919122426127785,1.5380250568692702,2.0,0
424.69347353022096,seasonal,0.21542101679114012,0.6659438790168433,0.8813648958079834,12.0,0
424.83180046051785,critical,0.20845935327690768,0.3513634158531591,0.5598227691300668,2.0,0
425.07519436351157,seasonal,0.14430990279504385,0.3513634158531591,0.49567331864820297,12.0,0
421.09639718232927,routine,3.9431185051720945,0.7919122426127785,4.735030747784873,24.0,0
425.2824832259462,critical,0.2467625527956443,0.7177220910631077,0.964484643858752,2.0,0
234.09374844412045,emergency,191.72019417276445,0.3190807107927397,192.0392748835572,4.0,1
422.1866245410864,routine,3.283497073128558,0.4353805806418104,3.7188776537703685,24.0,0
234.23382279591962,emergency,192.0258667007537,0.3190807107927397,192.34494741154646,4.0,1
423.0750638745187,routine,2.5745894018557465,0.6599100317467526,3.2344994336024993,24.0,0
423.7324011409612,routine,2.2419935186429143,0.3190807107927397,2.561074229435654,24.0,0
424.0801866217706,routine,2.2757927604374117,0.6599100317467526,2.9357027921841645,24.0,0
423.82329133238005,routine,2.4157884127002944,0.7919122426127785,3.207700655313073,24.0,0
234.21469299016758,emergency,191.986991038408,0.6599100317467526,192.64690107015477,4.0,1
426.2914142629083,critical,0.10971621492984696,0.4353805806418104,0.5450967955716574,2.0,0
425.34718014490073,routine,1.2070401891095912,0.4353805806418104,1.6424207697514017,24.0,0
425.42970444073,routine,1.429225532781686,0.4353805806418104,1.8646061134234966,24.0,0
425.6381425997805,routine,1.9544103099859171,0.3513634158531591,2.3057737258390762,24.0,0
234.34586714011178,emergency,192.85845557491146,0.6599100317467526,193.51836560665822,4.0,1
234.34013495049192,emergency,192.82482531202498,0.3190807107927397,193.14390602281773,4.0,1
234.4961428032126,emergency,192.86147032944712,0.6659438790168433,193.52741420846397,4.0,1
425.628878792369,routine,1.7900701733438495,0.7177220910631077,2.507792264406957,24.0,0
425.71357249882846,routine,2.0593563190992086,0.6659438790168433,2.725300198116052,24.0,0
426.87973970471506,seasonal,0.4016909365735728,0.7177220910631077,1.1194130276366805,12.0,0
234.81951219521778,emergency,193.26742792780317,0.6659438790168433,193.93337180682002,4.0,1
428.0770868220079,seasonal,0.16342019885428272,0.3190807107927397,0.4825009096470224,12.0,0
425.8550696590721,routine,2.5229218679888845,0.6659438790168433,3.188865747005728,24.0,0
235.5919467494659,emergency,193.08256547964643,0.4353805806418104,193.51794606028824,4.0,1
425.7872186766781,routine,2.2607058218585507,0.7919122426127785,3.0526180644713294,24.0,0
236.27867626610214,emergency,192.56666739083403,0.3513634158531591,192.9180308066872,4.0,1
235.54170822145707,emergency,192.62347376715124,1.0255029253980703,193.6489766925493,4.0,1
426.42185682464486,routine,2.1516044630957367,0.6599100317467526,2.8115144948424895,24.0,0
238.0132331331378,emergency,191.09823096229118,0.7177220910631077,191.8159530533543,4.0,1
428.7516157819102,seasonal,0.4537250696058095,0.7919122426127785,1.245637312218588,12.0,0
428.8668018839645,seasonal,0.4202541241861013,0.668926378609784,1.0891805027958852,12.0,0
428.80706571079133,seasonal,0.41410701481964907,0.9736079806575129,1.387714995477162,12.0,0
238.29614108967652,emergency,191.57306997360396,0.6659438790168433,192.23901385262081,4.0,1
429.2140736585783,seasonal,0.7727695865636406,0.6599100317467526,1.4326796183103931,12.0,0
238.20689015802097,emergency,191.3553594516612,0.7919122426127785,192.14727169427397,4.0,1
428.99986039924727,seasonal,0.7202347386017323,0.6396923088485589,1.3599270474502911,12.0,0
429.97064016250994,critical,0.11744585664439455,0.6396923088485589,0.7571381654929534,2.0,0
430.0104204205349,seasonal,0.6506617694051329,0.6599100317467526,1.3105718011518854,12.0,0
428.9555802501505,seasonal,0.6331083294286373,1.0255029253980703,1.6586112548267076,12.0,0
429.74524632549503,seasonal,0.5962125498178921,0.4353805806418104,1.0315931304597026,12.0,0
238.33321931976602,emergency,192.2675409456289,0.4353805806418104,192.7029215262707,4.0,1
238.32480086842415,emergency,191.94508488250446,0.7177220910631077,192.66280697356757,4.0,1
426.5301396464131,routine,4.754208892826682,0.4353805806418104,5.189589473468493,24.0,0
426.8390242252632,routine,4.624983259168403,0.3513634158531591,4.976346675021562,24.0,0
430.8519749067103,critical,0.29602544426387567,0.3190807107927397,0.6151061550566154,2.0,0
238.6350964319684,emergency,192.6769269084993,0.668926378609784,193.3458532871091,4.0,1
426.4254042175136,routine,4.638623982358354,0.6599100317467526,5.2985340141051065,24.0,0
430.3478999881017,seasonal,0.7018385060885066,0.668926378609784,1.3707648846982905,12.0,0
427.90373053632857,routine,4.131599033774535,0.3513634158531591,4.482962449627694,24.0,0
427.6840721916936,routine,4.253454053007147,0.668926378609784,4.922380431616931,24.0,0
427.9069706384738,routine,4.4699241663528255,0.4353805806418104,4.905304746994636,24.0,0
240.0767706432834,emergency,192.25077726721094,0.668926378609784,192.91970364582073,4.0,1
238.99810918437672,emergency,192.92527996192044,0.9736079806575129,193.89888794257794,4.0,1
427.9206818292116,routine,4.604816265592433,0.6599100317467526,5.264726297339186,24.0,0
244.13407599903863,emergency,188.5299081051903,0.4353805806418104,188.9652886858321,4.0,1
242.82158809128654,emergency,189.52820423260377,0.6659438790168433,190.19414811162062,4.0,1
427.89739690204567,routine,4.089651332222672,0.9736079806575129,5.063259312880185,24.0,0
433.1282820688819,seasonal,0.004191085405750528,0.3513634158531591,0.35555450125890964,12.0,0
429.50632921196876,routine,3.9296941017013864,0.3190807107927397,4.248774812494126,24.0,0
428.8127571548203,routine,4.274855562181017,0.3513634158531591,4.626218978034176,24.0,0
245.45026829126226,emergency,187.27254123016047,0.6599100317467526,187.93245126190723,4.0,1
428.4512896215948,routine,4.476035587457432,0.7177220910631077,5.193757678520539,24.0,0
429.4621216264737,routine,3.8722317672809368,0.6659438790168433,4.5381756462977805,24.0,0
247.1969495219526,emergency,186.72127965284164,0.3513634158531591,187.07264306869482,4.0,1
433.83950887256884,seasonal,0.21927446564990305,0.4353805806418104,0.6546550462917134,12.0,0
247.66417948142683,emergency,186.389680742431,0.6659438790168433,187.05562462144786,4.0,1
430.58307663555263,routine,3.763213629285758,0.6659438790168433,4.429157508302602,24.0,0
248.286861468475,emergency,186.018948881225,0.3190807107927397,186.33802959201773,4.0,1
248.14870810397946,emergency,186.11553790171286,0.668926378609784,186.78446428032265,4.0,1
248.34633119811886,emergency,186.4229114989429,0.6396923088485589,187.06260380779148,4.0,1
433.5160366333356,routine,1.517682705642926,0.4353805806418104,1.9530632862847366,24.0,0
431.8790190674565,routine,2.8144517252783317,0.6659438790168433,3.480395604295175,24.0,0
432.4006463312261,routine,2.2951827385081742,0.6659438790168433,2.9611266175250175,24.0,0
431.58060365368675,routine,2.9050637071953815,0.6659438790168433,3.571007586212225,24.0,0
248.6121193495967,emergency,186.44661024167777,0.6396923088485589,187.08630255052634,4.0,1
433.89955732151384,routine,1.1489591663016654,0.3190807107927397,1.4680398770944052,24.0,0
435.7062440539908,routine,0.0,0.6599100317467526,0.6599100317467526,24.0,0
248.99503296015837,emergency,187.12915994968301,0.3513634158531591,187.4805233655362,4.0,1
248.76149836448027,emergency,186.81220726811924,0.4353805806418104,187.24758784876104,4.0,1
436.4073081551997,routine,0.0,0.3190807107927397,0.3190807107927397,24.0,0
248.79769060401418,emergency,186.92317027051143,0.9736079806575129,187.89677825116894,4.0,1
248.85757494155757,emergency,187.22119339323098,1.0255029253980703,188.24669631862903,4.0,1
437.5297529736974,seasonal,0.0,0.3513634158531591,0.3513634158531591,12.0,0
249.04049828007956,emergency,187.49205817277945,0.7177220910631077,188.20978026384256,4.0,1
249.2039738918679,emergency,187.97856306273687,0.6599100317467526,188.63847309448363,4.0,1
249.29933450475534,emergency,187.98652230925381,0.6599100317467526,188.64643234100058,4.0,1
249.68985981609026,emergency,188.24474205561827,0.6396923088485589,188.88443436446684,4.0,1
437.7122547177627,critical,0.1451615845279548,0.9736079806575129,1.1187695651854677,2.0,0
249.97798907148314,emergency,188.57522069083166,0.3513634158531591,188.92658410668483,4.0,1
438.53740616039363,routine,0.0,0.6396923088485589,0.6396923088485589,24.0,0
437.66328025145754,routine,0.0,1.0255029253980703,1.0255029253980703,24.0,0
250.1830424045617,emergency,188.4225702090163,0.6659438790168433,189.08851408803315,4.0,1
438.7098788938874,routine,0.0,0.6659438790168433,0.6659438790168433,24.0,0
250.65767596672728,emergency,188.8456263769356,0.4353805806418104,189.2810069575774,4.0,1
250.5213475352112,emergency,188.79449957514618,0.7177220910631077,189.51222166620929,4.0,1
250.74634790458407,emergency,188.87218188961964,0.3190807107927397,189.1912626004124,4.0,1
250.47174684160987,emergency,188.35002568365942,0.6396923088485589,188.989717992508,4.0,1
439.61818651200934,seasonal,0.0,0.3190807107927397,0.3190807107927397,12.0,0
439.8917212382429,seasonal,0.0,0.6599100317467526,0.6599100317467526,12.0,0
440.2100945766354,seasonal,0.0,0.668926378609784,0.668926378609784,12.0,0
250.88363783674703,emergency,189.0697186123632,0.4353805806418104,189.505099193005,4.0,1
440.7604698146282,seasonal,0.0,0.3190807107927397,0.3190807107927397,12.0,0
440.53637956541695,seasonal,0.0,0.4353805806418104,0.4353805806418104,12.0,0
251.3952190667279,emergency,189.40395520222827,0.6659438790168433,190.06989908124513,4.0,1
251.1773643543486,emergency,189.48547188941413,0.6659438790168433,190.15141576843098,4.0,1
440.3994261844483,seasonal,0.0,1.0255029253980703,1.0255029253980703,12.0,0
251.29224706554263,emergency,189.48176133069612,0.7919122426127785,190.27367357330888,4.0,1
253.41085754308793,emergency,187.41888775616152,0.668926378609784,188.08781413477132,4.0,1
441.0046427098725,routine,0.0,0.6659438790168433,0.6659438790168433,24.0,0
253.97979289485053,emergency,188.23994106498085,0.4353805806418104,188.67532164562266,4.0,1
441.40443651569666,seasonal,0.0,0.6659438790168433,0.6659438790168433,12.0,0
441.5371811275296,routine,0.0,0.6659438790168433,0.6659438790168433,24.0,0
441.87803685673896,critical,0.2848065305652199,0.3513634158531591,0.636169946418379,2.0,0
442.3216882110205,routine,0.08047033001491855,0.4353805806418104,0.515850910656729,24.0,0
442.2195341820812,routine,0.0,0.6659438790168433,0.6659438790168433,24.0,0
441.1950868029717,critical,0.511015474784358,1.0255029253980703,1.5365184001824284,2.0,0
442.46116802023187,critical,0.13688346323169753,0.3190807107927397,0.45596417402443723,2.0,0
442.290863052086,routine,0.0,0.3513634158531591,0.3513634158531591,24.0,0
442.20733032436993,routine,0.0,1.0255029253980703,1.0255029253980703,24.0,0
254.18407190764387,emergency,188.64313055564307,0.4353805806418104,189.07851113628487,4.0,1
442.82567123262066,seasonal,0.0985155286977033,0.9736079806575129,1.0721235093552162,12.0,0
443.10713536714144,critical,0.17044187401057798,0.7919122426127785,0.9623541166233565,2.0,0
443.0012783849765,seasonal,0.38241694354206857,0.668926378609784,1.0513433221518524,12.0,0
442.5637816286173,routine,1.1381669866733546,0.6599100317467526,1.7980770184201071,24.0,0
442.51025360542,routine,0.9906253122529165,0.6396923088485589,1.6303176211014754,24.0,0
254.23931939191067,emergency,189.26721937490578,0.668926378609784,189.93614575351558,4.0,1
254.40080406345527,emergency,189.42956261478014,0.668926378609784,190.09848899338994,4.0,1
443.8472349347625,seasonal,0.1962360133802008,0.6659438790168433,0.8621798923970441,12.0,0
442.62463729589376,routine,1.2215714333395908,0.6599100317467526,1.8814814650863434,24.0,0
254.48158169322485,emergency,189.35725605253728,1.0255029253980703,190.38275897793534,4.0,1
442.5422845758389,routine,1.1488453668317788,0.9736079806575129,2.1224533474892917,24.0,0
254.63694497061542,emergency,189.51708389124363,0.668926378609784,190.18601026985343,4.0,1
445.0754291046847,seasonal,0.1505918569221194,0.3513634158531591,0.5019552727752785,12.0,0
444.8327840986949,seasonal,0.07232865393507382,0.6599100317467526,0.7322386856818264,12.0,0
445.16552751163493,critical,0.19082508772271467,0.6659438790168433,0.8567689667395579,2.0,0
445.0124876443515,seasonal,0.08787757317799105,0.3513634158531591,0.43924098903115016,12.0,0
442.84992298867803,routine,2.0831827159853447,0.668926378609784,2.7521090945951285,24.0,0
254.88084393605618,emergency,190.60960546404988,0.6659438790168433,191.27554934306673,4.0,1
444.8665103590768,critical,0.06590014530092958,0.9736079806575129,1.0395081259584424,2.0,0
443.48900395464915,routine,2.7162605891278417,0.4353805806418104,3.1516411697696523,24.0,0
445.4384831049418,seasonal,0.2508487862259585,0.6659438790168433,0.9167926652428018,12.0,0
443.3152041808376,routine,2.4774715647948824,0.7177220910631077,3.19519365585799,24.0,0
443.33563724368906,routine,2.664993452335125,0.6599100317467526,3.3249034840818776,24.0,0
446.61869776594153,seasonal,0.11093678562434661,0.3513634158531591,0.4623002014775057,12.0,0
254.88377812782585,emergency,190.93125850116974,1.0255029253980703,191.9567614265678,4.0,1
445.9338864522679,critical,0.19188102100633841,0.6659438790168433,0.8578249000231817,2.0,0
443.5808100676112,routine,2.900931117084383,0.6659438790168433,3.5668749961012263,24.0,0
443.9685621292849,routine,3.4816902983395153,0.4353805806418104,3.9170708789813258,24.0,0
446.74569072486963,seasonal,0.15327637026666707,0.6599100317467526,0.8131864020134196,12.0,0
446.0869720065603,critical,0.5510686814411088,0.7919122426127785,1.3429809240538872,2.0,0
255.2166404103698,emergency,192.02844183388493,0.7919122426127785,192.8203540764977,4.0,1
443.8453247343977,routine,3.5506216788974143,0.668926378609784,4.219548057507199,24.0,0
443.58770789601044,routine,3.7374638969424154,0.7919122426127785,4.529376139555194,24.0,0
444.7005666386927,routine,3.285617327494606,0.3190807107927397,3.6046980382873457,24.0,0
448.2712859078202,seasonal,0.0530737946741624,0.3190807107927397,0.3721545054669021,12.0,0
255.20846991082422,emergency,191.9759150231379,1.0255029253980703,193.00141794853596,4.0,1
447.47956605749266,seasonal,0.22893519594072131,0.4353805806418104,0.6643157765825317,12.0,0
255.40983806979148,emergency,192.72851474300376,0.3513634158531591,193.07987815885693,4.0,1
255.39544482291413,emergency,192.68404837455031,0.6659438790168433,193.34999225356717,4.0,1
448.557871869222,critical,0.11147284906644472,0.3190807107927397,0.4305535598591844,2.0,0
445.1114333862493,routine,3.4063643904868286,0.6396923088485589,4.046056699335388,24.0,0
445.12156238507737,routine,3.8022559374317666,0.4353805806418104,4.237636518073577,24.0,0
448.4641532695184,critical,0.20056039937412606,0.3513634158531591,0.5519238152272852,2.0,0
444.84504316317623,routine,3.6473328387132824,0.6659438790168433,4.313276717730126,24.0,0
448.67726679441506,seasonal,0.20229329978309352,0.9736079806575129,1.1759012804406064,12.0,0
445.37854281243943,routine,4.129590985715765,0.3513634158531591,4.480954401568924,24.0,0
448.6760915385885,seasonal,0.1603405001229703,0.6659438790168433,0.8262843791398136,12.0,0
255.60246233138807,emergency,194.05325563821285,0.3190807107927397,194.3723363490056,4.0,1
445.2685523723316,routine,4.064387770820019,0.6396923088485589,4.704080079668579,24.0,0
255.52632544912643,emergency,193.91583125625414,0.7919122426127785,194.7077434988669,4.0,1
449.4869906752047,critical,0.060858284495054704,0.6659438790168433,0.726802163511898,2.0,0
445.7168435166704,routine,4.671495809457724,0.3513634158531591,5.022859225310883,24.0,0
450.59716819085287,seasonal,0.03440220358993429,0.3190807107927397,0.353482914382674,12.0,0
255.71632785644618,emergency,194.11721217475304,1.0255029253980703,195.1427151001511,4.0,1
450.6094718771838,critical,0.2428367776608411,0.4353805806418104,0.6782173583026515,2.0,0
255.75620227074245,emergency,194.5272624843193,1.0255029253980703,195.55276540971735,4.0,1
445.94899749249345,routine,5.019433295115391,0.3190807107927397,5.338514005908131,24.0,0
445.43057268376526,routine,4.687085599342936,0.6659438790168433,5.35302947835978,24.0,0
450.1666623354375,seasonal,0.007361326230977738,0.9736079806575129,0.9809693068884906,12.0,0
445.8288135079313,routine,4.95902524693588,0.668926378609784,5.6279516255456645,24.0,0
445.75278244832595,routine,4.805781326171825,0.9736079806575129,5.779389306829338,24.0,0
447.7758368226588,routine,4.258340470457824,0.4353805806418104,4.693721051099635,24.0,0
450.8832548124332,critical,0.2074014448579078,1.0255029253980703,1.232904370255978,2.0,0
256.0492155399669,emergency,195.3581035537809,0.668926378609784,196.0270299323907,4.0,1
446.40147081220704,routine,5.435339253675409,0.3513634158531591,5.786702669528568,24.0,0
256.47271460681236,emergency,195.44274124867434,0.6396923088485589,196.0824335575229,4.0,1
257.22436685624405,emergency,194.74836288640984,0.3190807107927397,195.06744359720258,4.0,1
447.90719298446993,routine,4.2746736857879455,0.6599100317467526,4.934583717534698,24.0,0
448.26754945672315,routine,4.021783974111315,0.6396923088485589,4.661476282959875,24.0,0
258.26862627304524,emergency,193.71519680072203,0.668926378609784,194.38412317933182,4.0,1
448.66771582042026,routine,4.203333476422756,0.4353805806418104,4.638714057064567,24.0,0
446.85480799804503,routine,5.001655049035094,1.0255029253980703,6.027157974433164,24.0,0
448.3082011565242,routine,4.194980727352004,0.6599100317467526,4.8548907590987564,24.0,0
258.3160913760107,emergency,194.87448343190044,0.3513634158531591,195.22584684775362,4.0,1
452.8873988084142,seasonal,0.2569784162374731,0.3513634158531591,0.6083418320906322,12.0,0
452.3724773623876,critical,0.8088355676347874,0.6659438790168433,1.4747794466516306,2.0,0
258.4078073569565,emergency,194.99063564596042,0.3513634158531591,195.3419990618136,4.0,1
258.3835749115166,emergency,194.84555329994208,0.3513634158531591,195.19691671579525,4.0,1
453.212797682122,seasonal,0.002231320985174534,0.7177220910631077,0.7199534120482822,12.0,0
448.92960918254727,routine,4.572623924471657,0.4353805806418104,5.008004505113467,24.0,0
258.4827490680026,emergency,195.9652548009957,0.3513634158531591,196.31661821684887,4.0,1
451.8433472978453,routine,2.7040374361106956,0.3190807107927397,3.0231181469034354,24.0,0
449.7494311728556,routine,4.337465015366206,0.3513634158531591,4.688828431219365,24.0,0
450.23809562819673,routine,3.8670991686295793,0.6659438790168433,4.533043047646423,24.0,0
453.7741383756167,critical,0.017361242993160886,0.9736079806575129,0.9909692236506737,2.0,0
453.74294815628537,seasonal,0.009539782033471056,0.7919122426127785,0.8014520246462495,12.0,0
258.82575597590414,emergency,196.08536387471185,0.3190807107927397,196.4044445855046,4.0,1
451.36186521734874,routine,2.8568102358956367,1.0255029253980703,3.882313161293707,24.0,0
258.8069113803809,emergency,196.03690140822835,0.6659438790168433,196.7028452872452,4.0,1
452.05744273625487,routine,2.9291113794097328,0.3513634158531591,3.280474795262892,24.0,0
258.9474071554109,emergency,196.5607495479174,0.3513634158531591,196.91211296377057,4.0,1
258.67441604200366,emergency,195.97989509013445,0.6659438790168433,196.6458389691513,4.0,1
452.9941863633789,routine,2.2725229178994937,0.6599100317467526,2.9324329496462465,24.0,0
455.64233458069697,seasonal,0.004761219541308037,0.6599100317467526,0.6646712512880606,12.0,0
453.49824280998797,routine,2.0152525764856364,0.668926378609784,2.6841789550954203,24.0,0
259.0595298245807,emergency,196.62000827142663,0.6659438790168433,197.28595215044348,4.0,1
454.53430502975556,routine,1.0434769252424303,0.9736079806575129,2.017084905899943,24.0,0
259.12154848078416,emergency,196.87537360662833,0.4353805806418104,197.31075418727013,4.0,1
259.2571604960163,emergency,197.00655183047144,0.3513634158531591,197.3579152463246,4.0,1
454.8115207625904,routine,1.0478664933266373,0.7919122426127785,1.8397787359394158,24.0,0
454.96929698995973,routine,1.285837495312478,0.9736079806575129,2.259445475969991,24.0,0
259.4715785877841,emergency,197.13101168353307,0.6599100317467526,197.79092171527984,4.0,1
259.48488711210064,emergency,197.17575428749308,0.4353805806418104,197.61113486813488,4.0,1
456.5313547513131,routine,0.0,0.4353805806418104,0.4353805806418104,24.0,0
259.5694630864326,emergency,197.79281305815834,0.3190807107927397,198.1118937689511,4.0,1
259.76015015497745,emergency,197.9001533225201,0.7919122426127785,198.69206556513288,4.0,1
259.81085226969765,emergency,198.31295945107695,0.3190807107927397,198.6320401618697,4.0,1
260.04158492075965,emergency,198.2534638537124,0.668926378609784,198.9223902323222,4.0,1
259.78805155575975,emergency,197.87373347185854,0.7919122426127785,198.6656457144713,4.0,1
259.8287601041716,emergency,198.34432048511275,0.7919122426127785,199.1362327277255,4.0,1
458.7000591725393,routine,0.0,0.4353805806418104,0.4353805806418104,24.0,0
260.1212618282416,emergency,199.22602710057322,0.6599100317467526,199.88593713231998,4.0,1
260.10836707631285,emergency,199.09877175917387,0.9736079806575129,200.07237973983138,4.0,1
260.31717620206774,emergency,199.5321747389969,0.6599100317467526,200.19208477074366,4.0,1
260.2686776139663,emergency,199.2962864028541,0.7919122426127785,200.08819864546686,4.0,1
260.40169565902175,emergency,199.8116688618499,0.668926378609784,200.4805952404597,4.0,1
460.3176010041106,seasonal,0.0,0.4353805806418104,0.4353805806418104,12.0,0
260.7183122832719,emergency,200.16507769806566,0.7919122426127785,200.95698994067843,4.0,1
260.8429607038397,emergency,200.5761952676827,0.6599100317467526,201.23610529942945,4.0,1
260.730271895226,emergency,200.62301358685033,0.3513634158531591,200.9743770027035,4.0,1
260.84999633445403,emergency,200.72797031385636,0.4353805806418104,201.16335089449817,4.0,1
261.04841422481195,emergency,200.53814355787597,0.7177220910631077,201.25586564893908,4.0,1
461.6729150329926,routine,0.0,0.6396923088485589,0.6396923088485589,24.0,0
462.4070345316214,routine,0.0,0.7177220910631077,0.7177220910631077,24.0,0
261.1096728542728,emergency,201.3731151822314,0.668926378609784,202.0420415608412,4.0,1
462.35167134031775,routine,0.0,0.3190807107927397,0.3190807107927397,24.0,0
261.1844474058298,emergency,201.53767091566937,0.3190807107927397,201.8567516264621,4.0,1
463.49414694647237,routine,0.0,0.3190807107927397,0.3190807107927397,24.0,0
462.9550478795173,routine,0.0,0.3190807107927397,0.3190807107927397,24.0,0
261.2524907584622,emergency,201.6462744623335,0.7919122426127785,202.43818670494628,4.0,1
261.40464082842027,emergency,201.70010732284203,0.4353805806418104,202.13548790348383,4.0,1
463.19994782882856,routine,0.0,0.6659438790168433,0.6659438790168433,24.0,0
261.4572216738901,emergency,201.80154986116423,0.6396923088485589,202.4412421700128,4.0,1
464.0870191377596,routine,0.0,0.6599100317467526,0.6599100317467526,24.0,0
463.6105110344989,routine,0.0,0.7919122426127785,0.7919122426127785,24.0,0
463.44327319140893,critical,0.37674009660042884,0.3190807107927397,0.6958208073931685,2.0,0
261.55858913391063,emergency,203.15692608952963,0.3513634158531591,203.5082895053828,4.0,1
463.9160918546012,critical,0.19775731238758,0.3190807107927397,0.5168380231803197,2.0,0
464.6734262218108,routine,0.0,0.6659438790168433,0.6659438790168433,24.0,0
261.88230760483606,emergency,202.96069087425644,0.3513634158531591,203.31205429010961,4.0,1
465.74282070176105,routine,0.0,0.3190807107927397,0.3190807107927397,24.0,0
465.7144349515666,critical,0.06215022096773737,0.6659438790168433,0.7280940999845806,2.0,0
466.01290422753726,seasonal,0.0,0.6396923088485589,0.6396923088485589,12.0,0
262.1774520447578,emergency,203.3616219045797,0.6599100317467526,204.02153193632645,4.0,1
465.57654822785696,critical,0.13724864342856335,0.6599100317467526,0.7971586751753159,2.0,0
466.288506579769,seasonal,0.0,0.3513634158531591,0.3513634158531591,12.0,0
262.17492816219277,emergency,203.01669913794422,1.0255029253980703,204.04220206334227,4.0,1
465.82309592108504,routine,0.0,0.6659438790168433,0.6659438790168433,24.0,0
465.6584894288139,seasonal,0.0,0.6659438790168433,0.6659438790168433,12.0,0
269.02037690100343,emergency,197.06453441470416,0.7919122426127785,197.85644665731692,4.0,1
466.3249537237557,seasonal,0.0,0.6396923088485589,0.6396923088485589,12.0,0
466.2989814467231,routine,0.0,1.0255029253980703,1.0255029253980703,24.0,0
269.21730293769406,emergency,198.23418832032525,0.3513634158531591,198.58555173617842,4.0,1
467.115282704443,routine,0.4019077864317069,0.3513634158531591,0.753271202284866,24.0,0
467.14990958249973,routine,0.45430015235780274,0.3190807107927397,0.7733808631505424,24.0,0
467.5028430418036,critical,0.0795584390838826,0.4353805806418104,0.514939019725693,2.0,0
466.9808696094963,critical,0.43284436397664194,0.4353805806418104,0.8682249446184523,2.0,0
466.5913342120604,routine,0.6434584302043618,0.9736079806575129,1.6170664108618746,24.0,0
466.33864742816866,critical,1.02741920215567,0.6599100317467526,1.6873292339024226,2.0,0
467.53307783180156,routine,0.7889110682584146,0.3190807107927397,1.1079917790511544,24.0,0
467.29476428959555,routine,0.3421256362107101,0.6659438790168433,1.0080695152275534,24.0,0
466.8394013847796,routine,0.5349611878821747,0.9736079806575129,1.5085691685396876,24.0,0
467.8241779270102,critical,0.022042332372961937,0.3513634158531591,0.37340574822612105,2.0,0
467.4887642669318,routine,0.7997493676389809,0.3513634158531591,1.15111278349214,24.0,0
467.72110939265343,routine,0.840400804835781,0.4353805806418104,1.2757813854775915,24.0,0
467.9971920050467,critical,0.44096155008793403,1.0255029253980703,1.4664644754860043,2.0,0
468.3151962240905,routine,0.9688990716270496,0.3513634158531591,1.3202624874802087,24.0,0
269.4238057739715,emergency,199.58626438141118,0.668926378609784,200.25519076002098,4.0,1
468.06793126948367,routine,0.5109138142444749,1.0255029253980703,1.5364167396425452,24.0,0
468.78291636556975,critical,0.04646743862332414,0.668926378609784,0.7153938172331081,2.0,0
469.30185491301796,seasonal,0.05254754311118859,0.6659438790168433,0.7184914221280319,12.0,0
269.69583206642494,emergency,199.5618794967927,0.4353805806418104,199.9972600774345,4.0,1
468.3713336692335,routine,1.0246478350708799,0.3513634158531591,1.376011250924039,24.0,0
468.1289614700271,routine,0.9549918011757086,0.9736079806575129,1.9285997818332214,24.0,0
271.06399396885894,emergency,198.43677266441784,0.7177220910631077,199.15449475548095,4.0,1
469.2371461624975,routine,1.4214404922717563,0.3513634158531591,1.7728039081249154,24.0,0
468.9844723696371,routine,0.8062607690045525,0.9736079806575129,1.7798687496620653,24.0,0
469.203076692233,routine,1.1040390578182837,0.4353805806418104,1.5394196384600942,24.0,0
468.53821377013924,routine,1.182955314510707,0.9736079806575129,2.15656329516822,24.0,0
272.2507128384365,emergency,198.12639314970335,0.6396923088485589,198.7660854585519,4.0,1
272.62699629534546,emergency,198.31097324600034,0.3513634158531591,198.66233666185352,4.0,1
469.88868739570194,routine,1.0244196960512113,0.3513634158531591,1.3757831119043704,24.0,0
470.03966977775247,critical,0.18438976955610542,0.668926378609784,0.8533161481658894,2.0,0
272.3575800543992,emergency,198.5195730887251,0.9736079806575129,199.49318106938262,4.0,1
470.061293880701,routine,1.097984732533348,0.3513634158531591,1.4493481483865072,24.0,0
471.5942430147589,seasonal,0.10526764034153757,0.668926378609784,0.7741940189513216,12.0,0
272.7142552686663,emergency,198.7989795310641,0.3190807107927397,199.11806024185685,4.0,1
471.272319503457,seasonal,0.40812063734682624,0.9736079806575129,1.381728618004339,12.0,0
470.0071770291704,routine,1.0637274330737796,0.9736079806575129,2.0373354137312925,24.0,0
471.78695218498734,seasonal,0.08008898167196321,0.4353805806418104,0.5154695623137736,12.0,0
272.8663194380841,emergency,199.18025638959347,0.6599100317467526,199.84016642134023,4.0,1
272.8022556352038,emergency,199.08025409495514,0.6396923088485589,199.7199464038037,4.0,1
471.7096343574761,seasonal,0.14007244425016552,0.6659438790168433,0.8060163232670088,12.0,0
272.98212972064607,emergency,199.273019040588,0.668926378609784,199.9419454191978,4.0,1
472.4931722506945,seasonal,0.6061663423502068,0.3190807107927397,0.9252470531429465,12.0,0
470.08375834857844,routine,2.094299853477935,1.0255029253980703,3.1198027788760054,24.0,0
470.52137290547256,routine,2.917513334568355,0.4353805806418104,3.3528939152101653,24.0,0
273.0607436664481,emergency,199.7836439582993,0.4353805806418104,200.2190245389411,4.0,1
472.4513760716889,seasonal,0.40054420416731773,0.6599100317467526,1.0604542359140703,12.0,0
273.2316580367743,emergency,200.36747223188559,0.3190807107927397,200.68655294267833,4.0,1
470.29809737953843,routine,3.091920913075114,0.668926378609784,3.760847291684898,24.0,0
273.26477111687683,emergency,200.74487417598039,0.3190807107927397,201.06395488677313,4.0,1
473.0104672619997,seasonal,0.3642335713709599,0.7919122426127785,1.1561458139837384,12.0,0
473.34439196737446,critical,0.1257434100658088,0.4353805806418104,0.5611239907076192,2.0,0
470.66691646187866,routine,3.0772579928449773,0.3190807107927397,3.396338703637717,24.0,0
473.94404056866205,seasonal,0.09293801815221059,0.6659438790168433,0.7588818971690539,12.0,0
273.09461478322515,emergency,200.02522435772704,0.9736079806575129,200.99883233838455,4.0,1
273.5418483749757,emergency,201.0954934488252,0.3190807107927397,201.41457415961796,4.0,1
474.3482921300549,seasonal,0.17404631132524173,0.3513634158531591,0.5254097271784008,12.0,0
273.4321656428416,emergency,201.09549540078405,0.7919122426127785,201.8874076433968,4.0,1
273.63475154981154,emergency,201.47056590858483,0.3513634158531591,201.821929324438,4.0,1
470.8295245117987,routine,3.7516549822328784,0.7919122426127785,4.543567224845657,24.0,0
474.2072916158017,seasonal,0.3033688182229639,0.9736079806575129,1.2769767988804768,12.0,0
471.07622804583536,routine,4.333146619536365,0.4353805806418104,4.768527200178175,24.0,0
273.5568073393566,emergency,201.42317830429926,0.9736079806575129,202.39678628495676,4.0,1
273.757279273751,emergency,201.67374324924964,0.6599100317467526,202.3336532809964,4.0,1
470.86992117662186,routine,4.193547869452175,0.6599100317467526,4.853457901198928,24.0,0
474.8925879239332,seasonal,0.0011181968256437358,0.9736079806575129,0.9747261774831566,12.0,0
273.8336913814503,emergency,201.80286489112825,1.0255029253980703,202.8283678165263,4.0,1
471.1720291683308,routine,4.244715388724956,0.668926378609784,4.91364176733474,24.0,0
273.915225548667,emergency,202.01953221771447,0.668926378609784,202.68845859632427,4.0,1
471.2853232870082,routine,4.4266297909221635,0.6659438790168433,5.092573669939007,24.0,0
472.0285083349922,routine,4.459164969102233,0.6599100317467526,5.119075000848985,24.0,0
273.95449859771077,emergency,202.15643126990636,0.6599100317467526,202.81634130165313,4.0,1
471.7656944287084,routine,4.450043760724043,0.6396923088485589,5.089736069572602,24.0,0
471.8789187530441,routine,4.366665204723631,0.7177220910631077,5.084387295786739,24.0,0
476.96209344682563,critical,0.10272600384251973,0.7919122426127785,0.8946382464552982,2.0,0
476.91179713717736,critical,0.14326660344920583,0.668926378609784,0.8121929820589898,2.0,0
473.7044975759687,routine,3.7831579513684233,0.6396923088485589,4.422850260216983,24.0,0
476.74032421522867,seasonal,0.3777922391707875,0.6599100317467526,1.03770227091754,12.0,0
472.3487034253905,routine,4.911110105316936,0.7177220910631077,5.628832196380044,24.0,0
273.99201877152643,emergency,203.29992101581405,0.6599100317467526,203.9598310475608,4.0,1
274.0207188657444,emergency,203.39312063270694,0.6396923088485589,204.0328129415555,4.0,1
474.67036094664303,routine,3.425893430182896,0.6599100317467526,4.085803461929649,24.0,0
472.36785688732016,routine,5.020778155971584,1.0255029253980703,6.046281081369655,24.0,0
274.1369633313607,emergency,203.89031452359075,0.6659438790168433,204.5562584026076,4.0,1
474.284715270611,routine,3.5271143473975712,0.7177220910631077,4.244836438460679,24.0,0
274.30289957474633,emergency,204.39707586872942,0.3513634158531591,204.7484392845826,4.0,1
474.83383288633667,routine,3.348761214788226,0.668926378609784,4.01768759339801,24.0,0
476.3957870983329,routine,2.4117486945056044,0.7177220910631077,3.129470785568712,24.0,0
475.9187343750719,routine,2.8688806811390464,0.6599100317467526,3.528790712885799,24.0,0
274.2302610636368,emergency,204.3302934146268,0.6659438790168433,204.99623729364365,4.0,1
477.46786675688946,routine,1.9484233793965018,0.3190807107927397,2.2675040901892416,24.0,0
274.53296852536306,emergency,204.89794966576648,0.3513634158531591,205.24931308161965,4.0,1
475.4379461275623,routine,3.3301678721570056,1.0255029253980703,4.355670797555076,24.0,0
274.451527067424,emergency,204.7591551888512,0.668926378609784,205.428081567461,4.0,1
274.39823695576683,emergency,204.71355997169593,0.6599100317467526,205.3734700034427,4.0,1
274.54274815269343,emergency,205.58030729118462,0.3190807107927397,205.89938800197737,4.0,1
477.37977233248046,routine,2.0128618204209374,0.668926378609784,2.6817881990307213,24.0,0
477.4720343284342,routine,2.1410300439567322,0.668926378609784,2.809956422566516,24.0,0
478.4394695725071,routine,1.7307787896422724,0.6659438790168433,2.3967226686591157,24.0,0
477.9515333780092,routine,2.2072719750162264,0.6599100317467526,2.867182006762979,24.0,0
274.6631321564773,emergency,205.65044557381617,0.668926378609784,206.31937195242597,4.0,1
478.7204187737483,routine,1.4602805402437298,0.668926378609784,2.1292069188535137,24.0,0
274.6950753259375,emergency,206.05780448750755,0.4353805806418104,206.49318506814936,4.0,1
478.8618454393114,routine,1.8584228275204282,0.668926378609784,2.527349206130212,24.0,0
479.32753174344265,routine,1.5690342354419613,0.9736079806575129,2.542642216099474,24.0,0
274.82277278094875,emergency,206.27899491894027,0.6599100317467526,206.93890495068703,4.0,1
481.09898551099604,routine,0.21138430598296054,0.668926378609784,0.8803106845927445,24.0,0
274.71771865078256,emergency,206.1852403182085,0.9736079806575129,207.15884829886602,4.0,1
275.2017773792472,emergency,206.46237106451406,0.4353805806418104,206.89775164515586,4.0,1
480.35241168291157,routine,0.816143459551995,1.0255029253980703,1.8416463849500653,24.0,0
275.03628833637066,emergency,206.1020701642106,0.7177220910631077,206.8197922552737,4.0,1
275.78455809808094,emergency,206.39166663577873,0.6396923088485589,207.0313589446273,4.0,1
276.16443373099344,emergency,206.39583744566505,0.6396923088485589,207.03552975451362,4.0,1
276.7364387899037,emergency,206.36525252770775,0.3513634158531591,206.71661594356092,4.0,1
276.6476472558584,emergency,206.22335556650535,0.6599100317467526,206.8832655982521,4.0,1
276.3541318376216,emergency,206.51045222690402,0.7919122426127785,207.3023644695168,4.0,1
276.79243888081794,emergency,207.1281378670717,0.6396923088485589,207.76783017592027,4.0,1
276.8997116860707,emergency,207.10784498471259,0.6599100317467526,207.76775501645935,4.0,1
485.1146046180373,seasonal,0.0,0.3190807107927397,0.3190807107927397,12.0,0
277.31955519804876,emergency,207.65849021435542,0.3513634158531591,208.0098536302086,4.0,1
276.95004420632284,emergency,207.39851211503537,0.9736079806575129,208.37212009569288,4.0,1
485.8353159994042,seasonal,0.0,0.3190807107927397,0.3190807107927397,12.0,0
485.38380859626585,routine,0.0,0.9736079806575129,0.9736079806575129,24.0,0
485.9376580812977,routine,0.0,0.3190807107927397,0.3190807107927397,24.0,0
277.02635080303935,emergency,207.88315364695438,1.0255029253980703,208.90865657235244,4.0,1
277.3657196041258,emergency,208.2867170361469,0.3513634158531591,208.63808045200008,4.0,1
277.39049993323863,emergency,208.28053218136546,0.6599100317467526,208.94044221311222,4.0,1
277.51914663228126,emergency,208.76582764832835,0.3513634158531591,209.11719106418153,4.0,1
486.3353259661957,critical,0.0546086944336821,0.6599100317467526,0.7145187261804347,2.0,0
487.01903958126934,routine,0.0,0.3513634158531591,0.3513634158531591,24.0,0
277.58020260068776,emergency,209.67276224221212,0.3513634158531591,210.0241256580653,4.0,1
277.7279970084798,emergency,209.544827273939,0.6599100317467526,210.20473730568577,4.0,1
487.860724210589,seasonal,0.0,0.3513634158531591,0.3513634158531591,12.0,0
277.90440712780025,emergency,209.49665293897664,1.0255029253980703,210.5221558643747,4.0,1
278.2364961094853,emergency,209.72449541917666,0.3190807107927397,210.0435761299694,4.0,1
278.53036097021896,emergency,210.13094640253888,0.4353805806418104,210.5663269831807,4.0,1
488.7134438700244,routine,0.0,0.668926378609784,0.668926378609784,24.0,0
489.2461751171844,seasonal,0.0,0.3513634158531591,0.3513634158531591,12.0,0
278.1749611856216,emergency,209.71765535264302,0.9736079806575129,210.69126333330053,4.0,1
489.16087503230284,routine,0.0,0.4353805806418104,0.4353805806418104,24.0,0
489.36006697141676,seasonal,0.0,0.3513634158531591,0.3513634158531591,12.0,0
488.7687490860955,seasonal,0.0,0.4353805806418104,0.4353805806418104,12.0,0
489.25404220029316,routine,0.0,0.6659438790168433,0.6659438790168433,24.0,0
488.41333786819473,critical,0.22828492099813502,0.9736079806575129,1.2018929016556479,2.0,0
489.48858759195355,seasonal,0.0,0.7919122426127785,0.7919122426127785,12.0,0
278.5347256435225,emergency,210.90939438262728,0.6599100317467526,211.56930441437405,4.0,1
278.59994061444297,emergency,211.0261372019295,0.3190807107927397,211.34521791272223,4.0,1
490.08337901343697,seasonal,0.2404275947529868,0.3513634158531591,0.5917910106061459,12.0,0
489.6865683196951,seasonal,0.5298382842442493,0.3190807107927397,0.848918995036989,12.0,0
489.89944759410525,critical,0.34479224933107844,0.3190807107927397,0.6638729601238181,2.0,0
278.72719309157765,emergency,211.12062633309978,0.6396923088485589,211.76031864194834,4.0,1
489.6359589968685,seasonal,0.5720666933391385,0.3513634158531591,0.9234301091922976,12.0,0
489.9666747958599,routine,0.6390208239280355,0.7177220910631077,1.3567429149911432,24.0,0
489.8588424097347,routine,0.5437333382525935,0.668926378609784,1.2126597168623774,24.0,0
490.04827558171735,routine,0.8697048285735605,0.6659438790168433,1.5356487075904037,24.0,0
489.8648008455801,seasonal,0.4410176071620526,0.9736079806575129,1.4146255878195655,12.0,0
278.86920353364417,emergency,211.9967233388777,0.7919122426127785,212.78863558149047,4.0,1
278.9794735727628,emergency,211.96420102208003,0.4353805806418104,212.39958160272184,4.0,1
278.9947084140129,emergency,212.1621377533898,0.6599100317467526,212.82204778513656,4.0,1
490.1387974788533,routine,1.1500333326541181,0.4353805806418104,1.5854139132959286,24.0,0
491.40836924619515,seasonal,0.48029342987433665,0.3513634158531591,0.8316568457274958,12.0,0
279.0044118011732,emergency,212.7942590891609,0.3190807107927397,213.11333979995365,4.0,1
491.3519700592807,seasonal,0.35927337830707984,0.668926378609784,1.0281997569168637,12.0,0
279.1839618811765,emergency,212.65086878868448,0.7177220910631077,213.3685908797476,4.0,1
492.1717948606876,seasonal,0.08470160682583128,0.4353805806418104,0.5200821874676417,12.0,0
491.56394016027235,seasonal,0.6234734258935646,0.4353805806418104,1.058854006535375,12.0,0
279.5486520568998,emergency,212.966732992525,0.3513634158531591,213.31809640837818,4.0,1
492.7927526644507,critical,0.027752900209918607,0.6396923088485589,0.6674452090584775,2.0,0
491.76187831500505,seasonal,0.48106937532588745,0.6659438790168433,1.1470132543427307,12.0,0
490.3166027052639,routine,2.1214524379931845,0.668926378609784,2.7903788166029684,24.0,0
492.44127780771,critical,0.032894200745374746,0.6599100317467526,0.6928042324921273,2.0,0
280.4906391024771,emergency,212.8756212309259,0.6659438790168433,213.54156510994275,4.0,1
492.6805437596049,seasonal,0.5280363832614512,0.3190807107927397,0.8471170940541909,12.0,0
492.5833689884629,seasonal,0.34968564845434,0.9736079806575129,1.3232936291118529,12.0,0
280.29606803190035,emergency,213.02340881608575,0.668926378609784,213.69233519469554,4.0,1
492.90727952108955,seasonal,0.44774134990365155,0.6396923088485589,1.0874336587522104,12.0,0
490.3841041452646,routine,3.0459795596585764,0.668926378609784,3.7149059382683602,24.0,0
280.7868558128836,emergency,213.61435061374988,0.3190807107927397,213.93343132454262,4.0,1
280.5294958857527,emergency,213.4020323703054,0.7177220910631077,214.1197544613685,4.0,1
491.0828507004544,routine,3.308549004734175,0.668926378609784,3.977475383343959,24.0,0
493.70812512460094,seasonal,0.04633261930240451,0.6396923088485589,0.6860249281509634,12.0,0
491.3708560878153,routine,3.4947624341039045,0.3513634158531591,3.8461258499570636,24.0,0
490.4335738960845,routine,3.858277779566208,0.4353805806418104,4.293658360208019,24.0,0
281.05034713581483,emergency,213.90624768812972,0.3190807107927397,214.22532839892247,4.0,1
280.9496579131199,emergency,213.71868036281063,0.6599100317467526,214.3785903945574,4.0,1
280.54377478576373,emergency,213.63147655953856,0.7177220910631077,214.34919865060166,4.0,1
495.50685745259034,seasonal,0.16855725588510495,0.3190807107927397,0.48763796667784465,12.0,0
495.05587309284317,seasonal,0.2933033921038941,0.668926378609784,0.9622297707136781,12.0,0
491.4435573072313,routine,3.946834672506384,0.3513634158531591,4.298198088359543,24.0,0
491.33990901762144,routine,3.501646229346136,0.668926378609784,4.17057260795592,24.0,0
495.0889103448275,critical,0.49764601124059027,0.668926378609784,1.1665723898503741,2.0,0
495.87657850964393,seasonal,0.06699647643381468,0.6599100317467526,0.7269065081805672,12.0,0
495.914340764315,critical,0.08369417475273622,0.6599100317467526,0.7436042064994888,2.0,0
495.0302559903151,critical,0.5025469033191712,0.6659438790168433,1.1684907823360144,2.0,0
491.53365421926543,routine,4.215368029411252,0.6659438790168433,4.881311908428096,24.0,0
281.1883698742829,emergency,214.86122995002717,0.7177220910631077,215.57895204109028,4.0,1
491.56148853181645,routine,4.307219690230625,0.6599100317467526,4.967129721977377,24.0,0
281.3962528523559,emergency,214.7647898668382,0.668926378609784,215.433716245448,4.0,1
496.7774925572509,seasonal,0.007049734832548893,0.3190807107927397,0.3261304456252886,12.0,0
495.92321510825377,seasonal,0.7170452447164166,0.3190807107927397,1.0361259555091564,12.0,0
281.47510427985475,emergency,215.52458835865724,0.3190807107927397,215.84366906945,4.0,1
281.57816651565497,emergency,215.86592962012264,0.3190807107927397,216.1850103309154,4.0,1
496.90954784219906,seasonal,0.38515321104483746,0.6659438790168433,1.0510970900616807,12.0,0
281.8254212253411,emergency,215.76207447537655,0.3513634158531591,216.11343789122972,4.0,1
281.76839959470607,emergency,215.70640975102583,0.7177220910631077,216.42413184208894,4.0,1
495.9270348310651,seasonal,0.7952583669038518,0.7919122426127785,1.5871706095166302,12.0,0
496.14238356590994,seasonal,0.599404030874723,0.9736079806575129,1.573012011532236,12.0,0
497.40213223531237,seasonal,0.1347048600118228,0.668926378609784,0.8036312386216068,12.0,0
497.45842441780724,seasonal,0.18316770931954807,0.7177220910631077,0.9008898003826558,12.0,0
497.5760341102947,seasonal,0.2828034075859591,0.4353805806418104,0.7181839882277695,12.0,0
497.96948901040827,critical,0.5066346019067964,0.6396923088485589,1.1463269107553553,2.0,0
282.0051140558454,emergency,215.63758961922457,1.0255029253980703,216.66309254462263,4.0,1
491.78309596404677,routine,6.528242666556594,0.6599100317467526,7.188152698303346,24.0,0
498.0888275576292,critical,0.3954202460689089,0.668926378609784,1.0643466246786928,2.0,0
491.9791502032527,routine,6.590118978355292,0.7919122426127785,7.382031220968071,24.0,0
282.26225269451146,emergency,216.58479863059466,0.4353805806418104,217.02017921123647,4.0,1
499.01906225994924,seasonal,0.08349086835619346,0.3190807107927397,0.40257157914893316,12.0,0
282.25753350010933,emergency,216.3404080543013,0.9736079806575129,217.3140160349588,4.0,1
498.81056570170483,seasonal,0.06792286891817412,0.7177220910631077,0.7856449599812818,12.0,0
492.2931797201641,routine,7.28998156825952,0.6396923088485589,7.92967387710808,24.0,0
499.63971891705387,critical,0.42386450710631607,0.3513634158531591,0.7752279229594752,2.0,0
499.2295354092752,seasonal,0.23032699255389844,1.0255029253980703,1.2558299179519687,12.0,0
492.28070081358436,routine,7.269141485097009,0.6659438790168433,7.935085364113853,24.0,0
282.4171569649452,emergency,218.121873710665,0.3190807107927397,218.44095442145775,4.0,1
500.2129676499401,seasonal,0.312756034802419,0.4353805806418104,0.7481366154442294,12.0,0
499.61021605373026,seasonal,0.5820859596985315,0.7919122426127785,1.37399820231131,12.0,0
282.27689213501753,emergency,218.1299653903983,0.4353805806418104,218.5653459710401,4.0,1
498.9497702922791,critical,1.004817740866315,0.7177220910631077,1.7225398319294227,2.0,0
492.9741491487081,routine,7.700336313703474,0.4353805806418104,8.135716894345284,24.0,0
282.59600279958704,emergency,218.0876243401019,0.6599100317467526,218.74753437184867,4.0,1
493.0694649013972,routine,7.785996002830018,0.6396923088485589,8.425688311678577,24.0,0
501.07533142525324,critical,0.08855203077342821,0.7919122426127785,0.8804642733862067,2.0,0
493.83693911183644,routine,7.384143142708069,0.3513634158531591,7.735506558561228,24.0,0
493.98455717699045,routine,7.432621635781572,0.6659438790168433,8.098565514798416,24.0,0
282.73305296944903,emergency,219.0405386044731,0.6599100317467526,219.70044863621987,4.0,1
282.61595689783235,emergency,218.84249402250595,0.668926378609784,219.51142040111574,4.0,1
493.28391147665997,routine,7.861203436084736,0.9736079806575129,8.834811416742248,24.0,0
495.1623369153195,routine,6.986321010528343,0.6396923088485589,7.626013319376902,24.0,0
501.68260007763394,seasonal,0.00400615034357088,0.7919122426127785,0.7959183929563494,12.0,0
284.56577935794496,emergency,217.69824445044202,0.6659438790168433,218.36418832945887,4.0,1
282.62730052928674,emergency,219.14084117190828,1.0255029253980703,220.16634409730634,4.0,1
494.8753191628263,routine,6.846300969106835,0.7177220910631077,7.5640230601699425,24.0,0
503.0909194954495,seasonal,0.13765236774082723,0.4353805806418104,0.5730329483826376,12.0,0
502.2650583284609,seasonal,0.11660251260121868,0.6659438790168433,0.7825463916180619,12.0,0
285.32719729143474,emergency,217.27610206403028,0.7177220910631077,217.9938241550934,4.0,1
495.1995450228623,routine,8.314096392143142,0.3513634158531591,8.665459807996301,24.0,0
502.6409837584089,seasonal,0.25530629908718083,0.9736079806575129,1.2289142797446937,12.0,0
287.0105963475958,emergency,216.67130122815422,0.3513634158531591,217.0226646440074,4.0,1
502.7576253252627,critical,0.4856224690740305,0.4353805806418104,0.9210030497158409,2.0,0
503.4719613797769,critical,0.20577268268652915,0.3513634158531591,0.5571360985396883,2.0,0
496.9438102870376,routine,6.785655947163036,0.3190807107927397,7.104736657955776,24.0,0
496.31491622857607,routine,7.309962549334955,0.4353805806418104,7.745343129976765,24.0,0
495.36640308515103,routine,8.162300107650537,1.0255029253980703,9.187803033048608,24.0,0
286.2208906689127,emergency,217.06675202223113,0.9736079806575129,218.04036000288863,4.0,1
504.33140618337416,seasonal,0.051507673591459024,0.6396923088485589,0.6911999824400179,12.0,0
497.1599408108542,routine,7.365073027672395,0.3190807107927397,7.684153738465135,24.0,0
496.9757517525584,routine,7.333354154863343,0.6659438790168433,7.999298033880187,24.0,0
288.2560643279001,emergency,216.48639407142537,0.3190807107927397,216.8054747822181,4.0,1
497.1813220493201,routine,7.472969133217191,0.668926378609784,8.141895511826975,24.0,0
288.10335547499284,emergency,216.6291989727696,1.0255029253980703,217.65470189816764,4.0,1
287.82368780086193,emergency,216.65451708193206,0.6659438790168433,217.3204609609489,4.0,1
288.61705338633084,emergency,216.15784596754895,0.668926378609784,216.82677234615875,4.0,1
497.2159408163906,routine,7.635650274406316,0.6659438790168433,8.30159415342316,24.0,0
288.9494656665964,emergency,216.55464843773103,0.3190807107927397,216.87372914852378,4.0,1
497.552678703071,routine,7.942268510711756,0.4353805806418104,8.377649091353566,24.0,0
498.85470674921095,routine,7.03994893181607,0.3190807107927397,7.35902964260881,24.0,0
497.2927309426727,routine,7.685544952525049,0.6599100317467526,8.345454984271802,24.0,0
498.4650888792201,routine,7.2374169343164,0.3513634158531591,7.588780350169559,24.0,0
498.92659153520736,routine,7.1105159205362725,0.7177220910631077,7.82823801159938,24.0,0
498.9486656614128,routine,7.321136893209257,0.4353805806418104,7.756517473851067,24.0,0
293.008748547881,emergency,213.23534868190302,0.7177220910631077,213.95307077296613,4.0,1
294.61482449098963,emergency,212.14536938472787,0.3190807107927397,212.46445009552062,4.0,1
294.0091705774107,emergency,212.384477541862,0.7919122426127785,213.17638978447476,4.0,1
499.21969280233077,routine,7.680248858308062,0.3190807107927397,7.9993295691008015,24.0,0
294.2327699358756,emergency,212.25437748781985,0.3513634158531591,212.60574090367302,4.0,1
499.70332779975115,routine,7.243372145455339,0.3513634158531591,7.594735561308498,24.0,0
498.99736987759076,routine,7.564330709482363,0.3513634158531591,7.915694125335522,24.0,0
294.58900465586686,emergency,211.8990125849606,1.0255029253980703,212.92451551035865,4.0,1
500.0342118336938,routine,6.970296268293453,0.7919122426127785,7.762208510906231,24.0,0
501.02085964622586,routine,6.618688074187446,0.4353805806418104,7.054068654829257,24.0,0
500.55179051408413,routine,6.766434854193221,0.4353805806418104,7.201815434835032,24.0,0
507.6580870337042,critical,0.20691862917669823,0.7177220910631077,0.9246407202398059,2.0,0
501.07731201602047,routine,6.6192726978174505,0.7177220910631077,7.336994788880558,24.0,0
294.83610164370333,emergency,213.17154118369984,0.6659438790168433,213.8374850627167,4.0,1
502.15360970640916,routine,6.041576566918138,0.668926378609784,6.710502945527923,24.0,0
502.74766842219543,routine,5.452725561736827,0.6659438790168433,6.118669440753671,24.0,0
294.9243466843904,emergency,213.10018437758237,0.4353805806418104,213.53556495822417,4.0,1
501.7285821300349,routine,6.420666864493626,0.3513634158531591,6.772030280346785,24.0,0
294.9514973570785,emergency,213.22342024016064,0.9736079806575129,214.19702822081814,4.0,1
505.5644970023897,routine,3.409822931376482,0.3190807107927397,3.7289036421692217,24.0,0
503.9837155380293,routine,4.652139268653855,0.7919122426127785,5.4440515112666334,24.0,0
295.0088672989963,emergency,213.5953652383098,1.0255029253980703,214.62086816370785,4.0,1
507.6632801361042,routine,1.456249403282925,0.3190807107927397,1.7753301140756648,24.0,0
295.0097557300476,emergency,214.49188547921506,0.3190807107927397,214.8109661900078,4.0,1
509.994040046472,routine,0.0,0.4353805806418104,0.4353805806418104,24.0,0
509.7572935864677,routine,0.0,0.3513634158531591,0.3513634158531591,24.0,0
510.0942159194824,routine,0.0,0.4353805806418104,0.4353805806418104,24.0,0
295.2774350720042,emergency,214.3447948256469,0.9736079806575129,215.3184028063044,4.0,1
295.41504130402393,emergency,214.30102343807096,0.6599100317467526,214.96093346981772,4.0,1
510.3089094657266,critical,0.31284943970052836,0.3190807107927397,0.6319301504932681,2.0,0
510.76570621716104,routine,0.0,0.3513634158531591,0.3513634158531591,24.0,0
509.94467179511,critical,0.055651866709411024,0.6396923088485589,0.6953441755579699,2.0,0
295.4406542387524,emergency,215.41008204657345,0.3190807107927397,215.7291627573662,4.0,1
510.827636867562,routine,0.0,0.668926378609784,0.668926378609784,24.0,0
295.44556473399564,emergency,215.90410315866853,0.668926378609784,216.57302953727833,4.0,1
511.7963344803467,critical,0.16749582439854294,0.3513634158531591,0.518859240251702,2.0,0
295.8670940640674,emergency,215.8579629149143,0.6659438790168433,216.52390679393116,4.0,1
511.3906657374913,critical,0.0721976120764225,0.6659438790168433,0.7381414910932658,2.0,0
511.93134478989236,routine,0.0,0.3513634158531591,0.3513634158531591,24.0,0
511.67813386657355,routine,0.0,0.7177220910631077,0.7177220910631077,24.0,0
511.5710053915196,routine,0.0,0.9736079806575129,0.9736079806575129,24.0,0
511.7837453257963,critical,0.1597582529053625,0.6396923088485589,0.7994505617539214,2.0,0
512.7275253488987,routine,0.0,0.3513634158531591,0.3513634158531591,24.0,0
296.6310622774292,emergency,216.42839758801682,0.4353805806418104,216.86377816865863,4.0,1
512.3149114712237,routine,0.0,0.9736079806575129,0.9736079806575129,24.0,0
512.6498665580816,seasonal,0.0,0.6599100317467526,0.6599100317467526,12.0,0
297.07070119717076,emergency,216.14247773512096,0.6659438790168433,216.8084216141378,4.0,1
295.8691174371036,emergency,216.95594766818073,0.7177220910631077,217.67366975924384,4.0,1
512.740720688537,routine,0.0,0.7177220910631077,0.7177220910631077,24.0,0
297.0373144270777,emergency,216.04040538593983,0.6599100317467526,216.7003154176866,4.0,1
512.8275628536613,seasonal,0.44931279699312654,0.4353805806418104,0.8846933776349369,12.0,0
297.12385153597535,emergency,216.491104852192,0.6659438790168433,217.15704873120885,4.0,1
513.27151668058,routine,0.26466396692967464,0.4353805806418104,0.700044547571485,24.0,0
513.5563824346267,routine,0.0,0.6659438790168433,0.6659438790168433,24.0,0
513.9702823144243,critical,0.24628279262105934,0.3513634158531591,0.5976462084742185,2.0,0
514.0780780655424,seasonal,0.1544400888308246,0.4353805806418104,0.589820669472635,12.0,0
297.194107295134,emergency,217.43160027136446,0.3513634158531591,217.78296368721763,4.0,1
514.496873572825,seasonal,0.19005732294624522,0.4353805806418104,0.6254379035880556,12.0,0
514.2772981454691,seasonal,0.06679981010620395,0.7919122426127785,0.8587120527189824,12.0,0
514.0693573607257,seasonal,0.025343665926698122,1.0255029253980703,1.0508465913247684,12.0,0
514.4663297400334,critical,0.12026231863899284,0.3513634158531591,0.47162573449215195,2.0,0
514.8055169121837,critical,0.05742824993683371,0.6599100317467526,0.7173382816835863,2.0,0
515.5676902307565,seasonal,0.029159828415686206,0.3190807107927397,0.3482405392084259,12.0,0
514.9246883803306,seasonal,0.23859770555600335,0.4353805806418104,0.6739782861978137,12.0,0
515.0308412701901,seasonal,0.17728905959847907,0.6599100317467526,0.8371990913452316,12.0,0
297.44053930001843,emergency,217.49422678370019,0.6659438790168433,218.16017066271704,4.0,1
297.5832478731558,emergency,217.73136147779343,0.3513634158531591,218.0827248936466,4.0,1
515.843068305247,critical,0.15067245316231492,0.3190807107927397,0.4697531639550546,2.0,0
514.7534156069481,seasonal,0.1787106452183025,1.0255029253980703,1.2042135706163728,12.0,0
515.704983852,seasonal,0.02648336150355135,0.6396923088485589,0.6661756703521102,12.0,0
516.265673581759,critical,0.20142847162435373,0.3190807107927397,0.5205091824170934,2.0,0
513.7553249214617,routine,2.20477961628319,0.6659438790168433,2.8707234953000333,24.0,0
513.6328132899707,routine,2.23881855600996,0.3190807107927397,2.5578992668027,24.0,0
297.75714647178563,emergency,217.88317657322568,0.6659438790168433,218.54912045224253,4.0,1
514.5607547033225,routine,2.1037739156849966,0.3190807107927397,2.4228546264777364,24.0,0
513.9713261241369,routine,2.5616187972328817,0.668926378609784,3.2305451758426655,24.0,0
516.9238940826336,seasonal,0.34721918157958953,0.3190807107927397,0.6662998923723292,12.0,0
297.99720710044653,emergency,218.99029800815765,0.3513634158531591,219.34166142401082,4.0,1
298.1621254652788,emergency,218.85453528447454,0.6599100317467526,219.5144453162213,4.0,1
516.3059466448282,routine,1.4138554348983234,0.4353805806418104,1.849236015540134,24.0,0
516.557388562457,seasonal,0.023049339751651132,0.9736079806575129,0.996657320409164,12.0,0
516.9711494746264,seasonal,0.3343982968307273,0.668926378609784,1.0033246754405112,12.0,0
517.2132786677103,critical,0.29019460436290956,0.7177220910631077,1.0079166954260173,2.0,0
298.15558963898076,emergency,218.83895826789507,0.7177220910631077,219.55668035895818,4.0,1
515.573725289576,routine,1.9509088524940807,0.6599100317467526,2.6108188842408335,24.0,0
515.8778763038567,routine,1.6520184701373637,0.6659438790168433,2.317962349154207,24.0,0
298.2992484119071,emergency,219.24452407035596,1.0255029253980703,220.27002699575402,4.0,1
518.2406816713606,critical,0.4315164835466021,0.3513634158531591,0.7828798993997612,2.0,0
518.9948607596826,critical,0.1029920572178753,0.3190807107927397,0.422072768010615,2.0,0
519.1500049478093,seasonal,0.00366209767980763,0.4353805806418104,0.43904267832161803,12.0,0
518.0247302491406,seasonal,0.4550735245150008,0.6599100317467526,1.1149835562617534,12.0,0
516.8274504004966,routine,2.0354427261449928,0.668926378609784,2.7043691047547767,24.0,0
298.4528830629193,emergency,220.51236089936282,0.4353805806418104,220.94774148000462,4.0,1
517.752039756709,seasonal,0.5807821308640086,1.0255029253980703,1.606285056262079,12.0,0
516.5862267986125,routine,2.258015186053626,0.6659438790168433,2.9239590650704694,24.0,0
518.6729673224237,routine,0.6898405615116872,0.6599100317467526,1.3497505932584397,24.0,0
517.6794876469351,critical,0.9829306785109111,0.9736079806575129,1.956538659168424,2.0,0
516.9351886937094,routine,1.976877330114462,0.9736079806575129,2.950485310771975,24.0,0
298.4941339160294,emergency,221.1986617865195,0.7177220910631077,221.9163838775826,4.0,1
298.6864988670659,emergency,221.54372162535083,0.4353805806418104,221.97910220599263,4.0,1
298.45953213660033,emergency,220.99643520757814,0.7919122426127785,221.7883474501909,4.0,1
519.1500765425184,routine,1.4553298665259717,0.3190807107927397,1.7744105773187115,24.0,0
519.3919872834074,routine,1.3686790517251666,0.3190807107927397,1.6877597625179064,24.0,0
519.9461039021692,seasonal,0.48028830291627855,0.7177220910631077,1.1980103939793862,12.0,0
519.5899292975304,seasonal,0.8140529181375769,0.3190807107927397,1.1331336289303167,12.0,0
520.2624136301653,critical,0.3128335701086371,0.3513634158531591,0.6641969859617962,2.0,0
520.2469874267827,seasonal,0.2526454342643092,0.668926378609784,0.9215718128740932,12.0,0
519.3135827513472,routine,1.3666441494968922,0.6599100317467526,2.026554181243645,24.0,0
298.71565960276274,emergency,222.1753982668459,0.6659438790168433,222.84134214586274,4.0,1
521.0830917451481,seasonal,0.11801874127752399,0.668926378609784,0.786945119887308,12.0,0
298.891338357304,emergency,222.4629888960667,0.3190807107927397,222.78206960685944,4.0,1
298.79693266418474,emergency,222.55357566823977,1.0255029253980703,223.57907859363783,4.0,1
519.5980484489208,routine,2.3338665906485403,0.3190807107927397,2.65294730144128,24.0,0
521.6589050696326,seasonal,0.1337749422559682,0.668926378609784,0.8027013208657522,12.0,0
299.08148509101346,emergency,222.4485879309944,0.4353805806418104,222.8839685116362,4.0,1
522.1927589741609,seasonal,0.10628616805342972,0.3190807107927397,0.4253668788461694,12.0,0
520.2701534540863,routine,1.879970256896513,0.3513634158531591,2.231333672749672,24.0,0
521.7357499221897,seasonal,0.17873464379078996,0.7919122426127785,0.9706468864035684,12.0,0
519.5445806563225,routine,2.3812428548761773,0.6599100317467526,3.04115288662293,24.0,0
521.7578471135505,critical,0.3063328014837907,0.3513634158531591,0.6576962173369498,2.0,0
521.9843415821512,critical,0.7609927763645601,0.7177220910631077,1.4787148674276678,2.0,0
299.1788437566266,emergency,223.65171164241957,0.4353805806418104,224.08709222306138,4.0,1
522.9923348045944,critical,0.2573967130613255,0.6599100317467526,0.9173067448080781,2.0,0
523.0548593617859,critical,0.2973150964855904,0.6396923088485589,0.9370074053341493,2.0,0
520.3769195963779,routine,2.3873116669361707,0.6599100317467526,3.0472216986829235,24.0,0
520.5038311463423,routine,2.804227589613788,0.3513634158531591,3.155591005466947,24.0,0
523.0586511615734,seasonal,0.24660056332868407,0.6599100317467526,0.9065105950754366,12.0,0
522.332074681497,routine,1.4499446827992415,0.6599100317467526,2.1098547145459943,24.0,0
299.1943769123043,emergency,224.60220081806983,0.6396923088485589,225.2418931269184,4.0,1
521.431373394166,routine,2.061096735132537,0.6599100317467526,2.72100676687929,24.0,0
521.9008247459265,routine,1.8552516125103011,0.3190807107927397,2.174332323303041,24.0,0
520.5380892005701,routine,2.8488289241837492,0.7919122426127785,3.640741166796528,24.0,0
523.8983468278319,seasonal,0.8510178745126495,0.3190807107927397,1.1700985853053893,12.0,0
299.4482155314094,emergency,224.81135861938566,0.9736079806575129,225.78496660004316,4.0,1
299.53867117785654,emergency,224.86466410310703,0.6599100317467526,225.5245741348538,4.0,1
522.4987797743436,routine,2.9067815254409197,0.3513634158531591,3.258144941294079,24.0,0
299.6372372163611,emergency,225.08995751993086,0.4353805806418104,225.52533810057267,4.0,1
522.3404718929631,routine,2.719023738080864,0.668926378609784,3.387950116690648,24.0,0
524.915497442529,critical,0.306821178910468,0.6599100317467526,0.9667312106572206,2.0,0
299.6001924539556,emergency,225.07292936121138,1.0255029253980703,226.09843228660944,4.0,1
524.3149973338756,seasonal,0.546378279410078,0.9736079806575129,1.5199862600675909,12.0,0
522.4295778248435,routine,2.720863026157531,1.0255029253980703,3.7463659515556014,24.0,0
523.1912542223192,routine,2.2157803194587586,0.7177220910631077,2.933502410521866,24.0,0
523.6336148347244,routine,2.1995767746043384,0.6396923088485589,2.8392690834528973,24.0,0
523.4916629525787,routine,2.057582505444998,0.6659438790168433,2.723526384461841,24.0,0
526.0632512896578,seasonal,0.6016744784878938,0.4353805806418104,1.0370550591297043,12.0,0
525.5394308390895,critical,0.4973230369570274,0.6599100317467526,1.15723306870378,2.0,0
299.70619815813626,emergency,226.5488611667775,0.6599100317467526,227.20877119852426,4.0,1
299.71226176896573,emergency,226.79803735812175,0.668926378609784,227.46696373673154,4.0,1
524.2354302705745,routine,2.920813419178671,0.3190807107927397,3.239894129971411,24.0,0
526.5426082771404,seasonal,0.43330814437263143,0.6659438790168433,1.0992520233894747,12.0,0
525.9101617910945,seasonal,0.45967867749698144,0.6599100317467526,1.119588709243734,12.0,0
300.00577285120136,emergency,226.81139945236424,0.7177220910631077,227.52912154342735,4.0,1
300.1869062816757,emergency,226.78812641525138,0.6599100317467526,227.44803644699815,4.0,1
525.1610936811734,routine,2.266015765421457,1.0255029253980703,3.2915186908195277,24.0,0
524.9712710606883,routine,2.432013994400563,0.4353805806418104,2.8673945750423737,24.0,0
525.1910576568154,routine,2.3092897574713334,0.3190807107927397,2.628370468264073,24.0,0
300.3765276849162,emergency,227.75072166346928,0.3513634158531591,228.10208507932245,4.0,1
300.3687311239682,emergency,227.69087730730786,0.6599100317467526,228.35078733905462,4.0,1
525.5454950994986,routine,2.4491027888296912,0.6659438790168433,3.1150466678465345,24.0,0
525.677289126305,routine,2.528322710355951,0.6659438790168433,3.1942665893727944,24.0,0
301.56254413227157,emergency,227.22046499293504,0.4353805806418104,227.65584557357684,4.0,1
528.2496459179323,seasonal,0.03565717845458494,0.6659438790168433,0.7016010574714282,12.0,0
526.0339653142399,routine,2.378501003898805,0.6659438790168433,3.044444882915648,24.0,0
300.5395624046977,emergency,227.63266586547593,0.9736079806575129,228.60627384613343,4.0,1
527.7678989558339,routine,1.315895982595066,0.3190807107927397,1.6349766933878058,24.0,0
301.52629866531294,emergency,227.15141030440537,1.0255029253980703,228.17691322980343,4.0,1
526.4656370649366,routine,2.5918359498107293,0.6599100317467526,3.251745981557482,24.0,0
526.6475587504733,routine,2.4345331440202926,0.6396923088485589,3.0742254528688515,24.0,0
301.7386116193014,emergency,227.9672316782213,0.6396923088485589,228.60692398706988,4.0,1
302.324139460088,emergency,228.24389169853288,0.3190807107927397,228.56297240932562,4.0,1
302.08726287653826,emergency,228.31993462780304,0.3513634158531591,228.6712980436562,4.0,1
302.022990080911,emergency,228.0398665735171,0.6599100317467526,228.69977660526385,4.0,1
528.1558513452526,routine,1.8121116896443255,0.6396923088485589,2.4518039984928843,24.0,0
302.01974388984667,emergency,227.94073146880652,1.0255029253980703,228.96623439420458,4.0,1
530.3689614915279,routine,0.0,0.6599100317467526,0.6599100317467526,24.0,0
531.6433440771456,seasonal,0.0,1.0255029253980703,1.0255029253980703,12.0,0
304.0125433502906,emergency,227.92586820680293,0.3190807107927397,228.24494891759568,4.0,1
303.91870009324055,emergency,227.81541746250048,0.6659438790168433,228.48136134151733,4.0,1
303.2655852888357,emergency,228.4310366353301,0.7177220910631077,229.1487587263932,4.0,1
302.5186699175328,emergency,228.93436104289668,0.7919122426127785,229.72627328550945,4.0,1
532.042687722911,routine,0.0,0.3190807107927397,0.3190807107927397,24.0,0
303.88679975368706,emergency,227.8117488876248,0.9736079806575129,228.7853568682823,4.0,1
532.9961420976529,routine,0.0,0.668926378609784,0.668926378609784,24.0,0
305.2091171687351,emergency,228.4730333202803,0.4353805806418104,228.9084139009221,4.0,1
304.6654347837282,emergency,228.76571999056432,0.6396923088485589,229.4054122994129,4.0,1
305.1881424204154,emergency,228.36000732989692,0.3190807107927397,228.67908804068966,4.0,1
304.08105806735637,emergency,229.27411333017756,0.7177220910631077,229.99183542124067,4.0,1
532.8431165762196,seasonal,0.0,1.0255029253980703,1.0255029253980703,12.0,0
305.1751973935468,emergency,228.35987538118343,0.6599100317467526,229.0197854129302,4.0,1
533.4633111210474,routine,0.0,0.7919122426127785,0.7919122426127785,24.0,0
533.8661414790843,seasonal,0.0,0.6659438790168433,0.6659438790168433,12.0,0
534.0773571265254,routine,0.0,0.6659438790168433,0.6659438790168433,24.0,0
534.2348965120897,routine,0.14370546044108323,0.7177220910631077,0.8614275515041909,24.0,0
305.91448237934225,emergency,228.89638834221302,0.3513634158531591,229.2477517580662,4.0,1
534.0437121001927,routine,0.0,0.9736079806575129,0.9736079806575129,24.0,0
533.9603927130098,routine,0.0,0.6599100317467526,0.6599100317467526,24.0,0
305.48976100576056,emergency,229.3179537569797,0.4353805806418104,229.7533343376215,4.0,1
305.9205650464243,emergency,228.96383617909993,0.6599100317467526,229.6237462108467,4.0,1
306.22196344037724,emergency,228.69579008932084,0.3513634158531591,229.047153505174,4.0,1
534.9067253246286,seasonal,0.026629183804288914,0.4353805806418104,0.4620097644460993,12.0,0
534.7460530916634,routine,0.5179720427622669,0.7177220910631077,1.2356941338253746,24.0,0
306.2732932424195,emergency,228.70279689195024,0.7177220910631077,229.42051898301335,4.0,1
306.4802079190316,emergency,229.5008094044756,0.6396923088485589,230.14050171332417,4.0,1
306.8742759516517,emergency,229.63908261021356,0.3513634158531591,229.99044602606673,4.0,1
535.9115181836593,seasonal,0.0,0.3513634158531591,0.3513634158531591,12.0,0
535.8093686416423,routine,0.0,0.7177220910631077,0.7177220910631077,24.0,0
536.7507352948406,routine,0.0,0.4353805806418104,0.4353805806418104,24.0,0
306.2843224348285,emergency,229.52833631231056,1.0255029253980703,230.55383923770862,4.0,1
536.535988769199,routine,0.0,0.3513634158531591,0.3513634158531591,24.0,0
536.5946642442111,routine,0.0,0.6599100317467526,0.6599100317467526,24.0,0
308.453535953299,emergency,228.53454482990946,0.6396923088485589,229.17423713875803,4.0,1
536.9285366534062,routine,0.0,0.668926378609784,0.668926378609784,24.0,0
536.421737300586,routine,0.0,1.0255029253980703,1.0255029253980703,24.0,0
307.1584270423245,emergency,229.38370995393944,0.6659438790168433,230.0496538329563,4.0,1
537.4760978972943,seasonal,0.1364310787098475,0.4353805806418104,0.5718116593516579,12.0,0
308.7293575031856,emergency,228.784733934384,0.3513634158531591,229.13609735023718,4.0,1
537.3167299980547,critical,0.001341801010994459,0.7177220910631077,0.7190638920741022,2.0,0
537.8149781916296,critical,0.16457175701270899,0.9736079806575129,1.1381797376702218,2.0,0
537.7833390998923,seasonal,0.04823164507274669,0.668926378609784,0.7171580236825307,12.0,0
537.5163336665455,seasonal,0.11583376825171854,0.9736079806575129,1.0894417489092314,12.0,0
537.0817014936271,routine,1.0454979549534755,1.0255029253980703,2.071000880351546,24.0,0
309.59258733861293,emergency,228.97021781324065,0.668926378609784,229.63914419185045,4.0,1
537.0856257164966,routine,1.2520215272162432,1.0255029253980703,2.2775244526143137,24.0,0
309.18311653360087,emergency,229.12278307262198,0.668926378609784,229.79170945123178,4.0,1
538.5928036704231,seasonal,0.25757129725411687,0.6599100317467526,0.9174813290008694,12.0,0
538.1925720539757,seasonal,0.08630924129613504,0.7177220910631077,0.8040313323592427,12.0,0
537.6191812706088,routine,0.7359617138458816,1.0255029253980703,1.761464639243952,24.0,0
309.76754953439087,emergency,229.28457351698017,0.7919122426127785,230.07648575959294,4.0,1
538.8330718934801,seasonal,0.9170769676126156,0.3190807107927397,1.2361576784053554,12.0,0
539.3675901360457,critical,0.2996511328157112,0.3513634158531591,0.6510145486688703,2.0,0
539.0781715230074,critical,0.06179362325212878,0.668926378609784,0.7307200018619128,2.0,0
538.9347422442137,seasonal,1.2400580060585753,0.3190807107927397,1.559138716851315,12.0,0
538.8826752782536,seasonal,1.0257217632581614,0.668926378609784,1.6946481418679453,12.0,0
538.1993920899333,routine,2.1482416576130845,0.4353805806418104,2.583622238254895,24.0,0
538.8284037931714,seasonal,0.9204984928684325,0.7177220910631077,1.6382205839315402,12.0,0
538.3850321770253,routine,2.3896847291013046,0.3190807107927397,2.7087654398940444,24.0,0
309.80695317398556,emergency,230.32812988057776,1.0255029253980703,231.35363280597582,4.0,1
540.309134507805,critical,0.4000267404464921,0.4353805806418104,0.8354073210883025,2.0,0
540.4079749588527,seasonal,0.2926631595158824,0.3190807107927397,0.6117438703086221,12.0,0
540.178290495445,critical,0.12933492513650435,0.3190807107927397,0.44841563592924405,2.0,0
539.9894541309355,seasonal,0.3338389716795973,1.0255029253980703,1.3593418970776676,12.0,0
310.0671818099499,emergency,230.74588013080592,0.3190807107927397,231.06496084159866,4.0,1
310.11280324608845,emergency,230.85601813563426,0.3513634158531591,231.20738155148743,4.0,1
538.8029163732369,routine,2.468809301148781,0.3190807107927397,2.7878900119415206,24.0,0
310.2159437245643,emergency,231.5815040174196,0.3190807107927397,231.90058472821235,4.0,1
538.8144377639873,routine,2.746839682816926,1.0255029253980703,3.7723426082149967,24.0,0
541.8813937226805,seasonal,0.04325269639343787,0.4353805806418104,0.4786332770352483,12.0,0
541.3134218808539,seasonal,0.05772797850193001,0.7919122426127785,0.8496402211147085,12.0,0
541.9290705855028,seasonal,0.475689885310544,0.3190807107927397,0.7947705961032837,12.0,0
538.9031856523716,routine,2.6826588847451376,0.6659438790168433,3.348602763761981,24.0,0
538.9097304777493,routine,2.7912310880792575,1.0255029253980703,3.816734013477328,24.0,0
310.4467619179256,emergency,231.53120034385967,0.6396923088485589,232.17089265270823,4.0,1
310.23462191281465,emergency,231.611658412089,1.0255029253980703,232.63716133748707,4.0,1
310.69830562043114,emergency,231.94586885247168,0.6659438790168433,232.61181273148853,4.0,1
540.303588570148,routine,3.2695468707883037,0.3190807107927397,3.5886275815810436,24.0,0
539.7131846159912,routine,3.583139183896037,0.6599100317467526,4.24304921564279,24.0,0
542.6727447038584,critical,0.3405585135698175,0.6599100317467526,1.00046854531657,2.0,0
539.3308519299535,routine,3.936240392262448,0.668926378609784,4.605166770872232,24.0,0
310.5414097729211,emergency,231.90824230729805,0.9736079806575129,232.88185028795556,4.0,1
542.2153080820643,seasonal,0.6338327598938349,0.7177220910631077,1.3515548509569426,12.0,0
540.1460261185439,routine,3.3291301018180093,0.9736079806575129,4.302738082475522,24.0,0
539.321372848072,routine,3.9124465397210315,0.7919122426127785,4.70435878233381,24.0,0
311.5687476913861,emergency,232.3623541758261,0.4353805806418104,232.79773475646792,4.0,1
543.5019881204718,seasonal,0.02536961994576359,1.0255029253980703,1.050872545343834,12.0,0
311.8259743773081,emergency,232.21297588741544,0.4353805806418104,232.64835646805724,4.0,1
543.86675630321,seasonal,0.8919674797919015,0.3513634158531591,1.2433308956450606,12.0,0
312.05535875029017,emergency,232.59982189362512,0.3190807107927397,232.91890260441787,4.0,1
312.16532359540776,emergency,232.6473617150586,0.3513634158531591,232.99872513091177,4.0,1
544.7432605133739,seasonal,0.08049917864673262,0.6659438790168433,0.7464430576635759,12.0,0
543.6486114021827,seasonal,0.9654208780331146,0.7177220910631077,1.6831429690962223,12.0,0
544.2227642290281,critical,0.006412747481704173,0.668926378609784,0.6753391260914882,2.0,0
312.62009654692633,emergency,232.682138236406,0.3190807107927397,233.00121894719874,4.0,1
545.4641079871581,critical,0.053391731641568185,0.3190807107927397,0.3724724424343079,2.0,0
543.7039775994456,seasonal,0.9473413842915761,0.668926378609784,1.61626776290136,12.0,0
541.6337227030257,routine,3.7203129127650527,0.4353805806418104,4.155693493406863,24.0,0
545.1834410053569,seasonal,0.0643389412889519,0.7919122426127785,0.8562511839017304,12.0,0
540.8283195442415,routine,4.4292303649967835,0.7919122426127785,5.221142607609562,24.0,0
317.0727804812461,emergency,228.87853211853087,0.3513634158531591,229.22989553438404,4.0,1
545.785907539755,seasonal,0.3171421740759115,0.6396923088485589,0.9568344829244704,12.0,0
317.8305375156237,emergency,228.42268188537236,0.6659438790168433,229.0886257643892,4.0,1
545.6092464992247,seasonal,0.15403951574853636,0.668926378609784,0.8229658943583203,12.0,0
541.6591991206718,routine,4.4701707256397185,0.9736079806575129,5.443778706297231,24.0,0
313.34792025266376,emergency,232.59363177044185,0.6599100317467526,233.2535418021886,4.0,1
318.69700539303665,emergency,228.00135502933176,0.6599100317467526,228.66126506107852,4.0,1
319.1598703782388,emergency,228.10638218606778,0.6659438790168433,228.77232606508463,4.0,1
546.6557345197807,seasonal,0.04534944394345075,0.7919122426127785,0.8372616865562292,12.0,0
546.9793955687468,seasonal,0.00881639958561209,0.6659438790168433,0.6747602786024554,12.0,0
318.3203184217043,emergency,228.34533370443432,0.6396923088485589,228.9850260132829,4.0,1
541.8839054972859,routine,5.131848543548131,0.3190807107927397,5.4509292543408705,24.0,0
542.7990639543649,routine,4.766851897168635,0.3190807107927397,5.085932607961375,24.0,0
547.4511680919506,critical,0.08581674405377271,0.6659438790168433,0.751760623070616,2.0,0
542.3908606944665,routine,4.74205666697037,0.7177220910631077,5.459778758033478,24.0,0
542.396893300227,routine,5.066914053289338,0.7919122426127785,5.858826295902117,24.0,0
547.5846510870699,critical,0.4128161731879345,0.6396923088485589,1.0525084820364934,2.0,0
543.6932392155729,routine,4.158534815753455,0.6659438790168433,4.824478694770299,24.0,0
543.7209455974753,routine,4.917443767240229,0.4353805806418104,5.35282434788204,24.0,0
547.9899392000682,seasonal,0.6222850056444713,0.3513634158531591,0.9736484214976304,12.0,0
319.96581475511647,emergency,228.73013059577062,0.4353805806418104,229.16551117641242,4.0,1
319.57846486722906,emergency,229.01665901622084,0.668926378609784,229.68558539483064,4.0,1
544.4451629212938,routine,4.436179414079334,0.6396923088485589,5.075871722927893,24.0,0
543.9656924293007,routine,4.742341030942043,0.6396923088485589,5.382033339790603,24.0,0
548.2022713698519,critical,0.20325332972947763,0.6599100317467526,0.8631633614762302,2.0,0
320.1943637492041,emergency,228.81466695628154,0.668926378609784,229.48359333489134,4.0,1
544.9354496863152,routine,4.104979327237061,0.6599100317467526,4.7648893589838135,24.0,0
545.4504029612135,routine,4.149812978170303,0.3513634158531591,4.501176394023462,24.0,0
545.535051619498,routine,4.1465931486508225,0.6396923088485589,4.786285457499382,24.0,0
320.76561483335104,emergency,229.3550374170195,0.4353805806418104,229.7904179976613,4.0,1
320.57685443314534,emergency,228.9146952697326,0.7919122426127785,229.70660751234536,4.0,1
545.1302707888184,routine,4.312661617518074,0.6659438790168433,4.978605496534918,24.0,0
549.8437544006945,seasonal,0.1119868087840814,0.7919122426127785,0.9038990513968599,12.0,0
320.7771815115506,emergency,229.3758342817129,0.4353805806418104,229.81121486235472,4.0,1
545.6795602301648,routine,4.6412938274932,0.6396923088485589,5.28098613634176,24.0,0
320.89998102528364,emergency,229.54199899430694,0.6599100317467526,230.2019090260537,4.0,1
545.7042670902844,routine,5.056001382493605,0.3513634158531591,5.407364798346764,24.0,0
546.2452846918192,routine,4.79661270867723,0.7919122426127785,5.588524951290009,24.0,0
550.2536549737367,seasonal,0.04884276217376282,1.0255029253980703,1.0743456875718331,12.0,0
320.93048340043924,emergency,229.73809588400695,0.6396923088485589,230.37778819285552,4.0,1
321.07152773115297,emergency,230.29752200431494,0.3513634158531591,230.6488854201681,4.0,1
546.3802949754343,routine,4.778740246235998,0.6599100317467526,5.438650277982751,24.0,0
321.1563643676929,emergency,230.24308240836461,0.6396923088485589,230.88277471721318,4.0,1
321.2223720333394,emergency,230.4485511730453,0.7919122426127785,231.24046341565807,4.0,1
551.1871991279794,seasonal,0.24258383006360873,0.6659438790168433,0.908527709080452,12.0,0
546.7614634123847,routine,5.447036257942841,0.4353805806418104,5.882416838584652,24.0,0
321.24208262307945,emergency,230.86958884007038,0.3190807107927397,231.18866955086312,4.0,1
546.5406671776108,routine,5.036275201498938,0.9736079806575129,6.009883182156451,24.0,0
546.6124825906278,routine,5.185544952187115,0.6599100317467526,5.845454983933868,24.0,0
546.8547500277467,routine,5.603843808223928,0.6599100317467526,6.263753839970681,24.0,0
321.36734898649763,emergency,231.33748524814007,0.3513634158531591,231.68884866399324,4.0,1
321.45634672630484,emergency,231.48107108664595,0.6599100317467526,232.14098111839272,4.0,1
553.0160146773113,seasonal,0.2056401156528409,0.3513634158531591,0.557003531506,12.0,0
546.9503688987443,routine,5.597205255720041,0.9736079806575129,6.570813236377554,24.0,0
321.4378842483173,emergency,231.325370589888,0.4353805806418104,231.7607511705298,4.0,1
321.5682792544851,emergency,231.5308533389192,0.3513634158531591,231.88221675477237,4.0,1
547.2568806948981,routine,5.658417477863054,0.668926378609784,6.327343856472838,24.0,0
321.61016265886394,emergency,231.82522760358165,0.4353805806418104,232.26060818422346,4.0,1
547.4321271595031,routine,5.815204165143655,0.6659438790168433,6.4811480441604985,24.0,0
321.72417940279917,emergency,232.47319713716644,0.3513634158531591,232.8245605530196,4.0,1
549.7671635890101,routine,4.068998918573811,0.7919122426127785,4.86091116118659,24.0,0
550.4377988790511,routine,3.5723012657006166,0.9736079806575129,4.545909246358129,24.0,0
321.6464409379405,emergency,232.47213900018096,0.6659438790168433,233.1380828791978,4.0,1
548.5779233446733,routine,5.234453826984463,0.668926378609784,5.903380205594248,24.0,0
553.2307059972779,routine,1.4748284657931663,0.4353805806418104,1.9102090464349768,24.0,0
551.025206912794,routine,3.4291514980182,0.6599100317467526,4.089061529764953,24.0,0
321.9912699517344,emergency,232.56492066978348,0.6599100317467526,233.22483070153024,4.0,1
552.7900686858701,routine,1.6756041953437943,1.0255029253980703,2.701107120741865,24.0,0
555.1597194076634,seasonal,0.3167624577249626,0.3190807107927397,0.6358431685177023,12.0,0
553.9746017357674,routine,1.1749956201495024,0.6659438790168433,1.8409394991663457,24.0,0
321.93209139072593,emergency,232.56225883185954,1.0255029253980703,233.5877617572576,4.0,1
322.1739588294781,emergency,233.4306521758482,0.3513634158531591,233.78201559170137,4.0,1
322.06957942423065,emergency,232.96449282058205,0.7177220910631077,233.68221491164516,4.0,1
322.1552298196251,emergency,233.13085179175357,1.0255029253980703,234.15635471715163,4.0,1
555.232906723552,routine,0.3549120164659598,0.7919122426127785,1.1468242590787383,24.0,0
556.465584447785,routine,0.0,0.4353805806418104,0.4353805806418104,24.0,0
556.0840985673086,critical,0.4676359930356284,0.3190807107927397,0.7867167038283681,2.0,0
322.6161232520457,emergency,234.51946012938475,0.3513634158531591,234.87082354523793,4.0,1
322.52426072765394,emergency,234.42009354462942,0.3513634158531591,234.7714569604826,4.0,1
557.6662672258079,seasonal,0.0,0.3513634158531591,0.3513634158531591,12.0,0
322.4753681738688,emergency,234.43798855169064,0.6599100317467526,235.0978985834374,4.0,1
322.65516613547464,emergency,235.2974710104383,0.3513634158531591,235.64883442629147,4.0,1
557.157575357277,seasonal,0.0,0.7177220910631077,0.7177220910631077,12.0,0
322.553752976037,emergency,234.5079806889928,0.9736079806575129,235.4815886696503,4.0,1
558.2216135868364,seasonal,0.0,0.6659438790168433,0.6659438790168433,12.0,0
558.0884054332479,seasonal,0.0,0.7919122426127785,0.7919122426127785,12.0,0
558.0584116666022,routine,0.0,0.7177220910631077,0.7177220910631077,24.0,0
322.8843770092847,emergency,235.64038162552282,0.6659438790168433,236.30632550453967,4.0,1
322.9335237158874,emergency,235.98472879945416,0.668926378609784,236.65365517806396,4.0,1
558.5762590520055,seasonal,0.0,0.9736079806575129,0.9736079806575129,12.0,0
558.4025216493691,routine,0.0,0.6599100317467526,0.6599100317467526,24.0,0
322.8568108246391,emergency,235.52757717489595,0.9736079806575129,236.50118515555346,4.0,1
323.48890510366186,emergency,235.65962087903358,0.6396923088485589,236.29931318788215,4.0,1
323.035823935447,emergency,236.0105768305237,1.0255029253980703,237.03607975592175,4.0,1
559.3293731596341,routine,0.0,0.6599100317467526,0.6599100317467526,24.0,0
559.1255086737008,seasonal,0.0,1.0255029253980703,1.0255029253980703,12.0,0
560.5367053190358,seasonal,0.0,0.3190807107927397,0.3190807107927397,12.0,0
323.6840564452697,emergency,236.53801812352947,0.6599100317467526,237.19792815527623,4.0,1
323.90665635668336,emergency,236.6631646084552,0.6599100317467526,237.32307464020195,4.0,1
560.6794389723342,seasonal,0.0,0.6396923088485589,0.6396923088485589,12.0,0
323.5092076678601,emergency,236.62341778527002,0.7177220910631077,237.34113987633313,4.0,1
323.7070929364356,emergency,236.77645284943497,0.7919122426127785,237.56836509204774,4.0,1
560.4765142091884,routine,0.0,0.6599100317467526,0.6599100317467526,24.0,0
560.4967611747785,routine,0.0,0.668926378609784,0.668926378609784,24.0,0
560.7234506958583,routine,0.4106105934441757,0.3190807107927397,0.7296913042369154,24.0,0
560.7030719236953,seasonal,0.0,1.0255029253980703,1.0255029253980703,12.0,0
560.9003799810098,routine,0.4201062350095981,0.6659438790168433,1.0860501140264414,24.0,0
560.8784173000607,critical,0.14595752271168294,0.4353805806418104,0.5813381033534933,2.0,0
323.9339028163412,emergency,237.71875262056517,0.7919122426127785,238.51066486317794,4.0,1
561.5136336336706,routine,0.06811066961699908,0.6396923088485589,0.707802978465558,24.0,0
562.0917417829169,critical,0.05940726683900266,0.3513634158531591,0.41077068269216177,2.0,0
562.5046919265947,seasonal,0.049870569627159966,0.4353805806418104,0.48525115026897037,12.0,0
561.5242601676658,routine,0.46730553273653186,0.668926378609784,1.1362319113463157,24.0,0
323.98721755589344,emergency,237.93496710799724,0.7177220910631077,238.65268919906035,4.0,1
562.1389144219967,seasonal,0.14510398443360373,0.6599100317467526,0.8050140161803563,12.0,0
561.8579614968337,routine,0.43578323508063477,0.6396923088485589,1.0754755439291936,24.0,0
562.5470041512523,routine,0.05595796258330665,0.4353805806418104,0.49133854322511705,24.0,0
562.4444301852989,seasonal,0.0889623355421918,0.7919122426127785,0.8808745781549703,12.0,0
324.0260295802688,emergency,238.06227697075536,1.0255029253980703,239.08777989615342,4.0,1
562.3250887610118,critical,0.789951540182642,0.3513634158531591,1.1413149560358011,2.0,0
562.3048142890177,critical,0.5009735859929378,0.6659438790168433,1.166917465009781,2.0,0
324.3567518939417,emergency,239.17545166151012,0.3513634158531591,239.5268150773633,4.0,1
562.9245083741276,seasonal,0.6799062712818795,0.7177220910631077,1.3976283623449872,12.0,0
562.7743772125533,seasonal,0.5266475606895256,0.6396923088485589,1.1663398695380844,12.0,0
563.191111222442,routine,1.171218535624348,0.3190807107927397,1.4902992464170879,24.0,0
562.6302502125083,routine,1.1844463878571787,0.6396923088485589,1.8241386967057376,24.0,0
562.9132402100032,routine,1.3485716644941022,0.6396923088485589,1.988263973342661,24.0,0
564.2912486543795,critical,0.3001132822158752,0.4353805806418104,0.7354938628576856,2.0,0
562.692847748962,routine,1.2997824586090019,0.6659438790168433,1.9657263376258451,24.0,0
564.4300806241192,seasonal,0.03301274495186135,0.668926378609784,0.7019391235616453,12.0,0
563.6820835375463,critical,0.13458350656787843,1.0255029253980703,1.1600864319659487,2.0,0
324.47877746914224,emergency,240.23322828147292,0.6396923088485589,240.87292059032148,4.0,1
564.2731004730018,routine,1.0670529888716374,0.3190807107927397,1.3861336996643772,24.0,0
564.2309683549788,critical,0.26476448986250034,0.6659438790168433,0.9307083688793436,2.0,0
324.83453250262227,emergency,240.8030975607839,0.3190807107927397,241.12217827157664,4.0,1
324.7183854024153,emergency,240.03101368337997,0.668926378609784,240.69994006198976,4.0,1
564.4760867230384,routine,0.9591412209558712,0.6599100317467526,1.6190512527026237,24.0,0
564.7598754252474,seasonal,0.3196103677071278,0.3513634158531591,0.6709737835602869,12.0,0
564.0827219591184,routine,1.0899625903805372,1.0255029253980703,2.1154655157786078,24.0,0
565.521537512994,seasonal,0.09003598053141104,0.4353805806418104,0.5254165611732214,12.0,0
565.634796503148,seasonal,0.6266584930642694,0.3513634158531591,0.9780219089174285,12.0,0
565.5614700094476,seasonal,0.22948769158540472,0.3190807107927397,0.5485684023781444,12.0,0
565.5435057059269,seasonal,0.09926653800960139,0.7177220910631077,0.8169886290727091,12.0,0
324.9697240111487,emergency,241.03695063959373,0.3190807107927397,241.35603135038647,4.0,1
566.1717570892534,seasonal,0.6015932044339252,0.3190807107927397,0.9206739152266649,12.0,0
566.3198299286119,critical,0.04900209786751475,0.6396923088485589,0.6886944067160736,2.0,0
325.00192323610867,emergency,241.60316792733732,0.3190807107927397,241.92224863813007,4.0,1
324.8765351689017,emergency,240.95436886592813,1.0255029253980703,241.9798717913262,4.0,1
325.06697693774305,emergency,241.61043363495384,0.4353805806418104,242.04581421559564,4.0,1
566.1077079378803,seasonal,0.600585141363922,0.4353805806418104,1.0359657220057326,12.0,0
566.5286991816798,seasonal,0.41332987723330916,0.3513634158531591,0.7646932930864683,12.0,0
566.1643279699055,routine,1.3137498463659085,0.6659438790168433,1.9796937253827518,24.0,0
567.5404228088761,seasonal,0.17065257979925263,0.3513634158531591,0.5220159956524117,12.0,0
565.4226452049186,routine,1.9573289519557875,0.7919122426127785,2.749241194568566,24.0,0
566.9269021697902,seasonal,0.14477337119899403,0.9736079806575129,1.1183813518565069,12.0,0
564.7250860869077,routine,2.582344828140549,1.0255029253980703,3.6078477535386195,24.0,0
566.7862730623267,critical,0.7357478323533542,1.0255029253980703,1.7612507577514245,2.0,0
567.9464930549618,critical,0.3404963383974291,0.3190807107927397,0.6595770491901688,2.0,0
567.861876196012,critical,0.37774164107213437,0.6599100317467526,1.037651672818887,2.0,0
568.113256343788,seasonal,0.2787609190039575,0.7919122426127785,1.070673161616736,12.0,0
567.3003555177859,critical,0.6944451636873055,0.7177220910631077,1.4121672547504132,2.0,0
566.920107405048,critical,0.981751403837734,1.0255029253980703,2.0072543292358045,2.0,1
567.7672672431097,seasonal,0.6208016891550869,0.6396923088485589,1.2604939980036458,12.0,0
568.5735594777638,seasonal,0.31754331217905474,0.3513634158531591,0.6689067280322138,12.0,0
568.5066921582847,seasonal,0.2603795301796481,0.7919122426127785,1.0522917727924266,12.0,0
568.8019084446873,seasonal,0.2667496125289972,0.7919122426127785,1.0586618551417757,12.0,0
566.1882309981601,routine,2.9863214994697955,0.6659438790168433,3.652265378486639,24.0,0
568.1093453149285,critical,1.4089533306558906,0.6599100317467526,2.0688633624026433,2.0,1
566.2285697695556,routine,3.117913347488752,0.4353805806418104,3.5532939281305627,24.0,0
569.9594526324996,critical,0.04457260085860071,0.3513634158531591,0.3959360167117598,2.0,0
568.5627083569932,critical,1.1467621346271244,0.4353805806418104,1.582142715268935,2.0,0
325.1380054123308,emergency,244.93597278366224,0.6659438790168433,245.6019166626791,4.0,1
570.1639115683234,seasonal,0.238083717907557,0.6659438790168433,0.9040275969244003,12.0,0
570.0662580243564,seasonal,0.3020863106944489,0.3190807107927397,0.6211670214871886,12.0,0
569.3983419484188,seasonal,0.61197966376983,1.0255029253980703,1.6374825891679003,12.0,0
325.20205801153094,emergency,245.08332161137633,0.7919122426127785,245.8752338539891,4.0,1
566.2326344172097,routine,4.223145258461841,0.668926378609784,4.892071637071625,24.0,0
566.4500691248095,routine,4.0925403155472395,0.7919122426127785,4.884452558160018,24.0,0
570.5895198253024,seasonal,0.5465500676194779,0.6599100317467526,1.2064600993662304,12.0,0
570.4656194658485,critical,0.5393040364352828,0.7177220910631077,1.2570261274983905,2.0,0
571.1831136710101,critical,0.054962209796144634,0.3190807107927397,0.37404292058888433,2.0,0
566.4884436352758,routine,4.07851641501361,0.7919122426127785,4.870428657626388,24.0,0
570.7240435697505,seasonal,0.9870704663868537,0.668926378609784,1.6559968449966376,12.0,0
566.5535868850161,routine,5.407121673948382,0.6599100317467526,6.067031705695134,24.0,0
325.3141599135681,emergency,246.16726355427068,0.9736079806575129,247.14087153492818,4.0,1
325.30274074791527,emergency,245.83696747302594,0.9736079806575129,246.81057545368344,4.0,1
571.767782102536,critical,0.21560982703010723,0.668926378609784,0.8845362056398912,2.0,0
571.5657715667162,seasonal,0.36882412468560233,0.6599100317467526,1.0287341564323549,12.0,0
567.8197040969967,routine,4.621567351066915,0.4353805806418104,5.056947931708725,24.0,0
567.0332854713246,routine,5.146159542433111,0.6659438790168433,5.8121034214499545,24.0,0
567.63113518204,routine,4.76296898260739,0.6599100317467526,5.422879014354143,24.0,0
571.8815355936808,critical,0.6871825926536985,0.6396923088485589,1.3268749015022574,2.0,0
568.2235605409405,routine,5.031456385782121,0.4353805806418104,5.466836966423932,24.0,0
568.8772404389924,routine,4.6718619421693575,0.3190807107927397,4.990942652962097,24.0,0
568.7418559313313,routine,4.800431574947538,0.3190807107927397,5.119512285740278,24.0,0
325.3456130698224,emergency,247.26967913219954,1.0255029253980703,248.2951820575976,4.0,1
572.6992592215039,critical,0.5941044533038848,0.6599100317467526,1.2540144850506374,2.0,0
572.5528617536016,seasonal,0.18135118814484485,1.0255029253980703,1.2068541135429152,12.0,0
573.5730138327248,seasonal,0.0910585292349424,0.7919122426127785,0.8829707718477209,12.0,0
573.7163563837416,seasonal,0.4216377309030577,0.4353805806418104,0.8570183115448681,12.0,0
568.1858939465243,routine,4.9651817943286005,0.6659438790168433,5.631125673345444,24.0,0
573.0532214901996,critical,0.38629773954528446,0.6396923088485589,1.0259900483938433,2.0,0
573.7938247189161,critical,0.4791749382280841,0.3190807107927397,0.7982556490208238,2.0,0
325.4016571597196,emergency,248.090936536504,0.7919122426127785,248.88284877911676,4.0,1
574.4148992497369,seasonal,0.009797444078458284,0.6396923088485589,0.6494897529270172,12.0,0
568.8795658520781,routine,5.70024905238688,0.6599100317467526,6.360159084133633,24.0,0
568.9108385672607,routine,5.738316645993677,0.3513634158531591,6.0896800618468365,24.0,0
325.47130888211115,emergency,249.39875528328315,0.3190807107927397,249.7178359940759,4.0,1
325.4188235252353,emergency,249.25412529828918,0.6396923088485589,249.89381760713775,4.0,1
569.7988029070816,routine,5.337390967990018,0.4353805806418104,5.7727715486318285,24.0,0
569.2994734360204,routine,5.631028887037132,0.7177220910631077,6.34875097810024,24.0,0
325.6457326187573,emergency,249.9374428762966,0.668926378609784,250.60636925490638,4.0,1
570.2888957048806,routine,5.670750713150369,0.3190807107927397,5.989831423943109,24.0,0
569.8732097782264,routine,5.320591664879771,0.9736079806575129,6.294199645537284,24.0,0
325.54792655010243,emergency,249.8093369637058,0.3513634158531591,250.16070037955896,4.0,1
569.9647809983036,routine,5.236519347320268,0.668926378609784,5.905445725930052,24.0,0
325.6907653608004,emergency,249.93535016497043,0.3513634158531591,250.2867135808236,4.0,1
325.70174486573364,emergency,250.35585084492106,0.3513634158531591,250.70721426077424,4.0,1
325.760068635809,emergency,250.4673513332919,0.6659438790168433,251.13329521230875,4.0,1
570.2370509226173,routine,5.627060702349354,0.6599100317467526,6.286970734096107,24.0,0
575.7144959669228,seasonal,0.12005418039188953,0.9736079806575129,1.0936621610494024,12.0,0
570.3868292770799,routine,6.0674007503313305,0.6659438790168433,6.733344629348174,24.0,0
570.7169031166462,routine,6.305218203774302,0.3190807107927397,6.624298914567042,24.0,0
576.568702414113,seasonal,0.2857375450754489,0.6599100317467526,0.9456475768222015,12.0,0
576.4185747554743,critical,0.4413136519865475,0.6659438790168433,1.1072575310033907,2.0,0
572.2062341417329,routine,4.853953264408574,0.4353805806418104,5.289333845050384,24.0,0
325.7678909078753,emergency,251.3094727680798,0.9736079806575129,252.2830807487373,4.0,1
326.07959264113157,emergency,251.43581628088924,0.3190807107927397,251.754896991682,4.0,1
572.6185227879055,routine,4.61260609131125,0.6599100317467526,5.272516123058002,24.0,0
326.0287529553223,emergency,251.48336141875365,0.4353805806418104,251.91874199939545,4.0,1
325.8431071420756,emergency,251.4839056693711,0.6659438790168433,252.14984954838795,4.0,1
572.9024638632061,routine,4.679223082324256,0.6599100317467526,5.339133114071009,24.0,0
575.1794116478277,routine,2.9731619287714466,0.6396923088485589,3.6128542376200055,24.0,0
573.9462274169496,routine,3.9412975460858206,0.4353805806418104,4.376678126727631,24.0,0
576.8562769932628,routine,1.3647701178749685,0.6659438790168433,2.0307139968918118,24.0,0
573.2137290869849,routine,4.5183270481959426,0.6659438790168433,5.184270927212786,24.0,0
326.16747342900976,emergency,252.1071934964723,0.4353805806418104,252.5425740771141,4.0,1
577.3950144297817,routine,0.8885947266140874,0.3190807107927397,1.2076754374068273,24.0,0
326.17925581776245,emergency,252.55308919596422,0.3190807107927397,252.87216990675697,4.0,1
326.188354247434,emergency,252.7955254790798,1.0255029253980703,253.82102840447786,4.0,1
579.0149818176502,routine,0.0,0.7919122426127785,0.7919122426127785,24.0,0
326.28936005823226,emergency,252.90248794227654,1.0255029253980703,253.9279908676746,4.0,1
326.3710916090441,emergency,253.4460326196051,0.6396923088485589,254.08572492845366,4.0,1
326.33769547884356,emergency,253.01609480333946,0.9736079806575129,253.98970278399696,4.0,1
580.6415531273908,routine,0.0,0.6396923088485589,0.6396923088485589,24.0,0
580.4444570362455,routine,0.0,0.6599100317467526,0.6599100317467526,24.0,0
326.39660216934595,emergency,253.75160956168935,1.0255029253980703,254.7771124870874,4.0,1
581.1137199885758,routine,0.0,0.3513634158531591,0.3513634158531591,24.0,0
581.1597440269172,seasonal,0.0,0.4353805806418104,0.4353805806418104,12.0,0
326.44367598713575,emergency,254.4178082996217,1.0255029253980703,255.44331122501976,4.0,1
326.4818194407178,emergency,254.54997088740356,0.7919122426127785,255.34188313001633,4.0,1
326.6826855051246,emergency,254.79078310202772,0.7919122426127785,255.58269534464048,4.0,1
326.6001811515941,emergency,254.60242809333334,1.0255029253980703,255.6279310187314,4.0,1
582.6016814056212,routine,0.0,0.6599100317467526,0.6599100317467526,24.0,0
326.85728115201954,emergency,256.17405866205974,0.3190807107927397,256.49313937285245,4.0,1
582.6477518967723,routine,0.0,0.7177220910631077,0.7177220910631077,24.0,0
581.7216618842145,critical,0.6799996305884406,0.4353805806418104,1.115380211230251,2.0,0
326.91003963529556,emergency,256.66247365726076,0.3190807107927397,256.9815543680535,4.0,1
326.8167706296824,emergency,255.95609209883958,1.0255029253980703,256.98159502423766,4.0,1
326.8865495208391,emergency,256.5279396356105,0.7919122426127785,257.3198518782233,4.0,1
583.10547343115,seasonal,0.0,0.7177220910631077,0.7177220910631077,12.0,0
584.0047434202382,routine,0.0,0.6659438790168433,0.6659438790168433,24.0,0
584.2114003524468,seasonal,0.0,0.3513634158531591,0.3513634158531591,12.0,0
326.98310223432475,emergency,257.22316174690206,0.4353805806418104,257.6585423275439,4.0,1
584.0760722323248,routine,0.0,1.0255029253980703,1.0255029253980703,24.0,0
583.9548972678359,routine,0.0,1.0255029253980703,1.0255029253980703,24.0,0
583.8086013719483,critical,0.17687986237558562,0.6599100317467526,0.8367898941223382,2.0,0
584.1875179404773,routine,0.0,0.6599100317467526,0.6599100317467526,24.0,0
584.1598594315119,seasonal,0.0,1.0255029253980703,1.0255029253980703,12.0,0
584.9958092280564,routine,0.06714263199410198,0.6599100317467526,0.7270526637408545,24.0,0
327.18436023455297,emergency,257.4858328490908,0.6396923088485589,258.12552515793936,4.0,1
327.21660659644397,emergency,257.6697092518631,0.3513634158531591,258.0210726677162,4.0,1
327.1561895594917,emergency,257.48841470994995,0.7177220910631077,258.20613680101303,4.0,1
327.5659042551075,emergency,258.1517086709447,0.6659438790168433,258.8176525499615,4.0,1
585.77929797006,critical,0.12199592801505332,0.4353805806418104,0.5573765086568637,2.0,0
585.5041567286736,routine,0.24348158943803355,0.6659438790168433,0.9094254684548768,24.0,0
585.9203478504672,routine,0.0,0.6659438790168433,0.6659438790168433,24.0,0
585.3733798488942,routine,0.23027522675624823,0.9736079806575129,1.203883207413761,24.0,0
585.1077080293542,seasonal,0.43665647669638474,0.6599100317467526,1.0965665084431373,12.0,0
586.2233150587857,critical,0.4004179427328154,0.4353805806418104,0.8357985233746258,2.0,0
586.330985314282,critical,0.3621052757027883,0.668926378609784,1.0310316543125722,2.0,0
586.5535998482502,routine,0.0,0.668926378609784,0.668926378609784,24.0,0
586.493230798819,routine,0.0,0.7177220910631077,0.7177220910631077,24.0,0
586.2196031195991,routine,0.0,0.7177220910631077,0.7177220910631077,24.0,0
585.7978026775713,critical,0.7754695847435187,0.6659438790168433,1.441413463760362,2.0,0
327.92091532135896,emergency,259.30496413661285,0.7177220910631077,260.02268622767593,4.0,1
586.9961369525844,critical,0.08826505789704697,0.6659438790168433,0.7542089369138902,2.0,0
586.6106524457996,seasonal,0.7854437216341239,0.4353805806418104,1.2208243022759344,12.0,0
586.6633814695322,seasonal,0.7734638092980504,0.4353805806418104,1.2088443899398609,12.0,0
588.0463466836574,seasonal,0.06963865171223915,0.4353805806418104,0.5050192323540496,12.0,0
586.8220608608943,routine,1.3521834566341795,0.4353805806418104,1.78756403727599,24.0,0
586.7930814004088,routine,1.3653345576798301,0.3513634158531591,1.7166979735329893,24.0,0
586.9624022661314,seasonal,0.5363080608593691,1.0255029253980703,1.5618109862574394,12.0,0
587.3677550413025,seasonal,0.20459188129188988,0.9736079806575129,1.1781998619494027,12.0,0
329.230372751897,emergency,258.7617190672587,0.6599100317467526,259.42162909900543,4.0,1
328.03674640236756,emergency,259.8524983355508,1.0255029253980703,260.8780012609489,4.0,1
588.4388443715436,critical,0.1797933810868244,0.3513634158531591,0.5311567969399835,2.0,0
329.280823576096,emergency,259.4277756390272,0.7919122426127785,260.21968788163997,4.0,1
588.2443893130744,seasonal,0.5498419195369024,0.3513634158531591,0.9012053353900615,12.0,0
588.6362361524992,seasonal,0.2913294303572229,1.0255029253980703,1.3168323557552932,12.0,0
588.2142743320672,critical,0.26299817114568214,1.0255029253980703,1.2885010965437524,2.0,0
589.3823967559534,critical,0.42511564974074645,0.6396923088485589,1.0648079585893053,2.0,0
588.9832023849764,seasonal,0.6918477848164457,0.7177220910631077,1.4095698758795534,12.0,0
588.9350531025973,seasonal,0.6812571220441441,0.4353805806418104,1.1166377026859546,12.0,0
588.7891351433211,seasonal,0.48778955263685475,0.9736079806575129,1.4613975332943676,12.0,0
589.1837057572257,seasonal,0.5768783165341347,0.6396923088485589,1.2165706253826936,12.0,0
590.0025240704639,critical,0.1155218955024111,0.3513634158531591,0.4668853113555702,2.0,0
589.53565655694,critical,0.47237067607329664,0.4353805806418104,0.907751256715107,2.0,0
586.8871033985133,routine,2.8905262777008147,0.9736079806575129,3.8641342583583276,24.0,0
329.4109277882801,emergency,260.934989078679,1.0255029253980703,261.9604920040771,4.0,1
329.4515092443491,emergency,261.2957314498395,0.3190807107927397,261.6148121606322,4.0,1
589.8527365849179,seasonal,0.5864772188953111,0.6659438790168433,1.2524210979121544,12.0,0
589.9483868463142,seasonal,0.7353609065627325,0.6599100317467526,1.395270938309485,12.0,0
329.54878318406475,emergency,261.5497927165392,0.6659438790168433,262.215736595556,4.0,1
591.3319570314965,seasonal,0.03133674134198827,0.4353805806418104,0.46671732198379867,12.0,0
590.5033865289818,seasonal,0.7621920925820405,0.668926378609784,1.4311184711918243,12.0,0
591.483390355676,critical,0.5044383927486251,0.3190807107927397,0.8235191035413648,2.0,0
587.037374019441,routine,4.560120957146296,0.6659438790168433,5.22606483616314,24.0,0
586.9394795734072,routine,4.473612313958256,0.7919122426127785,5.265524556571035,24.0,0
587.241183570869,routine,4.61748828037048,0.6599100317467526,5.277398312117233,24.0,0
591.6420903787865,critical,0.3910120426457979,0.6599100317467526,1.0509220743925505,2.0,0
592.1932203191215,seasonal,0.057973207412715055,0.3513634158531591,0.40933662326587417,12.0,0
591.1293425721273,critical,0.5250966394322631,0.6599100317467526,1.1850066711790157,2.0,0
591.2445864532775,critical,0.570974154552573,0.7919122426127785,1.3628863971653515,2.0,0
592.0308175975014,critical,0.8820190733520121,0.3513634158531591,1.2333824892051712,2.0,0
592.0195887114287,critical,0.35137102353371574,0.7919122426127785,1.1432832661464942,2.0,0
592.5296885072534,seasonal,0.26447032652004054,0.6599100317467526,0.9243803582667931,12.0,0
587.5267446997295,routine,4.615737417455648,0.668926378609784,5.284663796065432,24.0,0
587.659930789375,routine,4.805682777286961,0.6659438790168433,5.471626656303805,24.0,0
593.4679598759453,critical,0.22324153999613827,0.3513634158531591,0.5746049558492974,2.0,0
592.6421273898491,seasonal,0.6098724322806675,0.9736079806575129,1.5834804129381803,12.0,0
593.6410989710961,critical,0.2801340072101084,0.3190807107927397,0.5992147180028481,2.0,0
588.2856309478653,routine,5.32675972133768,0.6599100317467526,5.986669753084433,24.0,0
587.8964025557732,routine,5.681631657317439,0.3190807107927397,6.000712368110179,24.0,0
329.5560281515403,emergency,264.43977993822,0.4353805806418104,264.87516051886183,4.0,1
593.4408408897461,seasonal,0.11923263555695485,0.9736079806575129,1.0928406162144677,12.0,0
593.8190764389518,seasonal,0.2685096723985225,0.6659438790168433,0.9344535514153658,12.0,0
593.603107133273,critical,0.2908297641149602,0.6659438790168433,0.9567736431318035,2.0,0
593.1918016269669,critical,0.42008859665077125,1.0255029253980703,1.4455915220488416,2.0,0
593.873405569492,seasonal,0.2489981791208038,0.6396923088485589,0.8886904879693627,12.0,0
594.1333347207534,seasonal,0.15998292876633968,0.7919122426127785,0.9518951713791182,12.0,0
594.6400529223669,critical,0.29257474458017896,0.6599100317467526,0.9524847763269315,2.0,0
589.7338977159084,routine,5.409950375430753,0.4353805806418104,5.845330956072564,24.0,0
589.4277156359884,routine,5.520998496933089,0.6599100317467526,6.180908528679842,24.0,0
590.0695837442976,routine,5.12544581832276,0.6396923088485589,5.765138127171319,24.0,0
329.73650300711233,emergency,265.57303674268485,0.4353805806418104,266.0084173233267,4.0,1
329.7332597724532,emergency,265.39020390263573,0.9736079806575129,266.36381188329324,4.0,1
595.8081935303842,seasonal,0.05751230989255873,0.3513634158531591,0.40887572574571784,12.0,0
595.5560436986918,seasonal,0.02182874615118635,1.0255029253980703,1.0473316715492567,12.0,0
595.7055270231195,critical,0.1858521260918451,0.6659438790168433,0.8517960051086884,2.0,0
329.75100379501015,emergency,266.2218262692916,0.6659438790168433,266.88777014830845,4.0,1
591.2632589704249,routine,5.346314770897493,0.3190807107927397,5.665395481690233,24.0,0
590.0703761468374,routine,6.0023368290494545,0.7177220910631077,6.720058920112562,24.0,0
591.3059365947503,routine,5.333119539182235,0.7919122426127785,6.1250317817950135,24.0,0
329.8731590068128,emergency,267.07439553152335,0.4353805806418104,267.5097761121652,4.0,1
329.77252663992243,emergency,266.7720258606609,0.6659438790168433,267.4379697396777,4.0,1
590.1485229810238,routine,6.177851533871376,0.6599100317467526,6.837761565618129,24.0,0
591.4839341719635,routine,5.744343576221809,0.3190807107927397,6.0634242870145485,24.0,0
329.8307535287823,emergency,266.82709719597034,0.7177220910631077,267.5448192870334,4.0,1
590.2207932189762,routine,6.379123126352738,0.7177220910631077,7.096845217415845,24.0,0
597.4896764895295,seasonal,0.20004245263544362,0.4353805806418104,0.635423033277254,12.0,0
329.9058517779514,emergency,267.7004249711798,0.6659438790168433,268.36636885019664,4.0,1
596.7559149052445,seasonal,0.3834384484483735,0.668926378609784,1.0523648270581574,12.0,0
591.4840022824253,routine,6.227084025504951,0.6659438790168433,6.893027904521794,24.0,0
596.9599731928448,critical,0.5647471283549521,0.6599100317467526,1.2246571601017047,2.0,0
597.9520469610544,seasonal,0.11947764865499266,0.6659438790168433,0.7854215276718359,12.0,0
592.0368278837908,routine,6.395593483722678,0.3190807107927397,6.714674194515418,24.0,0
329.94915368841254,emergency,268.21083931852314,0.3513634158531591,268.5622027343763,4.0,1
329.98275372582003,emergency,268.29343301659804,0.6599100317467526,268.9533430483448,4.0,1
592.4483979514342,routine,6.413711819246828,0.3190807107927397,6.732792530039568,24.0,0
330.14007281284717,emergency,268.36469317153137,1.0255029253980703,269.39019609692946,4.0,1
591.5063414622958,routine,6.863576558308409,0.6599100317467526,7.523486590055162,24.0,0
593.0648127827367,routine,6.4909724932413155,0.3190807107927397,6.810053204034055,24.0,0
592.58692073118,routine,6.530442190976487,0.6659438790168433,7.196386069993331,24.0,0
598.6898517608721,seasonal,0.005759897476650622,1.0255029253980703,1.031262822874721,12.0,0
330.21827370225066,emergency,268.7301460525567,0.7919122426127785,269.5220582951695,4.0,1
592.7464383063148,routine,6.590286753037731,0.4353805806418104,7.025667333679541,24.0,0
599.1330001971847,critical,0.3204106019537676,0.7177220910631077,1.0381326930168753,2.0,0
592.836522402277,routine,6.719132261515028,0.4353805806418104,7.154512842156839,24.0,0
330.2446607953891,emergency,269.4966595620117,0.3513634158531591,269.84802297786484,4.0,1
593.9236357031425,routine,6.614859789918569,0.6599100317467526,7.274769821665322,24.0,0
593.1823734724379,routine,7.008863960660847,0.7177220910631077,7.726586051723954,24.0,0
330.2856075180266,emergency,269.76501008542857,0.6659438790168433,270.4309539644454,4.0,1
330.33034833168233,emergency,269.8932391840441,1.0255029253980703,270.9187421094422,4.0,1
594.1089198039822,routine,6.436649157713418,0.9736079806575129,7.410257138370931,24.0,0
593.5322239877909,routine,6.858470660530429,0.7177220910631077,7.576192751593537,24.0,0
593.8204611175677,routine,6.707375706698826,0.9736079806575129,7.680983687356339,24.0,0
594.132184555802,routine,6.754311287019732,0.4353805806418104,7.1896918676615424,24.0,0
330.3402490244507,emergency,270.78701988629643,0.668926378609784,271.45594626490623,4.0,1
330.3329380227759,emergency,270.50040701642365,1.0255029253980703,271.52590994182174,4.0,1
330.4335937941323,emergency,270.9761977500316,0.6659438790168433,271.6421416290484,4.0,1
330.5189206742182,emergency,271.57786176340835,0.4353805806418104,272.0132423440502,4.0,1
594.8055159119095,routine,7.314532838785226,0.3190807107927397,7.633613549577966,24.0,0
594.4666145523901,routine,7.444075630717862,0.4353805806418104,7.879456211359672,24.0,0
594.3978515632598,routine,6.979679096198197,0.6599100317467526,7.63958912794495,24.0,0
594.5185177949236,routine,7.467543046195715,0.6599100317467526,8.127453077942468,24.0,0
595.2119140269702,routine,7.407492754383156,0.3190807107927397,7.726573465175896,24.0,0
594.942529520498,routine,7.617345033743163,0.668926378609784,8.286271412352948,24.0,0
330.5959647874921,emergency,271.52039205083577,0.668926378609784,272.18931842944556,4.0,1
330.7773404046562,emergency,272.491616153097,0.4353805806418104,272.92699673373886,4.0,1
594.8984775166167,routine,7.231240635428662,1.0255029253980703,8.256743560826733,24.0,0
330.69112921953376,emergency,272.13949037151394,0.6659438790168433,272.80543425053077,4.0,1
330.71357270148985,emergency,272.1953335120836,0.4353805806418104,272.63071409272544,4.0,1
330.75697371427435,emergency,272.3712366359784,0.3190807107927397,272.6903173467711,4.0,1
595.7487037253112,routine,7.6138346530914305,0.7919122426127785,8.405746895704208,24.0,0
595.7952876914343,routine,7.6221187686006715,0.9736079806575129,8.595726749258183,24.0,0
595.6438306160495,routine,7.68535819503245,0.7177220910631077,8.403080286095557,24.0,0
599.9764179402731,routine,4.3690543997594204,0.3190807107927397,4.68813511055216,24.0,0
596.5563766837001,routine,7.3935531705517405,0.6599100317467526,8.053463202298493,24.0,0
599.4246350182868,routine,4.565339186719029,0.7177220910631077,5.283061277782137,24.0,0
596.4692522483472,routine,7.452225844025293,0.7919122426127785,8.24413808663807,24.0,0
604.3765232952815,critical,0.03623324308728115,0.6599100317467526,0.6961432748340337,2.0,0
331.0052160108332,emergency,273.3058982405509,0.3513634158531591,273.65726165640405,4.0,1
602.5651642702929,routine,2.4233147910077832,0.4353805806418104,2.8586953716495938,24.0,0
330.90470978483836,emergency,273.09742626050354,0.6659438790168433,273.76337013952036,4.0,1
331.027118698913,emergency,273.5916994969381,0.7919122426127785,274.3836117395509,4.0,1
331.09129829017996,emergency,273.59927825328583,0.4353805806418104,274.03465883392767,4.0,1
605.2490881790804,routine,0.0,0.3513634158531591,0.3513634158531591,24.0,0
605.1559248896125,seasonal,0.0,0.6659438790168433,0.6659438790168433,12.0,0
331.13876867698804,emergency,274.59731674134963,0.4353805806418104,275.03269732199146,4.0,1
605.7812889276732,seasonal,0.0,0.3513634158531591,0.3513634158531591,12.0,0
331.2912238358737,emergency,274.7634987797597,0.6599100317467526,275.4234088115064,4.0,1
331.33554798866925,emergency,274.95074836548366,0.3513634158531591,275.3021117813368,4.0,1
605.760902271739,routine,0.0,0.7177220910631077,0.7177220910631077,24.0,0
331.1479525502497,emergency,274.75544759986104,0.7177220910631077,275.4731696909241,4.0,1
331.29501619221384,emergency,274.8962340638031,0.6599100317467526,275.5561440955498,4.0,1
606.5882296671243,routine,0.0,0.668926378609784,0.668926378609784,24.0,0
331.37442964417,emergency,275.9146642961512,0.3513634158531591,276.26602771200436,4.0,1
331.4092394925685,emergency,276.00498750659364,0.3513634158531591,276.3563509224468,4.0,1
606.8536757377253,routine,0.0,1.0255029253980703,1.0255029253980703,24.0,0
331.46273956823865,emergency,276.067753861211,0.6599100317467526,276.7276638929577,4.0,1
607.9075009461826,seasonal,0.0,0.7919122426127785,0.7919122426127785,12.0,0
607.6713150072084,seasonal,0.0,0.6599100317467526,0.6599100317467526,12.0,0
607.9730420453794,seasonal,0.0,0.3190807107927397,0.3190807107927397,12.0,0
331.5111124235743,emergency,276.23821241194486,0.6599100317467526,276.8981224436916,4.0,1
607.8984958096703,critical,0.42709435264305284,0.7919122426127785,1.2190065952558313,2.0,0
607.7245108197706,seasonal,0.0,0.7919122426127785,0.7919122426127785,12.0,0
608.0441889483184,seasonal,0.0,0.7919122426127785,0.7919122426127785,12.0,0
331.62452595522217,emergency,276.21770073308613,1.0255029253980703,277.2432036584842,4.0,1
608.2125206807856,seasonal,0.08238099496543327,0.668926378609784,0.7513073735752173,12.0,0
608.0763312125475,critical,0.6384835804065006,1.0255029253980703,1.6639865058045709,2.0,0
608.2329165189963,routine,0.7638946988317912,0.4353805806418104,1.1992752794736017,24.0,0
608.1605724054,critical,0.8956836534516697,0.7177220910631077,1.6134057445147774,2.0,0
609.7080293185511,seasonal,0.03570413169643416,0.6396923088485589,0.675396440544993,12.0,0
609.7126374391806,seasonal,0.2002561828466014,0.4353805806418104,0.6356367634884118,12.0,0
609.0582331519978,critical,0.5352657349275205,0.668926378609784,1.2041921135373044,2.0,0
608.6908672065655,routine,0.773470449625961,0.6659438790168433,1.4394143286428043,24.0,0
608.2372764088933,routine,1.0677710514963792,1.0255029253980703,2.0932739768944497,24.0,0
609.1451389510353,routine,0.8902728664172628,0.6396923088485589,1.5299651752658217,24.0,0
608.3435654365235,routine,1.1025199248293802,0.6659438790168433,1.7684638038462235,24.0,0
331.6615250450681,emergency,278.261384610128,0.3190807107927397,278.5804653209207,4.0,1
609.333895174335,critical,0.4048495490357027,0.7919122426127785,1.1967617916484812,2.0,0
331.96632421138156,emergency,278.41165376272863,0.4353805806418104,278.84703434337047,4.0,1
610.4260437958565,routine,0.6836295521372904,0.3513634158531591,1.0349929679904495,24.0,0
610.4520821294013,seasonal,0.022733073372933177,0.3513634158531591,0.3740964892260923,12.0,0
332.03280409492805,emergency,278.51673090828734,0.6396923088485589,279.1564232171359,4.0,1
610.3248772689768,routine,0.6847361326784949,0.6659438790168433,1.3506800116953381,24.0,0
611.0606945292739,seasonal,0.006165509130823921,0.668926378609784,0.6750918877406079,12.0,0
610.6358895849112,critical,0.406764837812716,0.6396923088485589,1.0464571466612749,2.0,0
611.3457016446214,seasonal,0.08802371299520928,0.668926378609784,0.7569500916049933,12.0,0
610.4103291967014,routine,0.61283632598645,0.9736079806575129,1.5864443066439629,24.0,0
611.6258273493686,critical,0.22386796528883224,0.7919122426127785,1.0157802079016107,2.0,0
610.9505434702692,critical,0.6696965437569133,0.668926378609784,1.3386229223666972,2.0,0
611.8238683694731,seasonal,0.29824832152837644,0.668926378609784,0.9671747001381604,12.0,0
610.6524584301097,routine,0.6332614610498695,0.9736079806575129,1.6068694417073823,24.0,0
332.2070729902296,emergency,279.7588710894044,0.6599100317467526,280.41878112115114,4.0,1
612.5161324685831,seasonal,0.510556964850025,0.3190807107927397,0.8296376756427647,12.0,0
610.6606981603659,routine,1.4756915950997609,0.7919122426127785,2.2676038377125396,24.0,0
612.4187717505151,seasonal,0.49748766863763194,0.6396923088485589,1.1371799774861908,12.0,0
332.2077624275499,emergency,280.18179484982187,0.6396923088485589,280.82148715867044,4.0,1
612.8584159228848,critical,0.02596500287336312,0.6396923088485589,0.665657311721922,2.0,0
612.350844016314,seasonal,0.17365697091622678,0.6599100317467526,0.8335670026629793,12.0,0
612.4123112387094,seasonal,0.38969863658837767,0.6599100317467526,1.0496086683351302,12.0,0
613.0035121411172,seasonal,0.573052953241131,0.4353805806418104,1.0084335338829415,12.0,0
612.9548295644248,critical,0.30656977424098386,0.4353805806418104,0.7419503548827943,2.0,0
613.2691194499204,seasonal,0.3724299337862931,0.3190807107927397,0.6915106445790328,12.0,0
332.3820245542889,emergency,281.16245023358016,0.3513634158531591,281.5138136494333,4.0,1
611.4252010358966,routine,2.999123686740859,0.3190807107927397,3.3182043975335986,24.0,0
332.6956077445241,emergency,281.62010592617804,0.4353805806418104,282.0554865068199,4.0,1
613.8391096287669,seasonal,0.3698577851303071,0.6396923088485589,1.009550093978866,12.0,0
332.52876240955817,emergency,281.3095620056459,1.0255029253980703,282.335064931044,4.0,1
613.635967577689,seasonal,0.39337103528066564,1.0255029253980703,1.418873960678736,12.0,0
610.9982855926386,routine,3.275507847971994,0.668926378609784,3.944434226581778,24.0,0
611.25802389705,routine,3.133093130233874,1.0255029253980703,4.158596055631945,24.0,0
614.9355063135188,critical,0.018590017682072357,0.6599100317467526,0.6785000494288249,2.0,0
611.4778584883242,routine,3.5227637738087196,0.3190807107927397,3.8418444846014594,24.0,0
332.7035293552374,emergency,281.6639837006277,0.6659438790168433,282.3299275796445,4.0,1
614.4810084019695,seasonal,0.37100599534119283,0.7177220910631077,1.0887280864043005,12.0,0
612.2426921675708,routine,3.5169885206121307,0.3513634158531591,3.86835193646529,24.0,0
611.8602139057607,routine,3.7167295488966374,0.668926378609784,4.385655927506422,24.0,0
332.9416999843964,emergency,282.3374097786562,1.0255029253980703,283.3629127040543,4.0,1
333.1650125521826,emergency,282.5933333151394,0.9736079806575129,283.5669412957969,4.0,1
612.7104183401922,routine,3.4199005195796417,0.3190807107927397,3.7389812303723815,24.0,0
333.2460269506886,emergency,282.601473884367,0.668926378609784,283.2704002629768,4.0,1
333.4968402805064,emergency,282.84227097336975,0.4353805806418104,283.2776515540116,4.0,1
613.3913441062383,routine,2.906781839691348,0.6659438790168433,3.5727257187081913,24.0,0
612.2764426516464,routine,3.618311773887058,0.9736079806575129,4.591919754544571,24.0,0
613.4536439144093,routine,2.930280391184624,0.3190807107927397,3.249361101977364,24.0,0
612.4183798293359,routine,3.6057323798653442,1.0255029253980703,4.631235305263415,24.0,0
616.1815757091161,critical,0.1076653197288806,0.6396923088485589,0.7473576285774395,2.0,0
614.0256167619974,routine,3.0310324663806796,0.7177220910631077,3.748754557443787,24.0,0
616.8266345113673,critical,0.6158010230143418,0.6659438790168433,1.281744902031185,2.0,0
617.4219550866222,seasonal,0.07509270981017835,0.3513634158531591,0.42645612566333746,12.0,0
614.5954946525687,routine,3.535256451848227,0.3513634158531591,3.886619867701386,24.0,0
617.6972322783686,seasonal,0.26165491643632777,0.3190807107927397,0.5807356272290675,12.0,0
616.6320768025242,critical,0.7984211108407635,0.7919122426127785,1.590333353453542,2.0,0
617.6320924405491,seasonal,0.2782657363927683,0.3190807107927397,0.597346447185508,12.0,0
617.4265075039145,critical,0.07133736070386476,0.7177220910631077,0.7890594517669725,2.0,0
333.54484872444726,emergency,284.0652795442482,0.4353805806418104,284.50066012489003,4.0,1
617.4066800895762,seasonal,0.019693129093070638,0.6659438790168433,0.6856370081099139,12.0,0
617.8061568503775,critical,0.371465539479118,0.4353805806418104,0.8068461201209284,2.0,0
614.7690854425304,routine,4.2601329766589515,0.4353805806418104,4.695513557300762,24.0,0
618.937668667104,critical,0.3135531189145695,0.3190807107927397,0.6326338297073092,2.0,0
614.5578110436405,routine,3.5025813513586854,0.9736079806575129,4.476189332016198,24.0,0
618.6182988520998,seasonal,0.0414617330263809,0.3513634158531591,0.39282514887954,12.0,0
619.1048072908131,seasonal,0.028220846125918797,0.3190807107927397,0.3473015569186585,12.0,0
615.1040613900897,routine,4.1062968144340175,0.6599100317467526,4.76620684618077,24.0,0
619.180685501304,critical,0.20054559566995067,0.3190807107927397,0.5196263064626904,2.0,0
617.8766852196545,critical,0.9927201099069407,0.4353805806418104,1.4281006905487512,2.0,0
333.6081403432133,emergency,285.7786654938881,0.9736079806575129,286.75227347454563,4.0,1
333.7399056229565,emergency,285.7238554217457,0.9736079806575129,286.69746340240323,4.0,1
619.4323251479045,seasonal,0.7647417064080173,0.3190807107927397,1.0838224172007571,12.0,0
615.6423113255745,routine,3.666954112323424,0.668926378609784,4.335880490933208,24.0,0
619.3542792886931,seasonal,0.08429665044263857,0.6659438790168433,0.7502405294594818,12.0,0
619.6985657154686,seasonal,0.7034124129700103,0.6659438790168433,1.3693562919868536,12.0,0
615.7319686053282,routine,4.795743861531605,0.6396923088485589,5.435436170380164,24.0,0
619.670066790895,seasonal,0.7072038306104105,0.7177220910631077,1.4249259216735182,12.0,0
620.0926572926916,critical,0.1353786583913461,0.668926378609784,0.8043050370011301,2.0,0
620.1246085586616,seasonal,0.29383725644333936,0.7919122426127785,1.0857494990561178,12.0,0
337.23964170395215,emergency,283.8450549903841,0.4353805806418104,284.2804355710259,4.0,1
336.81995032936067,emergency,283.84493949153745,0.6659438790168433,284.51088337055427,4.0,1
336.225117822897,emergency,284.3209298992199,0.7177220910631077,285.038651990283,4.0,1
336.9899554276804,emergency,284.0786746141677,0.4353805806418104,284.51405519480954,4.0,1
616.600460868881,routine,4.6479526535013065,0.4353805806418104,5.083333234143117,24.0,0
616.2661289755713,routine,4.903206088387265,0.6659438790168433,5.569149967404108,24.0,0
616.7015766418505,routine,4.6042294989448465,0.6659438790168433,5.27017337796169,24.0,0
617.5365181638904,routine,4.54724863184731,0.4353805806418104,4.982629212489121,24.0,0
617.5801375741976,routine,4.855656771451095,0.4353805806418104,5.291037352092905,24.0,0
621.3299417449631,seasonal,0.4121255038638765,0.668926378609784,1.0810518824736604,12.0,0
337.5354390838367,emergency,285.25047178438643,0.3190807107927397,285.56955249517915,4.0,1
621.1565864902824,critical,1.1233916282532164,0.6599100317467526,1.783301659999969,2.0,0
337.5174041823679,emergency,285.129306054603,0.6396923088485589,285.76899836345154,4.0,1
621.3190672677205,critical,1.1521353578402795,0.6599100317467526,1.812045389587032,2.0,0
337.3545997183742,emergency,285.1477492776178,0.3190807107927397,285.4668299884105,4.0,1
616.9802551407334,routine,5.096432812225885,0.9736079806575129,6.070040792883398,24.0,0
618.3658919495981,routine,4.566194073366546,0.7919122426127785,5.358106315979325,24.0,0
618.4962094035831,routine,4.52782474762364,0.6396923088485589,5.1675170564721995,24.0,0
618.5002872844216,routine,4.5810002712780715,0.7177220910631077,5.298722362341179,24.0,0
618.9661794093362,routine,4.806684780848968,0.4353805806418104,5.242065361490779,24.0,0
618.812321405595,routine,4.753090171535632,0.6599100317467526,5.413000203282385,24.0,0
341.6575050768859,emergency,282.50821873165677,0.3190807107927397,282.8272994424495,4.0,1
619.0230744515349,routine,4.753280832051701,0.6659438790168433,5.419224711068544,24.0,0
338.3989966139809,emergency,285.56964647531333,0.6599100317467526,286.22955650706007,4.0,1
340.7950739430275,emergency,283.17391693713597,0.6396923088485589,283.81360924598454,4.0,1
341.26452865018354,emergency,282.70713605383315,0.9736079806575129,283.68074403449066,4.0,1
619.1010225186255,routine,5.198799618573389,0.4353805806418104,5.6341801992152,24.0,0
619.6799742104856,routine,4.759896427892613,0.3190807107927397,5.078977138685353,24.0,0
337.93701429373164,emergency,285.9231479229003,1.0255029253980703,286.94865084829837,4.0,1
619.7927425773966,routine,5.041641353392947,0.7177220910631077,5.759363444456055,24.0,0
619.6219384180032,routine,4.808971457224175,1.0255029253980703,5.834474382622245,24.0,0
620.5186897191209,routine,5.017034563384414,0.6659438790168433,5.682978442401257,24.0,0
341.89053401719985,emergency,283.512577430431,0.6396923088485589,284.1522697392796,4.0,1
619.878189308759,routine,5.440889880281588,1.0255029253980703,6.466392805679659,24.0,0
619.8616331860846,routine,5.190154853637978,1.0255029253980703,6.215657779036048,24.0,0
341.96695626148755,emergency,283.5959398121355,0.6396923088485589,284.23563212098406,4.0,1
622.2710929609254,routine,3.9020737077969443,0.4353805806418104,4.337454288438755,24.0,0
621.9845042914876,routine,4.055093345367823,0.6396923088485589,4.694785654216382,24.0,0
342.21356292949895,emergency,283.4710168875997,0.6659438790168433,284.13696076661654,4.0,1
342.3771695451675,emergency,283.71593884090635,0.4353805806418104,284.1513194215482,4.0,1
620.7526296849118,routine,5.204064285460618,0.6396923088485589,5.843756594309177,24.0,0
342.319389424385,emergency,283.57785955037764,0.7177220910631077,284.2955816414407,4.0,1
622.869094921147,routine,3.6942824219559043,0.3513634158531591,4.045645837809063,24.0,0
624.1200385421619,routine,3.262602045884023,0.4353805806418104,3.6979826265258335,24.0,0
626.7783662086882,routine,0.7999568286004433,0.3190807107927397,1.119037539393183,24.0,0
625.1845857708889,routine,2.2677021710413783,0.6396923088485589,2.907394479889937,24.0,0
626.5373481716834,routine,0.9572775670606006,0.3190807107927397,1.2763582778533404,24.0,0
622.9601783104321,routine,4.072328578596171,0.6599100317467526,4.7322386103429235,24.0,0
628.0406245528792,routine,0.03146203616972798,0.3190807107927397,0.3505427469624677,24.0,0
342.79459896307173,emergency,284.65835316083223,0.3513634158531591,285.0097165766854,4.0,1
342.5764041141602,emergency,284.58780866609226,0.9736079806575129,285.56141664674976,4.0,1
628.0067104232504,seasonal,0.0,0.3513634158531591,0.3513634158531591,12.0,0
343.2456224345669,emergency,284.63815645501296,0.3190807107927397,284.9572371658057,4.0,1
342.86015147840584,emergency,284.78252351747307,0.9736079806575129,285.75613149813057,4.0,1
343.2559587812061,emergency,284.72364160411394,0.9736079806575129,285.69724958477144,4.0,1
628.4116839650319,routine,0.11354767215573247,0.3513634158531591,0.4649110880088916,24.0,0
628.4326711051285,routine,0.47579886630194324,0.6599100317467526,1.1357088980486958,24.0,0
343.74348798672145,emergency,285.7672100915522,0.3190807107927397,286.08629080234493,4.0,1
343.69278572707515,emergency,285.47800483538697,0.6599100317467526,286.1379148671337,4.0,1
629.857572904664,seasonal,0.0,0.6599100317467526,0.6599100317467526,12.0,0
629.7049518023986,routine,0.0,0.6659438790168433,0.6659438790168433,24.0,0
343.31796479478186,emergency,285.7812582385846,0.9736079806575129,286.7548662192421,4.0,1
344.03050075939,emergency,285.52162186710297,0.6659438790168433,286.1875657461198,4.0,1
344.19916233712064,emergency,285.68819326664317,0.6396923088485589,286.32788557549173,4.0,1
344.3034005469609,emergency,286.174733888854,0.3190807107927397,286.4938145996467,4.0,1
344.34040346890487,emergency,286.7336426147685,0.7919122426127785,287.5255548573813,4.0,1
631.1634910256611,routine,0.0,0.7177220910631077,0.7177220910631077,24.0,0
345.254089537407,emergency,286.4901975124417,0.6396923088485589,287.12988982129025,4.0,1
631.6711449242355,routine,0.0,0.4353805806418104,0.4353805806418104,24.0,0
344.7468755428741,emergency,286.6873591528085,0.9736079806575129,287.660967133466,4.0,1
344.7437084834467,emergency,286.6307328924568,1.0255029253980703,287.6562358178549,4.0,1
345.14509743294354,emergency,286.4359927857155,0.9736079806575129,287.409600766373,4.0,1
632.3623488657663,seasonal,0.0,0.6599100317467526,0.6599100317467526,12.0,0
346.1905214699066,emergency,286.34620457669445,0.9736079806575129,287.31981255735195,4.0,1
633.3828092859147,routine,0.0,0.3190807107927397,0.3190807107927397,24.0,0
633.4890292338578,routine,0.0,0.4353805806418104,0.4353805806418104,24.0,0
346.367539725756,emergency,286.6949085263495,0.3190807107927397,287.0139892371422,4.0,1
632.6664726149424,routine,0.0,1.0255029253980703,1.0255029253980703,24.0,0
346.7472361088157,emergency,286.8827569245804,0.6396923088485589,287.522449233429,4.0,1
346.5781995412232,emergency,287.01281994408697,0.9736079806575129,287.9864279247445,4.0,1
346.5696781752241,emergency,286.88200871040215,0.6659438790168433,287.54795258941897,4.0,1
633.7219736593064,routine,0.0,0.6659438790168433,0.6659438790168433,24.0,0
634.1425082912697,routine,0.15003266616497513,0.4353805806418104,0.5854132468067855,24.0,0
633.6252933059552,routine,0.0,0.9736079806575129,0.9736079806575129,24.0,0
633.8154209090002,routine,0.0,0.6396923088485589,0.6396923088485589,24.0,0
634.7083836002881,routine,0.0,0.3190807107927397,0.3190807107927397,24.0,0
634.623436148559,routine,0.0,0.3513634158531591,0.3513634158531591,24.0,0
346.8058594574238,emergency,287.5298613500207,0.6396923088485589,288.1695536588693,4.0,1
634.7338531886733,critical,0.014072524357175098,0.7919122426127785,0.8059847669699536,2.0,0
346.853195188715,emergency,288.07852881404807,0.6396923088485589,288.71822112289664,4.0,1
634.7676302207122,routine,0.10153413374439424,0.4353805806418104,0.5369147143862046,24.0,0
634.8920831061922,seasonal,0.6521341067544881,0.6659438790168433,1.3180779857713314,12.0,0
346.9102345147301,emergency,288.28218054012547,0.3513634158531591,288.6335439559786,4.0,1
635.4757131129558,seasonal,0.35489325360128987,0.4353805806418104,0.7902738342431003,12.0,0
635.0269480335646,seasonal,0.7250592269020899,0.7177220910631077,1.4427813179651976,12.0,0
347.0560186722902,emergency,288.4210002483038,0.6396923088485589,289.0606925571524,4.0,1
635.2821928668287,seasonal,0.5053303040833725,0.7177220910631077,1.2230523951464802,12.0,0
635.7138401924416,critical,0.15424840021387354,0.3513634158531591,0.5056118160670326,2.0,0
635.0245031265996,seasonal,0.6263910692101717,0.6659438790168433,1.292334948227015,12.0,0
635.6537909829756,seasonal,0.9330584008265532,0.4353805806418104,1.3684389814683637,12.0,0
635.4288086602576,seasonal,0.3985346665419911,0.6659438790168433,1.0644785455588344,12.0,0
635.9117948403601,critical,0.6434885452081289,0.7919122426127785,1.4354007878209074,2.0,0
636.5015592737444,seasonal,0.7155214599505371,0.3190807107927397,1.0346021707432769,12.0,0
636.2343861799106,critical,0.3366367315425123,0.6396923088485589,0.9763290403910712,2.0,0
636.2373592578766,seasonal,0.5980075594660548,0.9736079806575129,1.5716155401235676,12.0,0
636.241468449971,seasonal,0.7730548723964148,0.7919122426127785,1.5649671150091933,12.0,0
636.950719742989,seasonal,0.6613670964557059,0.3190807107927397,0.9804478072484456,12.0,0
635.082822792289,routine,2.6983991305371546,0.4353805806418104,3.133779711178965,24.0,0
637.439844722321,critical,0.027799141042123665,0.6599100317467526,0.6877091727888762,2.0,0
347.53933789409353,emergency,289.71748494426294,0.6396923088485589,290.3571772531115,4.0,1
636.3401098714471,critical,0.5877788754764879,1.0255029253980703,1.6132818008745582,2.0,0
636.6031341020869,seasonal,0.7930049183136134,1.0255029253980703,1.8185078437116837,12.0,0
637.2538490651377,seasonal,0.5074750120924136,0.6659438790168433,1.173418891109257,12.0,0
638.0030819731838,seasonal,0.3301100863494639,0.6659438790168433,0.9960539653663072,12.0,0
347.5440004351582,emergency,290.6245775228556,0.668926378609784,291.2935039014654,4.0,1
638.6552051473293,seasonal,0.07719700221082348,0.4353805806418104,0.5125775828526339,12.0,0
638.783143706933,seasonal,0.07346829880509631,0.668926378609784,0.7423946774148803,12.0,0
635.2425749229369,routine,3.7538765558019804,0.6599100317467526,4.413786587548733,24.0,0
638.7587117441983,critical,0.520361966235555,0.3190807107927397,0.8394426770282947,2.0,0
347.8637466979424,emergency,290.744791572284,1.0255029253980703,291.7702944976821,4.0,1
635.2693238365813,routine,3.845229258795257,0.6599100317467526,4.50513929054201,24.0,0
348.07216753827004,emergency,291.2166391265995,0.4353805806418104,291.6520197072413,4.0,1
348.18680906544915,emergency,291.1349355514713,0.9736079806575129,292.1085435321288,4.0,1
639.1940273326245,seasonal,0.16080590248066073,0.6599100317467526,0.8207159342274133,12.0,0
639.3816148161968,seasonal,0.25740031189207,0.4353805806418104,0.6927808925338804,12.0,0
635.3903562115818,routine,4.440488618375298,0.6659438790168433,5.106432497392142,24.0,0
348.54947866576686,emergency,291.91149464925127,0.4353805806418104,292.3468752298931,4.0,1
635.5150317210329,routine,4.80758747021855,0.7919122426127785,5.599499712831329,24.0,0
640.4060474503749,seasonal,0.017574785749729926,0.3513634158531591,0.36893820160288904,12.0,0
348.4324024079064,emergency,291.7592950612457,0.7919122426127785,292.5512073038585,4.0,1
640.2882970896007,seasonal,0.006964527940226617,0.6659438790168433,0.6729084069570699,12.0,0
348.88698559459806,emergency,292.2250506136161,0.3190807107927397,292.5441313244088,4.0,1
635.9233175601423,routine,4.605100038496516,0.6599100317467526,5.265010070243269,24.0,0
348.7777075613128,emergency,291.7247364786631,0.9736079806575129,292.6983444593206,4.0,1
636.5443139785807,routine,4.596247702227174,0.7177220910631077,5.313969793290282,24.0,0
348.7886069604856,emergency,292.3092237562663,0.7919122426127785,293.1011359988791,4.0,1
349.0132031183247,emergency,292.91513300817206,0.3190807107927397,293.2342137189648,4.0,1
636.9592620049965,routine,4.999625722072096,0.3190807107927397,5.318706432864836,24.0,0
641.5811519807226,seasonal,0.2719895673805013,0.3513634158531591,0.6233529832336604,12.0,0
641.3769153668496,seasonal,0.0545527757109312,0.668926378609784,0.7234791543207152,12.0,0
348.9710798011497,emergency,292.75371466158606,0.668926378609784,293.42264104019586,4.0,1
636.9017538207656,routine,4.6731987817539675,0.9736079806575129,5.64680676241148,24.0,0
641.6343320473517,seasonal,0.29356027380197247,0.6396923088485589,0.9332525826505313,12.0,0
637.2816045490531,routine,5.22514215981289,0.3190807107927397,5.54422287060563,24.0,0
349.29066217366125,emergency,292.8545310457467,1.0255029253980703,293.88003397114477,4.0,1
642.0024973558862,seasonal,0.2954112659169823,0.3513634158531591,0.6467746817701414,12.0,0
349.4426917744871,emergency,293.0397967019179,1.0255029253980703,294.065299627316,4.0,1
643.2468806722068,seasonal,0.07702030862162701,0.3190807107927397,0.3961010194143667,12.0,0
643.063972005302,seasonal,0.06853137300072376,0.3513634158531591,0.41989478885388287,12.0,0
349.463789250233,emergency,293.17424552799133,0.6659438790168433,293.84018940700815,4.0,1
637.3357653181387,routine,5.832692675902081,0.6659438790168433,6.4986365549189244,24.0,0
642.9241482958244,seasonal,0.18465501880177726,0.6396923088485589,0.8243473276503361,12.0,0
643.3251541121198,seasonal,0.28299365555790246,0.7177220910631077,1.0007157466210101,12.0,0
642.8149825965271,critical,0.27410388275927744,0.9736079806575129,1.2477118634167903,2.0,0
349.5982370824194,emergency,294.18329605377534,0.7177220910631077,294.9010181448384,4.0,1
643.0290232180496,critical,0.2616701876100933,0.7919122426127785,1.0535824302228718,2.0,0
643.6232718174466,seasonal,0.05678019267406853,0.6599100317467526,0.7166902244208211,12.0,0
643.842702955058,seasonal,0.027425610394288924,0.6659438790168433,0.6933694894111322,12.0,0
349.8550037866777,emergency,294.47393472063277,0.6599100317467526,295.1338447523795,4.0,1
637.6048781458289,routine,6.9026981217093635,1.0255029253980703,7.928201047107434,24.0,0
638.4762616705841,routine,6.402567368504265,0.6396923088485589,7.042259677352824,24.0,0
638.8157460371891,routine,6.141768220994663,0.3513634158531591,6.4931316368478225,24.0,0
350.026271245978,emergency,294.4992431220593,0.668926378609784,295.1681695006691,4.0,1
351.5955707813338,emergency,293.6119606168304,0.6599100317467526,294.27187064857713,4.0,1
351.2076782444992,emergency,293.91768974038735,0.6659438790168433,294.58363361940417,4.0,1
638.1685636207259,routine,6.43254091361473,0.9736079806575129,7.406148894272243,24.0,0
643.8602212143319,seasonal,0.4780164268114504,1.0255029253980703,1.5035193522095207,12.0,0
639.9537833858143,routine,5.6251028381349215,0.6396923088485589,6.264795146983481,24.0,0
638.9166780485252,routine,6.617458395904237,0.7177220910631077,7.335180486967344,24.0,0
351.3707026541672,emergency,293.8234833248059,1.0255029253980703,294.848986250204,4.0,1
645.4979529210559,critical,0.24722628244410316,0.7919122426127785,1.0391385250568816,2.0,0
640.3397980269773,routine,5.895106616390763,0.4353805806418104,6.330487197032573,24.0,0
352.5657294455187,emergency,293.9928746280263,0.6659438790168433,294.6588185070431,4.0,1
640.7188449218198,routine,6.0420261642303785,0.4353805806418104,6.477406744872189,24.0,0
640.4181164210954,routine,6.035083111534959,0.668926378609784,6.704009490144744,24.0,0
640.598129113242,routine,5.895331810712037,0.7177220910631077,6.613053901775144,24.0,0
352.3394357793875,emergency,294.2179485438928,1.0255029253980703,295.2434514692909,4.0,1
640.7944071404822,routine,6.094878987838115,0.668926378609784,6.763805366447899,24.0,0
645.81628647678,critical,0.6870589851008617,1.0255029253980703,1.712561910498932,2.0,0
647.0183735178828,critical,0.21152283223364066,0.7177220910631077,0.9292449232967483,2.0,0
640.6572882778073,routine,5.912507556877358,0.9736079806575129,6.886115537534871,24.0,0
641.1712471446995,routine,5.869702766954106,0.6659438790168433,6.5356466459709495,24.0,0
646.8063853763013,critical,0.41769228838336403,0.6599100317467526,1.0776023201301166,2.0,0
353.1209643997021,emergency,294.7531398776141,0.668926378609784,295.4220662562239,4.0,1
641.7057696397178,routine,6.757027966671103,0.4353805806418104,7.192408547312914,24.0,0
641.7975509687179,routine,6.834384143728016,0.3190807107927397,7.153464854520756,24.0,0
647.1896928992995,seasonal,0.18523130283131195,1.0255029253980703,1.2107342282293823,12.0,0
641.4058981368934,routine,6.495805459244025,0.7919122426127785,7.287717701856804,24.0,0
641.5576056075379,routine,6.783133654117933,0.6396923088485589,7.422825962966492,24.0,0
353.87447197976695,emergency,294.9268374917761,0.6599100317467526,295.58674752352283,4.0,1
353.94315658983135,emergency,295.0649947645529,0.3190807107927397,295.38407547534564,4.0,1
353.50612387359337,emergency,295.04700264751835,0.7919122426127785,295.83891489013115,4.0,1
641.9927472826793,routine,6.873725298729823,0.668926378609784,7.542651677339608,24.0,0
353.73415427537907,emergency,295.02084682225075,0.7919122426127785,295.81275906486354,4.0,1
642.931319208879,routine,6.816217216743212,0.3513634158531591,7.167580632596371,24.0,0
642.6615474379041,routine,6.245868450148009,0.6599100317467526,6.905778481894762,24.0,0
354.02927850649286,emergency,295.16632221415176,0.6396923088485589,295.80601452300033,4.0,1
642.8043063228814,routine,6.882556111320014,0.3513634158531591,7.233919527173173,24.0,0
642.7727351188607,routine,6.901981980228356,0.7177220910631077,7.619704071291464,24.0,0
643.2975160249505,routine,6.7366411127765105,0.668926378609784,7.405567491386295,24.0,0
354.5122912520392,emergency,295.6916313877306,0.4353805806418104,296.1270119683724,4.0,1
354.187865951325,emergency,296.004936288388,0.3513634158531591,296.35629970424117,4.0,1
644.0920717102798,routine,6.628338477286206,0.4353805806418104,7.063719057928017,24.0,0
650.5452678767656,seasonal,0.047106448102454124,0.6396923088485589,0.686798756951013,12.0,0
643.0628607244768,routine,6.735242449354928,1.0255029253980703,7.760745374752998,24.0,0
354.6511964507789,emergency,295.90923381722416,0.4353805806418104,296.344614397866,4.0,1
643.446783461758,routine,7.272048602367249,0.7919122426127785,8.063960844980027,24.0,0
354.86562546231085,emergency,295.8365900871114,0.7919122426127785,296.6285023297242,4.0,1
644.2890379499405,routine,6.669553257575217,0.3190807107927397,6.988633968367957,24.0,0
644.367983444861,routine,6.654613532339454,0.6599100317467526,7.3145235640862065,24.0,0
644.7197049748574,routine,6.6412615172732785,0.7177220910631077,7.358983608336386,24.0,0
354.8753531245813,emergency,295.97441788371106,0.7177220910631077,296.69213997477414,4.0,1
355.4369035488421,emergency,296.22316237400617,0.668926378609784,296.89208875261596,4.0,1
355.45591379904243,emergency,296.69447705125975,0.3190807107927397,297.01355776205247,4.0,1
355.2331205685667,emergency,296.30500577581466,0.6396923088485589,296.94469808466323,4.0,1
646.8624002815552,routine,5.276111454651868,0.6659438790168433,5.942055333668712,24.0,0
647.9208108860536,routine,4.513148186679359,0.4353805806418104,4.94852876732117,24.0,0
645.3082932809749,routine,6.605482906713064,0.6659438790168433,7.271426785729908,24.0,0
645.8196045333243,routine,6.315622762579096,0.3513634158531591,6.666986178432255,24.0,0
652.1868211482954,critical,0.08877819241206453,0.6659438790168433,0.7547220714289078,2.0,0
647.6416408497149,routine,4.629561206734479,0.7919122426127785,5.421473449347258,24.0,0
651.1092169217817,routine,1.710329939881035,0.4353805806418104,2.1457105205228455,24.0,0
355.9020481931128,emergency,297.2045917274845,0.4353805806418104,297.63997230812635,4.0,1
355.63971796668505,emergency,297.24267230942615,0.3190807107927397,297.5617530202189,4.0,1
652.5339376230288,routine,0.30907808047379604,0.6396923088485589,0.9487703893223549,24.0,0
355.9279363165939,emergency,297.2448973710102,0.7919122426127785,298.036809613623,4.0,1
356.1588789604563,emergency,297.28158410823795,0.6599100317467526,297.9414941399847,4.0,1
654.0760846382558,routine,0.0,0.4353805806418104,0.4353805806418104,24.0,0
653.8305400552784,critical,0.039774878398930014,0.6659438790168433,0.7057187574157733,2.0,0
356.58028974458256,emergency,297.9470996429008,0.6659438790168433,298.61304352191763,4.0,1
356.5387248088893,emergency,297.92043627216816,0.668926378609784,298.58936265077796,4.0,1
654.6552695645631,routine,0.0,0.3513634158531591,0.3513634158531591,24.0,0
654.4460457245661,routine,0.0,0.6659438790168433,0.6659438790168433,24.0,0
655.4792385305071,routine,0.0,0.3190807107927397,0.3190807107927397,24.0,0
654.8337478288006,critical,0.1738957145975064,0.7177220910631077,0.8916178056606141,2.0,0
655.7190123560459,routine,0.0,0.4353805806418104,0.4353805806418104,24.0,0
356.8419249943244,emergency,298.62797507163276,0.6659438790168433,299.2939189506496,4.0,1
655.3996128743336,routine,0.0,1.0255029253980703,1.0255029253980703,24.0,0
358.4723791083843,emergency,297.642983924428,0.6396923088485589,298.28267623327656,4.0,1
655.5601199946728,routine,0.0,0.6599100317467526,0.6599100317467526,24.0,0
358.48127739774935,emergency,297.67411595617074,0.3513634158531591,298.0254793720239,4.0,1
656.398702944063,routine,0.0,0.3190807107927397,0.3190807107927397,24.0,0
656.0704464511845,seasonal,0.0,0.7177220910631077,0.7177220910631077,12.0,0
358.61753393130437,emergency,298.1243088321735,0.6659438790168433,298.7902527111903,4.0,1
358.7325235289028,emergency,298.1194393014084,0.668926378609784,298.7883656800182,4.0,1
356.90479705630605,emergency,299.03013402312877,0.9736079806575129,300.0037420037863,4.0,1
657.2827432556977,routine,0.0,0.3513634158531591,0.3513634158531591,24.0,0
656.6462086009079,routine,0.0,0.9736079806575129,0.9736079806575129,24.0,0
657.5938515609207,routine,0.0,0.668926378609784,0.668926378609784,24.0,0
657.9129622908486,seasonal,0.05958141436246933,0.3190807107927397,0.37866212515520903,12.0,0
359.34730127062943,emergency,298.2453980553584,0.7177220910631077,298.9631201464215,4.0,1
657.6744217561137,seasonal,0.0,0.3513634158531591,0.3513634158531591,12.0,0
657.7186193930411,critical,0.41234218113538645,0.6599100317467526,1.072252212882139,2.0,0
657.8410429378742,critical,0.4388340796997454,0.6599100317467526,1.098744111446498,2.0,0
657.2398007283008,routine,0.0,0.9736079806575129,0.9736079806575129,24.0,0
358.90899476563243,emergency,298.45957043746637,0.7919122426127785,299.25148268007916,4.0,1
657.9188521302555,seasonal,0.49324037044073066,0.6396923088485589,1.1329326792892895,12.0,0
658.0213771198755,seasonal,0.5570433304018252,0.4353805806418104,0.9924239110436356,12.0,0
657.7322001736162,seasonal,0.0,0.6659438790168433,0.6659438790168433,12.0,0
657.7947201907247,critical,0.4495954181268189,0.668926378609784,1.1185217967366028,2.0,0
659.2740795911333,seasonal,0.27611419750962796,0.3513634158531591,0.6274776133627871,12.0,0
359.5602042181981,emergency,299.9857489701991,0.3513634158531591,300.33711238605224,4.0,1
658.7297735965276,seasonal,0.21509027953106852,1.0255029253980703,1.2405932049291388,12.0,0
658.9543861810517,seasonal,0.09097741612185928,0.4353805806418104,0.5263579967636697,12.0,0
659.6788133942734,seasonal,0.0969273931468706,0.3513634158531591,0.4482908090000297,12.0,0
359.7996503950979,emergency,299.75347697945364,0.6659438790168433,300.41942085847046,4.0,1
659.0033357085064,seasonal,0.3971811748372147,0.7919122426127785,1.1890934174499932,12.0,0
657.9878498025201,critical,1.0698775571772785,1.0255029253980703,2.095380482575349,2.0,1
658.8966095380055,critical,0.5414576555069743,0.6659438790168433,1.2074015345238176,2.0,0
659.446972609129,seasonal,0.3068198038887431,0.9736079806575129,1.280427784546256,12.0,0
659.41129208425,seasonal,0.33786442481368795,0.6659438790168433,1.0038083038305312,12.0,0
658.0147470452681,routine,2.545040493889701,0.4353805806418104,2.9804210745315114,24.0,0
659.8975404284603,critical,0.004390738037500341,1.0255029253980703,1.0298936634355706,2.0,0
660.6984952577279,seasonal,0.04276254766227794,0.4353805806418104,0.47814312830408834,12.0,0
660.5385927760309,critical,0.1051562090212883,0.668926378609784,0.7740825876310723,2.0,0
660.8508431201815,seasonal,0.14259415570415968,0.6659438790168433,0.8085380347210029,12.0,0
658.0400134056664,routine,3.4814548315729326,0.4353805806418104,3.916835412214743,24.0,0
359.8440011393429,emergency,301.48382487926375,0.3513634158531591,301.8351882951169,4.0,1
660.9072386076781,seasonal,0.23453504176336537,0.6599100317467526,0.8944450735101179,12.0,0
660.6030249783261,seasonal,0.048765700039325566,0.9736079806575129,1.0223736806968384,12.0,0
658.4598472727408,routine,3.249581041075544,0.4353805806418104,3.6849616217173544,24.0,0
661.115999081727,critical,0.09491193514986662,0.4353805806418104,0.530292515791677,2.0,0
661.5794386117122,seasonal,0.12903931118876244,0.3190807107927397,0.44812002198150214,12.0,0
661.6554877946329,critical,0.0820559083445005,0.6659438790168433,0.7479997873613438,2.0,0
660.8331081528156,critical,0.2832356020788893,1.0255029253980703,1.3087385274769596,2.0,0
661.9751901139938,critical,0.33566275409646096,0.4353805806418104,0.7710433347382714,2.0,0
658.7482469066811,routine,4.016102618775108,0.3513634158531591,4.367466034628267,24.0,0
662.2491753066316,seasonal,0.27575279928191776,0.3190807107927397,0.5948335100746575,12.0,0
365.9152692456801,emergency,296.67560925115,0.6659438790168433,297.3415531301668,4.0,1
662.5346199013815,seasonal,0.03276568574699468,0.4353805806418104,0.4681462663888051,12.0,0
662.5926789418221,critical,0.36944686642948454,0.3190807107927397,0.6885275772222242,2.0,0
658.5005201017956,routine,3.722767207306788,0.9736079806575129,4.696375187964301,24.0,0
658.6138013260003,routine,4.085547555375797,0.6599100317467526,4.74545758712255,24.0,0
658.9128536031773,routine,3.9860391056510025,0.668926378609784,4.654965484260787,24.0,0
366.0191302673527,emergency,297.3803318583183,0.6599100317467526,298.04024189006503,4.0,1
663.4547117330615,critical,0.22302131067635855,0.4353805806418104,0.658401891318169,2.0,0
663.038467086564,critical,0.3268981797621109,0.7919122426127785,1.1188104223748894,2.0,0
663.0450090055482,seasonal,0.16485981029063623,0.7919122426127785,0.9567720529034147,12.0,0
663.5875026403513,seasonal,0.3252300588667367,0.6659438790168433,0.99117393788358,12.0,0
659.0616970620582,routine,4.890326374120718,0.4353805806418104,5.325706954762529,24.0,0
366.10407501875153,emergency,297.85036708526246,1.0255029253980703,298.87587001066055,4.0,1
663.9783029905516,seasonal,0.1147588725764308,0.4353805806418104,0.5501394532182412,12.0,0
664.0057875878772,critical,0.09090153150611968,0.7177220910631077,0.8086236225692274,2.0,0
664.45278025001,critical,0.34882212435138626,0.3190807107927397,0.667902835144126,2.0,0
664.5634897788883,critical,0.3380677603196318,0.3513634158531591,0.6894311761727909,2.0,0
659.2151620143678,routine,5.105993798725422,0.668926378609784,5.774920177335206,24.0,0
659.1137866559988,routine,5.15595285055781,0.6396923088485589,5.795645159406369,24.0,0
659.2714568307914,routine,5.32085234243948,0.3513634158531591,5.672215758292639,24.0,0
664.7847912473968,critical,0.8525434598959691,0.3513634158531591,1.2039068757491282,2.0,0
665.1021337410818,seasonal,0.44543736744230955,0.4353805806418104,0.88081794808412,12.0,0
665.9756575666814,critical,0.003608695605862522,0.4353805806418104,0.4389892762476729,2.0,0
664.2748160847152,critical,0.5033537922619189,0.9736079806575129,1.4769617729194318,2.0,0
665.3961271116718,seasonal,0.6133077619080041,0.3190807107927397,0.9323884727007438,12.0,0
664.7238019763769,seasonal,0.5272527399280307,0.7177220910631077,1.2449748309911384,12.0,0
665.4714492725435,seasonal,0.803184561416856,0.3513634158531591,1.1545479772700151,12.0,0
665.0054776026961,critical,0.6792832991153546,0.7919122426127785,1.471195541728133,2.0,0
366.43610264316914,emergency,299.4316372415447,0.6659438790168433,300.09758112056153,4.0,1
665.0568310631154,seasonal,0.39227477057715987,0.668926378609784,1.0612011491869437,12.0,0
665.2831807460466,seasonal,0.3709888752501911,0.6599100317467526,1.0308989069969436,12.0,0
665.527238331261,seasonal,0.7577416507806447,0.6659438790168433,1.423685529797488,12.0,0
665.5335274492669,seasonal,1.2339267436897217,0.3190807107927397,1.5530074544824615,12.0,0
666.4100318115377,critical,0.2482766057552226,0.6599100317467526,0.9081866375019751,2.0,0
666.2051163221621,seasonal,1.0270367219487753,0.668926378609784,1.6959631005585591,12.0,0
366.74920086954046,emergency,300.2812357660616,0.6396923088485589,300.9209280749102,4.0,1
665.6121267494902,seasonal,1.4643460773188508,0.3513634158531591,1.81570949317201,12.0,0
666.5241362395349,seasonal,0.7780367457012289,0.6659438790168433,1.4439806247180722,12.0,0
366.51777672844133,emergency,300.4972464897199,0.6599100317467526,301.1571565214666,4.0,1
367.0632700800133,emergency,300.33037513070195,0.6659438790168433,300.9963190097188,4.0,1
659.9677132851521,routine,7.6964632124532955,0.3190807107927397,8.015543923246035,24.0,0
368.05875871898337,emergency,299.39436222210287,0.6659438790168433,300.0603061011197,4.0,1
659.8094581965419,routine,7.685515191313357,0.668926378609784,8.354441569923141,24.0,0
660.0515073780338,routine,7.694231398751185,0.7177220910631077,8.411953489814293,24.0,0
660.3008808688865,routine,7.566208374089456,0.6396923088485589,8.205900682938015,24.0,0
668.167159931404,seasonal,0.4001945214669149,0.6599100317467526,1.0601045532136675,12.0,0
668.5373319623434,seasonal,0.057490820766133766,0.7177220910631077,0.7752129118292415,12.0,0
368.5253555826634,emergency,300.3557125879291,0.6396923088485589,300.99540489677764,4.0,1
668.579540170147,seasonal,0.184626971124203,0.3190807107927397,0.5037076819169427,12.0,0
667.7567331033149,critical,0.786957304448265,0.6599100317467526,1.4468673361950175,2.0,0
368.2025306689369,emergency,300.3764913306145,0.7177220910631077,301.0942134216776,4.0,1
368.43621528836616,emergency,300.4147940606606,0.7919122426127785,301.2067063032734,4.0,1
669.1196878457467,critical,0.05503732905015113,0.6396923088485589,0.69472963789871,2.0,0
668.9508712831808,seasonal,0.21859704560688442,0.7177220910631077,0.9363191366699921,12.0,0
668.986229572502,seasonal,0.40698485953157615,0.6659438790168433,1.0729287385484194,12.0,0
669.361512400493,seasonal,0.1424306071595538,1.0255029253980703,1.167933532557624,12.0,0
660.7606848916707,routine,9.087167363482877,0.3513634158531591,9.438530779336036,24.0,0
368.7790360745455,emergency,301.4783954420825,0.4353805806418104,301.91377602272433,4.0,1
660.8480009784298,routine,9.33609773915964,0.3190807107927397,9.65517844995238,24.0,0
670.0943048667118,critical,0.083352130141634,0.4353805806418104,0.5187327107834444,2.0,0
660.8156119383594,routine,9.221636665752953,0.3190807107927397,9.540717376545693,24.0,0
670.1355835244291,critical,0.11103637126791455,0.3513634158531591,0.46239978712107366,2.0,0
660.7622101373396,routine,9.109009592336406,0.7177220910631077,9.826731683399514,24.0,0
661.1603050691189,routine,9.490483568310538,0.3513634158531591,9.841846984163697,24.0,0
368.9390811733103,emergency,301.31836854536544,0.7177220910631077,302.0360906364285,4.0,1
369.190071012039,emergency,301.3228298227128,0.3513634158531591,301.6741932385659,4.0,1
661.2367471789009,routine,9.54334602503286,0.9736079806575129,10.516954005690373,24.0,0
369.21322265651946,emergency,302.27451016986237,0.6599100317467526,302.9344202016091,4.0,1
661.592366670159,routine,9.971379916765727,0.3190807107927397,10.290460627558467,24.0,0
369.5834473230153,emergency,302.29117846695453,0.3190807107927397,302.61025917774725,4.0,1
671.4254726015995,seasonal,0.006813968531446335,0.668926378609784,0.6757403471412303,12.0,0
661.8805939165726,routine,10.03226865906845,0.3513634158531591,10.383632074921609,24.0,0
661.4413035360005,routine,10.017038051133568,0.7919122426127785,10.808950293746346,24.0,0
369.33580015623124,emergency,302.27562156964586,0.4353805806418104,302.7110021502877,4.0,1
661.7916175086525,routine,9.90964226383096,0.6659438790168433,10.575586142847804,24.0,0
369.6281533647556,emergency,302.31722437504925,0.6659438790168433,302.9831682540661,4.0,1
662.1452820797834,routine,9.792151462410857,1.0255029253980703,10.817654387808927,24.0,0
369.67423035365766,emergency,302.5539467506843,0.6599100317467526,303.21385678243104,4.0,1
672.4011787007855,seasonal,0.4056734633105634,0.7919122426127785,1.197585705923342,12.0,0
663.1408638826224,routine,10.042620663558978,0.6659438790168433,10.708564542575822,24.0,0
662.2588372727475,routine,10.894055131677987,0.6599100317467526,11.55396516342474,24.0,0
369.7100605266427,emergency,303.0969370132458,0.6659438790168433,303.7628808922626,4.0,1
672.4022508443097,seasonal,0.41687935050163105,0.4353805806418104,0.8522599311434415,12.0,0
369.7112903769471,emergency,303.3939388798851,0.4353805806418104,303.82931946052696,4.0,1
663.3420023730504,routine,9.980443017566131,0.6659438790168433,10.646386896582975,24.0,0
663.2501538532885,routine,9.943420626408738,0.6599100317467526,10.60333065815549,24.0,0
369.85478823048106,emergency,303.8179538884035,0.6396923088485589,304.4576461972521,4.0,1
369.8277700684476,emergency,303.4573441403675,0.6599100317467526,304.11725417211426,4.0,1
663.6518396047663,routine,10.245700623449238,0.3190807107927397,10.564781334241978,24.0,0
369.9459641168319,emergency,304.63689926967504,0.3190807107927397,304.95597998046776,4.0,1
664.8016869121244,routine,9.829542893939902,0.4353805806418104,10.264923474581712,24.0,0
369.90438159136926,emergency,304.0810155005259,0.7177220910631077,304.798737591589,4.0,1
370.03761968774404,emergency,304.60776231028956,0.3513634158531591,304.9591257261427,4.0,1
664.2271667626441,routine,10.275589180041948,0.7177220910631077,10.993311271105055,24.0,0
664.41812096983,routine,10.143978341294428,1.0255029253980703,11.169481266692499,24.0,0
370.14042584449004,emergency,305.13727290356036,0.4353805806418104,305.5726534842022,4.0,1
665.5165211837968,routine,9.550397213411657,0.7177220910631077,10.268119304474764,24.0,0
664.5246146644172,routine,10.043748792599786,1.0255029253980703,11.069251717997856,24.0,0
370.0434431550459,emergency,305.03140351149545,0.668926378609784,305.70032989010525,4.0,1
665.5626881460289,routine,9.930608422337059,0.7177220910631077,10.648330513400166,24.0,0
370.28041491847387,emergency,305.4685425342501,0.3513634158531591,305.81990595010325,4.0,1
665.0064151985473,routine,9.945469431159154,0.9736079806575129,10.919077411816666,24.0,0
370.3215296479902,emergency,305.48556175401774,0.7919122426127785,306.27747399663053,4.0,1
665.6257670768125,routine,10.136222086439034,0.7177220910631077,10.853944177502141,24.0,0
665.8953952985157,routine,10.40406409955915,0.3190807107927397,10.72314481035189,24.0,0
665.8957700763542,routine,10.573864737414851,0.3513634158531591,10.92522815326801,24.0,0
370.4925243023737,emergency,305.5142164627806,0.6659438790168433,306.18016034179743,4.0,1
665.731615700549,routine,10.375931398659418,0.6659438790168433,11.041875277676262,24.0,0
370.61967145991696,emergency,305.8202395023493,0.7919122426127785,306.6121517449621,4.0,1
666.1450851840634,routine,10.54257049927071,0.7919122426127785,11.334482741883487,24.0,0
666.1680618167518,routine,10.710758941688823,0.7919122426127785,11.502671184301601,24.0,0
676.7341813268824,critical,0.07216644840832487,0.3513634158531591,0.423529864261484,2.0,0
666.2427647285386,routine,10.93825325239311,0.3190807107927397,11.25733396318585,24.0,0
666.4407780316477,routine,10.983162754547834,0.668926378609784,11.652089133157618,24.0,0
666.4537085257859,routine,11.244593268864946,0.3190807107927397,11.563673979657686,24.0,0
370.6889522700221,emergency,306.7278813291822,0.4353805806418104,307.16326190982403,4.0,1
666.5564077367522,routine,11.224188137552915,0.3513634158531591,11.575551553406074,24.0,0
676.8606441028877,critical,0.11896111469161497,1.0255029253980703,1.1444640400896853,2.0,0
677.9663640092468,seasonal,0.38850688548200196,0.4353805806418104,0.8238874661238124,12.0,0
370.94091411984203,emergency,307.11818301105626,0.6599100317467526,307.778093042803,4.0,1
370.94051667536627,emergency,306.8442350689489,0.6599100317467526,307.5041451006956,4.0,1
370.95382670425903,emergency,307.59222982583043,0.3190807107927397,307.91131053662315,4.0,1
666.7227117888526,routine,11.721777377328067,0.3190807107927397,12.040858088120807,24.0,0
666.7793687311574,routine,11.822749654828158,0.3513634158531591,12.174113070681317,24.0,0
666.5842499797826,routine,11.361674671096921,0.7177220910631077,12.079396762160028,24.0,0
678.6758699895641,seasonal,0.2448882349467567,0.3513634158531591,0.5962516507999158,12.0,0
370.98402401742476,emergency,308.24272582174206,0.3190807107927397,308.5618065325348,4.0,1
679.0788352240432,seasonal,0.24519609474168647,0.3190807107927397,0.5642768055344262,12.0,0
679.8158208425233,seasonal,0.08989236510922183,0.3513634158531591,0.44125578096238094,12.0,0
666.9325248629788,routine,12.53312467663784,0.6396923088485589,13.1728169854864,24.0,0
666.8260541054585,routine,12.144202117137638,0.6599100317467526,12.804112148884391,24.0,0
371.26521378553423,emergency,308.29198847796897,0.6659438790168433,308.9579323569858,4.0,1
371.30827983226857,emergency,308.3463941856054,0.6659438790168433,309.0123380646222,4.0,1
371.0571512928374,emergency,308.28343676840416,1.0255029253980703,309.30893969380224,4.0,1
372.0992658317284,emergency,308.207609747309,0.3190807107927397,308.5266904581017,4.0,1
371.481815086936,emergency,308.3434332946942,0.3513634158531591,308.69479671054734,4.0,1
667.2382477126662,routine,12.676321894050488,0.6659438790168433,13.342265773067332,24.0,0
667.3482418008173,routine,12.671389669205041,0.7177220910631077,13.389111760268149,24.0,0
668.08793922341,routine,12.094450615228652,0.7919122426127785,12.88636285784143,24.0,0
372.1673283278501,emergency,308.9076055945915,0.3513634158531591,309.2589690104446,4.0,1
680.7358469249785,seasonal,0.1416780541422895,0.3190807107927397,0.4607587649350292,12.0,0
668.6374136686948,routine,12.368109757068737,0.6396923088485589,13.007802065917296,24.0,0
680.8056550513008,seasonal,0.16702150537901161,0.6599100317467526,0.8269315371257642,12.0,0
668.313653417257,routine,12.663673497493392,0.6396923088485589,13.30336580634195,24.0,0
372.2292863022292,emergency,309.07810901458436,0.6659438790168433,309.7440528936012,4.0,1
669.2267128854111,routine,12.865991589426699,0.3190807107927397,13.185072300219439,24.0,0
372.5206368304604,emergency,308.9621604964635,0.668926378609784,309.6310868750733,4.0,1
668.6874275471345,routine,13.020152684779873,0.3190807107927397,13.339233395572613,24.0,0
681.079078039503,critical,0.1828395796806035,0.6659438790168433,0.8487834586974468,2.0,0
681.7118214561399,seasonal,0.23326471337168186,0.6396923088485589,0.8729570222202407,12.0,0
372.3191599654461,emergency,309.09461291438,0.7919122426127785,309.8865251569928,4.0,1
682.2230481419624,critical,0.05446005046974278,0.668926378609784,0.7233864290795268,2.0,0
682.7268363861685,seasonal,0.12790569753644832,0.3513634158531591,0.4792691133896074,12.0,0
670.3769523442152,routine,12.326578704995995,0.7177220910631077,13.044300796059103,24.0,0
669.9303256269657,routine,12.668329337516525,0.7177220910631077,13.386051428579632,24.0,0
682.3555782904938,seasonal,0.185309244222708,0.6396923088485589,0.8250015530712669,12.0,0
682.8356922963179,seasonal,0.3003427772058558,0.7177220910631077,1.0180648682689635,12.0,0
683.4169337038483,critical,0.06114822488973459,0.4353805806418104,0.496528805531545,2.0,0
373.0973947597094,emergency,310.197325849164,0.6659438790168433,310.8632697281808,4.0,1
682.9341272990555,critical,0.05882811093556484,0.7919122426127785,0.8507403535483433,2.0,0
683.084302514306,seasonal,0.9059455786939452,0.6659438790168433,1.5718894577107885,12.0,0
682.9648485407138,seasonal,0.32253690764321163,0.9736079806575129,1.2961448883007245,12.0,0
683.0377679857703,seasonal,0.29046898771366614,1.0255029253980703,1.3159719131117364,12.0,0
372.73689862933765,emergency,310.50420432358413,1.0255029253980703,311.5297072489822,4.0,1
684.3739090344534,critical,0.25205328925017056,0.3513634158531591,0.6034167051033297,2.0,0
683.8762814890216,seasonal,0.3342029882442148,1.0255029253980703,1.359705913642285,12.0,0
684.543831208988,critical,0.19395859759276846,0.3513634158531591,0.5453220134459276,2.0,0
683.724350263532,critical,0.11908273621850185,1.0255029253980703,1.1445856616165722,2.0,0
671.1754060591292,routine,13.38551460084102,0.3513634158531591,13.73687801669418,24.0,0
683.8936214080353,seasonal,0.5706396595137448,0.7919122426127785,1.3625519021265233,12.0,0
683.4952239300225,seasonal,0.6800813129461858,1.0255029253980703,1.705584238344256,12.0,0
684.9943946873094,seasonal,0.31302231344739084,0.3190807107927397,0.6321030242401305,12.0,0
685.102884056771,seasonal,0.37744638407559705,0.4353805806418104,0.8128269647174075,12.0,0
685.1162256605123,critical,0.0236368612345359,0.3190807107927397,0.3427175720272756,2.0,0
685.3861681322297,seasonal,0.12654519050977342,0.3513634158531591,0.47790860636293253,12.0,0
373.289126551016,emergency,312.45367558451244,0.7919122426127785,313.24558782712523,4.0,1
686.4288813864849,seasonal,0.045879786911655174,0.3513634158531591,0.3972432027648143,12.0,0
373.10872220037754,emergency,312.5115602290658,0.6396923088485589,313.1512525379144,4.0,1
373.3644107565626,emergency,312.7648782221054,0.4353805806418104,313.2002588027472,4.0,1
685.8009476387543,critical,0.15666012131032403,0.6396923088485589,0.7963524301588829,2.0,0
685.4360150146783,seasonal,0.5011725357794603,0.6659438790168433,1.1671164147963036,12.0,0
686.5883419813298,seasonal,0.0927631318005524,0.3190807107927397,0.4118438425932921,12.0,0
671.3132203362674,routine,14.950231512245182,0.6659438790168433,15.616175391262026,24.0,0
676.1121066604408,routine,10.612845135092812,0.6599100317467526,11.272755166839564,24.0,0
673.0233126617371,routine,13.561121358546984,0.668926378609784,14.230047737156768,24.0,0
686.8740448933894,seasonal,0.3091694383045933,0.3190807107927397,0.628250149097333,12.0,0
687.3155671619655,seasonal,0.15970609576379502,0.3513634158531591,0.5110695116169541,12.0,0
686.3820642201242,critical,0.3706115190099126,0.6659438790168433,1.036555398026756,2.0,0
373.95106415211967,emergency,313.6691137878893,0.3190807107927397,313.988194498682,4.0,1
373.5761228493986,emergency,313.8028735455683,0.7177220910631077,314.52059563663136,4.0,1
687.3846080051949,seasonal,0.5382276322401367,0.7177220910631077,1.2559497233032444,12.0,0
373.74212731508396,emergency,313.7462990988197,0.7177220910631077,314.46402118988277,4.0,1
680.7386595160086,routine,7.645446415159995,0.3190807107927397,7.964527125952735,24.0,0
373.96200329567506,emergency,313.9509582614641,0.668926378609784,314.6198846400739,4.0,1
687.6653348755929,seasonal,0.528203325495042,1.0255029253980703,1.5537062508931123,12.0,0
687.4412037912961,seasonal,0.5661589822468613,0.6599100317467526,1.226069013993614,12.0,0
681.5311369662933,routine,6.929149936412273,0.4353805806418104,7.364530517054083,24.0,0
374.0751468978783,emergency,314.45391861945006,0.4353805806418104,314.8892992000919,4.0,1
678.0821674537675,routine,10.176693185771796,0.668926378609784,10.84561956438158,24.0,0
680.2324262920098,routine,8.04923221494687,0.9736079806575129,9.022840195604381,24.0,0
374.38180883488604,emergency,314.5105801828518,0.4353805806418104,314.94596076349364,4.0,1
374.17548422352087,emergency,314.37751538719823,0.668926378609784,315.046441765808,4.0,1
688.8331765262482,seasonal,0.48986864189532753,0.7177220910631077,1.2075907329584352,12.0,0
689.3020356452108,critical,0.5492695088501023,0.3190807107927397,0.868350219642842,2.0,0
682.0841203106278,routine,7.835665894088834,0.3513634158531591,8.187029309941993,24.0,0
682.0315771710298,routine,7.86962993820805,0.6396923088485589,8.509322247056609,24.0,0
689.1902631399573,critical,0.2829120797258611,0.7177220910631077,1.0006341707889688,2.0,0
689.6604851189425,seasonal,0.0181108577824034,1.0255029253980703,1.0436137831804737,12.0,0
689.9505206517732,seasonal,0.0828810900723056,0.7919122426127785,0.8747933326850841,12.0,0
682.6113887419399,routine,7.53622288012707,0.7919122426127785,8.328135122739848,24.0,0
689.4571456027743,critical,0.5819572757260403,0.6599100317467526,1.2418673074727928,2.0,0
682.2312564940975,routine,7.830369677525027,0.4353805806418104,8.265750258166838,24.0,0
690.1953108394206,seasonal,0.49903549743555686,0.4353805806418104,0.9344160780773673,12.0,0
374.49949632666346,emergency,315.8887688668674,0.9736079806575129,316.8623768475249,4.0,1
374.55014715420276,emergency,315.8506156691705,0.9736079806575129,316.824223649828,4.0,1
690.6747976101857,seasonal,0.6815345165603048,0.4353805806418104,1.1169150972021153,12.0,0
690.6212621957752,seasonal,0.5995564096170938,0.3190807107927397,0.9186371204098335,12.0,0
374.96720154973076,emergency,315.9168053300414,0.6659438790168433,316.58274920905825,4.0,1
374.99641900893477,emergency,316.4033459679916,0.6659438790168433,317.0692898470084,4.0,1
690.9203364831263,seasonal,0.5456774292489399,0.4353805806418104,0.9810580098907503,12.0,0
683.0230045552208,routine,8.626071575899232,0.4353805806418104,9.061452156541042,24.0,0
683.8415892861796,routine,7.988763175358486,0.6396923088485589,8.628455484207045,24.0,0
691.4046395362676,seasonal,0.19825730374338946,0.4353805806418104,0.6336378843851999,12.0,0
375.1905154771203,emergency,316.55614388438136,0.6659438790168433,317.2220877633982,4.0,1
375.22961461153307,emergency,316.8120657323858,0.4353805806418104,317.24744631302764,4.0,1
683.0249303592698,routine,8.786460057682575,1.0255029253980703,9.811962983080646,24.0,0
692.2599688673421,critical,0.322600988134468,0.6396923088485589,0.9622932969830269,2.0,0
375.50369063089505,emergency,317.3916705501437,0.3513634158531591,317.74303396599686,4.0,1
375.4442355043504,emergency,317.38701579034745,0.6659438790168433,318.05295966936427,4.0,1
684.3143317998745,routine,8.488488624459592,0.6599100317467526,9.148398656206345,24.0,0
693.1461150098058,seasonal,0.05442784360877795,0.3190807107927397,0.37350855440151765,12.0,0
684.0917494706699,routine,8.686987423527853,0.7919122426127785,9.47889966614063,24.0,0
684.6076444976942,routine,8.501714347103643,0.6659438790168433,9.167658226120487,24.0,0
685.1826340522417,routine,8.121153059564222,0.3190807107927397,8.440233770356961,24.0,0
375.6881770607726,emergency,318.0110806759747,0.668926378609784,318.6800070545845,4.0,1
375.5714042300283,emergency,318.08148134091743,0.3513634158531591,318.4328447567706,4.0,1
693.4024430293691,seasonal,0.589182725415526,0.4353805806418104,1.0245633060573365,12.0,0
685.3826487609596,routine,7.94166825815023,0.9736079806575129,8.915276238807742,24.0,0
375.85754110327787,emergency,318.56801109296634,0.3190807107927397,318.88709180375906,4.0,1
685.3956599523364,routine,9.29408079558334,0.6659438790168433,9.960024674600184,24.0,0
375.82911155949586,emergency,318.4123627485764,1.0255029253980703,319.4378656739745,4.0,1
694.3730979136549,seasonal,0.2816854708626124,0.3190807107927397,0.6007661816553521,12.0,0
375.97072933931054,emergency,318.5798138298811,0.3513634158531591,318.93117724573426,4.0,1
686.1827112697807,routine,8.528493937692929,0.3513634158531591,8.879857353546088,24.0,0
686.4689285677132,routine,8.413835388147959,0.6659438790168433,9.079779267164803,24.0,0
686.1979322112498,routine,8.525263255179084,0.668926378609784,9.194189633788868,24.0,0
686.6054972452687,routine,8.99212351451581,0.3513634158531591,9.34348693036897,24.0,0
376.0131686495532,emergency,319.3088714221152,0.6599100317467526,319.96878145386194,4.0,1
375.9912937504565,emergency,319.14012249312634,0.9736079806575129,320.11373047378385,4.0,1
695.0940796893656,seasonal,0.3000410744865576,0.3190807107927397,0.6191217852792973,12.0,0
376.59295102225053,emergency,319.0366731165186,0.3190807107927397,319.35575382731133,4.0,1
376.6526552822471,emergency,319.48097671598555,0.668926378609784,320.14990309459535,4.0,1
687.4082248745347,routine,9.0193397230247,0.3190807107927397,9.33842043381744,24.0,0
686.769825479017,routine,9.273638702496442,0.6659438790168433,9.939582581513285,24.0,0
376.7664541616611,emergency,319.487388802043,0.6659438790168433,320.1533326810598,4.0,1
687.4939989260714,routine,8.959784577486403,0.6599100317467526,9.619694609233155,24.0,0
687.401656155869,routine,8.782018369932302,0.3190807107927397,9.101099080725042,24.0,0
376.80636626150493,emergency,319.9503045461342,0.4353805806418104,320.385685126776,4.0,1
696.4219135177296,seasonal,0.001982005864306302,0.7919122426127785,0.7938942484770848,12.0,0
376.93506466012,emergency,319.8330646044483,0.6659438790168433,320.4990084834651,4.0,1
687.5897406332016,routine,9.130105047906568,0.9736079806575129,10.10371302856408,24.0,0
376.94289458725126,emergency,320.3520407791661,0.6396923088485589,320.99173308801466,4.0,1
687.7386155062834,routine,9.237629216475625,1.0255029253980703,10.263132141873696,24.0,0
687.9019208083214,routine,9.802627444774316,0.6599100317467526,10.462537476521069,24.0,0
688.0296067337737,routine,9.712960156271151,0.3513634158531591,10.06432357212431,24.0,0
688.3587095642861,routine,9.489163189527517,0.4353805806418104,9.924543770169327,24.0,0
688.5481408752912,routine,9.444192533302498,0.6659438790168433,10.110136412319342,24.0,0
377.04134777987,emergency,320.3879989738877,0.6396923088485589,321.02769128273627,4.0,1
377.53894794417613,emergency,320.192937404081,0.9736079806575129,321.1665453847385,4.0,1
687.9994024374181,routine,9.727958170390025,0.7919122426127785,10.519870413002803,24.0,0
377.7426147415386,emergency,320.13566179290916,1.0255029253980703,321.16116471830725,4.0,1
688.7224387585641,routine,10.301001110125412,0.3190807107927397,10.620081820918152,24.0,0
378.2995867040907,emergency,320.2651149922338,0.6599100317467526,320.92502502398054,4.0,1
378.6111149808728,emergency,320.25606086868163,0.6659438790168433,320.92200474769845,4.0,1
688.9138602701981,routine,10.13286257770369,0.6659438790168433,10.798806456720534,24.0,0
688.6742749729946,routine,10.105737424363497,0.9736079806575129,11.079345405021009,24.0,0
688.9475446222756,routine,10.20138586107305,0.6396923088485589,10.841078169921609,24.0,0
688.9866040956168,routine,10.227707806992385,0.6659438790168433,10.893651686009228,24.0,0
378.74364780891295,emergency,320.5505360144305,0.6659438790168433,321.21647989344734,4.0,1
378.90264875059756,emergency,320.65387863373337,1.0255029253980703,321.67938155913146,4.0,1
689.5252428412225,routine,9.755501548992243,0.7919122426127785,10.54741379160502,24.0,0
379.57923700438306,emergency,320.87847475550944,0.3513634158531591,321.2298381713626,4.0,1
689.7690678313498,routine,10.377919480613741,0.3190807107927397,10.697000191406481,24.0,0
689.6249393023775,routine,10.27654634438818,1.0255029253980703,11.30204926978625,24.0,0
379.783640454651,emergency,320.7082438195493,0.3513634158531591,321.05960723540244,4.0,1
379.20108079656995,emergency,320.8257535377537,0.4353805806418104,321.26113411839555,4.0,1
700.2338376877018,seasonal,0.34054828059595366,0.6396923088485589,0.9802405894445125,12.0,0
691.6245454825449,routine,9.617194559875088,0.6396923088485589,10.256886868723647,24.0,0
690.6682990252767,routine,10.156669632465878,0.6599100317467526,10.81657966421263,24.0,0
689.9950325544522,routine,10.78763561198889,0.7919122426127785,11.579547854601667,24.0,0
380.0513614093669,emergency,321.2064788083112,0.3190807107927397,321.5255595191039,4.0,1
692.0173509354191,routine,9.513078009776564,0.3190807107927397,9.832158720569304,24.0,0
691.9457438558387,routine,9.503516049015047,0.7177220910631077,10.221238140078155,24.0,0
380.4006608020069,emergency,320.90895595114023,0.668926378609784,321.57788232975,4.0,1
691.9306566174305,routine,9.485224448016425,0.4353805806418104,9.920605028658235,24.0,0
380.8618473637642,emergency,320.56022118426944,0.7919122426127785,321.35213342688223,4.0,1
381.21725006383934,emergency,320.38952656854764,0.668926378609784,321.05845294715743,4.0,1
381.55907936676846,emergency,320.1377018328164,0.6599100317467526,320.7976118645631,4.0,1
692.4351074662684,routine,9.914819250383857,0.6659438790168433,10.580763129400701,24.0,0
693.9495785317532,routine,8.707319841124672,0.3190807107927397,9.026400551917412,24.0,0
381.8038186300071,emergency,320.96035288099347,0.6599100317467526,321.6202629127402,4.0,1
694.93995374486,routine,7.802722968498756,0.9736079806575129,8.776330949156268,24.0,0
696.4793547773066,routine,6.289163642726066,0.6659438790168433,6.95510752174291,24.0,0
381.8583172010206,emergency,321.0123860121992,0.4353805806418104,321.44776659284105,4.0,1
693.8927205273833,routine,8.630175075886086,0.9736079806575129,9.603783056543598,24.0,0
381.8902547670797,emergency,321.1230247921982,0.3513634158531591,321.4743882080513,4.0,1
702.8266753507816,seasonal,0.02697578843174142,0.7177220910631077,0.7446978794948491,12.0,0
697.4065111493412,routine,5.508449543016923,0.6599100317467526,6.1683595747636755,24.0,0
381.9468156995171,emergency,321.0677359337897,0.7177220910631077,321.7854580248528,4.0,1
703.6230009960755,seasonal,0.0068419214317145816,0.3513634158531591,0.3582053372848737,12.0,0
382.3057821112056,emergency,320.85756122388426,0.9736079806575129,321.83116920454177,4.0,1
703.7775589795738,seasonal,0.08789672341958976,0.7177220910631077,0.8056188144826975,12.0,0
703.2181945585226,critical,0.9938772266406204,0.3190807107927397,1.3129579374333602,2.0,0
700.1652057395685,routine,4.269571508717718,0.7177220910631077,4.987293599780825,24.0,0
703.3125007662343,critical,1.1669741249220351,0.4353805806418104,1.6023547055638456,2.0,0
703.7799636755658,seasonal,0.5660345105173974,0.6599100317467526,1.22594454226415,12.0,0
704.4483822515406,seasonal,0.21085767084252893,0.3513634158531591,0.562221086695688,12.0,0
704.6818458876488,critical,0.24354695610998078,0.3190807107927397,0.5626276669027205,2.0,0
703.3760239644929,routine,1.4534084416702626,0.7919122426127785,2.2453206842830413,24.0,0
704.3607122760627,critical,0.38169505997029773,0.6659438790168433,1.047638938987141,2.0,0
704.3186744673856,routine,0.840437384016127,0.9736079806575129,1.8140453646736399,24.0,0
704.4528326614462,seasonal,0.2989333479309835,0.9736079806575129,1.2725413285884963,12.0,0
704.739657347844,critical,0.6137520800025413,0.6659438790168433,1.2796959590193846,2.0,0
705.3081735796317,seasonal,0.06284112411208298,0.4353805806418104,0.4982217047538934,12.0,0
705.3185613805606,critical,0.33695485911528067,0.3513634158531591,0.6883182749684398,2.0,0
704.5769075409005,routine,1.4458335836164906,0.6659438790168433,2.111777462633334,24.0,0
705.3385745293492,routine,0.7070329173207028,0.3513634158531591,1.058396333173862,24.0,0
705.6085215838797,seasonal,0.27713472256414207,1.0255029253980703,1.3026376479622124,12.0,0
706.1198125961914,seasonal,0.17305938409811006,0.3513634158531591,0.5244227999512692,12.0,0
705.8339809417247,critical,0.1594926852712888,0.9736079806575129,1.1331006659288017,2.0,0
705.8841858629185,critical,0.30004572472103064,0.7919122426127785,1.0919579673338091,2.0,0
382.475435825003,emergency,324.76253955469605,0.4353805806418104,325.1979201353379,4.0,1
705.3528784595238,routine,1.5186335090062357,0.6396923088485589,2.1583258178547946,24.0,0
382.32897632174917,emergency,324.62436431885243,0.3513634158531591,324.9757277347056,4.0,1
707.1293840368535,seasonal,0.00996324411300975,0.3513634158531591,0.36132665996616886,12.0,0
706.063867717806,critical,0.7059549373127538,1.0255029253980703,1.7314578627108241,2.0,0
706.8853158596028,seasonal,0.04485667495634971,0.7177220910631077,0.7625787660194574,12.0,0
707.18185921825,seasonal,0.28332585915404707,0.3190807107927397,0.6024065699467868,12.0,0
382.52367630866036,emergency,325.65868814125963,0.3190807107927397,325.97776885205235,4.0,1
707.2867606727241,seasonal,0.4982464357238996,0.6396923088485589,1.1379387445724585,12.0,0
707.6023351417844,seasonal,0.36648694844302554,0.3513634158531591,0.7178503642961847,12.0,0
707.7451309523701,seasonal,0.28268697825774325,0.3190807107927397,0.601767689050483,12.0,0
383.825040054057,emergency,324.490011261944,0.3190807107927397,324.8090919727367,4.0,1
384.2282247294636,emergency,324.2506387892229,0.3190807107927397,324.5697195000156,4.0,1
382.82436783063054,emergency,325.4492279508124,0.6599100317467526,326.10913798255916,4.0,1
705.5962380305781,routine,2.8582377318903127,0.3513634158531591,3.209601147743472,24.0,0
384.71291982932553,emergency,323.85863613454967,0.4353805806418104,324.2940167151915,4.0,1
705.6654775099923,routine,2.8214248701120823,0.668926378609784,3.490351248721866,24.0,0
708.881108061253,critical,0.571814387552763,0.3190807107927397,0.8908950983455027,2.0,0
709.2246766012375,seasonal,0.2784766788452089,0.6599100317467526,0.9383867105919614,12.0,0
706.0856772091602,routine,2.541714074302604,0.9736079806575129,3.5153220549601167,24.0,0
706.3970166384006,routine,2.7056027140899914,0.6396923088485589,3.3452950229385503,24.0,0
709.1561886136515,seasonal,0.30266505671363575,0.6659438790168433,0.968608935730479,12.0,0
706.4518014317265,routine,3.115846681968378,0.3513634158531591,3.467210097821537,24.0,0
709.596371565361,critical,0.1355993328322711,0.3190807107927397,0.4546800436250108,2.0,0
384.972897939786,emergency,325.06945771887865,0.6599100317467526,325.7293677506254,4.0,1
384.84494507160076,emergency,325.06485417328514,0.3190807107927397,325.38393488407786,4.0,1
710.0235086874033,seasonal,0.06477010416608664,0.668926378609784,0.7336964827758706,12.0,0
706.6374756308066,routine,3.833656702096505,0.6599100317467526,4.493566733843258,24.0,0
706.6499613357394,routine,4.2215652236483265,0.3190807107927397,4.540645934441066,24.0,0
385.23701925939,emergency,325.0678350202298,0.6599100317467526,325.7277450519765,4.0,1
706.8389217827001,routine,4.09673536125365,0.7177220910631077,4.814457452316757,24.0,0
390.63370049808293,emergency,320.82607529083555,0.3513634158531591,321.1774387066887,4.0,1
706.785591326943,routine,4.105939256544389,0.9736079806575129,5.0795472372019015,24.0,0
385.5475824809149,emergency,325.28904481288885,0.3513634158531591,325.640408228742,4.0,1
706.9283485493523,routine,4.050841883602175,0.3190807107927397,4.3699225943949145,24.0,0
385.99132274444753,emergency,325.2533705183873,0.668926378609784,325.9222968969971,4.0,1
706.9296989091695,routine,4.079610971622628,0.7177220910631077,4.797333062685736,24.0,0
706.991593309767,routine,4.6293410123931835,0.3190807107927397,4.948421723185923,24.0,0
390.5174176077384,emergency,320.9035184409701,0.9736079806575129,321.8771264216276,4.0,1
390.82676032553474,emergency,321.48291121635265,0.3190807107927397,321.80199192714537,4.0,1
707.2953504539557,routine,4.597934308984009,0.9736079806575129,5.571542289641521,24.0,0
712.0883827671863,seasonal,0.10529504396004086,0.3513634158531591,0.45665845981319997,12.0,0
712.1346980163529,seasonal,0.21851480694817838,0.7177220910631077,0.9362368980112861,12.0,0
712.4480147070628,critical,0.030753561350593372,0.4353805806418104,0.46613414199240377,2.0,0
390.92425704524913,emergency,321.6283619947871,0.6659438790168433,322.2943058738039,4.0,1
712.526932864462,seasonal,0.01393729041694769,0.3513634158531591,0.3653007062701068,12.0,0
712.902506507571,seasonal,0.030499952116201712,0.6659438790168433,0.696443831133045,12.0,0
707.3839751671508,routine,5.205107457809959,0.6659438790168433,5.8710513368268025,24.0,0
391.0073301057416,emergency,321.78088322505704,1.0255029253980703,322.8063861504551,4.0,1
707.9860704240198,routine,5.860721624748521,0.3190807107927397,6.179802335541261,24.0,0
707.555207491774,routine,5.536870832649811,1.0255029253980703,6.562373758047881,24.0,0
708.0314450159757,routine,5.952629920163304,0.4353805806418104,6.388010500805114,24.0,0
391.028257367634,emergency,322.6018299913662,0.6396923088485589,323.24152230021474,4.0,1
391.17078856922086,emergency,322.46877387414855,1.0255029253980703,323.49427679954664,4.0,1
708.1098038386809,routine,6.00839696017897,0.3190807107927397,6.32747767097171,24.0,0
391.2563532317164,emergency,322.8395341789718,0.3513634158531591,323.19089759482495,4.0,1
713.1384919013389,seasonal,0.6557344769140627,0.6396923088485589,1.2954267857626216,12.0,0
708.4896380712058,routine,5.729218357383957,0.3190807107927397,6.048299068176696,24.0,0
713.7447664639396,critical,0.2531648685194341,1.0255029253980703,1.2786677939175044,2.0,0
708.5665052473639,routine,5.724318814003141,0.9736079806575129,6.6979267946606535,24.0,0
714.5533336141776,critical,0.351735236215859,0.3513634158531591,0.7030986520690181,2.0,0
709.4983156322957,routine,6.262256800552677,0.3190807107927397,6.581337511345417,24.0,0
709.6730505579158,routine,6.224568464296226,0.3513634158531591,6.575931880149385,24.0,0
714.9231633205461,seasonal,0.31640906926895696,0.6599100317467526,0.9763191010157095,12.0,0
708.8573266115704,routine,6.507933223608461,0.6599100317467526,7.167843255355214,24.0,0
715.0782301667136,seasonal,0.1727656636771826,0.6659438790168433,0.8387095426940259,12.0,0
714.8419012529772,critical,0.8648529052535423,0.3190807107927397,1.1839336160462821,2.0,0
709.3007541197255,routine,6.401169406165877,0.6659438790168433,7.067113285182721,24.0,0
714.74825061303,critical,0.8803464397490188,1.0255029253980703,1.9058493651470891,2.0,0
714.6935043064926,critical,0.8889596826165871,0.6599100317467526,1.5488697143633396,2.0,0
391.26129151696443,emergency,325.1255370904356,0.6659438790168433,325.79148096945244,4.0,1
709.9624707670737,routine,6.161852994584251,0.9736079806575129,7.135460975241764,24.0,0
715.4589866997104,critical,0.575738228771911,0.9736079806575129,1.549346209429424,2.0,0
711.0454106549183,routine,6.303753703431198,0.3190807107927397,6.622834414223938,24.0,0
716.23293935406,seasonal,0.4666638191273478,0.3513634158531591,0.8180272349805069,12.0,0
716.9363824308555,critical,0.33279794680356645,0.3513634158531591,0.6841613626567256,2.0,0
710.1912610466784,routine,6.681182393046811,0.3513634158531591,7.03254580889997,24.0,0
710.5573843686223,routine,6.555142435239077,0.3190807107927397,6.874223146031817,24.0,0
391.32300899071896,emergency,326.258814355388,0.4353805806418104,326.6941949360298,4.0,1
710.6714991345816,routine,6.485208466349718,0.7919122426127785,7.277120708962497,24.0,0
710.4329410339823,routine,6.592051161245877,0.7919122426127785,7.3839634038586555,24.0,0
717.7867039858799,seasonal,0.011066518559232463,0.6659438790168433,0.6770103975760757,12.0,0
717.4554851520027,critical,0.0311969795168352,0.6599100317467526,0.6911070112635878,2.0,0
391.9293325818016,emergency,326.4824116984709,0.3190807107927397,326.80149240926363,4.0,1
391.64163962495473,emergency,326.4495000189764,0.6599100317467526,327.1094100507231,4.0,1
391.3365743807984,emergency,326.34504103639995,0.9736079806575129,327.31864901705745,4.0,1
392.32285840077986,emergency,326.3772007302397,0.3190807107927397,326.6962814410324,4.0,1
711.977131814669,routine,6.573105430413307,0.7177220910631077,7.290827521476414,24.0,0
717.7950741743493,seasonal,0.5180368658398038,0.7177220910631077,1.2357589569029115,12.0,0
712.1235991856995,routine,6.67171654901972,0.6659438790168433,7.337660428036564,24.0,0
711.5768837350089,routine,6.801167427920404,0.6659438790168433,7.467111306937248,24.0,0
712.5227494020285,routine,6.6051625947832235,0.3513634158531591,6.956526010636383,24.0,0
711.7675316166168,routine,6.714647099579452,0.6599100317467526,7.374557131326204,24.0,0
712.2525328593463,routine,6.591878135797629,0.3513634158531591,6.943241551650788,24.0,0
392.59126484363935,emergency,326.55205546703496,0.668926378609784,327.22098184564476,4.0,1
393.45732525520776,emergency,326.2916985577577,0.6396923088485589,326.93139086660625,4.0,1
393.0754973646302,emergency,326.38616744527906,1.0255029253980703,327.41167037067714,4.0,1
719.9356555840042,seasonal,0.04028865493603462,0.3190807107927397,0.3593693657287743,12.0,0
393.23211520763834,emergency,326.4291828116767,0.6396923088485589,327.06887512052526,4.0,1
713.0204113263298,routine,7.304617197167886,0.668926378609784,7.97354357577767,24.0,0
712.7345066295707,routine,7.38498109068405,0.6396923088485589,8.02467339953261,24.0,0
393.8353457203519,emergency,326.04019629620205,0.6659438790168433,326.7061401752189,4.0,1
719.4921100001188,seasonal,0.3902636174155987,0.7919122426127785,1.1821758600283772,12.0,0
719.9592986751092,seasonal,0.112515145378552,1.0255029253980703,1.1380180707766223,12.0,0
712.9216192633593,routine,7.332031089697807,0.7919122426127785,8.123943332310585,24.0,0
712.7549741972451,routine,7.458819766569263,0.6659438790168433,8.124763645586107,24.0,0
394.17440032795014,emergency,326.92216226327946,0.3190807107927397,327.2412429740722,4.0,1
393.83783739352407,emergency,327.1282941568692,0.4353805806418104,327.563674737511,4.0,1
713.3447335453026,routine,8.127822353322586,0.4353805806418104,8.563202933964396,24.0,0
394.41930040794887,emergency,327.28377813150144,0.3190807107927397,327.60285884229415,4.0,1
393.9624044987855,emergency,327.0834087755721,1.0255029253980703,328.10891170097017,4.0,1
713.5221816260005,routine,8.145390631970827,0.6659438790168433,8.81133451098767,24.0,0
714.4796448133353,routine,7.644037183127921,0.6599100317467526,8.303947214874674,24.0,0
394.56366321705417,emergency,327.7795598607474,0.3513634158531591,328.1309232766005,4.0,1
394.2516687115671,emergency,327.26208580528834,1.0255029253980703,328.2875887306864,4.0,1
713.9344599745157,routine,7.874066485010189,0.6599100317467526,8.533976516756942,24.0,0
394.5399483618654,emergency,327.69010090706456,0.4353805806418104,328.1254814877064,4.0,1
714.1799849299848,routine,7.650760763594349,0.6396923088485589,8.290453072442908,24.0,0
714.2284091865206,routine,7.813007923295913,0.7177220910631077,8.53073001435902,24.0,0
713.607464601524,routine,8.090495056683949,1.0255029253980703,9.11599798208202,24.0,0
394.7700625470076,emergency,328.28628626176356,0.7177220910631077,329.00400835282665,4.0,1
714.7593223949933,routine,8.265367074185292,0.4353805806418104,8.700747654827103,24.0,0
716.7540885814457,routine,7.0578126789694124,0.6659438790168433,7.723756557986256,24.0,0
394.7966129114714,emergency,328.46756801218436,0.6659438790168433,329.1335118912012,4.0,1
716.1484081130085,routine,7.549267498131712,0.7177220910631077,8.26698958919482,24.0,0
394.95698665389506,emergency,328.63606176985155,0.6659438790168433,329.3020056488684,4.0,1
717.250911290791,routine,6.791968713190158,0.3190807107927397,7.111049423982898,24.0,0
394.80625811971635,emergency,328.7834367254831,1.0255029253980703,329.8089396508812,4.0,1
395.087731557732,emergency,328.6613674842363,0.6659438790168433,329.3273113632531,4.0,1
715.5265145997092,routine,8.049347487813634,0.668926378609784,8.718273866423418,24.0,0
714.9970829683457,routine,8.460686277317564,0.9736079806575129,9.434294257975075,24.0,0
717.6622761954716,routine,6.441332888820057,0.6396923088485589,7.081025197668616,24.0,0
717.9158787999017,routine,6.851248658313807,0.3513634158531591,7.202612074166966,24.0,0
395.1099537987017,emergency,329.3577375925856,0.7919122426127785,330.1496498351984,4.0,1
395.212250066083,emergency,330.0096230335362,0.4353805806418104,330.445003614178,4.0,1
395.422336912011,emergency,329.96852781047414,0.7177220910631077,330.6862499015372,4.0,1
395.5163936133397,emergency,330.033349359908,0.4353805806418104,330.46872994054985,4.0,1
718.9685622895212,routine,6.615221994902754,0.6659438790168433,7.281165873919598,24.0,0
395.457770575298,emergency,330.0858373690636,0.6396923088485589,330.72552967791216,4.0,1
718.4622389061972,routine,6.793076694139245,0.6659438790168433,7.459020573156089,24.0,0
718.0958630819616,routine,7.044917545679368,0.6599100317467526,7.704827577426121,24.0,0
718.7201449847346,routine,6.850231851613216,0.6599100317467526,7.510141883359969,24.0,0
718.6348758627081,routine,6.867600056616425,1.0255029253980703,7.893102982014495,24.0,0
395.62511920024707,emergency,330.75108651714885,0.7919122426127785,331.54299875976164,4.0,1
396.02169086658176,emergency,330.7085502228983,0.4353805806418104,331.1439308035401,4.0,1
396.51553506760195,emergency,330.53947913443676,0.4353805806418104,330.9748597150786,4.0,1
395.71095213038143,emergency,330.8914731109835,0.6599100317467526,331.55138314273023,4.0,1
396.3632194824576,emergency,330.65255189023736,0.6599100317467526,331.3124619219841,4.0,1
396.8414691277035,emergency,331.045624550017,0.3513634158531591,331.39698796587015,4.0,1
396.79881296196703,emergency,331.00419251020463,0.3190807107927397,331.32327322099735,4.0,1
396.8845241323402,emergency,331.55422282357006,0.6599100317467526,332.2141328553168,4.0,1
397.51252917003217,emergency,331.7922072282231,0.3513634158531591,332.14357064407625,4.0,1
397.09278036746747,emergency,331.45088903075174,0.9736079806575129,332.42449701140924,4.0,1
397.3284073811809,emergency,331.6766312413084,0.7919122426127785,332.4685434839212,4.0,1
397.6666250179269,emergency,332.24174707118834,0.6599100317467526,332.9016571029351,4.0,1
397.6399524712094,emergency,331.79703731082907,0.9736079806575129,332.7706452914866,4.0,1
397.95733494124323,emergency,332.76000371796493,0.3190807107927397,333.07908442875765,4.0,1
397.8087154907203,emergency,332.75799802817477,0.6659438790168433,333.4239419071916,4.0,1
398.01453026689836,emergency,332.9213960635072,0.668926378609784,333.590322442117,4.0,1
398.71872405078176,emergency,332.6456690474352,0.7919122426127785,333.437581290048,4.0,1
399.0343922733068,emergency,332.85066086748816,0.4353805806418104,333.28604144813,4.0,1
398.44848934240514,emergency,332.9154343427778,0.4353805806418104,333.35081492341965,4.0,1
399.5985428010959,emergency,332.49594838244496,0.7177220910631077,333.21367047350805,4.0,1
400.1019444245753,emergency,333.0208378124429,0.3513634158531591,333.37220122829603,4.0,1
399.72027311571503,emergency,332.96121426519903,0.6599100317467526,333.62112429694577,4.0,1
400.3538437178682,emergency,332.78959014273624,0.6396923088485589,333.4292824515848,4.0,1
399.926031314082,emergency,332.9735105689434,0.4353805806418104,333.40889114958526,4.0,1
400.4748529966651,emergency,333.06009967537756,0.6659438790168433,333.7260435543944,4.0,1
401.2785375146649,emergency,333.08433665609766,0.3513634158531591,333.4357000719508,4.0,1
401.8961699317653,emergency,332.6270372124446,0.3190807107927397,332.9461179232373,4.0,1
401.16217659811724,emergency,333.0874411883619,0.3513634158531591,333.438804604215,4.0,1
401.7392036911722,emergency,332.6938328448481,0.3190807107927397,333.0129135556408,4.0,1
402.4926811508342,emergency,332.4655821811501,0.6599100317467526,333.12549221289686,4.0,1
402.78251698313983,emergency,332.8550233729798,0.668926378609784,333.5239497515896,4.0,1
402.94057691552206,emergency,332.9080947747878,0.6599100317467526,333.56800480653453,4.0,1
402.58183276055877,emergency,333.01662727126563,0.7919122426127785,333.80853951387843,4.0,1
403.37197785899923,emergency,332.5381445683646,0.7919122426127785,333.3300568109774,4.0,1
403.49343322590016,emergency,333.4136898928989,0.3190807107927397,333.7327706036916,4.0,1
403.38868800986194,emergency,333.4785455659451,0.4353805806418104,333.91392614658696,4.0,1
403.96432223632155,emergency,333.3480424007164,0.3513634158531591,333.69940581656954,4.0,1
403.5531333466135,emergency,333.6809293980462,0.7919122426127785,334.472841640659,4.0,1
404.5137275088712,emergency,333.3731790133293,0.6659438790168433,334.03912289234614,4.0,1
404.60680434770586,emergency,333.69946878377914,0.4353805806418104,334.134849364421,4.0,1
404.80238704334727,emergency,334.0657551306301,0.3190807107927397,334.38483584142284,4.0,1
404.6836934300996,emergency,333.9370899278833,0.9736079806575129,334.9106979085408,4.0,1
404.9526702793131,emergency,334.2602284077532,0.3190807107927397,334.5793091185459,4.0,1
404.92128951969266,emergency,334.1273694485029,0.6659438790168433,334.79331332751974,4.0,1
405.08927781006173,emergency,334.73773494163754,0.6396923088485589,335.3774272504861,4.0,1
405.1046199744627,emergency,335.1573395675633,0.6396923088485589,335.7970318764119,4.0,1
405.2292704485232,emergency,335.300691804049,0.7177220910631077,336.0184138951121,4.0,1
405.203084414853,emergency,335.08473003081923,0.6599100317467526,335.74464006256596,4.0,1
405.3067575420256,emergency,335.56206858811356,0.7919122426127785,336.35398083072636,4.0,1
405.32179102320913,emergency,336.33042150264566,0.3190807107927397,336.6495022134384,4.0,1
405.51319012042387,emergency,336.6176157171157,0.4353805806418104,337.05299629775755,4.0,1
405.6003577126148,emergency,336.5583422578228,0.3190807107927397,336.8774229686155,4.0,1
405.3619921615086,emergency,336.44115600060525,0.9736079806575129,337.41476398126275,4.0,1
405.6404282755703,emergency,336.7310027491906,0.668926378609784,337.3999291278004,4.0,1
405.67930305649554,emergency,337.13842849635853,1.0255029253980703,338.1639314217566,4.0,1
405.82920896807553,emergency,337.75774126195864,0.7177220910631077,338.4754633530217,4.0,1
405.75446682313907,emergency,337.62998256949027,0.7177220910631077,338.34770466055335,4.0,1
405.8873899413177,emergency,337.7641090749206,0.7177220910631077,338.4818311659837,4.0,1
406.09764365141393,emergency,338.9212041786882,0.3190807107927397,339.2402848894809,4.0,1
405.91994916824365,emergency,338.3109475254232,0.9736079806575129,339.2845555060807,4.0,1
405.9248717129474,emergency,338.98182802593954,0.668926378609784,339.65075440454933,4.0,1
406.2725512373549,emergency,338.78566169128356,0.3513634158531591,339.1370251071367,4.0,1
406.2866167741886,emergency,339.0210454224465,0.3190807107927397,339.3401261332392,4.0,1
406.3960969633314,emergency,339.5591065268902,0.6659438790168433,340.22505040590704,4.0,1
406.53287347636217,emergency,339.51524143736617,0.9736079806575129,340.4888494180237,4.0,1
414.104378177883,emergency,332.67116605438747,0.3190807107927397,332.9902467651802,4.0,1
406.5476610122716,emergency,340.0872405512749,0.7177220910631077,340.80496264233796,4.0,1
409.2309288446912,emergency,337.40412499615786,0.7177220910631077,338.12184708722094,4.0,1
416.9850043026898,emergency,331.37087403283334,0.3190807107927397,331.68995474362606,4.0,1
415.14730862612345,emergency,332.2944784313402,0.6599100317467526,332.95438846308696,4.0,1
415.7845885153601,emergency,331.99196737874826,0.6659438790168433,332.6579112577651,4.0,1
416.5512597040255,emergency,331.5856667961127,1.0255029253980703,332.6111697215108,4.0,1
417.23538767874095,emergency,331.24769332667097,0.6659438790168433,331.9136372056878,4.0,1
417.28397458869733,emergency,332.00116474645336,0.6396923088485589,332.6408570553019,4.0,1
417.640930785237,emergency,332.13315375131043,0.3190807107927397,332.45223446210315,4.0,1
417.56346073242105,emergency,332.1308818526513,0.3190807107927397,332.44996256344405,4.0,1
417.38714655393557,emergency,332.0144977593299,1.0255029253980703,333.040000684728,4.0,1
417.76174586010666,emergency,332.2995808910905,0.7919122426127785,333.0914931337033,4.0,1
418.0000931205317,emergency,332.77597478226517,0.3513634158531591,333.1273381981183,4.0,1
417.96674230295264,emergency,332.8040960670198,0.6659438790168433,333.47003994603665,4.0,1
417.765408007398,emergency,332.8408816484202,0.6396923088485589,333.48057395726875,4.0,1
418.65270966893735,emergency,332.9972809937868,0.6396923088485589,333.63697330263534,4.0,1
418.68277654190075,emergency,333.553460784537,0.7919122426127785,334.3453730271498,4.0,1
419.6497343824291,emergency,332.91400970671964,0.6659438790168433,333.57995358573646,4.0,1
419.28270270157725,emergency,333.1131399515308,0.9736079806575129,334.0867479321883,4.0,1
418.9058141048536,emergency,333.43055322844776,0.6659438790168433,334.0964971074646,4.0,1
419.87664864212456,emergency,333.4376899247036,0.3190807107927397,333.7567706354963,4.0,1
420.0577822263723,emergency,333.59535134546513,0.4353805806418104,334.03073192610697,4.0,1
420.26071686452076,emergency,334.02344949731287,0.4353805806418104,334.4588300779547,4.0,1
420.12976824310186,emergency,333.97427500519296,0.6659438790168433,334.6402188842098,4.0,1
420.36283013786425,emergency,333.9992362148118,0.6659438790168433,334.6651800938286,4.0,1
421.1472920714353,emergency,334.17858638832996,0.3513634158531591,334.5299498041831,4.0,1
421.14637780130545,emergency,333.8010221753186,0.6659438790168433,334.46696605433544,4.0,1
420.67300938395306,emergency,334.1903278417834,0.6659438790168433,334.85627172080024,4.0,1
421.3175495959601,emergency,334.530322750426,0.6659438790168433,335.19626662944285,4.0,1
421.69664065822263,emergency,334.69034512417664,0.4353805806418104,335.1257257048185,4.0,1
421.93707778055375,emergency,334.6675452052506,0.3513634158531591,335.0189086211037,4.0,1
421.44530898849496,emergency,334.92819735313174,1.0255029253980703,335.9537002785298,4.0,1
422.6361720047116,emergency,334.93406225814374,0.6659438790168433,335.60000613716056,4.0,1
422.11734542630114,emergency,334.7325489398467,1.0255029253980703,335.7580518652448,4.0,1
422.4488174054326,emergency,334.943157342923,0.6659438790168433,335.6091012219398,4.0,1
422.65849894667093,emergency,335.59262469985475,0.4353805806418104,336.0280052804966,4.0,1
422.9935072714992,emergency,335.4822476311325,0.6599100317467526,336.14215766287924,4.0,1
423.1411715541403,emergency,335.957531901386,0.3190807107927397,336.2766126121787,4.0,1
423.06939381279733,emergency,336.0265635389925,0.3513634158531591,336.37792695484563,4.0,1
423.1619964811609,emergency,336.00995258812503,0.6659438790168433,336.67589646714185,4.0,1
423.17689973003803,emergency,336.6444792064094,0.6659438790168433,337.31042308542624,4.0,1
423.40533258547913,emergency,336.7217351797876,0.668926378609784,337.39066155839737,4.0,1
423.47598028115226,emergency,337.30433004239933,0.7919122426127785,338.0962422850121,4.0,1
423.45855096063565,emergency,337.03866227837784,1.0255029253980703,338.06416520377593,4.0,1
423.66225865315783,emergency,337.97178597798876,0.3513634158531591,338.3231493938419,4.0,1
423.50701388874006,emergency,337.76456578891566,0.4353805806418104,338.1999463695575,4.0,1
423.4835340987977,emergency,337.3176452630987,0.7919122426127785,338.1095575057115,4.0,1
423.7380364926742,emergency,338.9701197813678,0.3513634158531591,339.32148319722097,4.0,1
423.71358848118615,emergency,338.69527136205767,0.4353805806418104,339.1306519426995,4.0,1
423.83712641421846,emergency,338.93337603991256,0.7177220910631077,339.65109813097564,4.0,1
423.837572329201,emergency,338.93385269667345,0.9736079806575129,339.90746067733096,4.0,1
423.84471108773596,emergency,339.0236640826595,0.6599100317467526,339.6835741144062,4.0,1
424.1188807505349,emergency,339.7492405855221,0.4353805806418104,340.18462116616394,4.0,1
423.9860259341171,emergency,339.83432514901784,0.7919122426127785,340.62623739163064,4.0,1
424.3677055755567,emergency,339.8662948267708,0.6396923088485589,340.50598713561936,4.0,1
424.60858199181047,emergency,340.1468348976877,0.7919122426127785,340.9387471403005,4.0,1
424.80019104506545,emergency,340.0397937094643,0.7919122426127785,340.8317059520771,4.0,1
425.01347155641366,emergency,340.6442448830588,0.6396923088485589,341.28393719190734,4.0,1
424.9216903668637,emergency,340.52922851736173,1.0255029253980703,341.5547314427598,4.0,1
425.04194796861447,emergency,340.7586197039778,0.6659438790168433,341.4245635829946,4.0,1
425.1619530165297,emergency,341.15554163008966,0.668926378609784,341.82446800869945,4.0,1
425.45786651331287,emergency,341.5899354545538,0.6659438790168433,342.25587933357065,4.0,1
425.476074647124,emergency,341.8853395201401,0.7919122426127785,342.6772517627529,4.0,1
425.62494667411937,emergency,341.7467776165792,1.0255029253980703,342.7722805419773,4.0,1
425.28809011321886,emergency,341.5712060275709,0.9736079806575129,342.5448140082284,4.0,1
425.6609629575362,emergency,342.67227035861526,0.3513634158531591,343.0236337744684,4.0,1
425.72942694455287,emergency,342.8851753771421,0.3513634158531591,343.23653879299525,4.0,1
425.86204774566545,emergency,343.1008731641074,0.3513634158531591,343.4522365799605,4.0,1
425.97271519928387,emergency,343.06663864622254,0.6396923088485589,343.7063309550711,4.0,1
426.07803121290993,emergency,343.14442245186075,0.6659438790168433,343.81036633087757,4.0,1
426.11954723667634,emergency,343.6415113979116,0.3190807107927397,343.9605921087043,4.0,1
426.1919068592829,emergency,344.0987955522995,0.6599100317467526,344.75870558404625,4.0,1
426.2592794014551,emergency,344.7495590205735,0.3190807107927397,345.0686397313662,4.0,1
426.2060910844183,emergency,344.30536257368817,0.7919122426127785,345.09727481630097,4.0,1
426.1921297691917,emergency,344.19771533725515,0.7177220910631077,344.9154374283182,4.0,1
426.3022756113855,emergency,344.96676178441004,0.3190807107927397,345.28584249520276,4.0,1
426.42722231501284,emergency,345.5367523708811,0.4353805806418104,345.97213295152295,4.0,1
426.4717940596559,emergency,345.75269479866716,0.3513634158531591,346.1040582145203,4.0,1
426.58106959012326,emergency,345.8143540377195,0.668926378609784,346.4832804163293,4.0,1
426.715498508256,emergency,345.74339914778136,0.6599100317467526,346.4033091795281,4.0,1
426.800829035246,emergency,346.00739332993817,0.6396923088485589,346.64708563878673,4.0,1
426.84944350212515,emergency,346.56456194678833,0.6599100317467526,347.22447197853506,4.0,1
426.996223087779,emergency,346.653497795178,1.0255029253980703,347.6790007205761,4.0,1
427.5843481676422,emergency,347.23959245806776,0.3513634158531591,347.5909558739209,4.0,1
427.20256000976855,emergency,347.3503147293822,0.6659438790168433,348.016258608399,4.0,1
427.09484427242245,emergency,347.1522299459779,0.6599100317467526,347.81213997772466,4.0,1
427.0680747743689,emergency,346.9664838515062,1.0255029253980703,347.9919867769043,4.0,1
429.19706588695425,emergency,346.8847379059342,0.4353805806418104,347.320118486576,4.0,1
427.6437034569817,emergency,348.0012180295482,1.0255029253980703,349.0267209549463,4.0,1
429.8512303598985,emergency,346.3884771559292,0.3190807107927397,346.7075578667219,4.0,1
428.0887881135367,emergency,347.8992166335237,0.668926378609784,348.5681430121335,4.0,1
430.3901815657243,emergency,345.87037019548956,0.3513634158531591,346.2217336113427,4.0,1
431.20879144913346,emergency,345.9926858395342,0.4353805806418104,346.42806642017604,4.0,1
431.3312132303686,emergency,346.27957442475986,0.668926378609784,346.94850080336965,4.0,1
431.79119154433346,emergency,345.9282373833901,0.6599100317467526,346.58814741513686,4.0,1
431.7463246431352,emergency,345.9148668894274,0.4353805806418104,346.35024747006923,4.0,1
431.8634504565166,emergency,346.0173723370997,1.0255029253980703,347.0428752624978,4.0,1
433.61560209882686,emergency,345.3279681134956,0.3513634158531591,345.67933152934876,4.0,1
432.0107253000058,emergency,346.6866711845372,0.6599100317467526,347.34658121628394,4.0,1
436.3285463881072,emergency,342.8268299270862,0.668926378609784,343.495756305696,4.0,1
437.0123037452813,emergency,342.9911330892626,0.3190807107927397,343.3102138000553,4.0,1
435.00334428968375,emergency,344.0835155579144,0.9736079806575129,345.0571235385719,4.0,1
436.92030798849294,emergency,342.86566712003435,0.6659438790168433,343.53161099905117,4.0,1
437.59698113695197,emergency,342.9392102809102,0.6659438790168433,343.605154159927,4.0,1
437.48223006998273,emergency,343.02714400346974,0.3190807107927397,343.34622471426246,4.0,1
440.21104795995456,emergency,341.08547968172314,0.3190807107927397,341.40456039251586,4.0,1
437.7536173258432,emergency,343.3651770404451,0.7177220910631077,344.08289913150816,4.0,1
440.479596692859,emergency,341.58764141287816,0.4353805806418104,342.02302199352,4.0,1
440.2655731028994,emergency,341.36284546955545,0.9736079806575129,342.33645345021296,4.0,1
440.29382761854106,emergency,341.7657133764909,0.6396923088485589,342.4054056853395,4.0,1
440.93840735674445,emergency,341.73162812098775,0.6659438790168433,342.3975720000046,4.0,1
440.58534277484375,emergency,341.82714504435637,0.9736079806575129,342.8007530250139,4.0,1
440.98427540990724,emergency,342.14088170510763,0.3513634158531591,342.4922451209608,4.0,1
441.12393386692526,emergency,342.568848143127,0.6396923088485589,343.2085404519756,4.0,1
441.5580747297211,emergency,342.51957596583196,0.7177220910631077,343.23729805689504,4.0,1
441.8256501232953,emergency,342.89666075356865,0.3190807107927397,343.2157414643614,4.0,1
441.68365777585285,emergency,342.8225635584094,0.7919122426127785,343.6144758010222,4.0,1
441.4002722969924,emergency,342.56961633795174,0.6396923088485589,343.2093086468003,4.0,1
441.87427333842265,emergency,343.1194356992478,0.4353805806418104,343.5548162798896,4.0,1
441.9508941679701,emergency,343.6841690917829,0.4353805806418104,344.11954967242474,4.0,1
442.36688786811004,emergency,343.6098127810545,0.4353805806418104,344.0451933616963,4.0,1
442.11064593379973,emergency,343.63029743311205,0.6599100317467526,344.2902074648588,4.0,1
442.13195062401803,emergency,343.80046591121743,0.4353805806418104,344.23584649185926,4.0,1
442.430463389824,emergency,344.0467994387924,0.3190807107927397,344.3658801495851,4.0,1
443.04906501574936,emergency,343.9803024048967,0.7919122426127785,344.7722146475095,4.0,1
443.27770097011876,emergency,343.8899769268488,0.668926378609784,344.5589033054586,4.0,1
442.47442799900807,emergency,344.4072628512763,0.6396923088485589,345.04695516012487,4.0,1
443.2897349177918,emergency,344.3638342505471,0.7919122426127785,345.1557464931599,4.0,1
443.29244394381806,emergency,344.74172981751167,0.6659438790168433,345.4076736965285,4.0,1
443.5239364088593,emergency,345.087046843071,0.3190807107927397,345.4061275538637,4.0,1
443.7635779260842,emergency,345.38053218735007,0.6599100317467526,346.0404422190968,4.0,1
443.67223460468006,emergency,345.13759943877983,0.668926378609784,345.8065258173896,4.0,1
443.6266232153446,emergency,345.17292065721824,0.9736079806575129,346.14652863787575,4.0,1
443.81123734206756,emergency,345.64611708906284,0.6599100317467526,346.3060271208096,4.0,1
443.8287293257278,emergency,346.3670149609581,0.3190807107927397,346.6860956717508,4.0,1
443.9488706610774,emergency,346.61958662640643,0.3513634158531591,346.9709500422596,4.0,1
444.351151457286,emergency,346.44852565361333,0.3513634158531591,346.7998890694665,4.0,1
444.40942489947577,emergency,346.4362450491418,0.9736079806575129,347.4098530297993,4.0,1
444.59778054769396,emergency,346.6410035746274,0.6599100317467526,347.30091360637414,4.0,1
445.01420146594216,emergency,346.5101989594409,1.0255029253980703,347.535701884839,4.0,1
445.36707931114734,emergency,346.35359650482746,0.7177220910631077,347.07131859589055,4.0,1
445.75933155949326,emergency,346.93923166474974,0.4353805806418104,347.3746122453916,4.0,1
445.7258505393649,emergency,346.75570543829866,0.6396923088485589,347.39539774714723,4.0,1
445.7984247684345,emergency,347.2098018603502,0.9736079806575129,348.1834098410077,4.0,1
445.8916206025811,emergency,347.4443977561635,0.4353805806418104,347.8797783368053,4.0,1
446.1753681007695,emergency,347.7802139815505,0.4353805806418104,348.21559456219234,4.0,1
445.9945102005317,emergency,347.6072113012678,0.3190807107927397,347.9262920120605,4.0,1
446.30446476373754,emergency,347.66443662623817,0.7919122426127785,348.45634886885097,4.0,1
446.35783218820535,emergency,348.2465314426632,0.6396923088485589,348.88622375151175,4.0,1
446.4649649830449,emergency,348.21825362882447,0.7177220910631077,348.93597571988755,4.0,1
446.7137624696983,emergency,348.6005243680904,0.3513634158531591,348.95188778394356,4.0,1
446.47012634242884,emergency,348.53202734450866,0.6659438790168433,349.1979712235255,4.0,1
446.84766148242767,emergency,349.0682699220586,0.6396923088485589,349.7079622309072,4.0,1
447.02299721535104,emergency,348.958971798974,0.3513634158531591,349.31033521482715,4.0,1
447.12019484279,emergency,348.90910268759484,0.7919122426127785,349.70101493020763,4.0,1
447.18515369176356,emergency,349.50361624576675,0.3513634158531591,349.8549796616199,4.0,1
447.168139284494,emergency,349.1071103338417,0.7919122426127785,349.8990225764545,4.0,1
447.28780974515115,emergency,349.91369962081563,0.3513634158531591,350.2650630366688,4.0,1
447.27136516989697,emergency,349.92913098195356,0.3190807107927397,350.2482116927463,4.0,1
447.2993791142554,emergency,350.43456964292926,0.6599100317467526,351.094479674676,4.0,1
447.3731931864097,emergency,350.5552529430422,0.3513634158531591,350.90661635889535,4.0,1
447.5070743450265,emergency,350.73724087757347,0.6599100317467526,351.3971509093202,4.0,1
447.56744878934137,emergency,350.98708916329076,0.3190807107927397,351.3061698740835,4.0,1
447.55595770238216,emergency,350.86808640169323,0.7919122426127785,351.65999864430603,4.0,1
447.98710274955295,emergency,351.63812116084875,0.3190807107927397,351.9572018716415,4.0,1
447.84762149022265,emergency,351.42813431483967,0.4353805806418104,351.8635148954815,4.0,1
447.7144519184261,emergency,351.5297976566168,0.668926378609784,352.1987240352266,4.0,1
447.851894272094,emergency,351.6621903893558,0.6599100317467526,352.32210042110256,4.0,1
448.0265315267973,emergency,351.96237512711303,0.4353805806418104,352.39775570775487,4.0,1
448.77370437184794,emergency,352.5948858460728,0.3190807107927397,352.91396655686555,4.0,1
448.16480506878105,emergency,352.4935275901143,0.6659438790168433,353.1594714691311,4.0,1
448.8234780196058,emergency,352.84422119595456,0.3190807107927397,353.1633019067473,4.0,1
448.6459904224005,emergency,352.3906643280411,0.3190807107927397,352.70974503883383,4.0,1
448.4354197888309,emergency,352.52611413828095,0.6599100317467526,353.1860241700277,4.0,1
449.24212320826285,emergency,353.11982209736726,0.6659438790168433,353.7857659763841,4.0,1
449.38909442150134,emergency,353.31294209058274,0.6396923088485589,353.9526343994313,4.0,1
449.58709192880997,emergency,353.15524384190576,0.3190807107927397,353.4743245526985,4.0,1
449.2916191504745,emergency,353.3287684103991,0.9736079806575129,354.3023763910566,4.0,1
449.70870297454263,emergency,353.30698898687143,1.0255029253980703,354.3324919122695,4.0,1
449.7804971796838,emergency,353.9132177363712,0.3190807107927397,354.23229844716394,4.0,1
449.95438020217404,emergency,354.00096274033484,0.6659438790168433,354.66690661935166,4.0,1
450.0142150313727,emergency,354.3212574942045,0.4353805806418104,354.7566380748463,4.0,1
450.11549229854165,emergency,354.8095931564561,0.6396923088485589,355.4492854653047,4.0,1
450.1339915873498,emergency,354.80786539749477,0.6659438790168433,355.4738092765116,4.0,1
450.43627650119606,emergency,354.6769270619453,0.6396923088485589,355.3166193707939,4.0,1
450.83963970952914,emergency,354.5613665536665,0.6396923088485589,355.2010588625151,4.0,1
450.8862747460946,emergency,354.8117585912122,0.7919122426127785,355.603670833825,4.0,1
450.9569667025905,emergency,355.68995337746816,0.3190807107927397,356.0090340882609,4.0,1
451.32672533868924,emergency,355.56970854697965,1.0255029253980703,356.59521147237774,4.0,1
451.28656274307997,emergency,355.5338100246002,0.668926378609784,356.20273640321,4.0,1
451.1802993045044,emergency,355.4732546510744,0.9736079806575129,356.4468626317319,4.0,1
451.3367535170971,emergency,355.889775687933,0.6599100317467526,356.54968571967976,4.0,1
451.6272343330922,emergency,356.64344023322116,0.3190807107927397,356.9625209440139,4.0,1
453.2435086611879,emergency,355.5461482282369,0.3513634158531591,355.89751164409006,4.0,1
452.3853248570259,emergency,356.3408513610974,0.6599100317467526,357.00076139284414,4.0,1
453.43553395542915,emergency,355.6838362508173,0.3513634158531591,356.03519966667045,4.0,1
452.7841595584354,emergency,355.9470065849526,0.7919122426127785,356.7389188275654,4.0,1
455.1633198175286,emergency,354.1975505865665,0.6659438790168433,354.8634944655833,4.0,1
455.30254547104914,emergency,354.67909526281255,0.3190807107927397,354.99817597360527,4.0,1
455.6976446174528,emergency,354.4730186530524,0.6599100317467526,355.13292868479914,4.0,1
456.14559913863184,emergency,354.38215896677286,0.6659438790168433,355.0481028457897,4.0,1
462.0129463377143,emergency,348.55612424375215,1.0255029253980703,349.58162716915024,4.0,1
462.3006260253098,emergency,349.3605625614443,0.668926378609784,350.0294889400541,4.0,1
462.0667317645668,emergency,348.9097195338307,0.6659438790168433,349.5756634128475,4.0,1
462.33188883964283,emergency,349.5209117165839,0.3513634158531591,349.87227513243704,4.0,1
462.40076866760364,emergency,350.0812285328145,0.3190807107927397,350.40030924360724,4.0,1
462.37986908191175,emergency,349.75918766928095,0.668926378609784,350.42811404789074,4.0,1
462.4551878711421,emergency,350.4901266893698,0.6599100317467526,351.1500367211165,4.0,1
462.44472667785215,emergency,350.4869709580869,0.6599100317467526,351.1468809898336,4.0,1
462.52250440996545,emergency,350.72049455427884,0.6659438790168433,351.38643843329567,4.0,1
462.66330065189993,emergency,351.21277221742105,0.3513634158531591,351.5641356332742,4.0,1
462.7721930109424,emergency,351.4310412642427,0.7919122426127785,352.2229535068555,4.0,1
462.83178117858665,emergency,351.97432084727006,0.4353805806418104,352.4097014279119,4.0,1
462.7968504341954,emergency,351.48035918896056,0.6599100317467526,352.1402692207073,4.0,1
462.84311635759104,emergency,351.990781518724,0.6396923088485589,352.6304738275726,4.0,1
462.9833164990296,emergency,352.3078358338782,0.6396923088485589,352.94752814272675,4.0,1
462.9844346728978,emergency,352.6845880671797,0.6599100317467526,353.3444980989264,4.0,1
463.0692115818784,emergency,352.9603485825348,0.6396923088485589,353.60004089138334,4.0,1
463.32708991905054,emergency,352.90773348820323,0.7919122426127785,353.69964573081603,4.0,1
463.19592480435176,emergency,352.9343008678293,0.3513634158531591,353.2856642836824,4.0,1
463.523775170662,emergency,353.77302250044,0.3513634158531591,354.12438591629314,4.0,1
463.6861471608789,emergency,353.61888884993886,0.6659438790168433,354.2848327289557,4.0,1
463.8701811791029,emergency,353.8475332752201,0.668926378609784,354.5164596538299,4.0,1
463.8652295638009,emergency,353.82726648363587,0.3190807107927397,354.1463471944286,4.0,1
463.3622854191617,emergency,353.9246159889458,0.7919122426127785,354.7165282315586,4.0,1
464.2064931371015,emergency,354.5190481410363,0.3513634158531591,354.87041155688945,4.0,1
464.8064776982614,emergency,354.51735395432473,0.4353805806418104,354.95273453496657,4.0,1
464.67188796534117,emergency,354.0743863908044,0.7177220910631077,354.7921084818675,4.0,1
464.7049741280517,emergency,354.47712152261175,0.6599100317467526,355.1370315543585,4.0,1
465.2492672037484,emergency,354.1573392258669,0.7177220910631077,354.87506131693,4.0,1
465.3155720685831,emergency,354.8446358716396,0.6396923088485589,355.48432818048815,4.0,1
465.4227126851446,emergency,354.95103643661787,0.4353805806418104,355.3864170172597,4.0,1
465.54495256317335,emergency,355.07448618899906,0.6659438790168433,355.7404300680159,4.0,1
465.54499688584144,emergency,355.54089348702655,0.3190807107927397,355.85997419781927,4.0,1
465.8559302428303,emergency,355.5987008767442,0.3513634158531591,355.95006429259735,4.0,1
465.7810461458248,emergency,355.58721826295243,0.3513634158531591,355.9385816788056,4.0,1
466.1230389841739,emergency,356.09123629541403,0.4353805806418104,356.52661687605587,4.0,1
466.2365267601077,emergency,356.2808910931477,0.6659438790168433,356.94683497216454,4.0,1
466.13813010031646,emergency,356.16689043698096,0.3190807107927397,356.4859711477737,4.0,1
465.93946842948907,emergency,356.0797725824386,0.668926378609784,356.7486989610484,4.0,1
466.2407286623662,emergency,356.51932832010505,0.9736079806575129,357.49293630076255,4.0,1
466.3889871375252,emergency,357.3952774689146,0.3190807107927397,357.71435817970735,4.0,1
466.6985028985845,emergency,357.2635523447756,0.3190807107927397,357.5826330555683,4.0,1
466.3690484792485,emergency,357.0586011465341,0.3190807107927397,357.3776818573268,4.0,1
466.7008352912631,emergency,357.31553196921465,0.3513634158531591,357.6668953850678,4.0,1
467.15756434251773,emergency,357.4889662542224,0.4353805806418104,357.92434683486425,4.0,1
467.76733462200747,emergency,357.3561469240215,0.4353805806418104,357.79152750466335,4.0,1
467.3855090130075,emergency,357.5023639545727,0.3190807107927397,357.8214446653654,4.0,1
467.36373647267425,emergency,357.46742438887173,0.6659438790168433,358.13336826788856,4.0,1
468.66527112943413,emergency,356.79826349967834,0.3513634158531591,357.1496269155315,4.0,1
468.6864487018416,emergency,357.50069981035534,0.3190807107927397,357.81978052114806,4.0,1
468.8826532988471,emergency,357.630996007881,0.6659438790168433,358.2969398868978,4.0,1
468.71845730147436,emergency,357.5097375621036,0.9736079806575129,358.4833455427611,4.0,1
468.91408225989306,emergency,357.8760445344614,0.3513634158531591,358.22740795031456,4.0,1
468.92082983265107,emergency,358.08241104243245,0.6396923088485589,358.722103351281,4.0,1
469.20604808542276,emergency,358.1602629784658,0.3190807107927397,358.47934368925854,4.0,1
469.31101728202,emergency,358.7740444375115,0.6396923088485589,359.4137367463601,4.0,1
469.36399867714346,emergency,359.0777469407878,0.6659438790168433,359.7436908198046,4.0,1
469.41366292360607,emergency,359.5443371828972,0.6659438790168433,360.21028106191403,4.0,1
469.4831955058673,emergency,359.5753105687382,0.9736079806575129,360.5489185493957,4.0,1
469.3465670809806,emergency,359.0727588605984,0.9736079806575129,360.0463668412559,4.0,1
469.70373179558,emergency,360.6802331343655,0.4353805806418104,361.1156137150073,4.0,1
469.52003498938797,emergency,360.4435587047979,0.9736079806575129,361.4171666854554,4.0,1
469.7629133557876,emergency,360.740808493702,0.3513634158531591,361.09217190955513,4.0,1
469.88764923273095,emergency,360.87651579085093,0.4353805806418104,361.31189637149276,4.0,1
469.87267874527896,emergency,360.82589463488733,0.7919122426127785,361.61780687750013,4.0,1
469.9829893949964,emergency,361.6906363713667,0.3190807107927397,362.0097170821594,4.0,1
470.1546150643433,emergency,361.84398135401915,0.3190807107927397,362.16306206481187,4.0,1
470.0434873931763,emergency,361.9215207256509,0.7919122426127785,362.7134329682637,4.0,1
470.4642262472106,emergency,362.1608021802431,0.6599100317467526,362.8207122119898,4.0,1
470.18370535382115,emergency,361.9782908082714,0.6599100317467526,362.63820084001816,4.0,1
470.5633490674658,emergency,362.67674926771593,0.4353805806418104,363.11212984835777,4.0,1
470.8775541254047,emergency,362.4767450895721,0.9736079806575129,363.4503530702296,4.0,1
470.93872557282515,emergency,362.6390443442477,0.6659438790168433,363.3049882232645,4.0,1
471.72192525774807,emergency,362.56558944539864,0.3513634158531591,362.9169528612518,4.0,1
471.23562335197056,emergency,362.7137307865797,0.668926378609784,363.38265716518947,4.0,1
471.54799148275197,emergency,362.549362057474,0.7919122426127785,363.3412743000868,4.0,1
472.05269533607094,emergency,363.0085186448628,0.4353805806418104,363.44389922550465,4.0,1
471.766627475237,emergency,363.2617229777011,0.7177220910631077,363.97944506876416,4.0,1
472.44003325901076,emergency,363.5329135215469,0.4353805806418104,363.96829410218874,4.0,1
472.1677826796219,emergency,363.4886448409048,0.6659438790168433,364.1545887199216,4.0,1
472.0918511742094,emergency,363.466762481723,0.7919122426127785,364.2586747243358,4.0,1
472.5300963168743,emergency,363.7657603511349,0.3190807107927397,364.0848410619276,4.0,1
472.54700467314603,emergency,363.86942100194926,0.668926378609784,364.53834738055906,4.0,1
472.6203904585396,emergency,364.4397552051019,0.3513634158531591,364.79111862095505,4.0,1
472.67431112947435,emergency,364.51795080898313,0.3513634158531591,364.8693142248363,4.0,1
473.40878999359836,emergency,364.0138836798675,0.6659438790168433,364.6798275588843,4.0,1
473.4007006445421,emergency,363.8930528504857,0.3513634158531591,364.2444162663388,4.0,1
473.94174518269705,emergency,364.1503690996689,0.3190807107927397,364.46944981046164,4.0,1
474.10180209389097,emergency,364.7242807185226,0.3513634158531591,365.07564413437575,4.0,1
473.9596645622713,emergency,364.25684721229516,0.6396923088485589,364.8965395211437,4.0,1
474.0971075055677,emergency,364.6149561247295,0.6599100317467526,365.2748661564762,4.0,1
473.8555657503124,emergency,364.10763966027105,0.7177220910631077,364.8253617513341,4.0,1
474.3310793762244,emergency,365.6386127309026,0.7919122426127785,366.4305249735154,4.0,1
474.28337142025174,emergency,365.38686008376766,0.7177220910631077,366.10458217483074,4.0,1
474.30981161395755,emergency,365.59815914270814,0.9736079806575129,366.57176712336565,4.0,1
474.5100311013221,emergency,365.5317458733711,0.6659438790168433,366.19768975238793,4.0,1
474.44945547404916,emergency,365.5648152949012,0.9736079806575129,366.5384232755587,4.0,1
474.64693290673137,emergency,366.74061842931627,0.6599100317467526,367.400528461063,4.0,1
474.65722254355995,emergency,366.7713380796974,0.7919122426127785,367.5632503223102,4.0,1
474.6956839316384,emergency,366.8500403295277,0.668926378609784,367.5189667081375,4.0,1
474.88547556425743,emergency,367.35303629466233,0.3190807107927397,367.67211700545505,4.0,1
474.8657908929131,emergency,367.0420999215929,0.4353805806418104,367.47748050223476,4.0,1
475.1893070761251,emergency,367.5372754378099,0.668926378609784,368.2062018164197,4.0,1
475.1923239095576,emergency,368.23769102605894,0.7177220910631077,368.955413117122,4.0,1
475.6173280129151,emergency,368.1160992396759,0.3513634158531591,368.46746265552906,4.0,1
475.3159016240547,emergency,368.20644989786007,0.9736079806575129,369.1800578785176,4.0,1
475.36146529645515,emergency,368.36835847429114,0.6599100317467526,369.0282685060379,4.0,1
475.71941358912994,emergency,368.4827917129891,0.6659438790168433,369.14873559200595,4.0,1
475.88649966295867,emergency,369.08915363925445,0.4353805806418104,369.5245342198963,4.0,1
476.4975637411825,emergency,369.2407431498507,0.4353805806418104,369.6761237304925,4.0,1
476.13297165662067,emergency,369.33631530875283,0.3190807107927397,369.65539601954555,4.0,1
476.5206596481904,emergency,369.5858781193533,0.3190807107927397,369.90495883014603,4.0,1
476.00828366175614,emergency,369.44307053807216,0.6599100317467526,370.1029805698189,4.0,1
476.2574091732392,emergency,369.42619319102636,0.6599100317467526,370.0861032227731,4.0,1
477.17258067732683,emergency,369.69066768422107,0.4353805806418104,370.1260482648629,4.0,1
479.92872412714075,emergency,367.6382999675227,0.4353805806418104,368.07368054816453,4.0,1
477.56532728752154,emergency,369.4187822864868,0.6599100317467526,370.07869231823355,4.0,1
477.8624675883231,emergency,369.504552467173,0.3513634158531591,369.85591588302617,4.0,1
477.9625405385721,emergency,369.44250636729834,1.0255029253980703,370.4680092926964,4.0,1
485.5242062074088,emergency,363.28371299825204,0.3190807107927397,363.60279370904476,4.0,1
485.4172775315945,emergency,362.95792892428466,0.7177220910631077,363.67565101534774,4.0,1
486.53633647639407,emergency,362.37768414279907,0.3190807107927397,362.6967648535918,4.0,1
487.10135983865297,emergency,361.91966896085586,0.4353805806418104,362.3550495414977,4.0,1
487.2362833387145,emergency,361.9399154357296,0.9736079806575129,362.9135234163871,4.0,1
487.93795814513635,emergency,362.4412544547796,0.3190807107927397,362.7603351655723,4.0,1
488.14738367008925,emergency,362.3714770598545,0.4353805806418104,362.80685764049633,4.0,1
487.66408106804664,emergency,362.66032109164115,0.9736079806575129,363.63392907229866,4.0,1
487.49255633984274,emergency,362.769555312452,0.6396923088485589,363.40924762130055,4.0,1
488.316790989477,emergency,363.22005575478977,0.4353805806418104,363.6554363354316,4.0,1
488.2781625940459,emergency,363.2168585063003,0.6599100317467526,363.87676853804703,4.0,1
488.6153224834701,emergency,362.9970785301581,0.6599100317467526,363.6569885619048,4.0,1
489.02354406284144,emergency,362.94602022761944,0.3513634158531591,363.2973836434726,4.0,1
489.2298071115463,emergency,363.02367928533295,0.6599100317467526,363.6835893170797,4.0,1
489.3391631107886,emergency,363.27020074487234,0.3190807107927397,363.58928145566506,4.0,1
489.95345114056664,emergency,362.80919694061714,0.4353805806418104,363.244577521259,4.0,1
490.2478157443343,emergency,363.10366683393056,0.668926378609784,363.77259321254036,4.0,1
490.24301310766145,emergency,362.8357200574071,1.0255029253980703,363.8612229828052,4.0,1
490.3191954189116,emergency,363.85674427909123,0.4353805806418104,364.29212485973306,4.0,1
490.2502776203765,emergency,363.49738675534746,0.6599100317467526,364.1572967870942,4.0,1
490.3729955477714,emergency,364.11922188134264,0.6599100317467526,364.7791319130894,4.0,1
490.57447845855813,emergency,364.46624652410355,0.6659438790168433,365.1321904031204,4.0,1
490.5110650968707,emergency,364.23371833602295,1.0255029253980703,365.25922126142103,4.0,1
490.6859477882466,emergency,364.90333941439053,0.6659438790168433,365.56928329340735,4.0,1
490.82171302807916,emergency,364.8325692276139,0.6599100317467526,365.4924792593606,4.0,1
490.9061487944421,emergency,365.1027399594988,0.6659438790168433,365.76868383851564,4.0,1
490.9804071448924,emergency,365.40504615953273,0.3190807107927397,365.72412687032545,4.0,1
490.9858742801247,emergency,366.1104979764035,0.3513634158531591,366.46186139225665,4.0,1
491.01464425348314,emergency,366.1382796382597,0.7177220910631077,366.85600172932277,4.0,1
491.34674928323307,emergency,366.13576121567553,0.3190807107927397,366.45484192646825,4.0,1
491.2851132771523,emergency,366.03443073311485,0.6659438790168433,366.70037461213167,4.0,1
491.5015448699701,emergency,366.5540997624056,0.4353805806418104,366.98948034304743,4.0,1
491.65881577520025,emergency,366.9260771753141,0.3513634158531591,367.27744059116725,4.0,1
491.978203260124,emergency,366.647534830817,0.3513634158531591,366.99889824667014,4.0,1
492.16369627344255,emergency,366.65596663889136,0.6396923088485589,367.2956589477399,4.0,1
491.9729834981995,emergency,366.6262834085254,1.0255029253980703,367.6517863339235,4.0,1
492.627715717254,emergency,366.98670274994527,0.3190807107927397,367.305783460738,4.0,1
492.4124572000788,emergency,366.98598727609595,0.4353805806418104,367.4213678567378,4.0,1
493.1038297560811,emergency,367.5385548174991,0.3190807107927397,367.85763552829184,4.0,1
492.81906316686906,emergency,366.99940962884017,0.9736079806575129,367.9730176094977,4.0,1
493.10619220839135,emergency,367.6883274486851,0.6599100317467526,368.3482374804318,4.0,1
493.10143378174405,emergency,367.3605415308432,0.4353805806418104,367.795922111485,4.0,1
493.0659212009508,emergency,367.3000921335313,1.0255029253980703,368.32559505892937,4.0,1
493.39897724720066,emergency,368.81287183446335,0.3513634158531591,369.1642352503165,4.0,1
493.53956242682966,emergency,368.83266422872975,0.3190807107927397,369.1517449395225,4.0,1
493.30103305021646,emergency,368.7950912165775,0.7177220910631077,369.51281330764056,4.0,1
493.2679790107577,emergency,368.81183520025536,0.7919122426127785,369.60374744286815,4.0,1
493.25295914231276,emergency,368.71166590251084,1.0255029253980703,369.73716882790893,4.0,1
493.7376316669576,emergency,369.7419293301502,0.7177220910631077,370.45965142121327,4.0,1
493.7504683575384,emergency,369.85038275829737,0.4353805806418104,370.2857633389392,4.0,1
493.55600961397414,emergency,369.87489000028614,0.3513634158531591,370.2262534161393,4.0,1
493.9167061344171,emergency,369.9686303002599,0.7177220910631077,370.686352391323,4.0,1
494.12235653589687,emergency,370.84837119819633,0.3513634158531591,371.1997346140495,4.0,1
493.92223092660714,emergency,370.22316313800235,0.9736079806575129,371.19677111865985,4.0,1
494.0802784259266,emergency,370.83283686869777,0.668926378609784,371.50176324730757,4.0,1
494.2832485208132,emergency,370.72957992626453,0.7177220910631077,371.4473020173276,4.0,1
494.4134399518228,emergency,371.1491162011104,0.6396923088485589,371.788808509959,4.0,1
494.7169870012774,emergency,371.5840561303338,0.4353805806418104,372.01943671097564,4.0,1
495.00046571152035,emergency,371.33974566316596,0.6659438790168433,372.0056895421828,4.0,1
495.3413392664256,emergency,371.7363187225071,0.3190807107927397,372.05539943329984,4.0,1
495.1979726830172,emergency,371.50327657235897,0.7177220910631077,372.22099866342205,4.0,1
495.03293363978844,emergency,371.4783031421589,0.6599100317467526,372.1382131739056,4.0,1
495.41859659082616,emergency,372.5982578202804,0.4353805806418104,373.03363840092226,4.0,1
495.9430947350045,emergency,372.4615928774905,0.3513634158531591,372.81295629334363,4.0,1
495.81246378231737,emergency,372.4186965230402,0.6659438790168433,373.084640402057,4.0,1
495.9748850892979,emergency,372.4845124353749,0.7919122426127785,373.2764246779877,4.0,1
495.8867701812029,emergency,372.40676189980377,0.6659438790168433,373.0727057788206,4.0,1
496.4629451546225,emergency,373.53852055151947,0.3190807107927397,373.8576012623122,4.0,1
496.1485951136919,emergency,373.67506722666695,0.7919122426127785,374.46697946927975,4.0,1
496.3278119082908,emergency,373.6732422208101,0.6599100317467526,374.33315225255683,4.0,1
496.0316609527637,emergency,373.4140298787772,1.0255029253980703,374.4395328041753,4.0,1
496.519503175645,emergency,374.42126186914993,0.3513634158531591,374.7726252850031,4.0,1
496.2493420945018,emergency,373.7411925605958,0.9736079806575129,374.7148005412533,4.0,1
496.5231957574866,emergency,374.70351016036005,1.0255029253980703,375.72901308575814,4.0,1
496.5410122348813,emergency,374.781897656775,0.4353805806418104,375.21727823741685,4.0,1
496.7814033898136,emergency,374.8872922554792,1.0255029253980703,375.9127951808773,4.0,1
496.9336684433934,emergency,375.34286094512294,0.4353805806418104,375.77824152576477,4.0,1
496.9211678379486,emergency,375.342603116207,0.3513634158531591,375.69396653206013,4.0,1
497.33762592974745,emergency,375.8188982964725,0.3513634158531591,376.17026171232567,4.0,1
497.08436700228447,emergency,375.78330328534764,0.7919122426127785,376.57521552796044,4.0,1
497.39373823101516,emergency,376.24878679868186,0.4353805806418104,376.6841673793237,4.0,1
497.418794132364,emergency,376.26298225499903,0.6599100317467526,376.92289228674576,4.0,1
497.36413512405767,emergency,375.9615335778407,1.0255029253980703,376.9870365032388,4.0,1
497.56085881005606,emergency,376.8651876597763,0.4353805806418104,377.30056824041816,4.0,1
498.99207324895514,emergency,376.16718602566533,0.3190807107927397,376.48626673645805,4.0,1
497.78554922494635,emergency,377.16445370525247,0.4353805806418104,377.5998342858943,4.0,1
497.8215107788259,emergency,377.1362300712558,0.7919122426127785,377.9281423138686,4.0,1
498.75027071948966,emergency,376.278396267188,0.6396923088485589,376.91808857603655,4.0,1
499.1955239794704,emergency,376.87239157596946,0.3190807107927397,377.1914722867622,4.0,1
499.33533373282,emergency,377.10512110360776,0.6599100317467526,377.7650311353545,4.0,1
500.09701676176826,emergency,376.533392532966,0.6659438790168433,377.1993364119828,4.0,1
500.0454997804462,emergency,376.4819202513403,0.7919122426127785,377.2738324939531,4.0,1
499.5133936313855,emergency,376.93006341869955,1.0255029253980703,377.95556634409763,4.0,1
500.17050863565896,emergency,377.2126169943115,1.0255029253980703,378.23811991970956,4.0,1
500.7640567860986,emergency,377.56606750660586,0.6659438790168433,378.2320113856227,4.0,1
501.0478635680467,emergency,377.36722592276186,0.6396923088485589,378.0069182316104,4.0,1
500.4858735533231,emergency,377.7465771848484,0.9736079806575129,378.7201851655059,4.0,1
501.56411882712774,emergency,376.9568769447582,0.9736079806575129,377.9304849254157,4.0,1
501.91544143921385,emergency,377.7344152576163,0.7919122426127785,378.5263275002291,4.0,1
501.74189884286596,emergency,377.7345549775833,0.6599100317467526,378.39446500933,4.0,1
501.96900196773237,emergency,377.95088763255177,0.668926378609784,378.61981401116157,4.0,1
502.31103309647136,emergency,378.01051458007333,0.7177220910631077,378.7282366711364,4.0,1
502.2267396847629,emergency,377.7771319859068,1.0255029253980703,378.8026349113049,4.0,1
502.47459167160656,emergency,378.7950469078001,0.7919122426127785,379.5869591504129,4.0,1
502.78839396211214,emergency,378.9566859649836,0.3190807107927397,379.2757666757763,4.0,1
502.4805397660289,emergency,378.9063515905777,0.6599100317467526,379.5662616223244,4.0,1
502.79803581302303,emergency,379.0669733832657,0.7177220910631077,379.78469547432877,4.0,1
502.72372413199867,emergency,378.96411715117483,0.4353805806418104,379.39949773181667,4.0,1
503.1946468836339,emergency,380.044489642673,0.3190807107927397,380.3635703534657,4.0,1
503.17812629160903,emergency,379.7527061573318,0.4353805806418104,380.1880867379736,4.0,1
502.9375842782378,emergency,379.7452883789825,1.0255029253980703,380.77079130438057,4.0,1
503.4608907938383,emergency,380.0350655319322,0.6659438790168433,380.70100941094904,4.0,1
503.25177274219925,emergency,380.1814040833615,0.3190807107927397,380.5004847941542,4.0,1
503.6691357428958,emergency,380.5492846618875,0.668926378609784,381.2182110404973,4.0,1
503.7378925392072,emergency,381.0019051750836,0.3513634158531591,381.35326859093675,4.0,1
505.8834082855581,emergency,378.93924776847376,0.4353805806418104,379.3746283491156,4.0,1
503.9034086767049,emergency,380.8858816930557,0.3190807107927397,381.2049624038484,4.0,1
504.2946089448851,emergency,380.5197444851955,0.4353805806418104,380.9551250658373,4.0,1
508.38977991364357,emergency,377.80709848032427,0.4353805806418104,378.2424790609661,4.0,1
506.9358885760079,emergency,378.91779213367585,0.4353805806418104,379.3531727143177,4.0,1
508.80418447063397,emergency,377.40189390525364,0.7177220910631077,378.1196159963167,4.0,1
506.2388421270983,emergency,379.4630660152289,0.9736079806575129,380.4366739958864,4.0,1
509.68800775488154,emergency,376.518797095699,0.7919122426127785,377.31070933831177,4.0,1
510.424863334835,emergency,377.14663558703023,0.6659438790168433,377.81257946604705,4.0,1
511.04596498623107,emergency,376.608313175214,0.6396923088485589,377.24800548406256,4.0,1
509.97785300688395,emergency,377.27472983963844,1.0255029253980703,378.3002327650365,4.0,1
510.91951867376434,emergency,376.7006542154558,0.7177220910631077,377.4183763065189,4.0,1
511.11935111872856,emergency,376.6622208773666,0.7919122426127785,377.4541331199794,4.0,1
511.5317843553578,emergency,377.59862545455894,0.6659438790168433,378.26456933357576,4.0,1
511.4662791528347,emergency,377.4671868125245,0.4353805806418104,377.90256739316635,4.0,1
511.3083839914268,emergency,377.5370052847095,0.7177220910631077,378.2547273757726,4.0,1
511.6197425975144,emergency,377.55776253762275,0.6659438790168433,378.2237064166396,4.0,1
511.8218015527204,emergency,377.7397742556337,1.0255029253980703,378.76527718103176,4.0,1
512.0311330962093,emergency,378.49165276094595,0.3190807107927397,378.8107334717387,4.0,1
511.83552786413395,emergency,378.665859658502,0.668926378609784,379.33478603711177,4.0,1
512.2010903005387,emergency,378.8972695239331,0.668926378609784,379.5661959025429,4.0,1
512.4859382863733,emergency,378.7070793725409,0.3513634158531591,379.058442788394,4.0,1
512.1317621113483,emergency,378.5415182561171,0.9736079806575129,379.5151262367746,4.0,1
512.560881799103,emergency,379.34064965721666,0.9736079806575129,380.31425763787416,4.0,1
512.673432614354,emergency,379.48336330209986,0.6659438790168433,380.1493071811167,4.0,1
512.7816789588778,emergency,380.0567366114931,0.3190807107927397,380.3758173222858,4.0,1
512.8131048161338,emergency,380.02936192205664,0.4353805806418104,380.46474250269847,4.0,1
513.0135710781298,emergency,379.9378193592222,0.6396923088485589,380.57751166807077,4.0,1
513.1157622606125,emergency,380.4921205012422,0.6599100317467526,381.15203053298893,4.0,1
513.60942716196,emergency,380.1599454316755,0.6396923088485589,380.7996377405241,4.0,1
513.7710367498162,emergency,380.6978644217022,0.668926378609784,381.366790800312,4.0,1
513.7719000279567,emergency,380.98766388814556,0.6599100317467526,381.6475739198923,4.0,1
513.7403688972435,emergency,380.43896074727684,1.0255029253980703,381.4644636726749,4.0,1
513.8659582501975,emergency,381.3254591768863,1.0255029253980703,382.35096210228437,4.0,1
513.9911045130136,emergency,381.6410953015338,0.7177220910631077,382.3588173925969,4.0,1
514.2216724595675,emergency,381.93589229657516,0.4353805806418104,382.371272877217,4.0,1
514.1328209590623,emergency,381.91843868354636,0.7177220910631077,382.63616077460944,4.0,1
514.4295755603823,emergency,381.8853753740782,0.4353805806418104,382.32075595472,4.0,1
514.6622882630611,emergency,382.54082697372723,0.3190807107927397,382.85990768451995,4.0,1
514.5188925495822,emergency,382.3049260794372,0.3513634158531591,382.65628949529037,4.0,1
514.5695711819046,emergency,382.5147528423705,0.6396923088485589,383.1544451512191,4.0,1
514.8047128347811,emergency,382.7658305279525,0.7919122426127785,383.5577427705653,4.0,1
515.0026129393885,emergency,383.0853650736401,0.6659438790168433,383.7513089526569,4.0,1
515.007142680196,emergency,383.11525064376906,0.6396923088485589,383.7549429526176,4.0,1
515.0100505221269,emergency,383.32686404532353,0.3513634158531591,383.6782274611767,4.0,1
515.174986201689,emergency,383.1808360945598,0.668926378609784,383.8497624731696,4.0,1
515.3334410499775,emergency,383.6711068903717,0.4353805806418104,384.1064874710135,4.0,1
515.3466992095557,emergency,384.038693178064,0.7919122426127785,384.8306054206768,4.0,1
515.6178586371336,emergency,384.55032756557216,0.6659438790168433,385.216271444589,4.0,1
515.5914030137538,emergency,384.4643403125367,0.6396923088485589,385.1040326213853,4.0,1
515.3665555884936,emergency,384.48714863035286,0.9736079806575129,385.46075661101037,4.0,1
515.4997540214865,emergency,384.3967305265081,0.7919122426127785,385.1886427691209,4.0,1
515.8053792081375,emergency,385.0468423396983,0.7919122426127785,385.8387545823111,4.0,1
516.1646921617279,emergency,385.4403742634016,0.3190807107927397,385.75945497419434,4.0,1
515.9270663393335,emergency,385.62466593286376,0.3513634158531591,385.9760293487169,4.0,1
515.8968865596654,emergency,385.6259613458217,0.6396923088485589,386.26565365467025,4.0,1
516.1763472257229,emergency,385.6679118309886,0.3190807107927397,385.9869925417813,4.0,1
516.5695301339458,emergency,386.0538049553096,0.668926378609784,386.7227313339194,4.0,1
516.6361154695151,emergency,386.48297861280616,0.3190807107927397,386.8020593235989,4.0,1
516.629534010206,emergency,386.13401321657557,0.9736079806575129,387.1076211972331,4.0,1
516.5783836651958,emergency,386.1056716239706,0.7177220910631077,386.82339371503366,4.0,1
516.6318448249634,emergency,386.4138862537583,0.9736079806575129,387.3874942344158,4.0,1
516.6765481661547,emergency,387.30744625676357,0.7919122426127785,388.09935849937636,4.0,1
516.871927739442,emergency,387.3870644819028,0.3190807107927397,387.70614519269554,4.0,1
518.0478921427598,emergency,386.58793660580886,0.3513634158531591,386.939300021662,4.0,1
517.0878702184912,emergency,387.4890212129867,0.6396923088485589,388.12871352183527,4.0,1
518.800375681558,emergency,386.6685743465631,0.6396923088485589,387.30826665541167,4.0,1
518.6411972394825,emergency,386.5504747689339,0.7919122426127785,387.3423870115467,4.0,1
518.9807022346874,emergency,386.72416458205385,0.4353805806418104,387.1595451626957,4.0,1
519.1475566029679,emergency,386.88001877188276,0.6659438790168433,387.5459626508996,4.0,1
519.3293635872294,emergency,387.4122198460592,0.668926378609784,388.081146224669,4.0,1
519.2311044802007,emergency,387.2175105473847,0.4353805806418104,387.6528911280265,4.0,1
519.6072571016635,emergency,387.58127982849544,0.4353805806418104,388.0166604091373,4.0,1
519.605091340714,emergency,387.4742709560618,0.6659438790168433,388.1402148350786,4.0,1
519.7025926926508,emergency,388.2057925109441,0.6396923088485589,388.84548481979266,4.0,1
519.8255202642954,emergency,388.19361376252346,0.3513634158531591,388.5449771783766,4.0,1
520.0365830283957,emergency,388.6828115311488,0.6659438790168433,389.3487554101656,4.0,1
520.00635807241,emergency,388.13676932138117,1.0255029253980703,389.16227224677925,4.0,1
520.0255823729086,emergency,388.5454338921428,0.6659438790168433,389.2113777711596,4.0,1
520.1417420939313,emergency,389.0569108396836,0.668926378609784,389.7258372182934,4.0,1
520.1996977520799,emergency,389.85873688665447,0.7919122426127785,390.65064912926726,4.0,1
520.1473252156412,emergency,389.58899492969624,0.668926378609784,390.25792130830604,4.0,1
520.3091471815245,emergency,390.1213477775191,0.3513634158531591,390.4727111933722,4.0,1
520.2925208758775,emergency,389.9767666017201,0.7177220910631077,390.6944886927832,4.0,1
520.4490103924422,emergency,390.20613358677656,0.6659438790168433,390.8720774657934,4.0,1
520.6970812334334,emergency,390.7908899989279,0.3190807107927397,391.10997070972064,4.0,1
520.4975925822142,emergency,390.97875540433154,0.3513634158531591,391.3301188201847,4.0,1
520.7589333398894,emergency,391.15652839113864,0.4353805806418104,391.59190897178047,4.0,1
520.8661095147539,emergency,391.22480127749554,0.668926378609784,391.89372765610534,4.0,1
520.6982160704845,emergency,390.86134549101735,1.0255029253980703,391.88684841641543,4.0,1
521.1664451345043,emergency,391.8434594242274,0.6659438790168433,392.5094033032442,4.0,1
520.9058808629252,emergency,391.83368130872213,1.0255029253980703,392.8591842341202,4.0,1
521.480048000666,emergency,392.20309489954343,0.9736079806575129,393.17670288020093,4.0,1
521.4582524264538,emergency,392.194061174539,0.668926378609784,392.8629875531488,4.0,1
521.5894037066026,emergency,392.27492451193996,0.6599100317467526,392.9348345436867,4.0,1
521.6012502075824,emergency,393.22980368908804,0.6599100317467526,393.8897137208348,4.0,1
521.6828818127925,emergency,393.4032464866618,0.3513634158531591,393.75460990251497,4.0,1
521.8189715166154,emergency,393.55927116256237,0.3190807107927397,393.8783518733551,4.0,1
521.7690412357193,emergency,393.6070318166736,0.3190807107927397,393.92611252746633,4.0,1
521.8805450506087,emergency,393.80031556281256,0.3513634158531591,394.1516789786657,4.0,1
522.041942846082,emergency,394.13701831626906,0.3513634158531591,394.4883817321222,4.0,1
522.2258792486717,emergency,394.175150092007,0.7919122426127785,394.9670623346198,4.0,1
522.4953178330754,emergency,394.40215494348115,0.6599100317467526,395.0620649752279,4.0,1
522.3063746939732,emergency,394.26091743753,0.7919122426127785,395.0528296801428,4.0,1
522.5684195214046,emergency,394.62851482242957,0.6599100317467526,395.2884248541763,4.0,1
522.7183230757006,emergency,394.7984390893155,0.6599100317467526,395.4583491210622,4.0,1
522.7340869893361,emergency,395.43565715583964,0.6599100317467526,396.09556718758637,4.0,1
522.9380439167542,emergency,395.7449712917711,0.3190807107927397,396.0640520025638,4.0,1
522.7439525820741,emergency,395.6383976569167,0.7177220910631077,396.3561197479798,4.0,1
523.1538295052903,emergency,395.88612015191666,0.9736079806575129,396.85972813257416,4.0,1
523.0796017455791,emergency,395.78371082858166,0.7919122426127785,396.57562307119446,4.0,1
523.1810185196209,emergency,396.5122279641316,0.7919122426127785,397.3041402067444,4.0,1
523.26795980288,emergency,397.09327381905155,0.6599100317467526,397.7531838507983,4.0,1
523.4057089271162,emergency,397.22710502682537,0.4353805806418104,397.6624856074672,4.0,1
523.1927188318497,emergency,397.01052098527146,0.7919122426127785,397.80243322788425,4.0,1
523.5566343691876,emergency,397.30334156053334,0.3190807107927397,397.62242227132606,4.0,1
523.5567631190414,emergency,398.1674515805811,0.3513634158531591,398.51881499643423,4.0,1
524.018084088649,emergency,397.714258698595,0.7919122426127785,398.5061709412078,4.0,1
524.3851186580622,emergency,397.6474048930796,1.0255029253980703,398.6729078184777,4.0,1
524.6578260922823,emergency,397.68135758459323,0.4353805806418104,398.11673816523506,4.0,1
524.5131709573915,emergency,397.5914216036907,0.9736079806575129,398.5650295843482,4.0,1
524.6870836872229,emergency,398.6799492822731,0.7919122426127785,399.4718615248859,4.0,1
525.0640088790271,emergency,399.07836494141,0.3190807107927397,399.3974456522027,4.0,1
524.7869387666443,emergency,398.94734554381375,0.9736079806575129,399.92095352447126,4.0,1
524.8371628382679,emergency,399.2005168905855,0.9736079806575129,400.174124871243,4.0,1
524.9276971538113,emergency,399.116449420039,0.6659438790168433,399.7823932990558,4.0,1
525.1998870922896,emergency,399.62313181162176,0.7177220910631077,400.34085390268484,4.0,1
525.4923318372588,emergency,399.9351556087141,0.7177220910631077,400.6528776997772,4.0,1
525.667926320615,emergency,400.3357918381432,0.6396923088485589,400.9754841469918,4.0,1
525.823854671618,emergency,400.4541788598847,0.3513634158531591,400.8055422757378,4.0,1
525.5310503044686,emergency,400.4299628592429,0.4353805806418104,400.8653434398847,4.0,1
525.7330152194259,emergency,400.28393065432556,0.7177220910631077,401.00165274538864,4.0,1
525.9607568495938,emergency,400.91064074528333,0.3190807107927397,401.22972145607605,4.0,1
525.9731055372935,emergency,401.46022918805454,0.7177220910631077,402.1779512791176,4.0,1
526.3854263917444,emergency,401.1673321844819,0.9736079806575129,402.1409401651394,4.0,1
526.1353901677844,emergency,401.3810408069994,0.9736079806575129,402.3546487876569,4.0,1
526.5217148213848,emergency,401.36681632322836,0.668926378609784,402.03574270183816,4.0,1
526.6261446870286,emergency,401.95944074118404,0.4353805806418104,402.3948213218259,4.0,1
526.7306089632802,emergency,402.071255374575,0.6599100317467526,402.73116540632174,4.0,1
533.8742411607057,emergency,395.810167525251,0.3190807107927397,396.12924823604374,4.0,1
527.1155766485809,emergency,402.22803340824953,0.3190807107927397,402.54711411904225,4.0,1
534.1208263709639,emergency,396.19739185002004,0.3513634158531591,396.5487552658732,4.0,1
527.2550509359843,emergency,402.2593895719101,1.0255029253980703,403.2848924973082,4.0,1
534.7324449310952,emergency,395.9318441878876,0.3190807107927397,396.2509248986803,4.0,1
534.5368809105211,emergency,396.10371356441556,0.7919122426127785,396.89562580702835,4.0,1
534.456578599418,emergency,396.0362175267833,0.7177220910631077,396.75393961784636,4.0,1
534.9150702861178,emergency,396.37938161234774,0.6659438790168433,397.04532549136457,4.0,1
535.1969298488895,emergency,396.2521052873054,0.6599100317467526,396.91201531905216,4.0,1
535.2155440254483,emergency,396.7907795122941,0.3513634158531591,397.1421429281472,4.0,1
535.3237021455468,emergency,397.0722138477688,0.3190807107927397,397.3912945585615,4.0,1
535.387883440506,emergency,397.115569718771,0.6396923088485589,397.75526202761955,4.0,1
535.4599610368793,emergency,397.3397526515273,0.9736079806575129,398.3133606321848,4.0,1
535.8645248154724,emergency,397.4462330843703,0.3513634158531591,397.79759650022345,4.0,1
536.579809820039,emergency,397.1482589963175,0.3190807107927397,397.4673397071102,4.0,1
536.0902369244528,emergency,397.54797720373017,0.6396923088485589,398.18766951257874,4.0,1
537.7285236560009,emergency,396.868756356703,0.3513634158531591,397.22011977255613,4.0,1
537.2485105792597,emergency,397.271891664088,0.6659438790168433,397.9378355431048,4.0,1
536.603032064055,emergency,397.91286606064284,0.7919122426127785,398.70477830325564,4.0,1
537.8614228340532,emergency,396.89167205384933,0.4353805806418104,397.32705263449117,4.0,1
538.1589079535024,emergency,397.2943843616142,0.4353805806418104,397.72976494225605,4.0,1
539.0335840181871,emergency,396.52382102931665,0.668926378609784,397.19274740792645,4.0,1
539.3740496851241,emergency,396.67314729475504,0.3190807107927397,396.99222800554776,4.0,1
541.091461144676,emergency,395.9395440336335,0.3190807107927397,396.25862474442624,4.0,1
539.4727121233242,emergency,396.6271844376964,0.7919122426127785,397.4190966803092,4.0,1
540.8847500109896,emergency,395.6052496816807,0.7177220910631077,396.32297177274376,4.0,1
540.9051756990309,emergency,396.0608338002413,0.6659438790168433,396.72677767925813,4.0,1
541.7498431414654,emergency,396.448572301044,0.6599100317467526,397.10848233279074,4.0,1
541.3076968746832,emergency,396.21992992344474,0.7919122426127785,397.01184216605753,4.0,1
542.053200798515,emergency,396.23770470347176,0.6659438790168433,396.9036485824886,4.0,1
541.7834320524215,emergency,396.42746589872013,0.9736079806575129,397.40107387937763,4.0,1
541.9253571357323,emergency,396.305516322318,0.9736079806575129,397.2791243029755,4.0,1
542.4896241085637,emergency,397.20414742647984,0.6659438790168433,397.87009130549666,4.0,1
543.1435166298766,emergency,397.1163215711415,0.668926378609784,397.7852479497513,4.0,1
542.1498126891972,emergency,397.4561278969212,0.7177220910631077,398.1738499879843,4.0,1
543.0616572610527,emergency,397.1737891046056,0.7177220910631077,397.89151119566867,4.0,1
542.7746784385307,emergency,397.2703892021965,0.9736079806575129,398.243997182854,4.0,1
543.3474171197495,emergency,397.86879130692694,0.4353805806418104,398.30417188756877,4.0,1
543.4020645332893,emergency,398.13658588974135,0.4353805806418104,398.5719664703832,4.0,1
543.7111294838107,emergency,397.9242832235783,0.7177220910631077,398.6420053146414,4.0,1
543.8697453987999,emergency,397.9811582120518,0.6659438790168433,398.64710209106863,4.0,1
544.0817369495696,emergency,397.9817209856076,0.3190807107927397,398.3008016964003,4.0,1
544.707646778737,emergency,398.28499007674975,0.3513634158531591,398.6363534926029,4.0,1
544.2294240871238,emergency,398.226010477915,0.9736079806575129,399.1996184585725,4.0,1
544.7159002452954,emergency,398.3610408687638,0.9736079806575129,399.3346488494213,4.0,1
545.8003786874857,emergency,397.8383659573035,0.6599100317467526,398.4982759890502,4.0,1
546.2904616851627,emergency,397.88093399391994,0.3190807107927397,398.20001470471266,4.0,1
546.3417408916514,emergency,397.9312693882697,0.3513634158531591,398.28263280412284,4.0,1
546.2729905361917,emergency,397.38160872827973,0.9736079806575129,398.35521670893723,4.0,1
546.5259143436975,emergency,398.1812083220916,0.4353805806418104,398.61658890273344,4.0,1
546.6630707363248,emergency,398.4224097362004,0.7919122426127785,399.2143219788132,4.0,1
546.863898675675,emergency,398.98050523590825,0.7177220910631077,399.69822732697133,4.0,1
546.8744780692364,emergency,399.1045173960914,0.7177220910631077,399.8222394871545,4.0,1
547.2598755921805,emergency,398.7629926051984,0.668926378609784,399.4319189838082,4.0,1
547.3601632031279,emergency,399.1324941246977,0.6659438790168433,399.7984380037145,4.0,1
547.592643041779,emergency,399.20658826406407,0.9736079806575129,400.18019624472157,4.0,1
547.8018321580075,emergency,399.36251636742554,0.6599100317467526,400.0224263991723,4.0,1
547.895346524024,emergency,399.7286031494267,0.7919122426127785,400.5205153920395,4.0,1
548.1895857759046,emergency,399.8730763073704,0.4353805806418104,400.30845688801224,4.0,1
548.5353296965949,emergency,399.9005716773713,0.3513634158531591,400.25193509322446,4.0,1
548.5838392100205,emergency,400.31431884327765,0.4353805806418104,400.7496994239195,4.0,1
548.7196225636528,emergency,400.19957423784444,0.6396923088485589,400.839266546693,4.0,1
548.8462561668031,emergency,400.2471522564565,0.668926378609784,400.9160786350663,4.0,1
549.0004207569687,emergency,400.233268518837,0.668926378609784,400.9021948974468,4.0,1
549.3439113683178,emergency,400.62561807092993,0.3190807107927397,400.94469878172265,4.0,1
549.1436354241762,emergency,400.57886433601107,0.6599100317467526,401.2387743677578,4.0,1
550.1480126453203,emergency,400.82723204479623,0.6599100317467526,401.48714207654297,4.0,1
550.3061264025447,emergency,400.83098437321144,0.6659438790168433,401.49692825222826,4.0,1
550.1887908038143,emergency,400.8517211891676,0.668926378609784,401.5206475677774,4.0,1
549.6428208811678,emergency,401.1827290185605,0.668926378609784,401.8516553971703,4.0,1
549.9941692930331,emergency,400.83522842676985,0.7177220910631077,401.5529505178329,4.0,1
550.5591795956507,emergency,401.69651328012276,0.7919122426127785,402.48842552273555,4.0,1
550.6209157912623,emergency,401.8346900014528,0.3513634158531591,402.18605341730597,4.0,1
550.9201697547271,emergency,401.81690470032436,0.3513634158531591,402.1682681161775,4.0,1
551.0919560009545,emergency,401.678948389373,0.3190807107927397,401.9980291001657,4.0,1
550.9308613404853,emergency,401.811906998311,0.3513634158531591,402.1632704141641,4.0,1
553.9022018166728,emergency,400.0762343843039,0.7177220910631077,400.793956475367,4.0,1
559.2398725207782,emergency,395.1893937501584,0.4353805806418104,395.6247743308002,4.0,1
554.3177645579088,emergency,399.74764691594567,0.3513634158531591,400.0990103317988,4.0,1
554.625744123075,emergency,399.45089798773665,0.3513634158531591,399.8022614035898,4.0,1
553.9533323161364,emergency,400.05928136651085,0.7919122426127785,400.85119360912364,4.0,1
560.1936583486064,emergency,395.16119959037337,0.7177220910631077,395.87892168143645,4.0,1
560.3727767356772,emergency,395.23328303185383,0.668926378609784,395.9022094104636,4.0,1
560.2346229753589,emergency,395.2951717994762,0.4353805806418104,395.730552380118,4.0,1
560.4292018940421,emergency,395.3149616640576,0.3190807107927397,395.6340423748503,4.0,1
560.4951196745225,emergency,395.3165130377125,0.6659438790168433,395.98245691672935,4.0,1
560.5307231194614,emergency,396.45678190629553,0.6599100317467526,397.11669193804227,4.0,1
560.8177862947156,emergency,396.49920637501907,0.6659438790168433,397.1651502540359,4.0,1
560.8812521624386,emergency,396.43860628811535,0.7177220910631077,397.15632837917843,4.0,1
560.735389228971,emergency,396.330434839944,1.0255029253980703,397.3559377653421,4.0,1
561.0289058058787,emergency,397.22846731112395,0.668926378609784,397.89739368973375,4.0,1
560.9728354888555,emergency,396.8824225883674,1.0255029253980703,397.90792551376546,4.0,1
561.261930575803,emergency,397.6550249134697,0.6599100317467526,398.3149349452164,4.0,1
561.4167044136536,emergency,397.85252250897133,0.9736079806575129,398.82613048962884,4.0,1
561.3089520135289,emergency,397.70336672839494,0.9736079806575129,398.67697470905244,4.0,1
561.5174045256208,emergency,398.68335864573555,0.7177220910631077,399.40108073679863,4.0,1
561.7501017292396,emergency,399.126781269964,0.4353805806418104,399.56216185060583,4.0,1
561.4831484044485,emergency,398.71549637438625,0.4353805806418104,399.1508769550281,4.0,1
561.7353524271789,emergency,398.84598439420313,1.0255029253980703,399.8714873196012,4.0,1
562.0271241877323,emergency,399.0055138574128,0.7919122426127785,399.7974261000256,4.0,1
563.1899411121041,emergency,399.53746702823344,0.3190807107927397,399.85654773902615,4.0,1
562.3811965122151,emergency,399.6045674755627,0.3513634158531591,399.95593089141585,4.0,1
562.3223023891625,emergency,399.6288639857795,0.6659438790168433,400.2948078647963,4.0,1
562.6761784828949,emergency,399.34108523197676,0.9736079806575129,400.31469321263427,4.0,1
562.8199312800481,emergency,399.6126264694427,1.0255029253980703,400.6381293948408,4.0,1
563.9281222146576,emergency,399.81549971513175,0.3190807107927397,400.13458042592447,4.0,1
563.5539725478136,emergency,400.17851085203756,0.6659438790168433,400.8444547310544,4.0,1
563.3764672470265,emergency,400.32084034714944,0.7177220910631077,401.0385624382125,4.0,1
564.5490264786745,emergency,399.332531989387,0.3190807107927397,399.6516127001797,4.0,1
564.9543499341646,emergency,400.034891955434,0.3513634158531591,400.3862553712871,4.0,1
564.6387141484703,emergency,399.96246340523635,1.0255029253980703,400.98796633063444,4.0,1
565.13531208564,emergency,400.0809546453828,0.3190807107927397,400.4000353561755,4.0,1
565.6162609265434,emergency,399.834741867797,0.3513634158531591,400.18610528365014,4.0,1
565.5659647372538,emergency,399.72023173590287,0.7177220910631077,400.43795382696595,4.0,1
569.9115863835286,emergency,396.3198442234643,0.3190807107927397,396.63892493425703,4.0,1
567.9453672118016,emergency,398.1844413204641,0.4353805806418104,398.6198219011059,4.0,1
570.8369641634138,emergency,395.7384865298468,0.6396923088485589,396.37817883869536,4.0,1
569.9205235777769,emergency,396.4057886667447,0.9736079806575129,397.3793966474022,4.0,1
571.1731495294636,emergency,396.03416679324346,0.7177220910631077,396.75188888430654,4.0,1
571.1047313743132,emergency,395.9694018674828,0.9736079806575129,396.9430098481403,4.0,1
571.324428754923,emergency,396.27917956648275,0.668926378609784,396.94810594509255,4.0,1
572.0777288575391,emergency,396.36690757087877,0.3190807107927397,396.6859882816715,4.0,1
571.4545250731414,emergency,396.61651710612796,0.9736079806575129,397.59012508678546,4.0,1
572.7791847681686,emergency,396.00130796962446,0.9736079806575129,396.97491595028197,4.0,1
573.1131000190221,emergency,396.3662116971741,0.7919122426127785,397.1581239397869,4.0,1
574.0779678369383,emergency,395.59642390934164,0.4353805806418104,396.0318044899835,4.0,1
572.9185711147004,emergency,396.4634908285899,0.9736079806575129,397.4370988092474,4.0,1
578.9482272502379,emergency,391.20620292072056,0.9736079806575129,392.17981090137806,4.0,1
579.2160070629888,emergency,391.4374979111302,0.6659438790168433,392.10344179014703,4.0,1
580.2667921153056,emergency,391.0081547650326,0.6396923088485589,391.64784707388117,4.0,1
580.462879274893,emergency,391.2878468952525,0.4353805806418104,391.72322747589436,4.0,1
580.2638337025089,emergency,390.67835200312425,1.0255029253980703,391.70385492852233,4.0,1
580.8221124048476,emergency,391.20677539677763,0.3513634158531591,391.5581388126308,4.0,1
584.2613100043452,emergency,388.4323966875842,0.4353805806418104,388.867777268226,4.0,1
581.1591250715646,emergency,391.1117606258807,0.4353805806418104,391.54714120652255,4.0,1
584.4070985229456,emergency,388.488336773402,0.6396923088485589,389.1280290822506,4.0,1
584.4443721049505,emergency,388.6208760969479,0.6659438790168433,389.2868199759647,4.0,1
584.5750102194384,emergency,388.9562328729231,0.6396923088485589,389.5959251817717,4.0,1
584.7892413125652,emergency,389.1259412708158,0.668926378609784,389.7948676494256,4.0,1
584.7481070567111,emergency,389.0045437797063,0.668926378609784,389.6734701583161,4.0,1
584.8903769445437,emergency,389.5594287919264,0.4353805806418104,389.9948093725682,4.0,1
585.0053279932187,emergency,389.52254800243816,0.3513634158531591,389.8739114182913,4.0,1
585.6578483760755,emergency,389.26053106932784,1.0255029253980703,390.2860339947259,4.0,1
586.4357393431354,emergency,389.40896722732157,0.6599100317467526,390.0688772590683,4.0,1
586.3575583671811,emergency,388.9469888660557,0.6599100317467526,389.6068988978024,4.0,1
586.4121801863955,emergency,389.40371319899873,0.668926378609784,390.0726395776085,4.0,1
586.6701263281296,emergency,389.51847532635304,0.3513634158531591,389.8698387422062,4.0,1
586.692754060621,emergency,390.20548818135,0.7919122426127785,390.9974004239628,4.0,1
587.1112237213109,emergency,390.0196810955043,0.7177220910631077,390.7374031865674,4.0,1
586.9712337371642,emergency,390.1481849673395,0.9736079806575129,391.121792947997,4.0,1
587.233380970767,emergency,390.64734132311355,0.6396923088485589,391.2870336319621,4.0,1
587.1870599732246,emergency,390.0035809287907,1.0255029253980703,391.0290838541888,4.0,1
587.3565574434535,emergency,390.9446317613292,0.6599100317467526,391.60454179307595,4.0,1
587.3771952973759,emergency,391.15502136414636,0.6659438790168433,391.8209652431632,4.0,1
587.4381550105966,emergency,391.83801448008717,0.6599100317467526,392.4979245118339,4.0,1
587.6942753267516,emergency,391.90662064659034,0.6396923088485589,392.5463129554389,4.0,1
587.6309538963625,emergency,391.9460470296243,0.7919122426127785,392.7379592722371,4.0,1
587.9297345809392,emergency,391.85360174094524,0.6659438790168433,392.51954561996206,4.0,1
588.0273718879356,emergency,392.53621299408064,0.6659438790168433,393.20215687309746,4.0,1
588.3686682186003,emergency,392.78265917017643,0.6659438790168433,393.44860304919325,4.0,1
588.2606947930042,emergency,392.71958321030206,0.3513634158531591,393.0709466261552,4.0,1
588.023290784673,emergency,392.5059856079006,0.668926378609784,393.1749119865104,4.0,1
588.0935694040337,emergency,392.8613568399709,0.6599100317467526,393.5212668717176,4.0,1
588.4796229006122,emergency,393.65471067488727,0.3190807107927397,393.97379138568,4.0,1
588.8090311778914,emergency,393.6153445202349,0.6659438790168433,394.2812883992517,4.0,1
589.8794075738161,emergency,392.8985397087588,0.7919122426127785,393.6904519513716,4.0,1
589.8433232950795,emergency,392.7351672103173,0.6599100317467526,393.395077242064,4.0,1
588.7281667390564,emergency,393.69237154693496,1.0255029253980703,394.71787447233305,4.0,1
590.5504961881282,emergency,393.53798955854006,0.3190807107927397,393.8570702693328,4.0,1
590.3251274985603,emergency,393.2874962238369,0.9736079806575129,394.2611042044944,4.0,1
591.0573963484044,emergency,393.16746728284136,0.3190807107927397,393.4865479936341,4.0,1
590.5612598304373,emergency,393.6625137254688,0.6659438790168433,394.3284576044856,4.0,1
591.3282387045192,emergency,393.3710988499082,0.6599100317467526,394.03100888165494,4.0,1
591.5671652993597,emergency,393.79545938482704,0.6659438790168433,394.46140326384386,4.0,1
591.697829936006,emergency,393.8015337671643,0.6659438790168433,394.4674776461811,4.0,1
591.7592640710433,emergency,394.0915555158408,1.0255029253980703,395.1170584412389,4.0,1
591.8136655882867,emergency,394.2960873387989,0.9736079806575129,395.2696953194564,4.0,1
591.8476472522383,emergency,394.57074440694566,0.6599100317467526,395.2306544386924,4.0,1
591.9208904865221,emergency,395.2400858309047,0.3513634158531591,395.59144924675786,4.0,1
591.9392948652296,emergency,395.4329319362039,0.3190807107927397,395.7520126469966,4.0,1
592.1060716085295,emergency,395.7150076146645,0.3513634158531591,396.06637103051764,4.0,1
592.1273255159099,emergency,395.77065390942994,0.6659438790168433,396.43659778844676,4.0,1
591.9879573076664,emergency,395.7700172564214,0.7919122426127785,396.5619294990342,4.0,1
592.2002152475245,emergency,396.50790787813185,0.3513634158531591,396.859271293985,4.0,1
592.3693090119726,emergency,396.54323370024383,0.7919122426127785,397.3351459428566,4.0,1
592.1987848268614,emergency,396.22268676431315,0.7177220910631077,396.94040885537623,4.0,1
592.4291813297831,emergency,396.97677124367294,0.3190807107927397,397.29585195446566,4.0,1
592.5502007979143,emergency,397.75062613551745,0.3513634158531591,398.1019895513706,4.0,1
592.505274472887,emergency,397.29129763327546,0.6659438790168433,397.9572415122923,4.0,1
592.7469735454312,emergency,397.7385828306891,0.3513634158531591,398.08994624654224,4.0,1
592.5909184383728,emergency,397.87480925401485,1.0255029253980703,398.90031217941294,4.0,1
592.831492240045,emergency,397.92106955667043,0.6396923088485589,398.560761865519,4.0,1
592.9878016427676,emergency,398.48529587855796,0.3513634158531591,398.8366592944111,4.0,1
592.9312620345877,emergency,398.38587588441294,0.668926378609784,399.05480226302274,4.0,1
592.8358903940108,emergency,398.4322038391982,0.6599100317467526,399.09211387094496,4.0,1
593.2747197681227,emergency,399.3650330247964,0.4353805806418104,399.8004136054382,4.0,1
593.013821617329,emergency,399.3160482348201,0.6599100317467526,399.9759582665668,4.0,1
593.7413601498473,emergency,399.06708576189214,0.668926378609784,399.73601214050194,4.0,1
593.2440734895115,emergency,399.333238226615,1.0255029253980703,400.35874115201307,4.0,1
593.749584938357,emergency,399.3671269079679,0.6599100317467526,400.0270369397146,4.0,1
593.7866320030158,emergency,400.1066901530978,0.9736079806575129,401.0802981337553,4.0,1
593.9081477853314,emergency,400.1487375335196,0.7177220910631077,400.86645962458266,4.0,1
594.1150281101584,emergency,400.56377783695075,0.6396923088485589,401.2034701457993,4.0,1
594.591417442345,emergency,400.886841275837,0.4353805806418104,401.32222185647885,4.0,1
594.1852054096088,emergency,400.7197211287107,0.9736079806575129,401.6933291093682,4.0,1
594.7748958868659,emergency,401.1020613751408,0.3190807107927397,401.4211420859335,4.0,1
594.4726443383635,emergency,400.69426323734376,0.7177220910631077,401.41198532840684,4.0,1
594.8483257115463,emergency,401.2709522701434,0.3190807107927397,401.59003298093614,4.0,1
594.8569210904869,emergency,401.8386043454432,0.6396923088485589,402.47829665429174,4.0,1
595.0297608000957,emergency,402.1516723531265,0.4353805806418104,402.58705293376835,4.0,1
594.9186791306292,emergency,401.8428747755414,0.9736079806575129,402.8164827561989,4.0,1
595.0290662406778,emergency,401.99553393536553,0.6599100317467526,402.65544396711226,4.0,1
595.0358692072093,emergency,402.7613847639277,0.668926378609784,403.4303111425375,4.0,1
595.2153381519367,emergency,402.7732345446616,0.9736079806575129,403.7468425253191,4.0,1
595.4179168058888,emergency,403.2839960011469,0.3190807107927397,403.6030767119396,4.0,1
595.4485787041724,emergency,403.435971850732,0.668926378609784,404.1048982293418,4.0,1
595.672794931299,emergency,403.21540696600573,0.3190807107927397,403.53448767679845,4.0,1
595.758409713759,emergency,403.72377041136053,0.6599100317467526,404.38368044310727,4.0,1
595.8147867206238,emergency,403.8322109105924,0.7919122426127785,404.6241231532052,4.0,1
596.0207560894582,emergency,404.26737305912593,0.3513634158531591,404.6187364749791,4.0,1
595.9694776916551,emergency,403.84726988123646,0.9736079806575129,404.82087786189396,4.0,1
596.3443975194525,emergency,403.96105354970996,0.7919122426127785,404.75296579232275,4.0,1
596.9482098839051,emergency,404.2616091363353,0.6599100317467526,404.92151916808206,4.0,1
596.8992043574913,emergency,403.9218113842236,0.7919122426127785,404.7137236268364,4.0,1
597.0537766090172,emergency,404.25953413229604,0.9736079806575129,405.23314211295354,4.0,1
597.1257978059657,emergency,404.99636430405485,0.6659438790168433,405.6623081830717,4.0,1
597.2571353480048,emergency,405.1788863138419,0.4353805806418104,405.6142668944837,4.0,1
597.351359715646,emergency,405.44982490455254,0.4353805806418104,405.8852054851944,4.0,1
597.4337246401151,emergency,405.43656518744024,0.9736079806575129,406.41017316809774,4.0,1
597.6785506211877,emergency,406.07768993037143,0.3513634158531591,406.4290533462246,4.0,1
597.570551385668,emergency,406.0586481780871,0.6599100317467526,406.7185582098338,4.0,1
598.3869254591127,emergency,406.07855224638877,0.7177220910631077,406.79627433745185,4.0,1
598.0420189062438,emergency,406.2942853365365,0.7919122426127785,407.0861975791493,4.0,1
597.7280614263323,emergency,406.26635151992116,0.7919122426127785,407.05826376253395,4.0,1
598.84563475678,emergency,406.4287127562393,0.6599100317467526,407.088622787986,4.0,1
598.8821856208771,emergency,406.66894359440676,0.6659438790168433,407.3348874734236,4.0,1
599.2143035861538,emergency,406.6133992654534,0.6599100317467526,407.2733092972001,4.0,1
599.7218425390945,emergency,406.44727770008524,0.6599100317467526,407.10718773183197,4.0,1
599.6685913270112,emergency,406.49334742569783,0.7919122426127785,407.28525966831063,4.0,1
600.0306255626433,emergency,406.9940396021809,0.7177220910631077,407.711761693244,4.0,1
599.9273493472429,emergency,406.964210723645,0.7919122426127785,407.7561229662578,4.0,1
600.3632735367038,emergency,406.9754389760674,0.7177220910631077,407.69316106713046,4.0,1
600.4622181957131,emergency,407.51520463950885,0.6659438790168433,408.1811485185257,4.0,1
600.579021148948,emergency,408.01969058588816,0.3190807107927397,408.3387712966809,4.0,1
600.481142785023,emergency,407.76462406537655,0.7177220910631077,408.48234615643963,4.0,1
602.2757062493652,emergency,406.60692363718056,0.6599100317467526,407.2668336689273,4.0,1
602.619847724843,emergency,407.0314612009497,0.4353805806418104,407.46684178159154,4.0,1
602.4709369914615,emergency,406.63175869395525,0.6599100317467526,407.291668725702,4.0,1
606.6204185676855,emergency,403.2213635066563,0.7919122426127785,404.0132757492691,4.0,1
607.8748602715109,emergency,402.258394694465,0.3513634158531591,402.6097581103181,4.0,1
608.5707227605052,emergency,402.14651805470453,1.0255029253980703,403.1720209801026,4.0,1
608.2949325954135,emergency,402.2520296851087,1.0255029253980703,403.2775326105068,4.0,1
608.2971969146953,emergency,402.4030079371055,1.0255029253980703,403.4285108625036,4.0,1
608.6947805043562,emergency,402.6187284383068,0.6659438790168433,403.2846723173236,4.0,1
608.7724451286946,emergency,402.9257861203338,0.3190807107927397,403.2448668311265,4.0,1
609.2123151341233,emergency,403.46271975230127,0.3513634158531591,403.8140831681544,4.0,1
609.1689805427383,emergency,403.41258937198916,0.6599100317467526,404.0724994037359,4.0,1
609.3561838968117,emergency,403.63209491610644,0.4353805806418104,404.0674754967483,4.0,1
609.4043809385137,emergency,403.6277825424594,0.6659438790168433,404.2937264214762,4.0,1
609.1082375064524,emergency,403.42859456033443,0.9736079806575129,404.40220254099194,4.0,1
609.4989095021062,emergency,404.26413560045023,0.7919122426127785,405.056047843063,4.0,1
609.9158783115702,emergency,404.11450213984915,0.6599100317467526,404.7744121715959,4.0,1
610.0253065963159,emergency,404.25667648056117,1.0255029253980703,405.28217940595925,4.0,1
610.3152482459994,emergency,404.0170255852414,0.6659438790168433,404.68296946425824,4.0,1
610.5137869217943,emergency,403.8673085034809,0.9736079806575129,404.8409164841384,4.0,1
610.724880427652,emergency,404.6847103110432,0.4353805806418104,405.12009089168504,4.0,1
610.7424604550529,emergency,405.0306333113009,0.3190807107927397,405.3497140220936,4.0,1
611.1385897282206,emergency,404.94701122182994,0.3190807107927397,405.26609193262266,4.0,1
611.2219710275987,emergency,405.03398108436284,0.7177220910631077,405.7517031754259,4.0,1
611.9563411368644,emergency,404.9172335037298,0.3190807107927397,405.2363142145225,4.0,1
611.2965543403559,emergency,405.1792696312282,0.7177220910631077,405.89699172229126,4.0,1
612.3929303234715,emergency,404.55868363176114,0.6599100317467526,405.2185936635079,4.0,1
612.401808397962,emergency,405.3010424671779,0.4353805806418104,405.73642304781976,4.0,1
612.7910829808072,emergency,405.2445056102564,0.6659438790168433,405.9104494892732,4.0,1
612.7578196972477,emergency,405.273366163697,0.4353805806418104,405.70874674433884,4.0,1
612.7455846133364,emergency,405.2582710635003,0.668926378609784,405.92719744211007,4.0,1
613.0700815691616,emergency,405.30809251559685,0.3190807107927397,405.6271732263896,4.0,1
613.293788969838,emergency,405.9102762110813,0.7177220910631077,406.62799830214436,4.0,1
614.596046080982,emergency,405.4953408979803,0.3513634158531591,405.84670431383347,4.0,1
614.4472245734836,emergency,405.3940937756945,0.6659438790168433,406.0600376547113,4.0,1
614.0223244539249,emergency,405.70813507986907,0.668926378609784,406.37706145847886,4.0,1
613.7771824145568,emergency,405.8189810653513,0.7919122426127785,406.6108933079641,4.0,1
615.5260463811533,emergency,405.1991724824445,0.7919122426127785,405.9910847250573,4.0,1
615.5689814705099,emergency,405.48427126836725,0.9736079806575129,406.45787924902476,4.0,1
616.1648920576794,emergency,405.1107953861764,0.6659438790168433,405.7767392651932,4.0,1
617.2679050254548,emergency,404.3974179261114,0.3190807107927397,404.71649863690413,4.0,1
617.7556205965362,emergency,404.5908539173722,0.3190807107927397,404.90993462816493,4.0,1
615.7442269758131,emergency,405.4289001188863,1.0255029253980703,406.4544030442844,4.0,1
617.8365942328854,emergency,404.97260775106247,0.3190807107927397,405.2916884618552,4.0,1
618.3111231947308,emergency,404.6804702863651,0.3513634158531591,405.03183370221825,4.0,1
618.8323501458775,emergency,404.5304665938212,0.3513634158531591,404.88183000967433,4.0,1
618.8094832591862,emergency,404.5184395836078,0.6599100317467526,405.17834961535453,4.0,1
618.7137903661956,emergency,404.55280631099026,0.668926378609784,405.22173268960006,4.0,1
618.9942792747761,emergency,404.9264116674228,0.7919122426127785,405.7183239100356,4.0,1
619.2758395796832,emergency,405.41782296355586,1.0255029253980703,406.44332588895395,4.0,1
619.3012397027702,emergency,405.9994758003364,0.3513634158531591,406.35083921618957,4.0,1
619.1656139822242,emergency,405.4120899719783,0.7919122426127785,406.20400221459107,4.0,1
619.5948930943828,emergency,405.813948192593,0.668926378609784,406.4828745712028,4.0,1
619.5583499076678,emergency,405.75473256813746,0.7177220910631077,406.47245465920054,4.0,1
620.0710912624569,emergency,406.6206560340437,0.3513634158531591,406.97201944989683,4.0,1
619.6283806607457,emergency,406.99230011778286,0.3190807107927397,407.3113808285756,4.0,1
620.7919772608467,emergency,406.40006709034276,0.3190807107927397,406.7191478011355,4.0,1
620.0801675597528,emergency,406.61582116132683,0.7919122426127785,407.40773340393963,4.0,1
621.454966764499,emergency,405.7761882619254,0.3513634158531591,406.12755167777857,4.0,1
621.7897526935506,emergency,405.99647852069666,0.6659438790168433,406.6624223997135,4.0,1
622.1346040988327,emergency,406.0115042787801,0.6599100317467526,406.6714143105268,4.0,1
626.327574195914,emergency,402.0349468183489,0.7177220910631077,402.75266890941197,4.0,1
622.8785806625258,emergency,405.3450898729161,0.7177220910631077,406.0628119639792,4.0,1
628.9724502008153,emergency,399.95018939363194,0.6659438790168433,400.61613327264877,4.0,1
630.9994549921394,emergency,398.96272414338523,0.6599100317467526,399.62263417513196,4.0,1
630.7222699427737,emergency,399.1479561803653,0.3513634158531591,399.49931959621847,4.0,1
630.7516434400359,emergency,399.156931584268,0.6599100317467526,399.81684161601476,4.0,1
629.6368659991615,emergency,400.00028115227315,0.6659438790168433,400.66622503128997,4.0,1
631.4811109897004,emergency,399.17331016555966,0.6599100317467526,399.8332201973064,4.0,1
632.8626793097939,emergency,398.7910667045652,0.3190807107927397,399.1101474153579,4.0,1
632.3717624276001,emergency,399.0899773068404,0.4353805806418104,399.52535788748224,4.0,1
632.0152133087189,emergency,399.28473010472374,0.7919122426127785,400.07664234733653,4.0,1
632.5452582764649,emergency,399.06202945148084,0.6599100317467526,399.7219394832276,4.0,1
633.0894253081086,emergency,399.16350162864103,0.6396923088485589,399.8031939374896,4.0,1
633.8922064115123,emergency,398.9471649052974,0.4353805806418104,399.38254548593926,4.0,1
634.1176951325725,emergency,398.89939744385345,0.3513634158531591,399.2507608597066,4.0,1
634.2505879531419,emergency,398.77494788388356,0.6599100317467526,399.4348579156303,4.0,1
633.5408879022151,emergency,399.242561182327,0.6599100317467526,399.9024712140737,4.0,1
634.6994864073863,emergency,398.95007358459225,0.7177220910631077,399.6677956756553,4.0,1
635.114922667635,emergency,399.0849542039382,0.4353805806418104,399.52033478458003,4.0,1
634.7057757541495,emergency,399.39962144667606,0.3513634158531591,399.7509848625292,4.0,1
635.2196395840283,emergency,399.8609764992377,0.3513634158531591,400.21233991509087,4.0,1
635.1382705793073,emergency,399.22965272383203,0.9736079806575129,400.20326070448954,4.0,1
635.1551780916266,emergency,399.5876040060152,0.668926378609784,400.256530384625,4.0,1
635.3807212374561,emergency,400.36397240340125,0.4353805806418104,400.7993529840431,4.0,1
635.3085820123387,emergency,399.94870047725806,0.6599100317467526,400.6086105090048,4.0,1
635.4349789576719,emergency,400.76318818101765,0.6396923088485589,401.4028804898662,4.0,1
635.4779736226257,emergency,401.054885820825,0.3190807107927397,401.3739665316177,4.0,1
635.5125719306469,emergency,401.1794056502971,0.6659438790168433,401.8453495293139,4.0,1
635.5534769389786,emergency,401.39833907900413,0.7177220910631077,402.1160611700672,4.0,1
635.8141818928253,emergency,401.4672961152929,0.9736079806575129,402.44090409595043,4.0,1
635.8151817888279,emergency,401.8892829114902,0.668926378609784,402.5582092901,4.0,1
635.9296288486106,emergency,402.3824673589853,0.3190807107927397,402.701548069778,4.0,1
635.8470885656545,emergency,402.222863652117,0.6599100317467526,402.8827736838637,4.0,1
636.0462139630561,emergency,402.5673628913298,0.7919122426127785,403.3592751339426,4.0,1
636.0512363232666,emergency,403.00186343869575,0.7919122426127785,403.79377568130855,4.0,1
636.3163335064079,emergency,403.1663834920886,0.3513634158531591,403.5177469079417,4.0,1
636.6751761821296,emergency,403.0534651038389,0.3513634158531591,403.40482851969205,4.0,1
637.2161435002257,emergency,402.8376473371285,0.3190807107927397,403.1567280479212,4.0,1
637.9773502721765,emergency,402.54135385947495,0.6599100317467526,403.2012638912217,4.0,1
637.8614426363262,emergency,402.4290155664215,0.7177220910631077,403.1467376574846,4.0,1
638.354598824315,emergency,402.703591899447,0.7177220910631077,403.4213139905101,4.0,1
638.0972634580145,emergency,402.72715718777783,1.0255029253980703,403.7526601131759,4.0,1
638.4257700186905,emergency,403.34104502967114,0.6659438790168433,404.00698890868796,4.0,1
638.5069611344569,emergency,403.71391706809266,0.4353805806418104,404.1492976487345,4.0,1
638.4444650778449,emergency,403.6054161941603,0.7177220910631077,404.32313828522337,4.0,1
638.5226479778433,emergency,404.0915130189402,0.9736079806575129,405.0651209995977,4.0,1
638.8495451374118,emergency,404.248650762088,0.4353805806418104,404.68403134272984,4.0,1
638.7846221702379,emergency,404.2309606721627,0.6599100317467526,404.89087070390946,4.0,1
639.2655261802552,emergency,404.7928062146434,0.3190807107927397,405.1118869254361,4.0,1
639.429935525223,emergency,405.01701870840986,0.3513634158531591,405.368382124263,4.0,1
638.9551911001228,emergency,404.8013048114875,0.7177220910631077,405.5190269025506,4.0,1
639.8835187542992,emergency,404.7024631336907,0.668926378609784,405.3713895123005,4.0,1
640.4962884544517,emergency,404.1095714471261,0.9736079806575129,405.0831794277836,4.0,1
640.7051815209633,emergency,405.00805726857914,0.3190807107927397,405.32713797937186,4.0,1
640.6725061205593,emergency,404.5884946903891,0.3513634158531591,404.93985810624224,4.0,1
640.7551231129362,emergency,405.0306299785084,0.4353805806418104,405.4660105591502,4.0,1
640.9580109270166,emergency,405.4405527011179,0.3190807107927397,405.7596334119106,4.0,1
641.0395775454863,emergency,405.81282074845694,0.6659438790168433,406.47876462747377,4.0,1
640.8626306164709,emergency,405.516900598279,0.6659438790168433,406.1828444772958,4.0,1
641.1260402572375,emergency,405.923473393972,0.4353805806418104,406.35885397461385,4.0,1
641.1172808102737,emergency,405.81207336372734,0.6599100317467526,406.47198339547407,4.0,1
641.2305343625387,emergency,406.34576176129985,0.4353805806418104,406.7811423419417,4.0,1
641.4131767437302,emergency,406.8509070539003,0.6659438790168433,407.5168509329171,4.0,1
641.2844173980836,emergency,406.94924464528094,0.7177220910631077,407.666966736344,4.0,1
641.5025088394755,emergency,407.35183347954717,0.7919122426127785,408.14374572215996,4.0,1
641.5004945826896,emergency,407.2583580323793,0.7919122426127785,408.0502702749921,4.0,1
641.5301295876459,emergency,407.73430287912106,0.6396923088485589,408.3739951879696,4.0,1
641.7503639352879,emergency,408.55982970893115,0.3513634158531591,408.9111931247843,4.0,1
641.5569874353635,emergency,408.1452254858168,0.3190807107927397,408.4643061966095,4.0,1
641.5994033828675,emergency,408.3199883407734,0.9736079806575129,409.2935963214309,4.0,1
642.0290389382629,emergency,408.62030349230815,0.668926378609784,409.28922987091795,4.0,1
642.0096842054362,emergency,408.3508922354405,0.6659438790168433,409.0168361144573,4.0,1
642.0467471061366,emergency,409.29871336172334,0.668926378609784,409.96763974033314,4.0,1
642.0802793242481,emergency,409.2698488675426,0.4353805806418104,409.7052294481844,4.0,1
642.3057689923866,emergency,409.63960970058804,0.3190807107927397,409.95869041138076,4.0,1
642.1240707697449,emergency,409.3893887856499,0.4353805806418104,409.8247693662917,4.0,1
642.6701722886902,emergency,410.5799120581952,0.3513634158531591,410.93127547404833,4.0,1
642.4073364143123,emergency,409.7004894706529,0.7919122426127785,410.4924017132657,4.0,1
642.744054240135,emergency,410.5388993964125,0.3513634158531591,410.89026281226563,4.0,1
642.4906560580157,emergency,410.2794807247153,0.6659438790168433,410.94542460373214,4.0,1
642.5114645112174,emergency,410.6516945118401,0.6659438790168433,411.3176383908569,4.0,1
643.1204206930389,emergency,411.1449154019591,0.7919122426127785,411.9368276445719,4.0,1
643.3762099775877,emergency,411.2955234116473,0.6659438790168433,411.96146729066413,4.0,1
642.7910173333414,emergency,411.46009150519785,0.9736079806575129,412.43369948585536,4.0,1
643.2634431763264,emergency,411.3182021663796,1.0255029253980703,412.3437050917777,4.0,1
644.625405040111,emergency,410.46411753208827,0.6599100317467526,411.124027563835,4.0,1
644.7895969738549,emergency,411.2014346556514,0.6599100317467526,411.8613446873981,4.0,1
645.4328940627151,emergency,410.6023783247433,0.7919122426127785,411.3942905673561,4.0,1
646.5280358211298,emergency,410.57276590703873,0.3190807107927397,410.89184661783145,4.0,1
646.137021578013,emergency,410.8695281285238,0.9736079806575129,411.84313610918133,4.0,1
646.1109740366361,emergency,410.4407105556669,1.0255029253980703,411.466213481065,4.0,1
646.7490387633866,emergency,410.54891144254907,0.4353805806418104,410.9842920231909,4.0,1
647.0069174891277,emergency,411.1272748774262,0.7919122426127785,411.919187120039,4.0,1
647.2552779743603,emergency,411.5676438037667,0.4353805806418104,412.00302438440855,4.0,1
647.2255867969335,emergency,411.48824101415823,0.3513634158531591,411.8396044300114,4.0,1
647.7425010985432,emergency,411.0882171123087,0.3190807107927397,411.40729782310143,4.0,1
648.0663252539964,emergency,411.01328746350896,0.6599100317467526,411.6731974952557,4.0,1
649.993262158951,emergency,409.9003437022177,0.3513634158531591,410.25170711807084,4.0,1
651.0693194496746,emergency,409.3686285095023,0.4353805806418104,409.8040090901441,4.0,1
650.4653929354134,emergency,409.7418212718793,0.6659438790168433,410.4077651508961,4.0,1
650.9165516362017,emergency,409.4921885002142,0.668926378609784,410.161114878824,4.0,1
651.6084159247489,emergency,409.74627508142817,0.3513634158531591,410.0976384972813,4.0,1
651.2962464043918,emergency,409.814463257395,0.3513634158531591,410.16582667324815,4.0,1
653.4425095880982,emergency,408.5439513459852,0.4353805806418104,408.979331926627,4.0,1
654.1592240721104,emergency,408.4152426968658,0.3513634158531591,408.76660611271893,4.0,1
653.6678174313189,emergency,408.58184129795325,0.6599100317467526,409.2417513297,4.0,1
654.7900429228008,emergency,407.8400193506478,0.7177220910631077,408.5577414417109,4.0,1
654.1367850677588,emergency,408.33988612293103,0.668926378609784,409.00881250154083,4.0,1
655.9977889670218,emergency,407.0771959918035,0.3190807107927397,407.3962767025962,4.0,1
656.758658358521,emergency,407.70808497102826,0.3190807107927397,408.027165681821,4.0,1
656.4354837462765,emergency,407.5967437059139,0.6396923088485589,408.2364360147625,4.0,1
656.4682837840109,emergency,407.6926039821659,0.3190807107927397,408.0116846929586,4.0,1
656.5560438083129,emergency,407.8695091067426,0.6659438790168433,408.53545298575943,4.0,1
656.6814539872877,emergency,407.77888053285676,0.668926378609784,408.44780691146656,4.0,1
656.9963474832737,emergency,408.7062585427675,0.3513634158531591,409.05762195862064,4.0,1
656.8303539557553,emergency,408.7630781480241,0.3513634158531591,409.1144415638772,4.0,1
657.1322285414902,emergency,408.6757838941029,0.3513634158531591,409.02714730995604,4.0,1
656.7664491795842,emergency,408.7259900867905,0.6396923088485589,409.36568239563906,4.0,1
657.3910951785842,emergency,408.7027135101971,0.9736079806575129,409.6763214908546,4.0,1
657.4839941943363,emergency,409.5106298821971,0.668926378609784,410.1795562608069,4.0,1
657.4810476637133,emergency,409.3699731252009,1.0255029253980703,410.395476050599,4.0,1
657.4774011697427,emergency,409.19461255115084,0.7177220910631077,409.9123346422139,4.0,1
657.68760509049,emergency,409.36860137514986,0.9736079806575129,410.34220935580737,4.0,1
658.3207201039332,emergency,409.649155015759,0.6659438790168433,410.3150988947758,4.0,1
658.6035353934848,emergency,410.06957610828897,0.6659438790168433,410.7355199873058,4.0,1
658.6061507005136,emergency,410.07891462189696,0.3513634158531591,410.4302780377501,4.0,1
658.6956505213491,emergency,410.06290000587956,0.7919122426127785,410.85481224849235,4.0,1
658.7954796117125,emergency,410.1638148830576,0.6396923088485589,410.8035071919062,4.0,1
658.9098245109802,emergency,411.0302619304638,0.3190807107927397,411.3493426412565,4.0,1
658.8807226471226,emergency,410.61649007666165,0.9736079806575129,411.59009805731915,4.0,1
659.1160228399324,emergency,411.10143780941416,0.6599100317467526,411.7613478411609,4.0,1
659.378803344466,emergency,410.95419784756086,1.0255029253980703,411.97970077295895,4.0,1
659.9660025643378,emergency,411.00965970940626,0.6599100317467526,411.669569741153,4.0,1
659.8496858809217,emergency,411.01013506140634,0.6599100317467526,411.6700450931531,4.0,1
660.3654292339486,emergency,411.1446893392788,0.4353805806418104,411.5800699199206,4.0,1
660.2086106108362,emergency,411.11374493820824,0.4353805806418104,411.5491255188501,4.0,1
660.5611613969086,emergency,411.47920405330274,1.0255029253980703,412.5047069787008,4.0,1
660.72886570831,emergency,411.83469892200924,0.668926378609784,412.50362530061903,4.0,1
660.8811020531645,emergency,411.9637410258962,0.6659438790168433,412.629684904913,4.0,1
661.0625955377454,emergency,411.80838812067236,0.3513634158531591,412.1597515365255,4.0,1
660.9841850977011,emergency,411.8697347632867,0.6599100317467526,412.52964479503345,4.0,1
661.2762421170726,emergency,412.9036065858472,0.3513634158531591,413.25497000170037,4.0,1
662.1730225923766,emergency,412.2133488602617,0.6599100317467526,412.87325889200844,4.0,1
662.2099227033194,emergency,412.22007275718113,1.0255029253980703,413.2455756825792,4.0,1
661.4174930838972,emergency,412.94910543813717,1.0255029253980703,413.97460836353525,4.0,1
662.4548607849223,emergency,412.2172673008389,0.668926378609784,412.8861936794487,4.0,1
662.8260613222036,emergency,412.5435806490508,0.3190807107927397,412.8626613598435,4.0,1
663.1492112495679,emergency,412.95315610517525,0.6659438790168433,413.6190999841921,4.0,1
663.1364674848436,emergency,412.7488867431226,0.6599100317467526,413.40879677486936,4.0,1
663.4647826092975,emergency,412.9431763594765,0.6659438790168433,413.60912023849335,4.0,1
663.7799060217869,emergency,413.1787076391861,0.7177220910631077,413.89642973024917,4.0,1
663.4809640996451,emergency,412.95286253630536,1.0255029253980703,413.97836546170345,4.0,1
663.8517275060836,emergency,413.68665721484774,0.4353805806418104,414.1220377954896,4.0,1
663.8927442379671,emergency,413.79276971623733,0.7919122426127785,414.5846819588501,4.0,1
663.9291600491155,emergency,413.94202321124374,0.6659438790168433,414.60796709026056,4.0,1
663.950157098433,emergency,414.3492140629594,0.3513634158531591,414.70057747881253,4.0,1
664.2951840437091,emergency,414.24442758653583,0.6659438790168433,414.91037146555266,4.0,1
664.4170594527336,emergency,414.6723237884594,0.4353805806418104,415.1077043691012,4.0,1
664.3066745852911,emergency,414.66628075212043,0.7919122426127785,415.4581929947332,4.0,1
664.5792773158905,emergency,414.8529879170296,0.6599100317467526,415.51289794877636,4.0,1
664.7895843906653,emergency,415.25854969412,0.3190807107927397,415.5776304049127,4.0,1
664.8654218246301,emergency,415.37038996744775,0.6396923088485589,416.0100822762963,4.0,1
664.9527264892434,emergency,415.3956646437033,1.0255029253980703,416.4211675691014,4.0,1
664.9623599759085,emergency,415.82279619303824,0.4353805806418104,416.2581767736801,4.0,1
665.1618401544404,emergency,416.2913578934879,0.4353805806418104,416.7267384741297,4.0,1
665.6051831162688,emergency,416.10412062761316,0.3513634158531591,416.4554840434663,4.0,1
665.7015494829167,emergency,416.24622684825397,0.3190807107927397,416.5653075590467,4.0,1
667.6802770759477,emergency,415.3339446589521,0.3513634158531591,415.6853080748052,4.0,1
666.7580638771336,emergency,415.94911114568265,0.6396923088485589,416.5888034545312,4.0,1
665.8369538849404,emergency,416.67033316333004,0.3513634158531591,417.0216965791832,4.0,1
665.7456496871331,emergency,416.53420415979724,0.6396923088485589,417.1738964686458,4.0,1
665.9544926847514,emergency,416.57021208835954,0.9736079806575129,417.54382006901704,4.0,1
671.3465347146538,emergency,412.7040853072823,0.668926378609784,413.3730116858921,4.0,1
668.554036233139,emergency,415.432751087174,0.6659438790168433,416.0986949661908,4.0,1
669.7861901894171,emergency,414.24420523129425,0.7177220910631077,414.9619273223573,4.0,1
671.7671578998225,emergency,412.312399353699,0.6396923088485589,412.95209166254756,4.0,1
671.9722161836511,emergency,412.7756129433852,0.6396923088485589,413.4153052522338,4.0,1
671.9803395037404,emergency,413.535733409725,0.4353805806418104,413.97111399036686,4.0,1
678.8571852023482,emergency,407.1888558961981,0.3190807107927397,407.5079366069908,4.0,1
674.648050143285,emergency,411.2764367451755,0.6659438790168433,411.9423806241923,4.0,1
672.0553197034535,emergency,413.7375494431608,0.7177220910631077,414.45527153422387,4.0,1
675.7738329049434,emergency,410.24437783336475,0.6599100317467526,410.9042878651115,4.0,1
679.02838952266,emergency,407.87294697554387,0.3190807107927397,408.1920276863366,4.0,1
679.9574557067826,emergency,407.6256860662579,0.4353805806418104,408.06106664689975,4.0,1
679.5144092465846,emergency,408.0109760381008,0.4353805806418104,408.44635661874264,4.0,1
680.8044122660608,emergency,407.16319623159234,0.3190807107927397,407.48227694238506,4.0,1
679.9606154508765,emergency,407.6510710787861,0.9736079806575129,408.6246790594436,4.0,1
680.0962907739471,emergency,407.82298789550543,0.7919122426127785,408.61490013811823,4.0,1
680.881272685843,emergency,407.960969558648,0.4353805806418104,408.39635013928984,4.0,1
680.9734275283699,emergency,408.33640955777673,0.3190807107927397,408.65549026856945,4.0,1
680.9207729910071,emergency,408.34998292492685,0.7919122426127785,409.14189516753964,4.0,1
681.0183866216606,emergency,408.3433937785845,0.6659438790168433,409.00933765760135,4.0,1
681.3554898308926,emergency,408.7450786475247,0.3190807107927397,409.0641593583174,4.0,1
681.2170452318838,emergency,408.29327139024565,0.6599100317467526,408.9531814219924,4.0,1
681.4194100481768,emergency,408.9057587359448,1.0255029253980703,409.9312616613429,4.0,1
681.6024725618554,emergency,409.5256311494775,0.668926378609784,410.1945575280873,4.0,1
681.5446326915833,emergency,409.3484187242818,1.0255029253980703,410.3739216496799,4.0,1
681.9292765613477,emergency,409.6175058248234,0.6396923088485589,410.257198133672,4.0,1
681.7810357677066,emergency,409.5450754264858,0.9736079806575129,410.5186834071433,4.0,1
681.9987979070401,emergency,410.6388724207835,0.7177220910631077,411.3565945118466,4.0,1
682.2256146003915,emergency,410.9056722653047,0.3513634158531591,411.25703568115784,4.0,1
682.0622153402882,emergency,411.03546758393816,0.4353805806418104,411.47084816458,4.0,1
682.289373781692,emergency,410.9882120752799,0.3190807107927397,411.3072927860726,4.0,1
682.4125340605773,emergency,411.07894117391663,0.6396923088485589,411.7186334827652,4.0,1
682.6145966124654,emergency,411.62325922252194,0.3513634158531591,411.9746226383751,4.0,1
682.5383555262301,emergency,411.58944558225926,0.6659438790168433,412.2553894612761,4.0,1
682.5671375412995,emergency,411.6333881540696,0.6599100317467526,412.29329818581635,4.0,1
682.7021973667053,emergency,412.2816420005098,0.6396923088485589,412.9213343093584,4.0,1
682.8838248446413,emergency,412.4065676619267,0.6659438790168433,413.07251154094354,4.0,1
683.2864211020374,emergency,412.62780478587547,0.3190807107927397,412.9468854966682,4.0,1
683.1915060829533,emergency,412.4781500388701,0.668926378609784,413.1470764174799,4.0,1
683.1167687004834,emergency,412.4882524646396,1.0255029253980703,413.51375539003766,4.0,1
683.5620820957561,emergency,412.7030012266532,0.6599100317467526,413.36291125839995,4.0,1
683.6106453107878,emergency,413.3900915324215,0.3513634158531591,413.7414549482746,4.0,1
683.7387446352049,emergency,413.42015887797186,0.3513634158531591,413.771522293825,4.0,1
683.8348277445973,emergency,413.4599683791912,0.3513634158531591,413.81133179504434,4.0,1
683.9211263426866,emergency,413.6999878755421,1.0255029253980703,414.7254908009402,4.0,1
683.945664600103,emergency,413.7396977509376,0.9736079806575129,414.7133057315951,4.0,1
684.1097699521697,emergency,414.6330819199036,0.3190807107927397,414.9521626306963,4.0,1
684.3065805359064,emergency,414.6500712613305,0.6396923088485589,415.28976357017905,4.0,1
684.2257601812126,emergency,414.6438254264407,0.6599100317467526,415.3037354581874,4.0,1
684.5726530365907,emergency,414.8367963028222,0.6396923088485589,415.4764886116708,4.0,1
684.8636975826596,emergency,414.56528576802134,1.0255029253980703,415.5907886934194,4.0,1
684.940383396974,emergency,415.4791464880308,0.6599100317467526,416.1390565197775,4.0,1
685.0231401981215,emergency,415.65740552642944,0.7919122426127785,416.44931776904224,4.0,1
686.0252577068529,emergency,415.10915562127116,0.7177220910631077,415.82687771233424,4.0,1
686.3456554387428,emergency,414.81529546784486,0.668926378609784,415.48422184645466,4.0,1
685.1742560974587,emergency,415.70604337004556,1.0255029253980703,416.73154629544365,4.0,1
686.7781024435453,emergency,415.1977147977707,0.6396923088485589,415.83740710661925,4.0,1
686.8125762438547,emergency,415.35086142975797,0.7177220910631077,416.06858352082105,4.0,1
687.6433386805387,emergency,415.2415114326583,0.4353805806418104,415.6768920133001,4.0,1
687.9091404302187,emergency,415.341084727552,0.3513634158531591,415.69244814340516,4.0,1
687.7963567351858,emergency,415.22175885507795,0.6599100317467526,415.8816688868247,4.0,1
687.9268311103741,emergency,415.50823081078613,1.0255029253980703,416.5337337361842,4.0,1
688.1070995037244,emergency,416.1832029337834,0.3190807107927397,416.5022836445761,4.0,1
688.0426242079892,emergency,415.82038500840906,0.6599100317467526,416.4802950401558,4.0,1
688.2589064060518,emergency,416.2353330788791,0.6396923088485589,416.87502538772765,4.0,1
688.5019594906433,emergency,416.3386935077102,0.6599100317467526,416.99860353945695,4.0,1
689.2693367435045,emergency,416.4033603880923,0.4353805806418104,416.83874096873416,4.0,1
689.5107762252212,emergency,416.38472727785734,0.3513634158531591,416.7360906937105,4.0,1
689.1660720930544,emergency,416.2339273592273,0.9736079806575129,417.2075353398848,4.0,1
689.6107704938163,emergency,416.52314007570544,0.3190807107927397,416.84222078649816,4.0,1
689.3378929713997,emergency,416.4503098755581,0.6599100317467526,417.11021990730484,4.0,1
689.6722784492983,emergency,417.1631771508323,0.4353805806418104,417.59855773147416,4.0,1
689.9012753862904,emergency,417.5351339957691,0.3190807107927397,417.85421470656183,4.0,1
689.7679591602364,emergency,417.3431084612398,0.4353805806418104,417.77848904188164,4.0,1
689.9522576115855,emergency,417.48863559241363,0.6659438790168433,418.15457947143045,4.0,1
690.220421646664,emergency,417.4491126448685,0.6599100317467526,418.1090226766152,4.0,1
690.3519775251447,emergency,417.9312094076296,0.3190807107927397,418.2502901184223,4.0,1
690.3753912389558,emergency,418.45412042911005,0.3513634158531591,418.8054838449632,4.0,1
690.6119249909403,emergency,418.6052891675748,0.3513634158531591,418.95665258342797,4.0,1
690.5491186090616,emergency,418.3180897050187,0.7919122426127785,419.1100019476315,4.0,1
690.6192333743732,emergency,419.3576589222862,0.668926378609784,420.026585300896,4.0,1
690.6132676991372,emergency,419.0708868710617,1.0255029253980703,420.0963897964598,4.0,1
690.7156065269705,emergency,419.5007633581545,0.6599100317467526,420.1606733899012,4.0,1
690.9450763297153,emergency,420.0671457362822,0.6659438790168433,420.73308961529904,4.0,1
690.8622778311169,emergency,420.03917773423814,0.668926378609784,420.70810411284793,4.0,1
690.9466339049909,emergency,420.3055629777168,0.6396923088485589,420.9452552865654,4.0,1
690.9608545237322,emergency,420.44885228806834,0.6599100317467526,421.10876231981507,4.0,1
691.0791697616799,emergency,420.76181459077793,0.3513634158531591,421.1131780066311,4.0,1
691.3228988218692,emergency,421.45201782627976,0.4353805806418104,421.8873984069216,4.0,1
691.4911781756969,emergency,421.3852961916864,0.4353805806418104,421.8206767723282,4.0,1
691.2291415366359,emergency,421.3042559445777,0.3513634158531591,421.6556193604308,4.0,1
691.6008814387037,emergency,421.38068414054806,0.6659438790168433,422.0466280195649,4.0,1
691.678357456669,emergency,421.5960216156526,0.668926378609784,422.2649479942624,4.0,1
691.7064318059124,emergency,422.14230538709694,0.7919122426127785,422.93421762970974,4.0,1
691.8081554660297,emergency,422.33986210680234,0.9736079806575129,423.31347008745985,4.0,1
691.8542650131251,emergency,422.56652951156,0.6396923088485589,423.2062218204086,4.0,1
691.8511968068993,emergency,422.3594841062353,0.7177220910631077,423.0772061972984,4.0,1
691.9575509055055,emergency,422.97249732115665,0.3190807107927397,423.29157803194937,4.0,1
692.2519637451492,emergency,423.54481034166906,0.3513634158531591,423.8961737575222,4.0,1
692.1781963816231,emergency,423.59222515949637,0.668926378609784,424.26115153810616,4.0,1
692.3448798270921,emergency,423.65736155579395,0.6659438790168433,424.3233054348108,4.0,1
692.6000526756073,emergency,423.6706860640528,0.6396923088485589,424.31037837290137,4.0,1
692.6423283070847,emergency,423.6947317473953,0.9736079806575129,424.6683397280528,4.0,1
693.6432751704209,emergency,423.8549677469297,0.4353805806418104,424.2903483275715,4.0,1
693.6909255494762,emergency,423.94137681046743,0.3513634158531591,424.2927402263206,4.0,1
693.416610159956,emergency,423.94811347345535,0.4353805806418104,424.3834940540972,4.0,1
693.0567142295413,emergency,424.17894326883993,0.9736079806575129,425.15255124949744,4.0,1
694.8413129164898,emergency,423.94905104000566,0.7177220910631077,424.66677313106874,4.0,1
695.0005791751885,emergency,423.9551710839671,0.6396923088485589,424.5948633928157,4.0,1
694.041349209928,emergency,424.5410196382737,0.6659438790168433,425.20696351729055,4.0,1
694.4334244579296,emergency,424.17079383111434,0.6659438790168433,424.83673771013116,4.0,1
695.2693308650452,emergency,424.32906544877835,0.4353805806418104,424.7644460294202,4.0,1
695.4159143928667,emergency,424.75826447907855,0.6599100317467526,425.4181745108253,4.0,1
695.6021398773335,emergency,424.7835823595633,0.4353805806418104,425.21896294020513,4.0,1
695.5577683342465,emergency,424.6727592089362,0.6659438790168433,425.33870308795304,4.0,1
696.0218109863923,emergency,424.61909659668515,0.3190807107927397,424.9381773074779,4.0,1
695.8587686849489,emergency,424.642266147805,0.6599100317467526,425.30217617955174,4.0,1
696.9542436436385,emergency,424.67618251958913,0.3513634158531591,425.0275459354423,4.0,1
696.620153135885,emergency,424.92157601873623,0.4353805806418104,425.35695659937807,4.0,1
697.1347790116484,emergency,424.81914889032566,0.6659438790168433,425.4850927693425,4.0,1
697.4625511963466,emergency,424.54248158475275,0.3190807107927397,424.86156229554547,4.0,1
697.4879229364922,emergency,424.5420332144929,0.6396923088485589,425.18172552334147,4.0,1
697.896086609468,emergency,424.8352158095728,0.9736079806575129,425.8088237902303,4.0,1
697.9797177116673,emergency,424.9909893099061,0.6659438790168433,425.65693318892295,4.0,1
698.0164554815557,emergency,425.5257520282713,0.7919122426127785,426.3176642708841,4.0,1
698.4191642160686,emergency,425.28118862862334,0.4353805806418104,425.7165692092652,4.0,1
698.8139955414167,emergency,425.1949546560422,0.9736079806575129,426.16856263669973,4.0,1
699.8803511778862,emergency,425.07212517124174,0.4353805806418104,425.50750575188357,4.0,1
699.1523313616478,emergency,425.46244992993775,0.7919122426127785,426.25436217255054,4.0,1
699.4740531717474,emergency,425.42800125133465,0.3190807107927397,425.74708196212737,4.0,1
700.4455656153624,emergency,425.6911311822886,0.6659438790168433,426.3570750613054,4.0,1
700.1402233267758,emergency,425.34943909962055,0.6659438790168433,426.0153829786374,4.0,1
700.9741411332428,emergency,425.35868692424754,0.6396923088485589,425.9983792330961,4.0,1
700.8354112894345,emergency,425.4667219513675,0.3513634158531591,425.81808536722065,4.0,1
701.309523671008,emergency,425.13455561235173,0.6599100317467526,425.79446564409847,4.0,1
701.7715529278785,emergency,425.6707025265291,0.3190807107927397,425.98978323732183,4.0,1
701.9492736361015,emergency,425.73624692657995,0.3513634158531591,426.0876103424331,4.0,1
701.6379501125233,emergency,425.79620871835334,0.3513634158531591,426.1475721342065,4.0,1
702.1405737473267,emergency,425.8173866936336,0.668926378609784,426.4863130722434,4.0,1
702.7070334099727,emergency,425.949120759513,0.4353805806418104,426.3845013401548,4.0,1
702.2180754551172,emergency,426.0171705181241,0.7919122426127785,426.8090827607369,4.0,1
702.3477132956667,emergency,426.0275972876947,0.3513634158531591,426.3789607035478,4.0,1
703.1815948855685,emergency,425.73715911872046,0.9736079806575129,426.71076709937796,4.0,1
703.3578291897217,emergency,426.0929003175057,0.668926378609784,426.7618266961155,4.0,1
703.6371593470539,emergency,426.09999144496703,0.7177220910631077,426.8177135360301,4.0,1
703.9116513486493,emergency,426.1119126825521,0.668926378609784,426.7808390611619,4.0,1
704.0761847232212,emergency,426.0139760645744,0.6659438790168433,426.67991994359124,4.0,1
704.5074989224444,emergency,426.9684326501191,0.668926378609784,427.6373590287289,4.0,1
704.4666683773394,emergency,426.97039699527295,0.7177220910631077,427.68811908633603,4.0,1
704.3489447925434,emergency,426.3996317926002,0.7177220910631077,427.11735388366327,4.0,1
706.8419028290957,emergency,425.17336159063234,0.6659438790168433,425.83930546964916,4.0,1
706.1291276017836,emergency,425.8109966224848,0.6396923088485589,426.4506889313334,4.0,1
706.9788619974236,emergency,425.8054911055285,0.3513634158531591,426.15685452138166,4.0,1
707.9415814528091,emergency,424.8536638950685,0.7177220910631077,425.5713859861316,4.0,1
708.1833707935403,emergency,424.64161219137793,0.6599100317467526,425.30152222312466,4.0,1
708.2754344724268,emergency,425.53958660802266,0.6396923088485589,426.1792789168712,4.0,1
708.7365831445611,emergency,425.2007355105534,0.4353805806418104,425.6361160911952,4.0,1
709.3289289414271,emergency,425.15195068821515,0.3190807107927397,425.47103139900787,4.0,1
708.7865176931606,emergency,425.59903440912774,0.7177220910631077,426.3167565001908,4.0,1
709.3972761868987,emergency,425.1435176103204,0.9736079806575129,426.1171255909779,4.0,1
709.9540787380656,emergency,425.75204185699613,0.3513634158531591,426.1034052728493,4.0,1
709.9681387982181,emergency,425.77888882872446,0.3190807107927397,426.0979695395172,4.0,1
709.5658815956124,emergency,425.84686880437675,0.7919122426127785,426.63878104698955,4.0,1
710.1010020225334,emergency,426.315864710332,0.6599100317467526,426.9757747420787,4.0,1
710.379618011754,emergency,426.84633198863844,0.3190807107927397,427.16541269943116,4.0,1
710.3625899807718,emergency,426.4205684877023,0.7177220910631077,427.1382905787654,4.0,1
711.5582201426797,emergency,425.976150465517,0.3513634158531591,426.3275138813701,4.0,1
711.3452372565719,emergency,426.0344243783686,0.6396923088485589,426.6741166872172,4.0,1
711.6826593126872,emergency,426.14489425286536,0.7177220910631077,426.86261634392844,4.0,1
711.689006019893,emergency,426.77321005357703,0.3190807107927397,427.09229076436975,4.0,1
711.9579218634127,emergency,427.01058740882866,0.7177220910631077,427.72830949989174,4.0,1
711.8451849504502,emergency,427.014899650228,0.9736079806575129,427.9885076308855,4.0,1
712.1420592444358,emergency,427.0963889521993,0.7177220910631077,427.81411104326236,4.0,1
712.1555336157669,emergency,427.4080244421,0.4353805806418104,427.8434050227418,4.0,1
712.2935466483933,emergency,427.7559666617161,0.7177220910631077,428.4736887527792,4.0,1
712.3247444443549,emergency,428.5806400617672,0.4353805806418104,429.01602064240905,4.0,1
712.5594522267279,emergency,428.39144414827365,0.6599100317467526,429.0513541800204,4.0,1
712.5221485850433,emergency,428.4127114798183,0.7919122426127785,429.2046237224311,4.0,1
712.7556329593484,emergency,429.36678167434263,0.3190807107927397,429.68586238513535,4.0,1
712.6920345030286,emergency,428.5102923851697,0.9736079806575129,429.4839003658272,4.0,1
712.7076893096156,emergency,428.7789339863988,0.668926378609784,429.4478603650086,4.0,1
713.0367658389283,emergency,429.7971968066855,0.7177220910631077,430.5149188977486,4.0,1
712.7932511375592,emergency,429.5740077343645,0.9736079806575129,430.547615715022,4.0,1
713.102658127966,emergency,430.1302116344758,0.3190807107927397,430.44929234526853,4.0,1
713.2509333410943,emergency,430.2283751585036,0.6659438790168433,430.8943190375204,4.0,1
713.1358191717557,emergency,430.2900246883278,0.7177220910631077,431.00774677939086,4.0,1
713.2701612907158,emergency,431.1031950052061,0.6599100317467526,431.7631050369528,4.0,1
713.3674294769337,emergency,431.16125900609586,0.6659438790168433,431.8272028851127,4.0,1
713.4372107316901,emergency,431.2454159870015,0.6659438790168433,431.9113598660183,4.0,1
713.6616514218616,emergency,431.6598898379383,0.6396923088485589,432.29958214678686,4.0,1
713.7676264194366,emergency,431.69697269602045,0.6396923088485589,432.336665004869,4.0,1
713.956530869419,emergency,432.07109291772906,0.6599100317467526,432.7310029494758,4.0,1
714.1815807410453,emergency,431.9111937812909,0.6396923088485589,432.55088609013944,4.0,1
714.3067505674319,emergency,432.22146290467003,0.7919122426127785,433.01337514728283,4.0,1
714.5893303016597,emergency,432.81302585083233,0.3190807107927397,433.13210656162505,4.0,1
714.3553868601358,emergency,432.54091317218547,0.9736079806575129,433.514521152843,4.0,1
714.9408166724564,emergency,433.031636850808,0.7177220910631077,433.7493589418711,4.0,1
714.9973682588444,emergency,433.0954249081709,1.0255029253980703,434.120927833569,4.0,1
715.0525576190635,emergency,433.5608141190214,0.3513634158531591,433.91217753487456,4.0,1
714.9773559276011,emergency,433.1108708784743,1.0255029253980703,434.1363738038724,4.0,1
715.1033488762491,emergency,434.0304554488455,0.3190807107927397,434.3495361596382,4.0,1
715.2434039101389,emergency,434.5002311917741,0.3190807107927397,434.8193119025668,4.0,1
715.1504864383709,emergency,434.38030200614173,0.7177220910631077,435.0980240972048,4.0,1
715.4114695118377,emergency,434.8853003761827,0.4353805806418104,435.32068095682456,4.0,1
715.3368991547774,emergency,434.8070837765657,0.7919122426127785,435.5989960191785,4.0,1
715.4649379510912,emergency,435.16453185924195,0.4353805806418104,435.5999124398838,4.0,1
715.5160098344516,emergency,435.27885395043745,0.6599100317467526,435.9387639821842,4.0,1
715.7756561917515,emergency,435.92573692298015,0.6396923088485589,436.5654292318287,4.0,1
715.5463262010167,emergency,435.72779366848636,0.7919122426127785,436.51970591109915,4.0,1
715.7131447203406,emergency,435.8636597526188,0.6659438790168433,436.5296036316356,4.0,1
715.6866001944223,emergency,435.78332254180657,0.6659438790168433,436.4492664208234,4.0,1
715.8012934629917,emergency,436.4353015742488,1.0255029253980703,437.4608044996469,4.0,1
715.8701613228031,emergency,437.2681031806387,0.3190807107927397,437.58718389143144,4.0,1
715.8598721736565,emergency,437.274564545885,0.4353805806418104,437.70994512652686,4.0,1
715.9641064819346,emergency,437.38175053818713,0.6396923088485589,438.0214428470357,4.0,1
716.1795157731996,emergency,437.18712602502103,0.6659438790168433,437.85306990403785,4.0,1
716.2001327637133,emergency,438.14069033528153,0.4353805806418104,438.57607091592337,4.0,1
716.180955677022,emergency,437.7318907972988,0.9736079806575129,438.7054987779563,4.0,1
716.4133587833246,emergency,438.2037341971195,0.7177220910631077,438.9214562881826,4.0,1
716.5518676637425,emergency,438.58498379245316,0.6396923088485589,439.2246761013017,4.0,1
716.568467768996,emergency,438.5904648074229,0.7919122426127785,439.3823770500357,4.0,1
717.0079058056818,emergency,439.5443322201687,0.3190807107927397,439.86341293096143,4.0,1
716.6712561654344,emergency,438.8865281881633,0.7177220910631077,439.6042502792264,4.0,1
716.9077841933467,emergency,438.6540408792098,0.668926378609784,439.3229672578196,4.0,1
717.2097932846384,emergency,439.7143875390964,0.9736079806575129,440.6879955197539,4.0,1
717.247002395302,emergency,439.9043198539033,0.3190807107927397,440.223400564696,4.0,1
717.2486896286761,emergency,440.2459831034977,0.7919122426127785,441.0378953461105,4.0,1
717.3438868293183,emergency,440.21138273081533,0.6659438790168433,440.87732660983215,4.0,1
717.283549190048,emergency,440.2579058527499,1.0255029253980703,441.283408778148,4.0,1
717.9947994572842,emergency,441.0109752242531,0.4353805806418104,441.44635580489495,4.0,1
717.5928613722795,emergency,441.038423289835,0.6599100317467526,441.69833332158174,4.0,1
717.933996580719,emergency,440.8443417987236,1.0255029253980703,441.86984472412166,4.0,1
718.3488828771946,emergency,441.02585113444604,0.6659438790168433,441.69179501346287,4.0,1
718.7756097495648,emergency,441.3405590969802,0.3513634158531591,441.69192251283334,4.0,1
718.5040806102445,emergency,441.3077768434671,0.6396923088485589,441.94746915231565,4.0,1
719.2428177726638,emergency,441.09158268736815,0.3513634158531591,441.4429461032213,4.0,1
719.7020438756679,emergency,440.76645476913086,0.7919122426127785,441.55836701174366,4.0,1
